"p","truediv","chaoest","obsD","upper","lower","l","inds","reps"
0.001,200,200,200,200.001,200.001,1,31623,50
5e-04,200,200,200,200.0005,200.0005,1,31623,50
5e-04,200,200,200,200.0005,200.0005,1,31623,50
0.001,200,200,200,200.001,200.001,1,31623,50
0.0015,200,200,200,200.0015,200.0015,1,31623,50
0.190034969476983,200,200,200,200,200,1,31623,50
5e-04,200,200,200,200.0005,200.0005,1,31623,50
0.673489991342649,200,200,200,200,200,1,31623,50
0.948040404589847,200,200,200,200,200,1,31623,50
0.0341616112273186,200,200,200,200,200,1,31623,50
0.401023771613836,200,200,200,200,200,1,31623,50
0.043,200,200,200,200.042750007906,199.042750007906,1,31623,50
0.904721464961767,200,200,200,200,200,1,31623,50
0.909422184107825,200,200,200,200,200,1,31623,50
0.0025,200,200,200,200.0025,200.0025,1,31623,50
0.189664677716792,200,200,200,200,200,1,31623,50
0.159519870067015,200,200,200,200,200,1,31623,50
5e-04,200,200,200,200.0005,200.0005,1,31623,50
0.592526219785213,200,200,200,200,200,1,31623,50
0.104412045096979,200,200,200,200,200,1,31623,50
0.0417898821178824,200,200,200,200,200,1,31623,50
0.002,200,200,200,200.002,200.002,1,31623,50
0.0015,200,200,200,200.0015,200.0015,1,31623,50
0.694214737508446,200,200,200,200,200,1,31623,50
0.728977333987132,200,200,200,200,200,1,31623,50
0.30500398366712,200,200,200,200,200,1,31623,50
0.333254544762895,200,200,200,200,200,1,31623,50
0.830621574306861,200,200,200,200,200,1,31623,50
5e-04,200,200,200,200.0005,200.0005,1,31623,50
0.706442118622363,200,200,200,200,200,1,31623,50
0.15120072546415,200,200,200,200,200,1,31623,50
0.248566999332979,200,200,200,200,200,1,31623,50
0.0109582210425287,200,200,200,200,200,1,31623,50
0.003,200,200,200,200.003,200.003,1,31623,50
0.0320099766831845,200,200,200,200,200,1,31623,50
0.0045,200,200,200,200.0045,200.0045,1,31623,50
5e-04,200,200,200,200.0005,200.0005,1,31623,50
0.218589223921299,200,200,200,200,200,1,31623,50
0.245153907919303,200,200,200,200,200,1,31623,50
5e-04,200,200,200,200.0005,200.0005,1,31623,50
5e-04,200,200,200,200.0005,200.0005,1,31623,50
0.0035,200,200,200,200.0035,200.0035,1,31623,50
0.002,200,200,200,200.002,200.002,1,31623,50
0.479913387680426,200,200,200,200,200,1,31623,50
0.006,200,200,200,200.006,200.006,1,31623,50
0.404195472598076,200,200,200,200,200,1,31623,50
5e-04,200,200,200,200.0005,200.0005,1,31623,50
0.016,200,200,200,200.014250055339,200.014250055339,1,31623,50
5e-04,200,200,200,200.0005,200.0005,1,31623,50
0.745382063556463,200,200,200,200,200,1,31623,50
