"p","truediv","chaoest","obsD","upper","lower","l","inds","reps"
0.0015,200,200,200,200.0015,200.0015,1,31623,50
0.380071432562545,200,200,200,200,200,1,31623,50
5e-04,200,200,200,200.0005,200.0005,1,31623,50
0.602281776955351,200,200,200,200,200,1,31623,50
0.913748961174861,200,200,200,200,200,1,31623,50
0.791020981967449,200,200,200,200,200,1,31623,50
5e-04,200,200,200,200.0005,200.0005,1,31623,50
0.368109282106161,200,200,200,200,200,1,31623,50
0.377064498141408,200,200,200,200,200,1,31623,50
0.734294202877209,200,200,200,200,200,1,31623,50
0.137410637456924,200,200,200,200,200,1,31623,50
0.552103941328824,200,200,200,200,200,1,31623,50
0.64984515029937,200,200,200,200,200,1,31623,50
0.970703433034942,200,200,200,200,200,1,31623,50
0.002,200,200,200,200.002,200.002,1,31623,50
0.650750826345757,200,200,200,200,200,1,31623,50
0.001,200,200,200,200.001,200.001,1,31623,50
0.585871827090159,200,200,200,200,200,1,31623,50
0.001,200,200,200,200.001,200.001,1,31623,50
0.440383301116526,200,200,200,200,200,1,31623,50
0.015,200,200,200,200.015,200.015,1,31623,50
0.585677149239928,200,200,200,200,200,1,31623,50
0.145285360747948,200,200,200,200,200,1,31623,50
0.474676939658821,200,200,200,200,200,1,31623,50
0.390194078441709,200,200,200,200,200,1,31623,50
0.001,200,200,200,200.001,200.001,1,31623,50
0.004,200,200,200,200.004,200.004,1,31623,50
0.0175,200,200,200,200.0175,200.0175,1,31623,50
0.9463398354128,200,200,200,200,200,1,31623,50
0.537252893671393,200,200,200,200,200,1,31623,50
0.701918800361454,200,200,200,200,200,1,31623,50
5e-04,200,200,200,200.0005,200.0005,1,31623,50
0.964178232010454,200,200,200,200,200,1,31623,50
0.007,200,200,200,200.006500015811,200.006500015811,1,31623,50
0.0085,200,200,200,200.0085,200.0085,1,31623,50
0.350020870566368,200,200,200,200,200,1,31623,50
0.526114991633222,200,200,200,200,200,1,31623,50
5e-04,200,200,200,200.0005,200.0005,1,31623,50
0.852851839037612,200,200,200,200,200,1,31623,50
0.001,200,200,200,200.001,200.001,1,31623,50
5e-04,200,200,200,200.0005,200.0005,1,31623,50
5e-04,200,200,200,200.0005,200.0005,1,31623,50
0.39835304999724,200,200,200,200,200,1,31623,50
0.187773883109912,200,200,200,200,200,1,31623,50
0.732913688523695,200,200,200,200,200,1,31623,50
0.549917144468054,200,200,200,200,200,1,31623,50
0.007,200,200,200,200.007,200.007,1,31623,50
0.3745,200,200,200,200.3745,199.3745,1,31623,50
0.93853042460978,200,200,200,200,200,1,31623,50
0.909389537060633,200,200,200,200,200,1,31623,50
