"p","truediv","chaoest","obsD","upper","lower","l","inds","reps"
5e-04,200,200,200,200.0005,200.0005,1,31623,50
0.922314626630396,200,200,200,200,200,1,31623,50
0.510461582103744,200,200,200,200,200,1,31623,50
0.12086280900985,200,200,200,200,200,1,31623,50
0.0205,200,200,200,200.0205,200.0205,1,31623,50
0.399857247946784,200,200,200,200,200,1,31623,50
0.001,200,200,200,200.001,200.001,1,31623,50
0.887748731300235,200,200,200,200,200,1,31623,50
0.912328249774873,200,200,200,200,200,1,31623,50
0.744394164299592,200,200,200,200,200,1,31623,50
0.004,200,200,200,200.004,200.004,1,31623,50
0.017,200,200,200,200.017,200.017,1,31623,50
0.0015,200,200,200,200.0015,200.0015,1,31623,50
0.294434283161536,200,200,200,200,200,1,31623,50
0.348101723473519,200,200,200,200,200,1,31623,50
0.0085,200,200,200,200.0085,200.0085,1,31623,50
5e-04,200,200,200,200.0005,200.0005,1,31623,50
0.774527053581551,200,200,200,200,200,1,31623,50
0.0015,200,200,200,200.0015,200.0015,1,31623,50
0.001,200,200,200,200.001,200.001,1,31623,50
0.213969253702089,200,200,200,200,200,1,31623,50
0.0455,200,200,200,200.0455,199.0455,1,31623,50
0.294630766147748,200,200,200,200,200,1,31623,50
0.005,200,200,200,200.005,200.005,1,31623,50
0.973047202685848,200,200,200,200,200,1,31623,50
0.001,200,200,200,200.001,200.001,1,31623,50
0.384623403660953,200,200,200,200,200,1,31623,50
0.006,200,200,200,200.005750007906,200.005750007906,1,31623,50
0.113233623094857,200,200,200,200,200,1,31623,50
0.002,200,200,200,200.002,200.002,1,31623,50
5e-04,200,200,200,200.0005,200.0005,1,31623,50
5e-04,200,200,200,200.0005,200.0005,1,31623,50
0.556320192990825,200,200,200,200,200,1,31623,50
0.95802141376771,200,200,200,200,200,1,31623,50
0.357938822824508,200,200,200,200,200,1,31623,50
0.00394760654307902,200,200,200,200,200,1,31623,50
0.945907670073211,200,200,200,200,200,1,31623,50
0.111829599365592,200,200,200,200,200,1,31623,50
0.899890049360693,200,200,200,200,200,1,31623,50
5e-04,200,200,200,200.0005,200.0005,1,31623,50
0.409714698325843,200,200,200,200,200,1,31623,50
0.002,200,200,200,200.002,200.002,1,31623,50
0.0015,200,200,200,200.0015,200.0015,1,31623,50
0.26188423903659,200,200,200,200,200,1,31623,50
0.215042194351554,200,200,200,200,200,1,31623,50
0.273445615544915,200,200,200,200,200,1,31623,50
0.002,200,200,200,200.002,200.002,1,31623,50
0.728510052198544,200,200,200,200,200,1,31623,50
0.0383931151591241,200,200,200,200,200,1,31623,50
5e-04,200,200,200,200.0005,200.0005,1,31623,50
