"p","truediv","chaoest","obsD","upper","lower","l","inds","reps"
0.944788177730516,200,200,200,200,200,1,10000,50
0.367594140581787,200,200,200,200,200,1,10000,50
0.389315879903734,200,200,200,200,200,1,10000,50
0.390507180709392,200,200,200,200,200,1,10000,50
0.0863111086655408,200,200,200,200,200,1,10000,50
0.623143192846328,200,200,200,200,200,1,10000,50
0.176009895280004,200,200,200,200,200,1,10000,50
0.314807061804458,200,200,200,200,200,1,10000,50
0.42021396313794,200,200,200,200,200,1,10000,50
0.0686353328637779,200,200,200,200,200,1,10000,50
0.157564594876021,200,200,200,200,200,1,10000,50
0.0863899120595306,200,200,200,200,200,1,10000,50
0.289131902856752,200,200,200,200,200,1,10000,50
0.658806964522228,200,200,200,200,200,1,10000,50
0.559891168260947,200,200,200,200,200,1,10000,50
0.149,200,200,200,200.149,199.149,1,10000,50
0.058837772347033,200,200,200,200,200,1,10000,50
0.39153781090863,200,200,200,200,200,1,10000,50
0.935925462050363,200,200,200,200,200,1,10000,50
0.892767828889191,200,200,200,200,200,1,10000,50
0.353052894352004,200,200,200,200,200,1,10000,50
0.758047610521317,200,200,200,200,200,1,10000,50
0.247217980911955,200,200,200,200,200,1,10000,50
0.065148287685588,200,200,200,200,200,1,10000,50
0.0015,200,200,200,200.0015,200.0015,1,10000,50
0.952308570500463,200,200,200,200,200,1,10000,50
0.23257595510222,200,200,200,200,200,1,10000,50
0.001,200,200,200,200.001,200.001,1,10000,50
0.341518935747445,200,200,200,200,200,1,10000,50
0.644559373380616,200,200,200,200,200,1,10000,50
0.00623931200243533,200,200,200,200,200,1,10000,50
0.0939535889774561,200,200,200,200,200,1,10000,50
0.002,200,200,200,200.002,200.002,1,10000,50
0.313518272247165,200,200,200,200,200,1,10000,50
0.0295683231670409,200,200,200,200,200,1,10000,50
0.467874900903553,200,200,200,200,200,1,10000,50
0.667659992119297,200,200,200,200,200,1,10000,50
0.587771608959883,200,200,200,200,200,1,10000,50
0.388219581684098,200,200,200,200,200,1,10000,50
0.0324754999019206,200,200,200,200,200,1,10000,50
0.498463825089857,200,200,200,200,200,1,10000,50
0.53880186076276,200,200,200,200,200,1,10000,50
0.880133388563991,200,200,200,200,200,1,10000,50
0.622523924568668,200,200,200,200,200,1,10000,50
0.626133687095717,200,200,200,200,200,1,10000,50
0.506336045684293,200,200,200,200,200,1,10000,50
0.354917301563546,200,200,200,200,200,1,10000,50
0.559476163238287,200,200,200,200,200,1,10000,50
0.003,200,200,200,200.003,200.003,1,10000,50
0.7716863558162,200,200,200,200,200,1,10000,50
