"p","truediv","chaoest","obsD","upper","lower","l","inds","reps"
0.728206643369049,200,200,200,200,200,1,31623,50
0.166076431516558,200,200,200,200,200,1,31623,50
0.297089339001104,200,200,200,200,200,1,31623,50
0.178606083150953,200,200,200,200,200,1,31623,50
0.81853312952444,200,200,200,200,200,1,31623,50
0.904504789505154,200,200,200,200,200,1,31623,50
0.226182265207171,200,200,200,200,200,1,31623,50
0.263031498761848,200,200,200,200,200,1,31623,50
5e-04,200,200,200,200.0005,200.0005,1,31623,50
0.001,200,200,200,200.001,200.001,1,31623,50
0.214816694846377,200,200,200,200,200,1,31623,50
0.405575323617086,200,200,200,200,200,1,31623,50
0.844443175941706,200,200,200,200,200,1,31623,50
0.646365866763517,200,200,200,200,200,1,31623,50
0.001,200,200,200,200.001,200.001,1,31623,50
5e-04,200,200,200,200.0005,200.0005,1,31623,50
0.0661760510411114,200,200,200,200,200,1,31623,50
0.482397225452587,200,200,200,200,200,1,31623,50
5e-04,200,200,200,200.0005,200.0005,1,31623,50
0.867163862800226,200,200,200,200,200,1,31623,50
5e-04,200,200,200,200.0005,200.0005,1,31623,50
0.003,200,200,200,200.003,200.003,1,31623,50
0.0978282252326608,200,200,200,200,200,1,31623,50
0.378063064767048,200,200,200,200,200,1,31623,50
0.725673170760274,200,200,200,200,200,1,31623,50
0.754886645823717,200,200,200,200,200,1,31623,50
0.135354805737734,200,200,200,200,200,1,31623,50
0.672302582301199,200,200,200,200,200,1,31623,50
0.851687708403915,200,200,200,200,200,1,31623,50
0.699414392700419,200,200,200,200,200,1,31623,50
0.006,200,200,200,200.006,200.006,1,31623,50
0.614277084590867,200,200,200,200,200,1,31623,50
0.368540296331048,200,200,200,200,200,1,31623,50
0.0015,200,200,200,200.0015,200.0015,1,31623,50
0.469390415586531,200,200,200,200,200,1,31623,50
5e-04,200,200,200,200.0005,200.0005,1,31623,50
0.004,200,200,200,200.003250023717,200.003250023717,1,31623,50
5e-04,200,200,200,200.0005,200.0005,1,31623,50
0.0455,200,200,200,200.0455,199.0455,1,31623,50
0.0015,200,200,200,200.0015,200.0015,1,31623,50
0.917539689922705,200,200,200,200,200,1,31623,50
0.385939268162474,200,200,200,200,200,1,31623,50
0.109411630779505,200,200,200,200,200,1,31623,50
0.307970473309979,200,200,200,200,200,1,31623,50
0.536170884035528,200,200,200,200,200,1,31623,50
0.0015,200,200,200,200.0015,200.0015,1,31623,50
0.724303412716836,200,200,200,200,200,1,31623,50
5e-04,200,200,200,200.0005,200.0005,1,31623,50
0.200800543185323,200,200,200,200,200,1,31623,50
0.005,200,200,200,200.005,200.005,1,31623,50
