"p","truediv","chaoest","obsD","upper","lower","l","inds","reps"
0.17033840669319,100,100,100,100,100,1,5623,50
0.603604494361207,100,100,100,100,100,1,5623,50
0.445289765950292,100,100,100,100,100,1,5623,50
0.847813009051606,100,100,100,100,100,1,5623,50
0.232119345339015,100,100,100,100,100,1,5623,50
0.837437318172306,100,100,100,100,100,1,5623,50
0.0571469420101494,100,100,100,100,100,1,5623,50
0.131008614320308,100,100,100,100,100,1,5623,50
0.0015,100,100,100,100.0015,100.0015,1,5623,50
0.680162239121273,100,100,100,100,100,1,5623,50
0.693630018038675,100,100,100,100,100,1,5623,50
0.423556740628555,100,100,100,100,100,1,5623,50
0.0434442681726068,100,100,100,100,100,1,5623,50
0.953544554533437,100,100,100,100,100,1,5623,50
0.972348825540394,100,100,100,100,100,1,5623,50
0.446672392077744,100,100,100,100,100,1,5623,50
0.0599538842216134,100,100,100,100,100,1,5623,50
0.266624350100756,100,100,100,100,100,1,5623,50
0.762004541000351,100,100,100,100,100,1,5623,50
0.91674272576347,100,100,100,100,100,1,5623,50
0.16844348446466,100,100,100,100,100,1,5623,50
0.156288035679609,100,100,100,100,100,1,5623,50
0.185090106911957,100,100,100,100,100,1,5623,50
0.0258011168334633,100,100,100,100,100,1,5623,50
0.529016744112596,100,100,100,100,100,1,5623,50
0.0714588086120784,100,100,100,100,100,1,5623,50
0.282535084057599,100,100,100,100,100,1,5623,50
0.760620721848682,100,100,100,100,100,1,5623,50
0.353430152870715,100,100,100,100,100,1,5623,50
0.988301546312869,100,100,100,100,100,1,5623,50
0.450347881298512,100,100,100,100,100,1,5623,50
0.287725823465735,100,100,100,100,100,1,5623,50
0.224028194788843,100,100,100,100,100,1,5623,50
0.495325365336612,100,100,100,100,100,1,5623,50
0.547827654518187,100,100,100,100,100,1,5623,50
0.91647034464404,100,100,100,100,100,1,5623,50
0.0853773292619735,100,100,100,100,100,1,5623,50
0.217929845675826,100,100,100,100,100,1,5623,50
0.955759446136653,100,100,100,100,100,1,5623,50
0.401677724439651,100,100,100,100,100,1,5623,50
0.959343666909263,100,100,100,100,100,1,5623,50
0.800628958968446,100,100,100,100,100,1,5623,50
0.001,100,100,100,100.001,100.001,1,5623,50
0.982593007618561,100,100,100,100,100,1,5623,50
0.816078637959436,100,100,100,100,100,1,5623,50
0.885132325347513,100,100,100,100,100,1,5623,50
0.150772248161957,100,100,100,100,100,1,5623,50
0.0800850398372859,100,100,100,100,100,1,5623,50
0.905257818754762,100,100,100,100,100,1,5623,50
5e-04,100,100,100,100.0005,100.0005,1,5623,50
