"p","truediv","chaoest","obsD","upper","lower","l","inds","reps"
0.216075999429449,100,100,100,100,100,1,10000,50
0.731043471954763,100,100,100,100,100,1,10000,50
0.92659148783423,100,100,100,100,100,1,10000,50
0.904249862534925,100,100,100,100,100,1,10000,50
0.419113432522863,100,100,100,100,100,1,10000,50
0.0276696046348661,100,100,100,100,100,1,10000,50
0.43109837337397,100,100,100,100,100,1,10000,50
0.385336651699618,100,100,100,100,100,1,10000,50
0.686524820281193,100,100,100,100,100,1,10000,50
0.0045,100,100,100,100.0045,100.0045,1,10000,50
0.001,100,100,100,100.001,100.001,1,10000,50
0.888636746210977,100,100,100,100,100,1,10000,50
0.0566465652082115,100,100,100,100,100,1,10000,50
0.426867607748136,100,100,100,100,100,1,10000,50
5e-04,100,100,100,100.0005,100.0005,1,10000,50
0.247410418465734,100,100,100,100,100,1,10000,50
0.0035,100,100,100,100.0035,100.0035,1,10000,50
0.702156562358141,100,100,100,100,100,1,10000,50
0.714226892217994,100,100,100,100,100,1,10000,50
5e-04,100,100,100,100.0005,100.0005,1,10000,50
0.672469819663092,100,100,100,100,100,1,10000,50
0.400210046442226,100,100,100,100,100,1,10000,50
0.438040744978935,100,100,100,100,100,1,10000,50
0.0906046619638801,100,100,100,100,100,1,10000,50
0.007,100,100,100,100.007,100.007,1,10000,50
0.60739924502559,100,100,100,100,100,1,10000,50
0.963133274111897,100,100,100,100,100,1,10000,50
0.504635392688215,100,100,100,100,100,1,10000,50
0.808960163034499,100,100,100,100,100,1,10000,50
5e-04,100,100,100,100.0005,100.0005,1,10000,50
0.494336187839508,100,100,100,100,100,1,10000,50
0.450880282558501,100,100,100,100,100,1,10000,50
0.0768486079759896,100,100,100,100,100,1,10000,50
0.0015,100,100,100,100.0015,100.0015,1,10000,50
5e-04,100,100,100,100.0005,100.0005,1,10000,50
0.108920937171206,100,100,100,100,100,1,10000,50
5e-04,100,100,100,100.0005,100.0005,1,10000,50
0.0321504436433315,100,100,100,100,100,1,10000,50
0.154919361695647,100,100,100,100,100,1,10000,50
0.732431893935427,100,100,100,100,100,1,10000,50
5e-04,100,100,100,100.0005,100.0005,1,10000,50
0.537153486860916,100,100,100,100,100,1,10000,50
0.72614738275297,100,100,100,100,100,1,10000,50
0.217968272743747,100,100,100,100,100,1,10000,50
0.359938046662137,100,100,100,100,100,1,10000,50
0.005,100,100,100,100.005,100.005,1,10000,50
0.432700923411176,100,100,100,100,100,1,10000,50
0.35883232136257,100,100,100,100,100,1,10000,50
0.591357191791758,100,100,100,100,100,1,10000,50
5e-04,100,100,100,100.0005,100.0005,1,10000,50
