"p","truediv","chaoest","obsD","upper","lower","l","inds","reps"
0.682992066722363,100,100,100,100,100,1,5623,50
0.0456923206802458,100,100,100,100,100,1,5623,50
0.684049284085631,100,100,100,100,100,1,5623,50
0.908983843401074,100,100,100,100,100,1,5623,50
0.561863491777331,100,100,100,100,100,1,5623,50
0.513329940149561,100,100,100,100,100,1,5623,50
0.290666956221685,100,100,100,100,100,1,5623,50
0.233406396815553,100,100,100,100,100,1,5623,50
0.793400755850598,100,100,100,100,100,1,5623,50
0.0546214974019676,100,100,100,100,100,1,5623,50
0.4837544222828,100,100,100,100,100,1,5623,50
0.0975735471583903,100,100,100,100,100,1,5623,50
0.271557520376518,100,100,100,100,100,1,5623,50
0.07463941979222,100,100,100,100,100,1,5623,50
0.102909324457869,100,100,100,100,100,1,5623,50
0.123755394015461,100,100,100,100,100,1,5623,50
0.490437100641429,100,100,100,100,100,1,5623,50
5e-04,100,100,100,100.0005,100.0005,1,5623,50
0.00103464443236589,100,100,100,100,100,1,5623,50
5e-04,100,100,100,100.0005,100.0005,1,5623,50
0.71515425760299,100,100,100,100,100,1,5623,50
0.72313435934484,100,100,100,100,100,1,5623,50
0.002,100,100,100,100.002,100.002,1,5623,50
0.794644494075328,100,100,100,100,100,1,5623,50
0.480029959464446,100,100,100,100,100,1,5623,50
0.453272681450471,100,100,100,100,100,1,5623,50
0.152642661472782,100,100,100,100,100,1,5623,50
0.660508621949703,100,100,100,100,100,1,5623,50
0.556539878481999,100,100,100,100,100,1,5623,50
0.729916652664542,100,100,100,100,100,1,5623,50
0.941794853424653,100,100,100,100,100,1,5623,50
0.299653025344014,100,100,100,100,100,1,5623,50
0.744948976673186,100,100,100,100,100,1,5623,50
0.0847259541042149,100,100,100,100,100,1,5623,50
0.300267437007278,100,100,100,100,100,1,5623,50
0.92656187992543,100,100,100,100,100,1,5623,50
0.585512503050268,100,100,100,100,100,1,5623,50
0.118348205229267,100,100,100,100,100,1,5623,50
0.692921217996627,100,100,100,100,100,1,5623,50
0.980956592131406,100,100,100,100,100,1,5623,50
0.805289830081165,100,100,100,100,100,1,5623,50
0.539838844910264,100,100,100,100,100,1,5623,50
0.127831727033481,100,100,100,100,100,1,5623,50
0.877895552664995,100,100,100,100,100,1,5623,50
0.654144417494535,100,100,100,100,100,1,5623,50
5e-04,100,100,100,100.0005,100.0005,1,5623,50
0.0614923345856369,100,100,100,100,100,1,5623,50
0.546400571241975,100,100,100,100,100,1,5623,50
0.844798563746735,100,100,100,100,100,1,5623,50
0.712489262688905,100,100,100,100,100,1,5623,50
