"p","truediv","chaoest","obsD","upper","lower","l","inds","reps"
0.203200404066592,200,200,200,200,200,1,31623,50
0.02,200,200,200,200.02,200.02,1,31623,50
0.530804386828095,200,200,200,200,200,1,31623,50
0.303446935955435,200,200,200,200,200,1,31623,50
0.772734308848158,200,200,200,200,200,1,31623,50
0.0025,200,200,200,200.0025,200.0025,1,31623,50
0.505529841408134,200,200,200,200,200,1,31623,50
5e-04,200,200,200,200.0005,200.0005,1,31623,50
0.0015,200,200,200,200.0015,200.0015,1,31623,50
5e-04,200,200,200,200.0005,200.0005,1,31623,50
0.902087439782917,200,200,200,200,200,1,31623,50
0.486946491291746,200,200,200,200,200,1,31623,50
0.194433707278222,200,200,200,200,200,1,31623,50
0.75235578045249,200,200,200,200,200,1,31623,50
0.434572157682851,200,200,200,200,200,1,31623,50
0.355119373416528,200,200,200,200,200,1,31623,50
0.0195,200,200,200,200.0195,200.0195,1,31623,50
0.79482039436698,200,200,200,200,200,1,31623,50
0.971105759497732,200,200,200,200,200,1,31623,50
0.577555227326229,200,200,200,200,200,1,31623,50
0.845005896873772,200,200,200,200,200,1,31623,50
0.917533369967714,200,200,200,200,200,1,31623,50
0.0035,200,200,200,200.0035,200.0035,1,31623,50
0.857212688075379,200,200,200,200,200,1,31623,50
0.001,200,200,200,200.001,200.001,1,31623,50
0.902324975002557,200,200,200,200,200,1,31623,50
0.641109295887873,200,200,200,200,200,1,31623,50
5e-04,200,200,200,200.0005,200.0005,1,31623,50
0.300345846218988,200,200,200,200,200,1,31623,50
5e-04,200,200,200,200.0005,200.0005,1,31623,50
0.001,200,200,200,200.001,200.001,1,31623,50
0.112363477237523,200,200,200,200,200,1,31623,50
0.001,200,200,200,200.001,200.001,1,31623,50
0.604365445440635,200,200,200,200,200,1,31623,50
0.0025,200,200,200,200.002250007906,200.002250007906,1,31623,50
5e-04,200,200,200,200.0005,200.0005,1,31623,50
5e-04,200,200,200,200.0005,200.0005,1,31623,50
0.744413345586509,200,200,200,200,200,1,31623,50
5e-04,200,200,200,200.0005,200.0005,1,31623,50
0.001,200,200,200,200.001,200.001,1,31623,50
5e-04,200,200,200,200.0005,200.0005,1,31623,50
0.552700427360833,200,200,200,200,200,1,31623,50
5e-04,200,200,200,200.0005,200.0005,1,31623,50
0.334315118379891,200,200,200,200,200,1,31623,50
0.656926401192322,200,200,200,200,200,1,31623,50
5e-04,200,200,200,200.0005,200.0005,1,31623,50
5e-04,200,200,200,200.000250007906,200.000250007906,1,31623,50
0.0075,200,200,200,200.0075,200.0075,1,31623,50
0.289995941566303,200,200,200,200,200,1,31623,50
0.001,200,200,200,200.001,200.001,1,31623,50
