"p","truediv","chaoest","obsD","upper","lower","l","inds","reps"
0.516602939460427,100,100,100,100,100,1,5623,50
0.111853334121406,100,100,100,100,100,1,5623,50
0.629563050810248,100,100,100,100,100,1,5623,50
0.217023347504437,100,100,100,100,100,1,5623,50
0.320302149513736,100,100,100,100,100,1,5623,50
5e-04,100,100,100,100.0005,100.0005,1,5623,50
0.986207152483985,100,100,100,100,100,1,5623,50
0.518223565304652,100,100,100,100,100,1,5623,50
5e-04,100,100,100,100.0005,100.0005,1,5623,50
0.0211332084145397,100,100,100,100,100,1,5623,50
0.0765234229620546,100,100,100,100,100,1,5623,50
0.986406702315435,100,100,100,100,100,1,5623,50
0.087023455882445,100,100,100,100,100,1,5623,50
0.0401159371249378,100,100,100,100,100,1,5623,50
0.477818808052689,100,100,100,100,100,1,5623,50
0.449658080236986,100,100,100,100,100,1,5623,50
0.239071546820924,100,100,100,100,100,1,5623,50
0.80599508038722,100,100,100,100,100,1,5623,50
5e-04,100,100,100,100.0005,100.0005,1,5623,50
0.573185193585232,100,100,100,100,100,1,5623,50
0.189315476920456,100,100,100,100,100,1,5623,50
0.713315703440458,100,100,100,100,100,1,5623,50
5e-04,100,100,100,100.0005,100.0005,1,5623,50
0.535772898001596,100,100,100,100,100,1,5623,50
0.738525538239628,100,100,100,100,100,1,5623,50
0.0999909162055701,100,100,100,100,100,1,5623,50
0.494501877808943,100,100,100,100,100,1,5623,50
0.284515762934461,100,100,100,100,100,1,5623,50
0.289542374899611,100,100,100,100,100,1,5623,50
0.749810356879607,100,100,100,100,100,1,5623,50
0.619028674438596,100,100,100,100,100,1,5623,50
0.518310083542019,100,100,100,100,100,1,5623,50
0.287840276258066,100,100,100,100,100,1,5623,50
0.999248765874654,100,100,100,100,100,1,5623,50
0.424950405955315,100,100,100,100,100,1,5623,50
5e-04,100,100,100,100.0005,100.0005,1,5623,50
0.693230173783377,100,100,100,100,100,1,5623,50
0.002,100,100,100,100.002,100.002,1,5623,50
0.985603004693985,100,100,100,100,100,1,5623,50
0.809067970374599,100,100,100,100,100,1,5623,50
0.243926649913192,100,100,100,100,100,1,5623,50
0.23403670382686,100,100,100,100,100,1,5623,50
0.991833148989826,100,100,100,100,100,1,5623,50
0.016817572992295,100,100,100,100,100,1,5623,50
0.304616677341983,100,100,100,100,100,1,5623,50
0.857672038720921,100,100,100,100,100,1,5623,50
0.3133853697218,100,100,100,100,100,1,5623,50
0.883623723173514,100,100,100,100,100,1,5623,50
0.6876016035676,100,100,100,100,100,1,5623,50
0.427558722207323,100,100,100,100,100,1,5623,50
