"p","truediv","chaoest","obsD","upper","lower","l","inds","reps"
0.458161892835051,200,200,200,200,200,1,31623,50
0.001,200,200,200,200.001,200.001,1,31623,50
0.970779349561781,200,200,200,200,200,1,31623,50
0.004,200,200,200,200.004,200.004,1,31623,50
0.0243630846962333,200,200,200,200,200,1,31623,50
0.296759987948462,200,200,200,200,200,1,31623,50
0.799714046996087,200,200,200,200,200,1,31623,50
5e-04,200,200,200,200.0005,200.0005,1,31623,50
0.0155,200,200,200,200.015000015811,200.015000015811,1,31623,50
0.0280266352929175,200,200,200,200,200,1,31623,50
0.0165,200,200,200,200.0165,200.0165,1,31623,50
0.0015,200,200,200,200.0015,200.0015,1,31623,50
0.51895243069157,200,200,200,200,200,1,31623,50
0.830951136769727,200,200,200,200,200,1,31623,50
0.1485,200,200,200,200.1485,199.1485,1,31623,50
0.612395089352503,200,200,200,200,200,1,31623,50
0.476089363219216,200,200,200,200,200,1,31623,50
0.001,200,200,200,200.001,200.001,1,31623,50
5e-04,200,200,200,200.0005,200.0005,1,31623,50
0.882655879948288,200,200,200,200,200,1,31623,50
0.843278233427554,200,200,200,200,200,1,31623,50
0.808762002270669,200,200,200,200,200,1,31623,50
0.0025,200,200,200,200.0025,200.0025,1,31623,50
0.003,200,200,200,200.003,200.003,1,31623,50
0.122973535675555,200,200,200,200,200,1,31623,50
0.637831006199121,200,200,200,200,200,1,31623,50
0.47622834565118,200,200,200,200,200,1,31623,50
0.018366320990026,200,200,200,200,200,1,31623,50
0.717666937969625,200,200,200,200,200,1,31623,50
0.700045306701213,200,200,200,200,200,1,31623,50
0.0898663394618779,200,200,200,200,200,1,31623,50
0.001,200,200,200,200.001,200.001,1,31623,50
0.146197924157605,200,200,200,200,200,1,31623,50
0.0811439948156476,200,200,200,200,200,1,31623,50
5e-04,200,200,200,200.0005,200.0005,1,31623,50
0.466659205965698,200,200,200,200,200,1,31623,50
5e-04,200,200,200,200.0005,200.0005,1,31623,50
0.761483109323308,200,200,200,200,200,1,31623,50
0.002,200,200,200,200.002,200.002,1,31623,50
0.192699703155085,200,200,200,200,200,1,31623,50
5e-04,200,200,200,200.0005,200.0005,1,31623,50
0.9569691659417,200,200,200,200,200,1,31623,50
0.039167258888483,200,200,200,200,200,1,31623,50
0.0045,200,200,200,200.0045,200.0045,1,31623,50
5e-04,200,200,200,200.0005,200.0005,1,31623,50
0.0351826793048531,200,200,200,200,200,1,31623,50
0.995767143089324,200,200,200,200,200,1,31623,50
0.012,200,200,200,200.012,200.012,1,31623,50
0.523270398611203,200,200,200,200,200,1,31623,50
0.270504188258201,200,200,200,200,200,1,31623,50
