"p","truediv","chaoest","obsD","upper","lower","l","inds","reps"
0.579631261760369,100,100,100,100,100,1,5623,50
0.678545785369352,100,100,100,100,100,1,5623,50
0.299381046323106,100,100,100,100,100,1,5623,50
0.126666341908276,100,100,100,100,100,1,5623,50
0.0291881042066962,100,100,100,100,100,1,5623,50
0.0148788823280483,100,100,100,100,100,1,5623,50
0.633440307807177,100,100,100,100,100,1,5623,50
0.715517114149407,100,100,100,100,100,1,5623,50
0.0977997300215065,100,100,100,100,100,1,5623,50
0.842408259632066,100,100,100,100,100,1,5623,50
0.0085,100,100,100,100.0085,100.0085,1,5623,50
0.111497545847669,100,100,100,100,100,1,5623,50
0.203805772820488,100,100,100,100,100,1,5623,50
0.283913171617314,100,100,100,100,100,1,5623,50
0.292005736147985,100,100,100,100,100,1,5623,50
0.306769033195451,100,100,100,100,100,1,5623,50
0.986420518485829,100,100,100,100,100,1,5623,50
0.561523646581918,100,100,100,100,100,1,5623,50
0.683294882066548,100,100,100,100,100,1,5623,50
5e-04,100,100,100,100.0005,100.0005,1,5623,50
0.394843690330163,100,100,100,100,100,1,5623,50
5e-04,100,100,100,100.0005,100.0005,1,5623,50
0.275675517506897,100,100,100,100,100,1,5623,50
0.951163139427081,100,100,100,100,100,1,5623,50
0.474685502937064,100,100,100,100,100,1,5623,50
0.76825966197066,100,100,100,100,100,1,5623,50
0.737585346680135,100,100,100,100,100,1,5623,50
0.349046730436385,100,100,100,100,100,1,5623,50
0.0468822938855737,100,100,100,100,100,1,5623,50
0.127166788559407,100,100,100,100,100,1,5623,50
0.335982138756663,100,100,100,100,100,1,5623,50
0.607152596814558,100,100,100,100,100,1,5623,50
0.905205541290343,100,100,100,100,100,1,5623,50
0.687228452181444,100,100,100,100,100,1,5623,50
0.216031733201817,100,100,100,100,100,1,5623,50
0.792959219543263,100,100,100,100,100,1,5623,50
0.10581262386404,100,100,100,100,100,1,5623,50
0.237829176010564,100,100,100,100,100,1,5623,50
0.197794345906004,100,100,100,100,100,1,5623,50
0.683119118213654,100,100,100,100,100,1,5623,50
0.399397695669904,100,100,100,100,100,1,5623,50
0.368344865972176,100,100,100,100,100,1,5623,50
0.637081027263775,100,100,100,100,100,1,5623,50
0.474003147566691,100,100,100,100,100,1,5623,50
0.0218869003001601,100,100,100,100,100,1,5623,50
0.598619960714132,100,100,100,100,100,1,5623,50
0.383660144871101,100,100,100,100,100,1,5623,50
0.54954986134544,100,100,100,100,100,1,5623,50
0.637513803085312,100,100,100,100,100,1,5623,50
0.769821664318442,100,100,100,100,100,1,5623,50
