"p","truediv","chaoest","obsD","upper","lower","l","inds","reps"
0.0942468179855496,200,200,200,200,200,1,31623,50
0.001,200,200,200,200.001,200.001,1,31623,50
0.0205,200,200,200,200.0205,200.0205,1,31623,50
5e-04,200,200,200,200.0005,200.0005,1,31623,50
0.001,200,200,200,200.001,200.001,1,31623,50
0.114505770616233,200,200,200,200,200,1,31623,50
0.339960841694847,200,200,200,200,200,1,31623,50
0.946641168557107,200,200,200,200,200,1,31623,50
0.049,200,200,200,200.049,199.049,1,31623,50
0.069526857463643,200,200,200,200,200,1,31623,50
0.795362297678366,200,200,200,200,200,1,31623,50
0.115439792396501,200,200,200,200,200,1,31623,50
0.0045,200,200,200,200.004250007906,200.004250007906,1,31623,50
0.0938977787736803,200,200,200,200,200,1,31623,50
0.903541081352159,200,200,200,200,200,1,31623,50
0.67367150913924,200,200,200,200,200,1,31623,50
0.753741538384929,200,200,200,200,200,1,31623,50
0.105052584083751,200,200,200,200,200,1,31623,50
0.484162899898365,200,200,200,200,200,1,31623,50
0.536909571383148,200,200,200,200,200,1,31623,50
0.001,200,200,200,200.001,200.001,1,31623,50
0.0195,200,200,200,200.0195,200.0195,1,31623,50
0.944896842353046,200,200,200,200,200,1,31623,50
0.28113092854619,200,200,200,200,200,1,31623,50
0.430897190235555,200,200,200,200,200,1,31623,50
0.507797753904015,200,200,200,200,200,1,31623,50
0.479485070332885,200,200,200,200,200,1,31623,50
5e-04,200,200,200,200.0005,200.0005,1,31623,50
0.089135323651135,200,200,200,200,200,1,31623,50
0.623196975560859,200,200,200,200,200,1,31623,50
0.0275437170639634,200,200,200,200,200,1,31623,50
0.95570039213635,200,200,200,200,200,1,31623,50
0.003,200,200,200,200.003,200.003,1,31623,50
0.0045,200,200,200,200.0045,200.0045,1,31623,50
0.0431666278745979,200,200,200,200,200,1,31623,50
0.796202461235225,200,200,200,200,200,1,31623,50
0.912396496161819,200,200,200,200,200,1,31623,50
0.001,200,200,200,200.001,200.001,1,31623,50
0.001,200,200,200,200.001,200.001,1,31623,50
5e-04,200,200,200,200.0005,200.0005,1,31623,50
0.0055,200,200,200,200.0055,200.0055,1,31623,50
0.569333060411736,200,200,200,200,200,1,31623,50
0.384875144576654,200,200,200,200,200,1,31623,50
0.841895782388747,200,200,200,200,200,1,31623,50
0.018,200,200,200,200.018,200.018,1,31623,50
0.386097746901214,200,200,200,200,200,1,31623,50
0.102574349846691,200,200,200,200,200,1,31623,50
0.408780865604058,200,200,200,200,200,1,31623,50
0.001,200,200,200,200.001,200.001,1,31623,50
0.001,200,200,200,200.001,200.001,1,31623,50
