"p","truediv","chaoest","obsD","upper","lower","l","inds","reps"
0.448135467013344,100,100,100,100,100,1,10000,50
0.846003058133647,100,100,100,100,100,1,10000,50
0.0909904139116406,100,100,100,100,100,1,10000,50
0.590925147058442,100,100,100,100,100,1,10000,50
5e-04,100,100,100,100.0005,100.0005,1,10000,50
0.917479989118874,100,100,100,100,100,1,10000,50
0.257280317135155,100,100,100,100,100,1,10000,50
0.891430764226243,100,100,100,100,100,1,10000,50
0.497313618892804,100,100,100,100,100,1,10000,50
0.007,100,100,100,100.007,100.007,1,10000,50
5e-04,100,100,100,100.0005,100.0005,1,10000,50
0.343206696677953,100,100,100,100,100,1,10000,50
0.915281039662659,100,100,100,100,100,1,10000,50
0.947333972202614,100,100,100,100,100,1,10000,50
0.335442224750295,100,100,100,100,100,1,10000,50
0.547832460608333,100,100,100,100,100,1,10000,50
5e-04,100,100,100,100.0005,100.0005,1,10000,50
0.561375520424917,100,100,100,100,100,1,10000,50
0.387709652539343,100,100,100,100,100,1,10000,50
0.553804131690413,100,100,100,100,100,1,10000,50
0.984011102467775,100,100,100,100,100,1,10000,50
0.927315677981824,100,100,100,100,100,1,10000,50
0.0933957269880921,100,100,100,100,100,1,10000,50
0.769304321613163,100,100,100,100,100,1,10000,50
0.0015,100,100,100,100.0015,100.0015,1,10000,50
0.589471523882821,100,100,100,100,100,1,10000,50
0.899376392597333,100,100,100,100,100,1,10000,50
0.001,100,100,100,100.001,100.001,1,10000,50
0.836620666552335,100,100,100,100,100,1,10000,50
0.478186962194741,100,100,100,100,100,1,10000,50
5e-04,100,100,100,100.0005,100.0005,1,10000,50
0.22839057771489,100,100,100,100,100,1,10000,50
0.0266807400621474,100,100,100,100,100,1,10000,50
0.240841692779213,100,100,100,100,100,1,10000,50
0.367854445241392,100,100,100,100,100,1,10000,50
0.641064352123067,100,100,100,100,100,1,10000,50
0.620826770085841,100,100,100,100,100,1,10000,50
0.178151564439759,100,100,100,100,100,1,10000,50
0.862449588952586,100,100,100,100,100,1,10000,50
0.323200027924031,100,100,100,100,100,1,10000,50
0.726313815684989,100,100,100,100,100,1,10000,50
0.800300335511565,100,100,100,100,100,1,10000,50
5e-04,100,100,100,100.0005,100.0005,1,10000,50
0.619181238580495,100,100,100,100,100,1,10000,50
0.131278262007982,100,100,100,100,100,1,10000,50
0.504316173261032,100,100,100,100,100,1,10000,50
0.745793847599998,100,100,100,100,100,1,10000,50
0.001,100,100,100,100.001,100.001,1,10000,50
0.551651154644787,100,100,100,100,100,1,10000,50
0.86863264371641,100,100,100,100,100,1,10000,50
