"p","truediv","chaoest","obsD","upper","lower","l","inds","reps"
0.619288471527398,200,200,200,200,200,1,10000,50
0.869078719755635,200,200,200,200,200,1,10000,50
5e-04,200,200,200,200.0005,200.0005,1,10000,50
5e-04,200,200,200,200.0005,200.0005,1,10000,50
0.608495957450941,200,200,200,200,200,1,10000,50
0.84571269643493,200,200,200,200,200,1,10000,50
0.637133115204051,200,200,200,200,200,1,10000,50
0.972551153739914,200,200,200,200,200,1,10000,50
0.886280016507953,200,200,200,200,200,1,10000,50
0.908010178944096,200,200,200,200,200,1,10000,50
0.648027253337204,200,200,200,200,200,1,10000,50
0.750857341103256,200,200,200,200,200,1,10000,50
0.539346310542896,200,200,200,200,200,1,10000,50
0.001,200,200,200,200.001,200.001,1,10000,50
0.140131029300392,200,200,200,200,200,1,10000,50
0.001,200,200,200,200.001,200.001,1,10000,50
0.532546962844208,200,200,200,200,200,1,10000,50
0.98493031761609,200,200,200,200,200,1,10000,50
0.774121227441356,200,200,200,200,200,1,10000,50
0.980843314900994,200,200,200,200,200,1,10000,50
0.910580197582021,200,200,200,200,200,1,10000,50
0.659626405453309,200,200,200,200,200,1,10000,50
0.595746151171625,200,200,200,200,200,1,10000,50
0.0593820982612669,200,200,200,200,200,1,10000,50
0.559986016014591,200,200,200,200,200,1,10000,50
0.826087203109637,200,200,200,200,200,1,10000,50
0.872718050144613,200,200,200,200,200,1,10000,50
0.357790779089555,200,200,200,200,200,1,10000,50
0.58307390101254,200,200,200,200,200,1,10000,50
0.869570918614045,200,200,200,200,200,1,10000,50
0.783049611607566,200,200,200,200,200,1,10000,50
0.991932045901194,200,200,200,200,200,1,10000,50
0.0975272736977786,200,200,200,200,200,1,10000,50
0.955651816213503,200,200,200,200,200,1,10000,50
0.0057551683858037,200,200,200,200,200,1,10000,50
0.661991797853261,200,200,200,200,200,1,10000,50
0.0719450819306076,200,200,200,200,200,1,10000,50
0.3052582887467,200,200,200,200,200,1,10000,50
0.450447329320014,200,200,200,200,200,1,10000,50
0.001,200,200,200,200.001,200.001,1,10000,50
0.001,200,200,200,200.001,200.001,1,10000,50
0.233496939297765,200,200,200,200,200,1,10000,50
0.247700665611774,200,200,200,200,200,1,10000,50
0.673623685492203,200,200,200,200,200,1,10000,50
0.0393398983869702,200,200,200,200,200,1,10000,50
0.419690496753901,200,200,200,200,200,1,10000,50
0.387011528713629,200,200,200,200,200,1,10000,50
0.716611633310094,200,200,200,200,200,1,10000,50
0.244989805622026,200,200,200,200,200,1,10000,50
0.711158289341256,200,200,200,200,200,1,10000,50
