"p","truediv","chaoest","obsD","upper","lower","l","inds","reps"
0.634342902805656,200,200,200,200,200,1,31623,50
0.234217036282644,200,200,200,200,200,1,31623,50
0.0015,200,200,200,200.0015,200.0015,1,31623,50
0.206959897652268,200,200,200,200,200,1,31623,50
0.602908834116533,200,200,200,200,200,1,31623,50
0.09542610286735,200,200,200,200,200,1,31623,50
0.773907028604299,200,200,200,200,200,1,31623,50
0.894752478227019,200,200,200,200,200,1,31623,50
0.0358048574998975,200,200,200,200,200,1,31623,50
0.633199576288462,200,200,200,200,200,1,31623,50
0.004,200,200,200,200.004,200.004,1,31623,50
0.746557421982288,200,200,200,200,200,1,31623,50
5e-04,200,200,200,200.0005,200.0005,1,31623,50
0.047,200,200,200,200.046250023717,199.046250023717,1,31623,50
5e-04,200,200,200,200.0005,200.0005,1,31623,50
0.0015,200,200,200,200.0015,200.0015,1,31623,50
0.368494565831497,200,200,200,200,200,1,31623,50
0.346120237605646,200,200,200,200,200,1,31623,50
0.890774270286784,200,200,200,200,200,1,31623,50
5e-04,200,200,200,200.0005,200.0005,1,31623,50
5e-04,200,200,200,200.0005,200.0005,1,31623,50
0.0195,200,200,200,200.0195,200.0195,1,31623,50
0.006,200,200,200,200.006,200.006,1,31623,50
0.633950060466304,200,200,200,200,200,1,31623,50
0.002,200,200,200,200.002,200.002,1,31623,50
0.0015,200,200,200,200.0015,200.0015,1,31623,50
0.129943945677951,200,200,200,200,200,1,31623,50
0.649934750283137,200,200,200,200,200,1,31623,50
0.645459277322516,200,200,200,200,200,1,31623,50
0.053,200,200,200,200.053,199.053,1,31623,50
0.0565,200,200,200,200.0565,199.0565,1,31623,50
0.0560763657558709,200,200,200,200,200,1,31623,50
0.0332764913327992,200,200,200,200,200,1,31623,50
0.276350811123848,200,200,200,200,200,1,31623,50
0.509711716556922,200,200,200,200,200,1,31623,50
0.202397237531841,200,200,200,200,200,1,31623,50
0.465727140195668,200,200,200,200,200,1,31623,50
0.520004238002002,200,200,200,200,200,1,31623,50
0.001,200,200,200,200.001,200.001,1,31623,50
0.001,200,200,200,200.001,200.001,1,31623,50
0.006,200,200,200,200.006,200.006,1,31623,50
0.0818359744735062,200,200,200,200,200,1,31623,50
0.444565149024129,200,200,200,200,200,1,31623,50
0.0317885838449001,200,200,200,200,200,1,31623,50
5e-04,200,200,200,200.0005,200.0005,1,31623,50
0.546988186892122,200,200,200,200,200,1,31623,50
0.299186438554898,200,200,200,200,200,1,31623,50
5e-04,200,200,200,200.0005,200.0005,1,31623,50
0.772521203849465,200,200,200,200,200,1,31623,50
0.002,200,200,200,200.002,200.002,1,31623,50
