"p","truediv","chaoest","obsD","upper","lower","l","inds","reps"
0.393979952903464,100,100,100,100,100,1,10000,50
0.0015,100,100,100,100.0015,100.0015,1,10000,50
0.123544383095577,100,100,100,100,100,1,10000,50
0.156805053120479,100,100,100,100,100,1,10000,50
5e-04,100,100,100,100.0005,100.0005,1,10000,50
0.787680028239265,100,100,100,100,100,1,10000,50
0.808718742104247,100,100,100,100,100,1,10000,50
0.0470476157497615,100,100,100,100,100,1,10000,50
0.757884097984061,100,100,100,100,100,1,10000,50
0.452340684831142,100,100,100,100,100,1,10000,50
0.961389381205663,100,100,100,100,100,1,10000,50
0.049688185332343,100,100,100,100,100,1,10000,50
0.614370961673558,100,100,100,100,100,1,10000,50
0.918516819365323,100,100,100,100,100,1,10000,50
0.60510733933188,100,100,100,100,100,1,10000,50
0.414725757203996,100,100,100,100,100,1,10000,50
0.891654007835314,100,100,100,100,100,1,10000,50
0.88993379031308,100,100,100,100,100,1,10000,50
5e-04,100,100,100,100.0005,100.0005,1,10000,50
0.592290945351124,100,100,100,100,100,1,10000,50
5e-04,100,100,100,100.0005,100.0005,1,10000,50
0.228343264665455,100,100,100,100,100,1,10000,50
0.610356099205092,100,100,100,100,100,1,10000,50
0.0065,100,100,100,100.0065,100.0065,1,10000,50
0.246967713348567,100,100,100,100,100,1,10000,50
5e-04,100,100,100,100.0005,100.0005,1,10000,50
0.349537446862087,100,100,100,100,100,1,10000,50
0.899661511648446,100,100,100,100,100,1,10000,50
0.008,100,100,100,100.008,100.008,1,10000,50
0.018,100,100,100,100.018,100.018,1,10000,50
0.0773735633119941,100,100,100,100,100,1,10000,50
0.042,100,100,100,100.042,99.042,1,10000,50
0.0165130742825568,100,100,100,100,100,1,10000,50
0.432324160123244,100,100,100,100,100,1,10000,50
0.5315050506033,100,100,100,100,100,1,10000,50
0.147777636535466,100,100,100,100,100,1,10000,50
0.788050424773246,100,100,100,100,100,1,10000,50
0.699122953228652,100,100,100,100,100,1,10000,50
0.700054865097627,100,100,100,100,100,1,10000,50
0.127299020066857,100,100,100,100,100,1,10000,50
0.468424272723496,100,100,100,100,100,1,10000,50
0.0055,100,100,100,100.0055,100.0055,1,10000,50
0.464931863825768,100,100,100,100,100,1,10000,50
0.717429696116596,100,100,100,100,100,1,10000,50
5e-04,100,100,100,100.0005,100.0005,1,10000,50
0.67465883679688,100,100,100,100,100,1,10000,50
5e-04,100,100,100,100.0005,100.0005,1,10000,50
0.988868453772739,100,100,100,100,100,1,10000,50
5e-04,100,100,100,100.0005,100.0005,1,10000,50
0.68496416695416,100,100,100,100,100,1,10000,50
