"p","truediv","chaoest","obsD","upper","lower","l","inds","reps"
0.391341026872396,100,100,100,100,100,1,5623,50
0.602840014966205,100,100,100,100,100,1,5623,50
0.126553065376356,100,100,100,100,100,1,5623,50
0.877779095899314,100,100,100,100,100,1,5623,50
0.32814125623554,100,100,100,100,100,1,5623,50
0.226274440996349,100,100,100,100,100,1,5623,50
0.943447158206254,100,100,100,100,100,1,5623,50
0.500253228237852,100,100,100,100,100,1,5623,50
0.335382177028805,100,100,100,100,100,1,5623,50
0.380818084580824,100,100,100,100,100,1,5623,50
0.530145707773045,100,100,100,100,100,1,5623,50
0.001,100,100,100,100.001,100.001,1,5623,50
0.198978341883048,100,100,100,100,100,1,5623,50
5e-04,100,100,100,100.0005,100.0005,1,5623,50
0.65320095140487,100,100,100,100,100,1,5623,50
0.84128258889541,100,100,100,100,100,1,5623,50
0.244215737562627,100,100,100,100,100,1,5623,50
0.248518385924399,100,100,100,100,100,1,5623,50
0.99965242901817,100,100,100,100,100,1,5623,50
0.439216690137982,100,100,100,100,100,1,5623,50
0.518146115122363,100,100,100,100,100,1,5623,50
0.827724823728204,100,100,100,100,100,1,5623,50
0.555061102611944,100,100,100,100,100,1,5623,50
0.0849174484610558,100,100,100,100,100,1,5623,50
0.817747782450169,100,100,100,100,100,1,5623,50
0.996137374779209,100,100,100,100,100,1,5623,50
0.757640635827556,100,100,100,100,100,1,5623,50
0.719747584080324,100,100,100,100,100,1,5623,50
0.353650139411911,100,100,100,100,100,1,5623,50
0.423727761022747,100,100,100,100,100,1,5623,50
0.109624813543633,100,100,100,100,100,1,5623,50
0.083122479962185,100,100,100,100,100,1,5623,50
0.00573417311534286,100,100,100,100,100,1,5623,50
0.132292497437447,100,100,100,100,100,1,5623,50
0.0419197494629771,100,100,100,100,100,1,5623,50
0.421409833244979,100,100,100,100,100,1,5623,50
0.431975118583068,100,100,100,100,100,1,5623,50
0.745487779378891,100,100,100,100,100,1,5623,50
0.963943117531016,100,100,100,100,100,1,5623,50
0.35887608374469,100,100,100,100,100,1,5623,50
0.773285353556275,100,100,100,100,100,1,5623,50
0.144805493531749,100,100,100,100,100,1,5623,50
0.552861273521557,100,100,100,100,100,1,5623,50
0.611951975850388,100,100,100,100,100,1,5623,50
5e-04,100,100,100,100.0005,100.0005,1,5623,50
0.71531293913722,100,100,100,100,100,1,5623,50
0.0957486950792372,100,100,100,100,100,1,5623,50
0.116445950930938,100,100,100,100,100,1,5623,50
0.576784864999354,100,100,100,100,100,1,5623,50
0.218174221692607,100,100,100,100,100,1,5623,50
