"p","truediv","chaoest","obsD","upper","lower","l","inds","reps"
0.309672241099179,200,200,200,200,200,1,31623,50
0.002,200,200,200,200.002,200.002,1,31623,50
0.291529954876751,200,200,200,200,200,1,31623,50
5e-04,200,200,200,200.0005,200.0005,1,31623,50
0.314974787645042,200,200,200,200,200,1,31623,50
0.125621674815193,200,200,200,200,200,1,31623,50
0.159759492846206,200,200,200,200,200,1,31623,50
0.148485383018851,200,200,200,200,200,1,31623,50
0.0015,200,200,200,200.0015,200.0015,1,31623,50
0.873940624063835,200,200,200,200,200,1,31623,50
0.23445963463746,200,200,200,200,200,1,31623,50
0.403811158845201,200,200,200,200,200,1,31623,50
0.768664648989215,200,200,200,200,200,1,31623,50
0.149449022952467,200,200,200,200,200,1,31623,50
5e-04,200,200,200,200.0005,200.0005,1,31623,50
0.0383579267654568,200,200,200,200,200,1,31623,50
0.0195,200,200,200,200.0195,200.0195,1,31623,50
0.538730945903808,200,200,200,200,200,1,31623,50
0.321684620110318,200,200,200,200,200,1,31623,50
5e-04,200,200,200,200.0005,200.0005,1,31623,50
0.930577068123966,200,200,200,200,200,1,31623,50
0.769200011622161,200,200,200,200,200,1,31623,50
0.512685771333054,200,200,200,200,200,1,31623,50
5e-04,200,200,200,200.0005,200.0005,1,31623,50
5e-04,200,200,200,200.0005,200.0005,1,31623,50
0.512342387344688,200,200,200,200,200,1,31623,50
0.578934997320175,200,200,200,200,200,1,31623,50
0.790550842648372,200,200,200,200,200,1,31623,50
0.007,200,200,200,200.007,200.007,1,31623,50
0.914863157318905,200,200,200,200,200,1,31623,50
0.0629190097097307,200,200,200,200,200,1,31623,50
0.0035,200,200,200,200.0035,200.0035,1,31623,50
0.288346789311618,200,200,200,200,200,1,31623,50
5e-04,200,200,200,200.0005,200.0005,1,31623,50
0.0035,200,200,200,200.0035,200.0035,1,31623,50
0.001,200,200,200,200.000500015811,200.000500015811,1,31623,50
0.571794105693698,200,200,200,200,200,1,31623,50
0.018,200,200,200,200.018,200.018,1,31623,50
0.006,200,200,200,200.006,200.006,1,31623,50
0.847644911846146,200,200,200,200,200,1,31623,50
0.249256900977343,200,200,200,200,200,1,31623,50
0.0025,200,200,200,200.0025,200.0025,1,31623,50
0.96974596963264,200,200,200,200,200,1,31623,50
0.836165294284001,200,200,200,200,200,1,31623,50
0.0632405134383589,200,200,200,200,200,1,31623,50
0.001,200,200,200,200.001,200.001,1,31623,50
0.784737868001685,200,200,200,200,200,1,31623,50
0.523485399316996,200,200,200,200,200,1,31623,50
0.0015,200,200,200,200.0015,200.0015,1,31623,50
0.239983011269942,200,200,200,200,200,1,31623,50
