"p","truediv","chaoest","obsD","upper","lower","l","inds","reps"
5e-04,200,200,200,200.0005,200.0005,1,31623,50
0.594756923848763,200,200,200,200,200,1,31623,50
0.364184316946194,200,200,200,200,200,1,31623,50
5e-04,200,200,200,200.0005,200.0005,1,31623,50
0.0075,200,200,200,200.0075,200.0075,1,31623,50
0.536616271128878,200,200,200,200,200,1,31623,50
0.516120692016557,200,200,200,200,200,1,31623,50
0.0956727163866162,200,200,200,200,200,1,31623,50
0.006,200,200,200,200.006,200.006,1,31623,50
0.974384937668219,200,200,200,200,200,1,31623,50
0.76058804942295,200,200,200,200,200,1,31623,50
0.810717202723026,200,200,200,200,200,1,31623,50
0.817169252317399,200,200,200,200,200,1,31623,50
0.0211053118109703,200,200,200,200,200,1,31623,50
0.0933107857126743,200,200,200,200,200,1,31623,50
0.15750576602295,200,200,200,200,200,1,31623,50
0.595355099532753,200,200,200,200,200,1,31623,50
0.825646598357707,200,200,200,200,200,1,31623,50
0.006,200,200,200,200.006,200.006,1,31623,50
5e-04,200,200,200,200.0005,200.0005,1,31623,50
5e-04,200,200,200,200.0005,200.0005,1,31623,50
0.30505469138734,200,200,200,200,200,1,31623,50
0.298241392243654,200,200,200,200,200,1,31623,50
0.596792818512768,200,200,200,200,200,1,31623,50
0.003,200,200,200,200.003,200.003,1,31623,50
0.0454963874071836,200,200,200,200,200,1,31623,50
0.682063358603045,200,200,200,200,200,1,31623,50
0.65466099162586,200,200,200,200,200,1,31623,50
0.674951280467212,200,200,200,200,200,1,31623,50
0.0247797372285277,200,200,200,200,200,1,31623,50
5e-04,200,200,200,200.0005,200.0005,1,31623,50
0.001,200,200,200,200.001,200.001,1,31623,50
0.002,200,200,200,200.002,200.002,1,31623,50
0.31480305083096,200,200,200,200,200,1,31623,50
0.00187652837485075,200,200,200,200,200,1,31623,50
5e-04,200,200,200,200.0005,200.0005,1,31623,50
0.0015,200,200,200,200.0015,200.0015,1,31623,50
0.546285591786727,200,200,200,200,200,1,31623,50
0.677172866882756,200,200,200,200,200,1,31623,50
0.004,200,200,200,200.004,200.004,1,31623,50
0.0025,200,200,200,200.0025,200.0025,1,31623,50
0.0205,200,200,200,200.0205,200.0205,1,31623,50
5e-04,200,200,200,200.0005,200.0005,1,31623,50
0.440767717314884,200,200,200,200,200,1,31623,50
0.001,200,200,200,200.001,200.001,1,31623,50
5e-04,200,200,200,200.000250007906,200.000250007906,1,31623,50
0.189660404343158,200,200,200,200,200,1,31623,50
0.651353670749813,200,200,200,200,200,1,31623,50
0.79366920911707,200,200,200,200,200,1,31623,50
0.579875463619828,200,200,200,200,200,1,31623,50
