"p","truediv","chaoest","obsD","upper","lower","l","inds","reps"
5e-04,200,200,200,200.0005,200.0005,1,31623,50
0.327391132013872,200,200,200,200,200,1,31623,50
0.0015,200,200,200,200.0015,200.0015,1,31623,50
0.136275850236416,200,200,200,200,200,1,31623,50
5e-04,200,200,200,200.0005,200.0005,1,31623,50
5e-04,200,200,200,200.0005,200.0005,1,31623,50
0.0025,200,200,200,200.0025,200.0025,1,31623,50
0.504216264234856,200,200,200,200,200,1,31623,50
0.184844027040526,200,200,200,200,200,1,31623,50
0.588549877516925,200,200,200,200,200,1,31623,50
0.002,200,200,200,200.002,200.002,1,31623,50
5e-04,200,200,200,200.0005,200.0005,1,31623,50
0.871467310003936,200,200,200,200,200,1,31623,50
0.0035,200,200,200,200.002750023717,200.002750023717,1,31623,50
0.003,200,200,200,200.003,200.003,1,31623,50
0.002,200,200,200,200.002,200.002,1,31623,50
0.26097059994936,200,200,200,200,200,1,31623,50
0.611833795206621,200,200,200,200,200,1,31623,50
0.0958353136666119,200,200,200,200,200,1,31623,50
0.551598162157461,200,200,200,200,200,1,31623,50
0.001,200,200,200,200.001,200.001,1,31623,50
0.0015,200,200,200,200.0015,200.0015,1,31623,50
0.444200680358335,200,200,200,200,200,1,31623,50
0.908052427694201,200,200,200,200,200,1,31623,50
0.34888636530377,200,200,200,200,200,1,31623,50
0.0035,200,200,200,200.003250007906,200.003250007906,1,31623,50
0.523553048027679,200,200,200,200,200,1,31623,50
0.0025,200,200,200,200.0025,200.0025,1,31623,50
0.317579076858237,200,200,200,200,200,1,31623,50
5e-04,200,200,200,200.0005,200.0005,1,31623,50
0.685764923226088,200,200,200,200,200,1,31623,50
0.244132739724591,200,200,200,200,200,1,31623,50
0.0271911497693509,200,200,200,200,200,1,31623,50
5e-04,200,200,200,200.0005,200.0005,1,31623,50
0.202849918510765,200,200,200,200,200,1,31623,50
5e-04,200,200,200,200.0005,200.0005,1,31623,50
0.031316873151809,200,200,200,200,200,1,31623,50
0.144426508573815,200,200,200,200,200,1,31623,50
0.72454177425243,200,200,200,200,200,1,31623,50
0.005,200,200,200,200.005,200.005,1,31623,50
0.255181604996324,200,200,200,200,200,1,31623,50
0.717863866826519,200,200,200,200,200,1,31623,50
0.0422822826076299,200,200,200,200,200,1,31623,50
0.0025,200,200,200,200.0025,200.0025,1,31623,50
5e-04,200,200,200,200.0005,200.0005,1,31623,50
0.0311624309979379,200,200,200,200,200,1,31623,50
0.904682994354516,200,200,200,200,200,1,31623,50
5e-04,200,200,200,200.0005,200.0005,1,31623,50
0.305561964632943,200,200,200,200,200,1,31623,50
0.001,200,200,200,200.001,200.001,1,31623,50
