"p","truediv","chaoest","obsD","upper","lower","l","inds","reps"
0.001,200,200,200,200.001,200.001,1,10000,50
0.0933669256046414,200,200,200,200,200,1,10000,50
0.835154710104689,200,200,200,200,200,1,10000,50
0.284434905042872,200,200,200,200,200,1,10000,50
0.461190764559433,200,200,200,200,200,1,10000,50
5e-04,200,200,200,200.0005,200.0005,1,10000,50
0.681862550321966,200,200,200,200,200,1,10000,50
0.159719856688753,200,200,200,200,200,1,10000,50
5e-04,200,200,200,200.0005,200.0005,1,10000,50
0.189968951744959,200,200,200,200,200,1,10000,50
0.00172793725505471,200,200,200,200,200,1,10000,50
0.150473016314209,200,200,200,200,200,1,10000,50
0.019162415061146,200,200,200,200,200,1,10000,50
0.175228525418788,200,200,200,200,200,1,10000,50
0.921838963637128,200,200,200,200,200,1,10000,50
0.449624387547374,200,200,200,200,200,1,10000,50
0.546191604807973,200,200,200,200,200,1,10000,50
5e-04,200,200,200,200.0005,200.0005,1,10000,50
0.80256753298454,200,200,200,200,200,1,10000,50
0.405117334099486,200,200,200,200,200,1,10000,50
0.108613171149045,200,200,200,200,200,1,10000,50
0.763263862580061,200,200,200,200,200,1,10000,50
0.504133903421462,200,200,200,200,200,1,10000,50
0.157877608668059,200,200,200,200,200,1,10000,50
0.277445077896118,200,200,200,200,200,1,10000,50
0.606269183102995,200,200,200,200,200,1,10000,50
0.871356484247372,200,200,200,200,200,1,10000,50
0.0199411420617253,200,200,200,200,200,1,10000,50
0.490539943566546,200,200,200,200,200,1,10000,50
0.373226396040991,200,200,200,200,200,1,10000,50
0.234318391419947,200,200,200,200,200,1,10000,50
0.038983360864222,200,200,200,200,200,1,10000,50
0.508056616643444,200,200,200,200,200,1,10000,50
0.411858815466985,200,200,200,200,200,1,10000,50
0.281532906461507,200,200,200,200,200,1,10000,50
0.696631247643381,200,200,200,200,200,1,10000,50
0.48749342886731,200,200,200,200,200,1,10000,50
0.81222733692266,200,200,200,200,200,1,10000,50
0.455061146523803,200,200,200,200,200,1,10000,50
5e-04,200,200,200,200.0005,200.0005,1,10000,50
0.519877035170794,200,200,200,200,200,1,10000,50
5e-04,200,200,200,200.0005,200.0005,1,10000,50
0.340163043932989,200,200,200,200,200,1,10000,50
0.75810624519363,200,200,200,200,200,1,10000,50
0.906593528809026,200,200,200,200,200,1,10000,50
0.333619371056557,200,200,200,200,200,1,10000,50
5e-04,200,200,200,200.0005,200.0005,1,10000,50
0.001,200,200,200,200.001,200.001,1,10000,50
0.702641158830374,200,200,200,200,200,1,10000,50
0.997085661627352,200,200,200,200,200,1,10000,50
