"p","truediv","chaoest","obsD","upper","lower","l","inds","reps"
0.304182341322303,200,200,200,200,200,1,31623,50
5e-04,200,200,200,200.0005,200.0005,1,31623,50
0.219037462724373,200,200,200,200,200,1,31623,50
5e-04,200,200,200,200.0005,200.0005,1,31623,50
0.795470795361325,200,200,200,200,200,1,31623,50
0.983690427849069,200,200,200,200,200,1,31623,50
0.001,200,200,200,200.001,200.001,1,31623,50
0.0015,200,200,200,200.0015,200.0015,1,31623,50
0.618021023692563,200,200,200,200,200,1,31623,50
0.71159623679705,200,200,200,200,200,1,31623,50
0.0688280421309173,200,200,200,200,200,1,31623,50
0.001,200,200,200,200.001,200.001,1,31623,50
0.221481160027906,200,200,200,200,200,1,31623,50
5e-04,200,200,200,200.0005,200.0005,1,31623,50
0.0035,200,200,200,200.003250007906,200.003250007906,1,31623,50
0.295376112218946,200,200,200,200,200,1,31623,50
0.0035,200,200,200,200.0035,200.0035,1,31623,50
0.0065,200,200,200,200.0065,200.0065,1,31623,50
0.001,200,200,200,200.001,200.001,1,31623,50
0.0025,200,200,200,200.0025,200.0025,1,31623,50
0.258407469606027,200,200,200,200,200,1,31623,50
0.0035,200,200,200,200.0035,200.0035,1,31623,50
0.246431339532137,200,200,200,200,200,1,31623,50
0.490439197979867,200,200,200,200,200,1,31623,50
5e-04,200,200,200,200.0005,200.0005,1,31623,50
0.696621428942308,200,200,200,200,200,1,31623,50
5e-04,200,200,200,200.0005,200.0005,1,31623,50
0.0015,200,200,200,200.001000015811,200.001000015811,1,31623,50
5e-04,200,200,200,200.0005,200.0005,1,31623,50
0.0095,200,200,200,200.0095,200.0095,1,31623,50
0.002,200,200,200,200.002,200.002,1,31623,50
0.504501228453591,200,200,200,200,200,1,31623,50
0.169453702867031,200,200,200,200,200,1,31623,50
0.003,200,200,200,200.003,200.003,1,31623,50
0.10555610829033,200,200,200,200,200,1,31623,50
0.219096238259226,200,200,200,200,200,1,31623,50
0.221668907674029,200,200,200,200,200,1,31623,50
0.87695136689581,200,200,200,200,200,1,31623,50
0.015,200,200,200,200.015,200.015,1,31623,50
0.001,200,200,200,200.001,200.001,1,31623,50
0.813601200701669,200,200,200,200,200,1,31623,50
0.629684975137934,200,200,200,200,200,1,31623,50
5e-04,200,200,200,200.0005,200.0005,1,31623,50
0.259193376870826,200,200,200,200,200,1,31623,50
0.02,200,200,200,200.02,200.02,1,31623,50
0.882437036605552,200,200,200,200,200,1,31623,50
0.006,200,200,200,200.006,200.006,1,31623,50
0.002,200,200,200,200.002,200.002,1,31623,50
0.001,200,200,200,200.001,200.001,1,31623,50
0.344083034666255,200,200,200,200,200,1,31623,50
