"p","truediv","chaoest","obsD","upper","lower","l","inds","reps"
5e-04,200,200,200,200.0005,200.0005,1,31623,50
0.801139618037269,200,200,200,200,200,1,31623,50
0.0065,200,200,200,200.0065,200.0065,1,31623,50
0.968211362371221,200,200,200,200,200,1,31623,50
0.974514404311776,200,200,200,200,200,1,31623,50
0.976892600068823,200,200,200,200,200,1,31623,50
5e-04,200,200,200,200.0005,200.0005,1,31623,50
0.550566079327837,200,200,200,200,200,1,31623,50
0.940063546178862,200,200,200,200,200,1,31623,50
0.602878869045526,200,200,200,200,200,1,31623,50
0.0025,200,200,200,200.0025,200.0025,1,31623,50
0.018,200,200,200,200.018,200.018,1,31623,50
0.0356452688574791,200,200,200,200,200,1,31623,50
0.725074025802314,200,200,200,200,200,1,31623,50
0.194212513510138,200,200,200,200,200,1,31623,50
0.940508672501892,200,200,200,200,200,1,31623,50
0.001,200,200,200,200.001,200.001,1,31623,50
0.777132747927681,200,200,200,200,200,1,31623,50
0.583243010798469,200,200,200,200,200,1,31623,50
0.365235004108399,200,200,200,200,200,1,31623,50
0.98011618014425,200,200,200,200,200,1,31623,50
0.0205,200,200,200,200.020250007906,200.020250007906,1,31623,50
0.001,200,200,200,200.001,200.001,1,31623,50
5e-04,200,200,200,200.0005,200.0005,1,31623,50
5e-04,200,200,200,200.0005,200.0005,1,31623,50
5e-04,200,200,200,200.0005,200.0005,1,31623,50
0.894863636931404,200,200,200,200,200,1,31623,50
0.348255730932578,200,200,200,200,200,1,31623,50
0.291867818916216,200,200,200,200,200,1,31623,50
0.32804723479785,200,200,200,200,200,1,31623,50
0.003,200,200,200,200.003,200.003,1,31623,50
5e-04,200,200,200,200.0005,200.0005,1,31623,50
5e-04,200,200,200,200.0005,200.0005,1,31623,50
0.0015,200,200,200,200.0015,200.0015,1,31623,50
5e-04,200,200,200,200.0005,200.0005,1,31623,50
0.003,200,200,200,200.003,200.003,1,31623,50
5e-04,200,200,200,200.0005,200.0005,1,31623,50
0.003,200,200,200,200.003,200.003,1,31623,50
0.0025,200,200,200,200.0025,200.0025,1,31623,50
0.860206942306831,200,200,200,200,200,1,31623,50
0.0025,200,200,200,200.002250007906,200.002250007906,1,31623,50
0.601945908972993,200,200,200,200,200,1,31623,50
0.431395435007289,200,200,200,200,200,1,31623,50
0.002,200,200,200,200.002,200.002,1,31623,50
0.462177096866071,200,200,200,200,200,1,31623,50
5e-04,200,200,200,200.0005,200.0005,1,31623,50
0.213352507678792,200,200,200,200,200,1,31623,50
0.685819381382316,200,200,200,200,200,1,31623,50
0.0055,200,200,200,200.0055,200.0055,1,31623,50
0.0015,200,200,200,200.0015,200.0015,1,31623,50
