"p","truediv","chaoest","obsD","upper","lower","l","inds","reps"
0.108665423933417,200,200,200,200,200,1,31623,50
0.0015,200,200,200,200.0015,200.0015,1,31623,50
0.001,200,200,200,200.001,200.001,1,31623,50
0.906100632157177,200,200,200,200,200,1,31623,50
0.001,200,200,200,200.001,200.001,1,31623,50
5e-04,200,200,200,200.0005,200.0005,1,31623,50
0.0025,200,200,200,200.0025,200.0025,1,31623,50
0.001,200,200,200,200.001,200.001,1,31623,50
0.005,200,200,200,200.004500015811,200.004500015811,1,31623,50
0.653641852550209,200,200,200,200,200,1,31623,50
0.0065,200,200,200,200.0065,200.0065,1,31623,50
0.915044779190794,200,200,200,200,200,1,31623,50
0.007,200,200,200,200.007,200.007,1,31623,50
0.960443030809984,200,200,200,200,200,1,31623,50
5e-04,200,200,200,200.0005,200.0005,1,31623,50
0.867532766191289,200,200,200,200,200,1,31623,50
0.381834230385721,200,200,200,200,200,1,31623,50
0.003,200,200,200,200.003,200.003,1,31623,50
0.001,200,200,200,200.001,200.001,1,31623,50
0.972477473318577,200,200,200,200,200,1,31623,50
0.0765784860122949,200,200,200,200,200,1,31623,50
0.036,200,200,200,200.516234844891,199.016250656168,1,31623,50
0.844946460099891,200,200,200,200,200,1,31623,50
0.533924878342077,200,200,200,200,200,1,31623,50
0.823509284760803,200,200,200,200,200,1,31623,50
0.0124742300249636,200,200,200,200,200,1,31623,50
0.001,200,200,200,200.001,200.001,1,31623,50
0.541523780440912,200,200,200,200,200,1,31623,50
0.001,200,200,200,200.001,200.001,1,31623,50
0.796699108323082,200,200,200,200,200,1,31623,50
0.0075,200,200,200,200.0075,200.0075,1,31623,50
0.200618535280228,200,200,200,200,200,1,31623,50
0.893312147120014,200,200,200,200,200,1,31623,50
0.001,200,200,200,200.001,200.001,1,31623,50
0.445617331424728,200,200,200,200,200,1,31623,50
0.592028215061873,200,200,200,200,200,1,31623,50
0.472450697096065,200,200,200,200,200,1,31623,50
0.001,200,200,200,200.001,200.001,1,31623,50
5e-04,200,200,200,200.0005,200.0005,1,31623,50
0.938819567440078,200,200,200,200,200,1,31623,50
0.004,200,200,200,200.004,200.004,1,31623,50
0.0109046285506338,200,200,200,200,200,1,31623,50
5e-04,200,200,200,200.0005,200.0005,1,31623,50
0.713978091953322,200,200,200,200,200,1,31623,50
0.285256549483165,200,200,200,200,200,1,31623,50
5e-04,200,200,200,200.0005,200.0005,1,31623,50
0.94546945230104,200,200,200,200,200,1,31623,50
0.0095,200,200,200,200.0095,200.0095,1,31623,50
5e-04,200,200,200,200.0005,200.0005,1,31623,50
0.930841407505795,200,200,200,200,200,1,31623,50
