"p","truediv","chaoest","obsD","upper","lower","l","inds","reps"
5e-04,200,200,200,200.0005,200.0005,1,31623,50
0.452532906783745,200,200,200,200,200,1,31623,50
0.922305011423305,200,200,200,200,200,1,31623,50
5e-04,200,200,200,200.0005,200.0005,1,31623,50
0.174090766580775,200,200,200,200,200,1,31623,50
0.0025,200,200,200,200.0025,200.0025,1,31623,50
0.411944976774976,200,200,200,200,200,1,31623,50
5e-04,200,200,200,200.0005,200.0005,1,31623,50
0.412871541222557,200,200,200,200,200,1,31623,50
0.65379281505011,200,200,200,200,200,1,31623,50
0.78378856764175,200,200,200,200,200,1,31623,50
0.262825048528612,200,200,200,200,200,1,31623,50
0.820770955178887,200,200,200,200,200,1,31623,50
0.589487513760105,200,200,200,200,200,1,31623,50
0.790531563572586,200,200,200,200,200,1,31623,50
5e-04,200,200,200,200.0005,200.0005,1,31623,50
0.687854525633156,200,200,200,200,200,1,31623,50
0.844336189096794,200,200,200,200,200,1,31623,50
0.002,200,200,200,200.002,200.002,1,31623,50
0.823711561970413,200,200,200,200,200,1,31623,50
0.911177575588226,200,200,200,200,200,1,31623,50
0.259488348150626,200,200,200,200,200,1,31623,50
0.001,200,200,200,200.001,200.001,1,31623,50
0.002,200,200,200,200.002,200.002,1,31623,50
0.667728345841169,200,200,200,200,200,1,31623,50
5e-04,200,200,200,200.0005,200.0005,1,31623,50
0.269982614787295,200,200,200,200,200,1,31623,50
0.742416301043704,200,200,200,200,200,1,31623,50
0.168294429313391,200,200,200,200,200,1,31623,50
0.853123735869303,200,200,200,200,200,1,31623,50
5e-04,200,200,200,200.0005,200.0005,1,31623,50
0.135765915969387,200,200,200,200,200,1,31623,50
0.0015,200,200,200,200.0015,200.0015,1,31623,50
0.899281670805067,200,200,200,200,200,1,31623,50
0.02,200,200,200,200.02,200.02,1,31623,50
0.605142130283639,200,200,200,200,200,1,31623,50
0.001,200,200,200,200.001,200.001,1,31623,50
0.763430124381557,200,200,200,200,200,1,31623,50
0.046,200,200,200,200.046,199.046,1,31623,50
0.154221027623862,200,200,200,200,200,1,31623,50
0.0015,200,200,200,200.0015,200.0015,1,31623,50
0.428876155056059,200,200,200,200,200,1,31623,50
0.241650371579453,200,200,200,200,200,1,31623,50
5e-04,200,200,200,200.0005,200.0005,1,31623,50
0.558740548091009,200,200,200,200,200,1,31623,50
5e-04,200,200,200,200.0005,200.0005,1,31623,50
0.704024734441191,200,200,200,200,200,1,31623,50
0.371949778171256,200,200,200,200,200,1,31623,50
0.883514603134245,200,200,200,200,200,1,31623,50
0.194891649996862,200,200,200,200,200,1,31623,50
