"p","truediv","chaoest","obsD","upper","lower","l","inds","reps"
0.463346474105492,200,200,200,200,200,1,10000,50
0.914343437645584,200,200,200,200,200,1,10000,50
0.366253515472636,200,200,200,200,200,1,10000,50
0.225910326465964,200,200,200,200,200,1,10000,50
0.032292986754328,200,200,200,200,200,1,10000,50
0.745355195598677,200,200,200,200,200,1,10000,50
0.851824869168922,200,200,200,200,200,1,10000,50
0.327657175948843,200,200,200,200,200,1,10000,50
0.196182165993378,200,200,200,200,200,1,10000,50
0.151924426201731,200,200,200,200,200,1,10000,50
0.19790559541434,200,200,200,200,200,1,10000,50
0.251252675428987,200,200,200,200,200,1,10000,50
0.001,200,200,200,200.001,200.001,1,10000,50
0.136322355130687,200,200,200,200,200,1,10000,50
0.601523698540404,200,200,200,200,200,1,10000,50
0.388110236963257,200,200,200,200,200,1,10000,50
0.301326787099242,200,200,200,200,200,1,10000,50
0.446071320446208,200,200,200,200,200,1,10000,50
5e-04,200,200,200,200.0005,200.0005,1,10000,50
0.546263405354694,200,200,200,200,200,1,10000,50
0.353588258847594,200,200,200,200,200,1,10000,50
0.470588455442339,200,200,200,200,200,1,10000,50
0.533206913853064,200,200,200,200,200,1,10000,50
0.847424743231386,200,200,200,200,200,1,10000,50
0.132441967492923,200,200,200,200,200,1,10000,50
0.913247756659985,200,200,200,200,200,1,10000,50
0.296782832359895,200,200,200,200,200,1,10000,50
0.431631305022165,200,200,200,200,200,1,10000,50
0.221074699889868,200,200,200,200,200,1,10000,50
0.43997028330341,200,200,200,200,200,1,10000,50
0.944331829203293,200,200,200,200,200,1,10000,50
0.310758389998227,200,200,200,200,200,1,10000,50
0.66934306290932,200,200,200,200,200,1,10000,50
0.253539494937286,200,200,200,200,200,1,10000,50
0.762936613988131,200,200,200,200,200,1,10000,50
0.154126171022654,200,200,200,200,200,1,10000,50
0.5777331602294,200,200,200,200,200,1,10000,50
0.819081213558093,200,200,200,200,200,1,10000,50
0.445912041002885,200,200,200,200,200,1,10000,50
0.458915455965325,200,200,200,200,200,1,10000,50
0.426625746535137,200,200,200,200,200,1,10000,50
0.572288675699383,200,200,200,200,200,1,10000,50
0.247808130457997,200,200,200,200,200,1,10000,50
0.0303081555757672,200,200,200,200,200,1,10000,50
5e-04,200,200,200,200.0005,200.0005,1,10000,50
0.001,200,200,200,200.001,200.001,1,10000,50
0.696381489280611,200,200,200,200,200,1,10000,50
0.431942514376715,200,200,200,200,200,1,10000,50
0.405719242757186,200,200,200,200,200,1,10000,50
0.533407598268241,200,200,200,200,200,1,10000,50
