"p","truediv","chaoest","obsD","upper","lower","l","inds","reps"
0.911851216806099,200,200,200,200,200,1,31623,50
0.0736123463138938,200,200,200,200,200,1,31623,50
0.002,200,200,200,200.002,200.002,1,31623,50
5e-04,200,200,200,200.0005,200.0005,1,31623,50
0.704022910213098,200,200,200,200,200,1,31623,50
0.004,200,200,200,200.003500015811,200.003500015811,1,31623,50
0.626244480954483,200,200,200,200,200,1,31623,50
0.888049760367721,200,200,200,200,200,1,31623,50
5e-04,200,200,200,200.0005,200.0005,1,31623,50
0.053,200,200,200,200.053,199.053,1,31623,50
0.841815025312826,200,200,200,200,200,1,31623,50
0.0866477615199983,200,200,200,200,200,1,31623,50
0.001,200,200,200,200.001,200.001,1,31623,50
0.0015,200,200,200,200.0015,200.0015,1,31623,50
0.273755650268868,200,200,200,200,200,1,31623,50
0.016,200,200,200,200.016,200.016,1,31623,50
0.298301356844604,200,200,200,200,200,1,31623,50
0.001,200,200,200,200.001,200.001,1,31623,50
0.302169200964272,200,200,200,200,200,1,31623,50
0.791970147984102,200,200,200,200,200,1,31623,50
5e-04,200,200,200,200.0005,200.0005,1,31623,50
0.605910493060946,200,200,200,200,200,1,31623,50
0.880372727755457,200,200,200,200,200,1,31623,50
0.951842868700624,200,200,200,200,200,1,31623,50
0.003,200,200,200,200.003,200.003,1,31623,50
0.0025,200,200,200,200.0025,200.0025,1,31623,50
0.0025,200,200,200,200.0025,200.0025,1,31623,50
5e-04,200,200,200,200.0005,200.0005,1,31623,50
0.299277438782156,200,200,200,200,200,1,31623,50
0.266153565840796,200,200,200,200,200,1,31623,50
0.540490938350558,200,200,200,200,200,1,31623,50
0.00287989713251591,200,200,200,200,200,1,31623,50
0.001,200,200,200,200.001,200.001,1,31623,50
0.610106859821826,200,200,200,200,200,1,31623,50
0.001,200,200,200,200.001,200.001,1,31623,50
0.013,200,200,200,200.012250023717,200.012250023717,1,31623,50
0.359447196125984,200,200,200,200,200,1,31623,50
0.58438048325479,200,200,200,200,200,1,31623,50
5e-04,200,200,200,200.0005,200.0005,1,31623,50
0.018,200,200,200,200.018,200.018,1,31623,50
0.388586485292763,200,200,200,200,200,1,31623,50
0.426905828528106,200,200,200,200,200,1,31623,50
0.633299509296194,200,200,200,200,200,1,31623,50
0.001,200,200,200,200.001,200.001,1,31623,50
0.298920490546152,200,200,200,200,200,1,31623,50
0.914714536163956,200,200,200,200,200,1,31623,50
0.613439151784405,200,200,200,200,200,1,31623,50
0.189037361880764,200,200,200,200,200,1,31623,50
0.001,200,200,200,200.001,200.001,1,31623,50
5e-04,200,200,200,200.0005,200.0005,1,31623,50
