"p","truediv","chaoest","obsD","upper","lower","l","inds","reps"
0.592718744883314,200,200,200,200,200,1,31623,50
0.552544527221471,200,200,200,200,200,1,31623,50
0.188187004299834,200,200,200,200,200,1,31623,50
0.004,200,200,200,200.004,200.004,1,31623,50
0.496587555157021,200,200,200,200,200,1,31623,50
0.001,200,200,200,200.001,200.001,1,31623,50
5e-04,200,200,200,200.0005,200.0005,1,31623,50
0.180235935840756,200,200,200,200,200,1,31623,50
0.490727146854624,200,200,200,200,200,1,31623,50
0.526020216057077,200,200,200,200,200,1,31623,50
5e-04,200,200,200,200.0005,200.0005,1,31623,50
0.0075,200,200,200,200.0075,200.0075,1,31623,50
0.457815008005127,200,200,200,200,200,1,31623,50
0.235991032095626,200,200,200,200,200,1,31623,50
5e-04,200,200,200,200.0005,200.0005,1,31623,50
0.19027948868461,200,200,200,200,200,1,31623,50
0.531259375624359,200,200,200,200,200,1,31623,50
0.001,200,200,200,200.001,200.001,1,31623,50
0.37505119969137,200,200,200,200,200,1,31623,50
0.0323718909639865,200,200,200,200,200,1,31623,50
0.548926333896816,200,200,200,200,200,1,31623,50
0.443885131040588,200,200,200,200,200,1,31623,50
0.167106154374778,200,200,200,200,200,1,31623,50
0.0175,200,200,200,200.0175,200.0175,1,31623,50
5e-04,200,200,200,200.0005,200.0005,1,31623,50
0.826928658876568,200,200,200,200,200,1,31623,50
0.001,200,200,200,200.001,200.001,1,31623,50
0.309420030098408,200,200,200,200,200,1,31623,50
0.54608290665783,200,200,200,200,200,1,31623,50
0.537856200709939,200,200,200,200,200,1,31623,50
0.370943645713851,200,200,200,200,200,1,31623,50
5e-04,200,200,200,200.0005,200.0005,1,31623,50
0.231699886266142,200,200,200,200,200,1,31623,50
0.156515192938969,200,200,200,200,200,1,31623,50
0.0472243577241898,200,200,200,200,200,1,31623,50
5e-04,200,200,200,200.0005,200.0005,1,31623,50
0.002,200,200,200,200.002,200.002,1,31623,50
0.0616347119212151,200,200,200,200,200,1,31623,50
0.891222391277552,200,200,200,200,200,1,31623,50
0.291356917936355,200,200,200,200,200,1,31623,50
0.0344878062605858,200,200,200,200,200,1,31623,50
5e-04,200,200,200,200.0005,200.0005,1,31623,50
0.493870618985966,200,200,200,200,200,1,31623,50
0.0025,200,200,200,200.002000015811,200.002000015811,1,31623,50
5e-04,200,200,200,200.0005,200.0005,1,31623,50
0.02,200,200,200,200.02,200.02,1,31623,50
0.811696943128482,200,200,200,200,200,1,31623,50
0.001,200,200,200,200.001,200.001,1,31623,50
0.219949655933306,200,200,200,200,200,1,31623,50
0.17106747510843,200,200,200,200,200,1,31623,50
