"p","truediv","chaoest","obsD","upper","lower","l","inds","reps"
0.488585401326418,200,200,200,200,200,1,31623,50
0.002,200,200,200,200.002,200.002,1,31623,50
0.354247081791982,200,200,200,200,200,1,31623,50
0.799888741923496,200,200,200,200,200,1,31623,50
0.365427717799321,200,200,200,200,200,1,31623,50
0.580638932995498,200,200,200,200,200,1,31623,50
0.827700233319774,200,200,200,200,200,1,31623,50
0.0555,200,200,200,200.054250039528,199.054250039528,1,31623,50
5e-04,200,200,200,200.0005,200.0005,1,31623,50
0.187767984345555,200,200,200,200,200,1,31623,50
0.76111197611317,200,200,200,200,200,1,31623,50
0.001,200,200,200,200.001,200.001,1,31623,50
5e-04,200,200,200,200.0005,200.0005,1,31623,50
5e-04,200,200,200,200.0005,200.0005,1,31623,50
0.326153745176271,200,200,200,200,200,1,31623,50
0.019,200,200,200,200.019,200.019,1,31623,50
0.441489427117631,200,200,200,200,200,1,31623,50
0.170867520850152,200,200,200,200,200,1,31623,50
0.0185,200,200,200,200.018250007906,200.018250007906,1,31623,50
0.835655500646681,200,200,200,200,200,1,31623,50
0.0015,200,200,200,200.0015,200.0015,1,31623,50
0.002,200,200,200,200.002,200.002,1,31623,50
0.002,200,200,200,200.002,200.002,1,31623,50
0.138,200,200,200,200.138,199.138,1,31623,50
0.447338738711551,200,200,200,200,200,1,31623,50
0.018,200,200,200,200.018,200.018,1,31623,50
0.512212205445394,200,200,200,200,200,1,31623,50
0.207093069795519,200,200,200,200,200,1,31623,50
0.002,200,200,200,200.002,200.002,1,31623,50
0.001,200,200,200,200.001,200.001,1,31623,50
5e-04,200,200,200,200.0005,200.0005,1,31623,50
0.0132598183117807,200,200,200,200,200,1,31623,50
0.163093833718449,200,200,200,200,200,1,31623,50
0.170949806226417,200,200,200,200,200,1,31623,50
0.504525157622993,200,200,200,200,200,1,31623,50
0.665366174420342,200,200,200,200,200,1,31623,50
0.135452674236149,200,200,200,200,200,1,31623,50
5e-04,200,200,200,200.0005,200.0005,1,31623,50
0.46463760221377,200,200,200,200,200,1,31623,50
0.0035,200,200,200,200.0035,200.0035,1,31623,50
0.783145780442283,200,200,200,200,200,1,31623,50
0.178504594834521,200,200,200,200,200,1,31623,50
0.438081278000027,200,200,200,200,200,1,31623,50
0.541249578818679,200,200,200,200,200,1,31623,50
0.81045364565216,200,200,200,200,200,1,31623,50
0.0015,200,200,200,200.0015,200.0015,1,31623,50
0.291761819971725,200,200,200,200,200,1,31623,50
5e-04,200,200,200,200.0005,200.0005,1,31623,50
5e-04,200,200,200,200.0005,200.0005,1,31623,50
0.480941923800856,200,200,200,200,200,1,31623,50
