"p","truediv","chaoest","obsD","upper","lower","l","inds","reps"
0.945223167305812,200,200,200,200,200,1,10000,50
0.786657207645476,200,200,200,200,200,1,10000,50
0.11710688774474,200,200,200,200,200,1,10000,50
0.226103080669418,200,200,200,200,200,1,10000,50
0.738096649991348,200,200,200,200,200,1,10000,50
5e-04,200,200,200,200.0005,200.0005,1,10000,50
0.359452699543908,200,200,200,200,200,1,10000,50
0.624631701037288,200,200,200,200,200,1,10000,50
0.390509720193222,200,200,200,200,200,1,10000,50
0.908578248228878,200,200,200,200,200,1,10000,50
0.785560696851462,200,200,200,200,200,1,10000,50
0.968300000531599,200,200,200,200,200,1,10000,50
0.519617327721789,200,200,200,200,200,1,10000,50
0.0323158064857125,200,200,200,200,200,1,10000,50
0.135058342712,200,200,200,200,200,1,10000,50
0.300330467289314,200,200,200,200,200,1,10000,50
0.844389549456537,200,200,200,200,200,1,10000,50
0.899774169316515,200,200,200,200,200,1,10000,50
0.45894413581118,200,200,200,200,200,1,10000,50
0.286585966125131,200,200,200,200,200,1,10000,50
0.521072511095554,200,200,200,200,200,1,10000,50
0.206561899278313,200,200,200,200,200,1,10000,50
0.893148673931137,200,200,200,200,200,1,10000,50
0.362143225036561,200,200,200,200,200,1,10000,50
0.355647104326636,200,200,200,200,200,1,10000,50
0.91085275541991,200,200,200,200,200,1,10000,50
0.221718457294628,200,200,200,200,200,1,10000,50
0.681356705958024,200,200,200,200,200,1,10000,50
5e-04,200,200,200,200.0005,200.0005,1,10000,50
0.107942722504959,200,200,200,200,200,1,10000,50
0.0147039238363504,200,200,200,200,200,1,10000,50
5e-04,200,200,200,200.0005,200.0005,1,10000,50
0.959305728552863,200,200,200,200,200,1,10000,50
0.181724092690274,200,200,200,200,200,1,10000,50
0.0961855896748602,200,200,200,200,200,1,10000,50
0.001,200,200,200,200.001,200.001,1,10000,50
0.732414395781234,200,200,200,200,200,1,10000,50
5e-04,200,200,200,200.0005,200.0005,1,10000,50
0.368619706714526,200,200,200,200,200,1,10000,50
0.710911819944158,200,200,200,200,200,1,10000,50
0.16214114963077,200,200,200,200,200,1,10000,50
0.159297879552469,200,200,200,200,200,1,10000,50
0.566086433827877,200,200,200,200,200,1,10000,50
0.809303600341082,200,200,200,200,200,1,10000,50
0.807503511663526,200,200,200,200,200,1,10000,50
0.711814386770129,200,200,200,200,200,1,10000,50
0.431525704218075,200,200,200,200,200,1,10000,50
0.0926677729003131,200,200,200,200,200,1,10000,50
0.773526428034529,200,200,200,200,200,1,10000,50
0.580431020120159,200,200,200,200,200,1,10000,50
