"p","truediv","chaoest","obsD","upper","lower","l","inds","reps"
5e-04,200,200,200,200.0005,200.0005,1,31623,50
0.78197231865488,200,200,200,200,200,1,31623,50
0.002,200,200,200,200.002,200.002,1,31623,50
0.702787313610315,200,200,200,200,200,1,31623,50
0.106981464894488,200,200,200,200,200,1,31623,50
0.338842345401645,200,200,200,200,200,1,31623,50
0.682456942973658,200,200,200,200,200,1,31623,50
5e-04,200,200,200,200.0005,200.0005,1,31623,50
0.480847512837499,200,200,200,200,200,1,31623,50
0.490310022141784,200,200,200,200,200,1,31623,50
5e-04,200,200,200,200.0005,200.0005,1,31623,50
0.001,200,200,200,200.001,200.001,1,31623,50
0.718690391629934,200,200,200,200,200,1,31623,50
0.967671487480402,200,200,200,200,200,1,31623,50
0.002,200,200,200,200.002,200.002,1,31623,50
0.403382244287059,200,200,200,200,200,1,31623,50
0.570973120629787,200,200,200,200,200,1,31623,50
0.231114254333079,200,200,200,200,200,1,31623,50
0.125448499340564,200,200,200,200,200,1,31623,50
0.422221768647432,200,200,200,200,200,1,31623,50
0.0045,200,200,200,200.0045,200.0045,1,31623,50
0.949386694468558,200,200,200,200,200,1,31623,50
0.001,200,200,200,200.001,200.001,1,31623,50
0.171175128780305,200,200,200,200,200,1,31623,50
0.522834291914478,200,200,200,200,200,1,31623,50
0.001,200,200,200,200.001,200.001,1,31623,50
0.954964794451371,200,200,200,200,200,1,31623,50
0.749330862192437,200,200,200,200,200,1,31623,50
0.22186690964736,200,200,200,200,200,1,31623,50
0.008,200,200,200,200.008,200.008,1,31623,50
0.524654159322381,200,200,200,200,200,1,31623,50
5e-04,200,200,200,200.0005,200.0005,1,31623,50
0.228863928467035,200,200,200,200,200,1,31623,50
0.533967690775171,200,200,200,200,200,1,31623,50
0.44840815034695,200,200,200,200,200,1,31623,50
5e-04,200,200,200,200.0005,200.0005,1,31623,50
0.0015,200,200,200,200.0015,200.0015,1,31623,50
0.0045,200,200,200,200.0045,200.0045,1,31623,50
0.447987828869373,200,200,200,200,200,1,31623,50
5e-04,200,200,200,200.0005,200.0005,1,31623,50
0.0025,200,200,200,200.0025,200.0025,1,31623,50
5e-04,200,200,200,200.0005,200.0005,1,31623,50
0.241271555889398,200,200,200,200,200,1,31623,50
0.003,200,200,200,200.002500015811,200.002500015811,1,31623,50
0.0714104985818267,200,200,200,200,200,1,31623,50
0.598958017770201,200,200,200,200,200,1,31623,50
0.0244081930723041,200,200,200,200,200,1,31623,50
0.620752446586266,200,200,200,200,200,1,31623,50
0.001,200,200,200,200.001,200.001,1,31623,50
5e-04,200,200,200,200.0005,200.0005,1,31623,50
