"p","truediv","chaoest","obsD","upper","lower","l","inds","reps"
0.27400261326693,100,100,100,100,100,1,10000,50
0.936799734830856,100,100,100,100,100,1,10000,50
0.001,100,100,100,100.001,100.001,1,10000,50
0.815840577939525,100,100,100,100,100,1,10000,50
0.463866213103756,100,100,100,100,100,1,10000,50
5e-04,100,100,100,100.0005,100.0005,1,10000,50
0.787634364096448,100,100,100,100,100,1,10000,50
5e-04,100,100,100,100.0005,100.0005,1,10000,50
0.00914141605608165,100,100,100,100,100,1,10000,50
0.759267694782466,100,100,100,100,100,1,10000,50
0.608901767758653,100,100,100,100,100,1,10000,50
0.632190369069576,100,100,100,100,100,1,10000,50
0.766453959280625,100,100,100,100,100,1,10000,50
0.0015,100,100,100,100.0015,100.0015,1,10000,50
0.29576097195968,100,100,100,100,100,1,10000,50
5e-04,100,100,100,100.0005,100.0005,1,10000,50
0.0782259160187095,100,100,100,100,100,1,10000,50
0.168444282375276,100,100,100,100,100,1,10000,50
0.004,100,100,100,100.004,100.004,1,10000,50
0.301491359481588,100,100,100,100,100,1,10000,50
0.167291644029319,100,100,100,100,100,1,10000,50
0.00638831872493029,100,100,100,100,100,1,10000,50
0.117028405424207,100,100,100,100,100,1,10000,50
0.254340996965766,100,100,100,100,100,1,10000,50
0.776464174501598,100,100,100,100,100,1,10000,50
0.750826647272334,100,100,100,100,100,1,10000,50
5e-04,100,100,100,100.0005,100.0005,1,10000,50
0.924903875682503,100,100,100,100,100,1,10000,50
0.0075,100,100,100,100.0075,100.0075,1,10000,50
0.367432410595939,100,100,100,100,100,1,10000,50
5e-04,100,100,100,100.0005,100.0005,1,10000,50
0.488368656486273,100,100,100,100,100,1,10000,50
0.0774577797856182,100,100,100,100,100,1,10000,50
0.260607942705974,100,100,100,100,100,1,10000,50
0.283073185710236,100,100,100,100,100,1,10000,50
0.183355703484267,100,100,100,100,100,1,10000,50
0.653906657826155,100,100,100,100,100,1,10000,50
0.003,100,100,100,100.003,100.003,1,10000,50
0.137394446646795,100,100,100,100,100,1,10000,50
0.106719436589628,100,100,100,100,100,1,10000,50
0.0695024852175266,100,100,100,100,100,1,10000,50
0.137182756792754,100,100,100,100,100,1,10000,50
0.330450459383428,100,100,100,100,100,1,10000,50
0.893645014381036,100,100,100,100,100,1,10000,50
0.26391629781574,100,100,100,100,100,1,10000,50
0.987791847903281,100,100,100,100,100,1,10000,50
0.284610901027918,100,100,100,100,100,1,10000,50
0.859695257386193,100,100,100,100,100,1,10000,50
0.348167060175911,100,100,100,100,100,1,10000,50
0.600783242378384,100,100,100,100,100,1,10000,50
