"p","truediv","chaoest","obsD","upper","lower","l","inds","reps"
1,100,99,99,99,99,1,1e+05,50
0.0075,100,100,100,100.0075,100.0075,1,1e+05,50
0.005,100,100,100,100.005,100.005,1,1e+05,50
0.001,100,100,100,100.001,100.001,1,1e+05,50
0.023,100,100,100,100.023,100.023,1,1e+05,50
0.015,100,100,100,100.015,100.015,1,1e+05,50
0.239990222500637,100,100,100,100,100,1,1e+05,50
0.0065,100,100,100,100.0057500075,100.0057500075,1,1e+05,50
0.009,100,100,100,100.009,100.009,1,1e+05,50
0.0025,100,100,100,100.0025,100.0025,1,1e+05,50
0.0025,100,100,100,100.0025,100.0025,1,1e+05,50
0.0015,100,100,100,100.0015,100.0015,1,1e+05,50
0.938593186670914,100,100,100,100,100,1,1e+05,50
0.139,100,100,100,100.1382500075,99.1382500075,1,1e+05,50
0.094086708733812,100,100,100,100,100,1,1e+05,50
0.005,100,100,100,100.005,100.005,1,1e+05,50
0.019,100,100,100,100.019,100.019,1,1e+05,50
0.168540393933654,100,100,100,100,100,1,1e+05,50
0.002,100,100,100,100.002,100.002,1,1e+05,50
0.0175,100,100,100,100.0175,100.0175,1,1e+05,50
0.0455,100,100,100,100.0455,99.0455,1,1e+05,50
0.0175,100,100,100,100.0175,100.0175,1,1e+05,50
0.0195,100,100,100,100.0195,100.0195,1,1e+05,50
0.0065,100,100,100,100.0065,100.0065,1,1e+05,50
0.008,100,100,100,100.008,100.008,1,1e+05,50
0.580545053584501,100,100,100,100,100,1,1e+05,50
0.0215,100,100,100,100.0215,100.0215,1,1e+05,50
0.0261649850290269,100,100,100,100,100,1,1e+05,50
0.3715,100,100,100,100.3715,99.3715,1,1e+05,50
1,100,99,99,99,99,1,1e+05,50
0.1325,100,100,100,100.132000005,99.132000005,1,1e+05,50
0.0165,100,100,100,100.0165,100.0165,1,1e+05,50
0.035,100,100,100,100.035,99.035,1,1e+05,50
0.181007070001215,100,100,100,100,100,1,1e+05,50
0.049,100,100,100,100.049,99.049,1,1e+05,50
0.1445,100,100,100,100.1445,99.1445,1,1e+05,50
0.0225,100,100,100,100.0225,100.0225,1,1e+05,50
0.132,100,100,100,100.13100001,99.13100001,1,1e+05,50
0.382,100,100,100,100.382,99.382,1,1e+05,50
0.02,100,100,100,100.02,100.02,1,1e+05,50
0.955431105103344,100,100,100,100,100,1,1e+05,50
0.0035,100,100,100,100.0035,100.0035,1,1e+05,50
0.0545,100,100,100,100.0545,99.0545,1,1e+05,50
0.627512806793675,100,100,100,100,100,1,1e+05,50
0.052,100,100,100,100.052,99.052,1,1e+05,50
0.002,100,100,100,100.002,100.002,1,1e+05,50
0.0145,100,100,100,100.0145,100.0145,1,1e+05,50
0.206776515813544,100,100,100,100,100,1,1e+05,50
0.0465,100,100,100,100.046000005,99.046000005,1,1e+05,50
0.007,100,100,100,100.007,100.007,1,1e+05,50
