"p","truediv","chaoest","obsD","upper","lower","l","inds","reps"
0.127,100,100,100,100.127,99.127,1,1e+05,50
0.0065,100,100,100,100.0065,100.0065,1,1e+05,50
0.0445,100,100,100,100.0442500025,99.0442500025,1,1e+05,50
0.3565,100,100,100,100.3565,99.3565,1,1e+05,50
0.0225,100,100,100,100.0225,100.0225,1,1e+05,50
5e-04,100,100,100,100.0005,100.0005,1,1e+05,50
0.0065,100,100,100,100.0065,100.0065,1,1e+05,50
0.052,100,100,100,100.052,99.052,1,1e+05,50
0.0225,100,100,100,100.0225,100.0225,1,1e+05,50
5e-04,100,100,100,100.0005,100.0005,1,1e+05,50
0.0065,100,100,100,100.0065,100.0065,1,1e+05,50
0.006,100,100,100,100.006,100.006,1,1e+05,50
0.1385,100,100,100,100.1385,99.1385,1,1e+05,50
0.389,100,100,100,100.389,99.389,1,1e+05,50
0.0065,100,100,100,100.0065,100.0065,1,1e+05,50
0.37359465402551,100,100,100,100,100,1,1e+05,50
0.002,100,100,100,100.002,100.002,1,1e+05,50
0.3585,100,100,100,100.3585,99.3585,1,1e+05,50
0.0902554406784475,100,100,100,100,100,1,1e+05,50
0.0245,100,100,100,100.0242500025,100.0242500025,1,1e+05,50
0.001,100,100,100,100.001,100.001,1,1e+05,50
0.0085,100,100,100,100.0085,100.0085,1,1e+05,50
0.405772044789046,100,100,100,100,100,1,1e+05,50
0.131,100,100,100,100.131,99.131,1,1e+05,50
0.0075,100,100,100,100.0075,100.0075,1,1e+05,50
0.0205,100,100,100,100.0205,100.0205,1,1e+05,50
0.048,100,100,100,100.048,99.048,1,1e+05,50
0.058,100,100,100,100.058,99.058,1,1e+05,50
0.006,100,100,100,100.006,100.006,1,1e+05,50
0.002,100,100,100,100.002,100.002,1,1e+05,50
0.482749934773892,100,100,100,100,100,1,1e+05,50
0.0125,100,100,100,100.0122500025,100.0122500025,1,1e+05,50
0.0445,100,100,100,100.0445,99.0445,1,1e+05,50
0.0175,100,100,100,100.0175,100.0175,1,1e+05,50
0.026,100,100,100,100.026,99.026,1,1e+05,50
5e-04,100,100,100,100.0005,100.0005,1,1e+05,50
0.0377282449044287,100,100,100,100,100,1,1e+05,50
0.0535,100,100,100,100.04650007,99.04650007,1,1e+05,50
0.0525,100,100,100,100.0525,99.0525,1,1e+05,50
0.018,100,100,100,100.018,100.018,1,1e+05,50
0.350459279492497,100,100,100,100,100,1,1e+05,50
0.349,100,100,100,100.349,99.349,1,1e+05,50
0.05,100,100,100,100.05,99.05,1,1e+05,50
0.358,100,100,100,100.358,99.358,1,1e+05,50
0.866733010625467,100,100,100,100,100,1,1e+05,50
0.015,100,100,100,100.015,100.015,1,1e+05,50
0.137,100,100,100,100.137,99.137,1,1e+05,50
0.011,100,100,100,100.0107500025,100.0107500025,1,1e+05,50
5e-04,100,100,100,100.0005,100.0005,1,1e+05,50
0.0065,100,100,100,100.0065,100.0065,1,1e+05,50
