"p","truediv","chaoest","obsD","upper","lower","l","inds","reps"
0.908793643582612,200,200,200,200,200,1,31623,50
0.002,200,200,200,200.002,200.002,1,31623,50
0.0155,200,200,200,200.0155,200.0155,1,31623,50
0.783319116337225,200,200,200,200,200,1,31623,50
0.538098405813798,200,200,200,200,200,1,31623,50
0.001,200,200,200,200.001,200.001,1,31623,50
5e-04,200,200,200,200.0005,200.0005,1,31623,50
0.87095068837516,200,200,200,200,200,1,31623,50
0.964283538982272,200,200,200,200,200,1,31623,50
0.788744070800021,200,200,200,200,200,1,31623,50
5e-04,200,200,200,200.0005,200.0005,1,31623,50
5e-04,200,200,200,200.0005,200.0005,1,31623,50
0.0015,200,200,200,200.0015,200.0015,1,31623,50
0.23042458621785,200,200,200,200,200,1,31623,50
0.992492723045871,200,200,200,200,200,1,31623,50
5e-04,200,200,200,200.0005,200.0005,1,31623,50
0.00373522099107504,200,200,200,200,200,1,31623,50
0.770439684623852,200,200,200,200,200,1,31623,50
0.267455190885812,200,200,200,200,200,1,31623,50
0.002,200,200,200,200.002,200.002,1,31623,50
5e-04,200,200,200,200.0005,200.0005,1,31623,50
5e-04,200,200,200,200.0005,200.0005,1,31623,50
5e-04,200,200,200,200.0005,200.0005,1,31623,50
0.336105958558619,200,200,200,200,200,1,31623,50
0.001,200,200,200,200.001,200.001,1,31623,50
0.711994245648384,200,200,200,200,200,1,31623,50
0.001,200,200,200,200.001,200.001,1,31623,50
0.349054243182763,200,200,200,200,200,1,31623,50
0.942617600318044,200,200,200,200,200,1,31623,50
0.487714134855196,200,200,200,200,200,1,31623,50
0.569467030232772,200,200,200,200,200,1,31623,50
0.0214971862733364,200,200,200,200,200,1,31623,50
0.002,200,200,200,200.002,200.002,1,31623,50
0.001,200,200,200,200.001,200.001,1,31623,50
5e-04,200,200,200,200.0005,200.0005,1,31623,50
0.664972311118618,200,200,200,200,200,1,31623,50
0.001,200,200,200,200.000750007906,200.000750007906,1,31623,50
0.566374275367707,200,200,200,200,200,1,31623,50
0.002,200,200,200,200.002,200.002,1,31623,50
0.429891966981813,200,200,200,200,200,1,31623,50
0.107326776953414,200,200,200,200,200,1,31623,50
5e-04,200,200,200,200.0005,200.0005,1,31623,50
0.482302706688643,200,200,200,200,200,1,31623,50
0.676513741724193,200,200,200,200,200,1,31623,50
5e-04,200,200,200,200.0005,200.0005,1,31623,50
0.002,200,200,200,200.002,200.002,1,31623,50
0.551020751008764,200,200,200,200,200,1,31623,50
0.0936931679025292,200,200,200,200,200,1,31623,50
0.24884568946436,200,200,200,200,200,1,31623,50
0.41297306236811,200,200,200,200,200,1,31623,50
