"p","truediv","chaoest","obsD","upper","lower","l","inds","reps"
0.0015,200,200,200,200.0015,200.0015,1,31623,50
0.67476697335951,200,200,200,200,200,1,31623,50
5e-04,200,200,200,200.0005,200.0005,1,31623,50
0.301592432660982,200,200,200,200,200,1,31623,50
0.231166215846315,200,200,200,200,200,1,31623,50
0.663514034589753,200,200,200,200,200,1,31623,50
0.640487757744268,200,200,200,200,200,1,31623,50
0.006,200,200,200,200.006,200.006,1,31623,50
0.0202731306198984,200,200,200,200,200,1,31623,50
5e-04,200,200,200,200.0005,200.0005,1,31623,50
0.592248683562502,200,200,200,200,200,1,31623,50
0.214432711480185,200,200,200,200,200,1,31623,50
0.775957263540477,200,200,200,200,200,1,31623,50
0.0015,200,200,200,200.0015,200.0015,1,31623,50
5e-04,200,200,200,200.0005,200.0005,1,31623,50
0.399971094448119,200,200,200,200,200,1,31623,50
0.44964615162462,200,200,200,200,200,1,31623,50
0.004,200,200,200,200.004,200.004,1,31623,50
0.0195,200,200,200,200.0195,200.0195,1,31623,50
0.005,200,200,200,200.005,200.005,1,31623,50
0.835423612035811,200,200,200,200,200,1,31623,50
0.192060053115711,200,200,200,200,200,1,31623,50
0.650760008953512,200,200,200,200,200,1,31623,50
0.664435595273972,200,200,200,200,200,1,31623,50
0.052,200,200,200,200.052,199.052,1,31623,50
0.819541120901704,200,200,200,200,200,1,31623,50
0.348460343899205,200,200,200,200,200,1,31623,50
5e-04,200,200,200,200.0005,200.0005,1,31623,50
0.0535,200,200,200,200.0535,199.0535,1,31623,50
5e-04,200,200,200,200.0005,200.0005,1,31623,50
0.719486757414415,200,200,200,200,200,1,31623,50
0.967649158090353,200,200,200,200,200,1,31623,50
0.63085812353529,200,200,200,200,200,1,31623,50
0.355211067246273,200,200,200,200,200,1,31623,50
0.340383460745215,200,200,200,200,200,1,31623,50
0.521170060150325,200,200,200,200,200,1,31623,50
0.456681663636118,200,200,200,200,200,1,31623,50
0.853208717424423,200,200,200,200,200,1,31623,50
0.172311049187556,200,200,200,200,200,1,31623,50
0.006,200,200,200,200.006,200.006,1,31623,50
0.919529096223414,200,200,200,200,200,1,31623,50
0.398794995155185,200,200,200,200,200,1,31623,50
5e-04,200,200,200,200.0005,200.0005,1,31623,50
0.153312645619735,200,200,200,200,200,1,31623,50
0.368056452367455,200,200,200,200,200,1,31623,50
0.472194928908721,200,200,200,200,200,1,31623,50
0.001,200,200,200,200.001,200.001,1,31623,50
5e-04,200,200,200,200.0005,200.0005,1,31623,50
0.0015,200,200,200,200.0015,200.0015,1,31623,50
0.0045,200,200,200,200.0045,200.0045,1,31623,50
