"p","truediv","chaoest","obsD","upper","lower","l","inds","reps"
0.0884879019577056,200,200,200,200,200,1,31623,50
0.592569846892729,200,200,200,200,200,1,31623,50
0.222563377115875,200,200,200,200,200,1,31623,50
0.742166777374223,200,200,200,200,200,1,31623,50
0.001,200,200,200,200.001,200.001,1,31623,50
0.0015,200,200,200,200.0015,200.0015,1,31623,50
0.700520487269387,200,200,200,200,200,1,31623,50
5e-04,200,200,200,200.0005,200.0005,1,31623,50
0.0870394920930266,200,200,200,200,200,1,31623,50
0.514612896600738,200,200,200,200,200,1,31623,50
0.0759490723721683,200,200,200,200,200,1,31623,50
0.403237282065675,200,200,200,200,200,1,31623,50
0.489133787574247,200,200,200,200,200,1,31623,50
5e-04,200,200,200,200.0005,200.0005,1,31623,50
0.003,200,200,200,200.003,200.003,1,31623,50
0.32100058416836,200,200,200,200,200,1,31623,50
0.562410350888968,200,200,200,200,200,1,31623,50
0.049,200,200,200,200.048750007906,199.048750007906,1,31623,50
5e-04,200,200,200,200.0005,200.0005,1,31623,50
0.0698621154297143,200,200,200,200,200,1,31623,50
5e-04,200,200,200,200.0005,200.0005,1,31623,50
0.0035,200,200,200,200.0035,200.0035,1,31623,50
0.052,200,200,200,200.052,199.052,1,31623,50
5e-04,200,200,200,200.0005,200.0005,1,31623,50
0.003,200,200,200,200.003,200.003,1,31623,50
0.001,200,200,200,200.001,200.001,1,31623,50
0.0252550905570388,200,200,200,200,200,1,31623,50
0.436603114008904,200,200,200,200,200,1,31623,50
0.705750497756526,200,200,200,200,200,1,31623,50
0.0106483777053654,200,200,200,200,200,1,31623,50
0.722421369981021,200,200,200,200,200,1,31623,50
0.005,200,200,200,200.005,200.005,1,31623,50
0.0292078154161572,200,200,200,200,200,1,31623,50
0.511291004251689,200,200,200,200,200,1,31623,50
0.35796391707845,200,200,200,200,200,1,31623,50
0.460241779219359,200,200,200,200,200,1,31623,50
0.596873768605292,200,200,200,200,200,1,31623,50
0.182548639830202,200,200,200,200,200,1,31623,50
0.639326737495139,200,200,200,200,200,1,31623,50
0.552109986776486,200,200,200,200,200,1,31623,50
0.0015,200,200,200,200.0015,200.0015,1,31623,50
0.0195,200,200,200,200.0195,200.0195,1,31623,50
5e-04,200,200,200,200.0005,200.0005,1,31623,50
0.001,200,200,200,200.001,200.001,1,31623,50
0.0606128375511616,200,200,200,200,200,1,31623,50
0.0624220671597868,200,200,200,200,200,1,31623,50
0.729157018009573,200,200,200,200,200,1,31623,50
0.631395384203643,200,200,200,200,200,1,31623,50
5e-04,200,200,200,200.0005,200.0005,1,31623,50
0.548894552746788,200,200,200,200,200,1,31623,50
