"p","truediv","chaoest","obsD","upper","lower","l","inds","reps"
0.007,200,200,200,200.007,200.007,1,31623,50
0.006,200,200,200,200.006,200.006,1,31623,50
0.001,200,200,200,200.001,200.001,1,31623,50
0.859173128148541,200,200,200,200,200,1,31623,50
0.77888215216808,200,200,200,200,200,1,31623,50
0.33669832139276,200,200,200,200,200,1,31623,50
0.406230009393767,200,200,200,200,200,1,31623,50
5e-04,200,200,200,200.0005,200.0005,1,31623,50
0.601309798425063,200,200,200,200,200,1,31623,50
5e-04,200,200,200,200.0005,200.0005,1,31623,50
5e-04,200,200,200,200.0005,200.0005,1,31623,50
0.006,200,200,200,200.005750007906,200.005750007906,1,31623,50
0.480135665275156,200,200,200,200,200,1,31623,50
0.986129657831043,200,200,200,200,200,1,31623,50
0.001,200,200,200,200.001,200.001,1,31623,50
0.326497009256855,200,200,200,200,200,1,31623,50
0.359426328213885,200,200,200,200,200,1,31623,50
0.0015,200,200,200,200.0015,200.0015,1,31623,50
0.0025,200,200,200,200.0025,200.0025,1,31623,50
0.790538695175201,200,200,200,200,200,1,31623,50
0.106659318553284,200,200,200,200,200,1,31623,50
0.82861959352158,200,200,200,200,200,1,31623,50
0.237572257872671,200,200,200,200,200,1,31623,50
5e-04,200,200,200,200.0005,200.0005,1,31623,50
5e-04,200,200,200,200.0005,200.0005,1,31623,50
0.001,200,200,200,200.001,200.001,1,31623,50
0.001,200,200,200,200.001,200.001,1,31623,50
0.003,200,200,200,200.003,200.003,1,31623,50
0.612690570997074,200,200,200,200,200,1,31623,50
0.680450002430007,200,200,200,200,200,1,31623,50
0.77941458625719,200,200,200,200,200,1,31623,50
0.500562589848414,200,200,200,200,200,1,31623,50
0.331544066313654,200,200,200,200,200,1,31623,50
5e-04,200,200,200,200.0005,200.0005,1,31623,50
0.001,200,200,200,200.001,200.001,1,31623,50
0.0025,200,200,200,200.0025,200.0025,1,31623,50
0.56569477240555,200,200,200,200,200,1,31623,50
0.001,200,200,200,200.001,200.001,1,31623,50
0.001,200,200,200,200.000750007906,200.000750007906,1,31623,50
0.584241646807641,200,200,200,200,200,1,31623,50
0.003,200,200,200,200.002000031623,200.002000031623,1,31623,50
0.328368862392381,200,200,200,200,200,1,31623,50
0.105252113193274,200,200,200,200,200,1,31623,50
0.995307953562587,200,200,200,200,200,1,31623,50
0.852311332011595,200,200,200,200,200,1,31623,50
0.930960312020034,200,200,200,200,200,1,31623,50
0.019,200,200,200,200.019,200.019,1,31623,50
0.844763889443129,200,200,200,200,200,1,31623,50
5e-04,200,200,200,200.0005,200.0005,1,31623,50
5e-04,200,200,200,200.0005,200.0005,1,31623,50
