"p","truediv","chaoest","obsD","upper","lower","l","inds","reps"
0.002,200,200,200,200.002,200.002,1,31623,50
0.0045,200,200,200,200.0045,200.0045,1,31623,50
0.0198447001166642,200,200,200,200,200,1,31623,50
0.0803211515303701,200,200,200,200,200,1,31623,50
0.269758058711886,200,200,200,200,200,1,31623,50
0.0711978015024215,200,200,200,200,200,1,31623,50
0.001,200,200,200,200.001,200.001,1,31623,50
0.350690624676645,200,200,200,200,200,1,31623,50
0.0224049561657012,200,200,200,200,200,1,31623,50
0.0045,200,200,200,200.0045,200.0045,1,31623,50
0.689541410654783,200,200,200,200,200,1,31623,50
0.002,200,200,200,200.002,200.002,1,31623,50
0.001,200,200,200,200.001,200.001,1,31623,50
5e-04,200,200,200,200.0005,200.0005,1,31623,50
0.682088181376457,200,200,200,200,200,1,31623,50
0.664504716172814,200,200,200,200,200,1,31623,50
0.0440114110242575,200,200,200,200,200,1,31623,50
0.824933758936822,200,200,200,200,200,1,31623,50
5e-04,200,200,200,200.0005,200.0005,1,31623,50
5e-04,200,200,200,200.0005,200.0005,1,31623,50
0.9995,200,200,200,199.999750007906,199.999750007906,1,31623,50
0.001,200,200,200,200.001,200.001,1,31623,50
0.926885647233576,200,200,200,200,200,1,31623,50
0.252281623426825,200,200,200,200,200,1,31623,50
0.876253354363143,200,200,200,200,200,1,31623,50
0.001,200,200,200,200.001,200.001,1,31623,50
5e-04,200,200,200,200.0005,200.0005,1,31623,50
0.27791079133749,200,200,200,200,200,1,31623,50
0.001,200,200,200,200.001,200.001,1,31623,50
0.736368299694732,200,200,200,200,200,1,31623,50
0.819563744124025,200,200,200,200,200,1,31623,50
0.174744635820389,200,200,200,200,200,1,31623,50
5e-04,200,200,200,200.0005,200.0005,1,31623,50
0.0015,200,200,200,200.0015,200.0015,1,31623,50
0.954160315450281,200,200,200,200,200,1,31623,50
0.332474580500275,200,200,200,200,200,1,31623,50
0.249485397245735,200,200,200,200,200,1,31623,50
0.547089483356103,200,200,200,200,200,1,31623,50
0.0035,200,200,200,200.0035,200.0035,1,31623,50
0.199050541501492,200,200,200,200,200,1,31623,50
5e-04,200,200,200,200.0005,200.0005,1,31623,50
0.778840619372204,200,200,200,200,200,1,31623,50
0.883776264963672,200,200,200,200,200,1,31623,50
0.296531676547602,200,200,200,200,200,1,31623,50
0.587399029405788,200,200,200,200,200,1,31623,50
0.554013053420931,200,200,200,200,200,1,31623,50
0.043856009375304,200,200,200,200,200,1,31623,50
5e-04,200,200,200,200.0005,200.0005,1,31623,50
5e-04,200,200,200,200.0005,200.0005,1,31623,50
0.003,200,200,200,200.003,200.003,1,31623,50
