"p","truediv","chaoest","obsD","upper","lower","l","inds","reps"
0.004,100,100,100,100.004,100.004,1,1e+05,50
0.001,100,100,100,100.001,100.001,1,1e+05,50
0.0235,100,100,100,100.0235,100.0235,1,1e+05,50
0.0065,100,100,100,100.0065,100.0065,1,1e+05,50
0.0475,100,100,100,100.0475,99.0475,1,1e+05,50
0.001,100,100,100,100.001,100.001,1,1e+05,50
0.001,100,100,100,100.001,100.001,1,1e+05,50
0.0155,100,100,100,100.0155,100.0155,1,1e+05,50
0.373,100,100,100,100.373,99.373,1,1e+05,50
0.0075,100,100,100,100.0075,100.0075,1,1e+05,50
5e-04,100,100,100,100.0005,100.0005,1,1e+05,50
0.944842444499955,100,100,100,100,100,1,1e+05,50
0.021,100,100,100,100.021,100.021,1,1e+05,50
0.003,100,100,100,100.003,100.003,1,1e+05,50
0.01,100,100,100,100.01,100.01,1,1e+05,50
0.133,100,100,100,100.133,99.133,1,1e+05,50
0.0065,100,100,100,100.0065,100.0065,1,1e+05,50
0.0015,100,100,100,100.0015,100.0015,1,1e+05,50
1,100,99,99,99,99,1,1e+05,50
0.778887754073367,100,100,100,100,100,1,1e+05,50
0.0015,100,100,100,100.0015,100.0015,1,1e+05,50
0.015,100,100,100,100.015,100.015,1,1e+05,50
0.051,100,100,100,100.051,99.051,1,1e+05,50
0.004,100,100,100,100.0037500025,100.0037500025,1,1e+05,50
0.043,100,100,100,100.043,99.043,1,1e+05,50
0.1415,100,100,100,100.1415,99.1415,1,1e+05,50
0.762379469815642,100,100,100,100,100,1,1e+05,50
0.008,100,100,100,100.0067500125,100.0067500125,1,1e+05,50
0.004,100,100,100,100.004,100.004,1,1e+05,50
0.0515,100,100,100,100.0515,99.0515,1,1e+05,50
0.49360922141932,100,100,100,100,100,1,1e+05,50
0.3755,100,100,100,100.3755,99.3755,1,1e+05,50
0.052,100,100,100,100.052,99.052,1,1e+05,50
0.1385,100,100,100,100.1385,99.1385,1,1e+05,50
0.017,100,100,100,100.017,100.017,1,1e+05,50
0.0495,100,100,100,100.0495,99.0495,1,1e+05,50
0.0415,100,100,100,100.0415,99.0415,1,1e+05,50
0.059,100,100,100,100.059,99.059,1,1e+05,50
0.004,100,100,100,100.004,100.004,1,1e+05,50
1,100,99,99,99,99,1,1e+05,50
0.002,100,100,100,100.002,100.002,1,1e+05,50
0.14,100,100,100,100.14,99.14,1,1e+05,50
0.016,100,100,100,100.016,100.016,1,1e+05,50
5e-04,100,100,100,100.0005,100.0005,1,1e+05,50
0.0455,100,100,100,100.0455,99.0455,1,1e+05,50
0.009,100,100,100,100.009,100.009,1,1e+05,50
0.003,100,100,100,100.003,100.003,1,1e+05,50
0.360221274662763,100,100,100,100,100,1,1e+05,50
0.0015,100,100,100,100.0015,100.0015,1,1e+05,50
0.151,100,100,100,100.151,99.151,1,1e+05,50
