"p","truediv","chaoest","obsD","upper","lower","l","inds","reps"
0.007,200,200,200,200.007,200.007,1,31623,50
0.872670890996233,200,200,200,200,200,1,31623,50
0.001,200,200,200,200.001,200.001,1,31623,50
5e-04,200,200,200,200.0005,200.0005,1,31623,50
0.893816831056029,200,200,200,200,200,1,31623,50
0.370548525359482,200,200,200,200,200,1,31623,50
0.361970390193164,200,200,200,200,200,1,31623,50
0.589879271108657,200,200,200,200,200,1,31623,50
0.19918722845614,200,200,200,200,200,1,31623,50
0.006,200,200,200,200.006,200.006,1,31623,50
0.659356348682195,200,200,200,200,200,1,31623,50
0.647278930991888,200,200,200,200,200,1,31623,50
5e-04,200,200,200,200.0005,200.0005,1,31623,50
0.660749888978899,200,200,200,200,200,1,31623,50
0.527437860146165,200,200,200,200,200,1,31623,50
5e-04,200,200,200,200.0005,200.0005,1,31623,50
0.183940170798451,200,200,200,200,200,1,31623,50
0.576140105258673,200,200,200,200,200,1,31623,50
5e-04,200,200,200,200.0005,200.0005,1,31623,50
0.768461925210431,200,200,200,200,200,1,31623,50
0.741030070465058,200,200,200,200,200,1,31623,50
0.673917828826234,200,200,200,200,200,1,31623,50
0.526336053619161,200,200,200,200,200,1,31623,50
0.001,200,200,200,200.001,200.001,1,31623,50
0.311944063287228,200,200,200,200,200,1,31623,50
5e-04,200,200,200,200.0005,200.0005,1,31623,50
0.0205,200,200,200,200.0205,200.0205,1,31623,50
0.0593040073290467,200,200,200,200,200,1,31623,50
0.303760420298204,200,200,200,200,200,1,31623,50
5e-04,200,200,200,200.0005,200.0005,1,31623,50
0.0532199142035097,200,200,200,200,200,1,31623,50
0.910679377848282,200,200,200,200,200,1,31623,50
5e-04,200,200,200,200.0005,200.0005,1,31623,50
0.418352427193895,200,200,200,200,200,1,31623,50
0.005,200,200,200,200.005,200.005,1,31623,50
0.877771129598841,200,200,200,200,200,1,31623,50
0.358868827112019,200,200,200,200,200,1,31623,50
0.427321596303955,200,200,200,200,200,1,31623,50
5e-04,200,200,200,200.0005,200.0005,1,31623,50
0.001,200,200,200,200.001,200.001,1,31623,50
0.007,200,200,200,200.007,200.007,1,31623,50
0.497773311566561,200,200,200,200,200,1,31623,50
0.423326144460589,200,200,200,200,200,1,31623,50
0.74845027946867,200,200,200,200,200,1,31623,50
5e-04,200,200,200,200.0005,200.0005,1,31623,50
0.005,200,200,200,200.005,200.005,1,31623,50
0.842545105610043,200,200,200,200,200,1,31623,50
0.709595168707892,200,200,200,200,200,1,31623,50
0.736182505497709,200,200,200,200,200,1,31623,50
0.228730670642108,200,200,200,200,200,1,31623,50
