"p","truediv","chaoest","obsD","upper","lower","l","inds","reps"
0.949071067851037,200,200,200,200,200,1,31623,50
0.128,200,200,200,200.127750007906,199.127750007906,1,31623,50
0.866451429901645,200,200,200,200,200,1,31623,50
0.001,200,200,200,200.001,200.001,1,31623,50
0.590384233742952,200,200,200,200,200,1,31623,50
5e-04,200,200,200,200.0005,200.0005,1,31623,50
0.821937453234568,200,200,200,200,200,1,31623,50
0.358483058167621,200,200,200,200,200,1,31623,50
0.916873100213706,200,200,200,200,200,1,31623,50
5e-04,200,200,200,200.0005,200.0005,1,31623,50
0.807124267797917,200,200,200,200,200,1,31623,50
5e-04,200,200,200,200.0005,200.0005,1,31623,50
0.270264837658033,200,200,200,200,200,1,31623,50
0.0195,200,200,200,200.0195,200.0195,1,31623,50
0.303662447491661,200,200,200,200,200,1,31623,50
0.0015,200,200,200,200.0015,200.0015,1,31623,50
5e-04,200,200,200,200.0005,200.0005,1,31623,50
0.489796729758382,200,200,200,200,200,1,31623,50
5e-04,200,200,200,200.0005,200.0005,1,31623,50
0.134226874448359,200,200,200,200,200,1,31623,50
0.001,200,200,200,200.001,200.001,1,31623,50
0.56230776454322,200,200,200,200,200,1,31623,50
5e-04,200,200,200,200.0005,200.0005,1,31623,50
0.002,200,200,200,200.002,200.002,1,31623,50
5e-04,200,200,200,200.0005,200.0005,1,31623,50
0.900880821049213,200,200,200,200,200,1,31623,50
0.559669183101505,200,200,200,200,200,1,31623,50
0.849929394898936,200,200,200,200,200,1,31623,50
0.001,200,200,200,200.001,200.001,1,31623,50
0.690481451805681,200,200,200,200,200,1,31623,50
0.904848883394152,200,200,200,200,200,1,31623,50
0.581226075766608,200,200,200,200,200,1,31623,50
0.359426427865401,200,200,200,200,200,1,31623,50
0.459545935736969,200,200,200,200,200,1,31623,50
0.004,200,200,200,200.004,200.004,1,31623,50
0.972165096318349,200,200,200,200,200,1,31623,50
0.933615449117497,200,200,200,200,200,1,31623,50
0.9995,200,200,200,199.999750007906,199.999750007906,1,31623,50
0.0119151859544218,200,200,200,200,200,1,31623,50
0.667918509570882,200,200,200,200,200,1,31623,50
0.681874206056818,200,200,200,200,200,1,31623,50
5e-04,200,200,200,200.0005,200.0005,1,31623,50
5e-04,200,200,200,200.0005,200.0005,1,31623,50
0.578253483632579,200,200,200,200,200,1,31623,50
0.646402842132375,200,200,200,200,200,1,31623,50
0.05,200,200,200,200.05,199.05,1,31623,50
0.648014190373942,200,200,200,200,200,1,31623,50
0.321415272774175,200,200,200,200,200,1,31623,50
0.986340013565496,200,200,200,200,200,1,31623,50
0.464936991687864,200,200,200,200,200,1,31623,50
