"p","truediv","chaoest","obsD","upper","lower","l","inds","reps"
5e-04,200,200,200,200.0005,200.0005,1,31623,50
0.497658863430843,200,200,200,200,200,1,31623,50
0.0015,200,200,200,200.0015,200.0015,1,31623,50
0.0015,200,200,200,200.0015,200.0015,1,31623,50
0.654275682289153,200,200,200,200,200,1,31623,50
5e-04,200,200,200,200.0005,200.0005,1,31623,50
0.753107644151896,200,200,200,200,200,1,31623,50
0.0591681534424424,200,200,200,200,200,1,31623,50
0.432846190873533,200,200,200,200,200,1,31623,50
0.0045,200,200,200,200.0045,200.0045,1,31623,50
0.436107581015676,200,200,200,200,200,1,31623,50
0.0368848675861955,200,200,200,200,200,1,31623,50
5e-04,200,200,200,200.0005,200.0005,1,31623,50
0.0015,200,200,200,200.0015,200.0015,1,31623,50
5e-04,200,200,200,200.0005,200.0005,1,31623,50
0.288199709029868,200,200,200,200,200,1,31623,50
0.762551330728456,200,200,200,200,200,1,31623,50
0.004,200,200,200,200.004,200.004,1,31623,50
0.196124570909888,200,200,200,200,200,1,31623,50
0.007,200,200,200,200.007,200.007,1,31623,50
0.355420570122078,200,200,200,200,200,1,31623,50
5e-04,200,200,200,200.0005,200.0005,1,31623,50
0.001,200,200,200,200.001,200.001,1,31623,50
0.795519603881985,200,200,200,200,200,1,31623,50
0.276285178493708,200,200,200,200,200,1,31623,50
0.001,200,200,200,200.001,200.001,1,31623,50
0.681305306265131,200,200,200,200,200,1,31623,50
0.002,200,200,200,200.002,200.002,1,31623,50
0.346011249581352,200,200,200,200,200,1,31623,50
0.0163477286696434,200,200,200,200,200,1,31623,50
0.793041701661423,200,200,200,200,200,1,31623,50
0.0055,200,200,200,200.0055,200.0055,1,31623,50
0.8212076255586,200,200,200,200,200,1,31623,50
0.453378258738667,200,200,200,200,200,1,31623,50
5e-04,200,200,200,200.0005,200.0005,1,31623,50
0.159809199161828,200,200,200,200,200,1,31623,50
0.186940163606778,200,200,200,200,200,1,31623,50
0.0025,200,200,200,200.002250007906,200.002250007906,1,31623,50
0.969196903053671,200,200,200,200,200,1,31623,50
0.804083767114207,200,200,200,200,200,1,31623,50
5e-04,200,200,200,200.0005,200.0005,1,31623,50
5e-04,200,200,200,200.0005,200.0005,1,31623,50
5e-04,200,200,200,200.0005,200.0005,1,31623,50
0.699447178980336,200,200,200,200,200,1,31623,50
5e-04,200,200,200,200.0005,200.0005,1,31623,50
0.331866489257663,200,200,200,200,200,1,31623,50
0.994182229042053,200,200,200,200,200,1,31623,50
5e-04,200,200,200,200.0005,200.0005,1,31623,50
5e-04,200,200,200,200.0005,200.0005,1,31623,50
0.514815530041233,200,200,200,200,200,1,31623,50
