"p","truediv","chaoest","obsD","upper","lower","l","inds","reps"
0.001,200,200,200,200.001,200.001,1,10000,50
5e-04,200,200,200,200.0005,200.0005,1,10000,50
5e-04,200,200,200,200.0005,200.0005,1,10000,50
0.569610072067007,200,200,200,200,200,1,10000,50
0.873222414404154,200,200,200,200,200,1,10000,50
5e-04,200,200,200,200.0005,200.0005,1,10000,50
0.18116080458276,200,200,200,200,200,1,10000,50
0.873986203921959,200,200,200,200,200,1,10000,50
0.610022231703624,200,200,200,200,200,1,10000,50
0.973689178936183,200,200,200,200,200,1,10000,50
0.270795511780307,200,200,200,200,200,1,10000,50
0.83842186909169,200,200,200,200,200,1,10000,50
0.232747284695506,200,200,200,200,200,1,10000,50
0.826098209712654,200,200,200,200,200,1,10000,50
0.00357842794619501,200,200,200,200,200,1,10000,50
0.740561994491145,200,200,200,200,200,1,10000,50
0.311701009282842,200,200,200,200,200,1,10000,50
0.406017766799778,200,200,200,200,200,1,10000,50
0.360697736730799,200,200,200,200,200,1,10000,50
5e-04,200,200,200,200.0005,200.0005,1,10000,50
0.77371912705712,200,200,200,200,200,1,10000,50
0.169908863026649,200,200,200,200,200,1,10000,50
5e-04,200,200,200,200.0005,200.0005,1,10000,50
0.801531684817746,200,200,200,200,200,1,10000,50
0.352625627536327,200,200,200,200,200,1,10000,50
5e-04,200,200,200,200.0005,200.0005,1,10000,50
0.0200292535591871,200,200,200,200,200,1,10000,50
0.0421458603814244,200,200,200,200,200,1,10000,50
0.142201739596203,200,200,200,200,200,1,10000,50
0.27408489654772,200,200,200,200,200,1,10000,50
0.795110848266631,200,200,200,200,200,1,10000,50
0.973048075567931,200,200,200,200,200,1,10000,50
0.0244281068444252,200,200,200,200,200,1,10000,50
0.500502544920892,200,200,200,200,200,1,10000,50
0.129040182102472,200,200,200,200,200,1,10000,50
0.778856351273134,200,200,200,200,200,1,10000,50
0.759939398616552,200,200,200,200,200,1,10000,50
0.437124589690939,200,200,200,200,200,1,10000,50
0.60374329611659,200,200,200,200,200,1,10000,50
0.0620045627001673,200,200,200,200,200,1,10000,50
0.241202395642176,200,200,200,200,200,1,10000,50
0.122643091715872,200,200,200,200,200,1,10000,50
0.202350290957838,200,200,200,200,200,1,10000,50
0.0783363052178174,200,200,200,200,200,1,10000,50
0.71061671175994,200,200,200,200,200,1,10000,50
0.749273225897923,200,200,200,200,200,1,10000,50
0.584686839254573,200,200,200,200,200,1,10000,50
0.784158907365054,200,200,200,200,200,1,10000,50
0.219532917719334,200,200,200,200,200,1,10000,50
0.135732143418863,200,200,200,200,200,1,10000,50
