"p","truediv","chaoest","obsD","upper","lower","l","inds","reps"
0.001,200,200,200,200.001,200.001,1,31623,50
5e-04,200,200,200,200.0005,200.0005,1,31623,50
0.326239263638854,200,200,200,200,200,1,31623,50
0.455647251801565,200,200,200,200,200,1,31623,50
0.775031159864739,200,200,200,200,200,1,31623,50
0.716945670545101,200,200,200,200,200,1,31623,50
5e-04,200,200,200,200.0005,200.0005,1,31623,50
0.356847936287522,200,200,200,200,200,1,31623,50
0.806358319474384,200,200,200,200,200,1,31623,50
0.0690788105130196,200,200,200,200,200,1,31623,50
0.773557337466627,200,200,200,200,200,1,31623,50
0.915384551044554,200,200,200,200,200,1,31623,50
5e-04,200,200,200,200.0005,200.0005,1,31623,50
0.009,200,200,200,200.009,200.009,1,31623,50
0.673081750283018,200,200,200,200,200,1,31623,50
0.001,200,200,200,200.001,200.001,1,31623,50
0.003,200,200,200,200.003,200.003,1,31623,50
0.004,200,200,200,200.004,200.004,1,31623,50
0.975940346252173,200,200,200,200,200,1,31623,50
5e-04,200,200,200,200.0005,200.0005,1,31623,50
5e-04,200,200,200,200.0005,200.0005,1,31623,50
0.977098822128028,200,200,200,200,200,1,31623,50
0.615707211894915,200,200,200,200,200,1,31623,50
0.001,200,200,200,200.001,200.001,1,31623,50
0.939120465889573,200,200,200,200,200,1,31623,50
0.0486020657699555,200,200,200,200,200,1,31623,50
0.052,200,200,200,200.050500047434,199.050500047434,1,31623,50
5e-04,200,200,200,200.0005,200.0005,1,31623,50
0.914914076216519,200,200,200,200,200,1,31623,50
0.515092608286068,200,200,200,200,200,1,31623,50
0.260433565592393,200,200,200,200,200,1,31623,50
0.132390384562314,200,200,200,200,200,1,31623,50
0.670089768944308,200,200,200,200,200,1,31623,50
0.529794701840729,200,200,200,200,200,1,31623,50
0.002,200,200,200,200.002,200.002,1,31623,50
5e-04,200,200,200,200.0005,200.0005,1,31623,50
5e-04,200,200,200,200.0005,200.0005,1,31623,50
5e-04,200,200,200,200.0005,200.0005,1,31623,50
0.80975914071314,200,200,200,200,200,1,31623,50
0.795276884222403,200,200,200,200,200,1,31623,50
0.882351188221946,200,200,200,200,200,1,31623,50
5e-04,200,200,200,200.0005,200.0005,1,31623,50
0.169748096028343,200,200,200,200,200,1,31623,50
0.558345632860437,200,200,200,200,200,1,31623,50
0.002,200,200,200,200.002,200.002,1,31623,50
0.834071075310931,200,200,200,200,200,1,31623,50
0.565036626067013,200,200,200,200,200,1,31623,50
0.0025,200,200,200,200.0025,200.0025,1,31623,50
0.67125691450201,200,200,200,200,200,1,31623,50
5e-04,200,200,200,200.0005,200.0005,1,31623,50
