"p","truediv","chaoest","obsD","upper","lower","l","inds","reps"
0.433697454631329,100,100,100,100,100,1,10000,50
0.467118596192449,100,100,100,100,100,1,10000,50
5e-04,100,100,100,100.0005,100.0005,1,10000,50
0.198505206266418,100,100,100,100,100,1,10000,50
0.563636917853728,100,100,100,100,100,1,10000,50
0.947632228955626,100,100,100,100,100,1,10000,50
0.002,100,100,100,100.002,100.002,1,10000,50
0.277567530050874,100,100,100,100,100,1,10000,50
0.0475,100,100,100,100.0475,99.0475,1,10000,50
0.640490989899263,100,100,100,100,100,1,10000,50
0.949068922549486,100,100,100,100,100,1,10000,50
0.945726969512179,100,100,100,100,100,1,10000,50
5e-04,100,100,100,100.0005,100.0005,1,10000,50
0.80813594115898,100,100,100,100,100,1,10000,50
0.512291359715164,100,100,100,100,100,1,10000,50
0.634536962024868,100,100,100,100,100,1,10000,50
0.23249574820511,100,100,100,100,100,1,10000,50
0.669645205605775,100,100,100,100,100,1,10000,50
0.262900977395475,100,100,100,100,100,1,10000,50
0.974685488035902,100,100,100,100,100,1,10000,50
0.785523280734196,100,100,100,100,100,1,10000,50
0.305541811045259,100,100,100,100,100,1,10000,50
0.118747957749292,100,100,100,100,100,1,10000,50
0.968422984937206,100,100,100,100,100,1,10000,50
0.477330416673794,100,100,100,100,100,1,10000,50
0.62430852255784,100,100,100,100,100,1,10000,50
0.685033800778911,100,100,100,100,100,1,10000,50
0.524088510079309,100,100,100,100,100,1,10000,50
0.704760070657358,100,100,100,100,100,1,10000,50
0.935486753238365,100,100,100,100,100,1,10000,50
0.137864887714386,100,100,100,100,100,1,10000,50
0.940592812839895,100,100,100,100,100,1,10000,50
0.532930467044935,100,100,100,100,100,1,10000,50
0.002,100,100,100,100.002,100.002,1,10000,50
0.634338777745143,100,100,100,100,100,1,10000,50
0.441428109304979,100,100,100,100,100,1,10000,50
0.354920020559803,100,100,100,100,100,1,10000,50
0.0035,100,100,100,100.0035,100.0035,1,10000,50
0.0258762340527028,100,100,100,100,100,1,10000,50
0.595584705006331,100,100,100,100,100,1,10000,50
0.577969488920644,100,100,100,100,100,1,10000,50
0.0145,100,100,100,100.0145,100.0145,1,10000,50
0.602725190110505,100,100,100,100,100,1,10000,50
0.232634744374081,100,100,100,100,100,1,10000,50
0.0015,100,100,100,100.0015,100.0015,1,10000,50
0.160899774869904,100,100,100,100,100,1,10000,50
0.293353310553357,100,100,100,100,100,1,10000,50
0.002,100,100,100,100.002,100.002,1,10000,50
0.762749959947541,100,100,100,100,100,1,10000,50
0.31488412572071,100,100,100,100,100,1,10000,50
