"p","truediv","chaoest","obsD","upper","lower","l","inds","reps"
0.910012662410736,200,200,200,200,200,1,31623,50
0.706387395504862,200,200,200,200,200,1,31623,50
5e-04,200,200,200,200.0005,200.0005,1,31623,50
0.896547675598413,200,200,200,200,200,1,31623,50
0.619398905429989,200,200,200,200,200,1,31623,50
0.704038745490834,200,200,200,200,200,1,31623,50
0.387484742095694,200,200,200,200,200,1,31623,50
0.428576013538986,200,200,200,200,200,1,31623,50
0.004,200,200,200,200.004,200.004,1,31623,50
0.580852312967181,200,200,200,200,200,1,31623,50
5e-04,200,200,200,200.0005,200.0005,1,31623,50
0.773242946946993,200,200,200,200,200,1,31623,50
5e-04,200,200,200,200.0005,200.0005,1,31623,50
0.908781775971875,200,200,200,200,200,1,31623,50
0.495446358574554,200,200,200,200,200,1,31623,50
0.633245035074651,200,200,200,200,200,1,31623,50
5e-04,200,200,200,200.0005,200.0005,1,31623,50
0.153712854720652,200,200,200,200,200,1,31623,50
0.152927797287703,200,200,200,200,200,1,31623,50
0.429910853737965,200,200,200,200,200,1,31623,50
0.541725992690772,200,200,200,200,200,1,31623,50
5e-04,200,200,200,200.0005,200.0005,1,31623,50
0.002,200,200,200,200.002,200.002,1,31623,50
5e-04,200,200,200,200.0005,200.0005,1,31623,50
0.1185,200,200,200,200.1185,199.1185,1,31623,50
0.212927560554817,200,200,200,200,200,1,31623,50
0.740623190067708,200,200,200,200,200,1,31623,50
0.004,200,200,200,200.004,200.004,1,31623,50
0.440705946180969,200,200,200,200,200,1,31623,50
0.219131375197321,200,200,200,200,200,1,31623,50
0.001,200,200,200,200.001,200.001,1,31623,50
5e-04,200,200,200,200.0005,200.0005,1,31623,50
0.321191397728398,200,200,200,200,200,1,31623,50
0.982237647520378,200,200,200,200,200,1,31623,50
0.0025,200,200,200,200.0025,200.0025,1,31623,50
0.902299160836264,200,200,200,200,200,1,31623,50
0.295254026539624,200,200,200,200,200,1,31623,50
0.620949142379686,200,200,200,200,200,1,31623,50
0.52275654906407,200,200,200,200,200,1,31623,50
0.001,200,200,200,200.001,200.001,1,31623,50
5e-04,200,200,200,200.0005,200.0005,1,31623,50
5e-04,200,200,200,200.0005,200.0005,1,31623,50
0.001,200,200,200,200.001,200.001,1,31623,50
0.231432536849752,200,200,200,200,200,1,31623,50
0.359350074082613,200,200,200,200,200,1,31623,50
0.34014208544977,200,200,200,200,200,1,31623,50
0.655686113517731,200,200,200,200,200,1,31623,50
0.00925840530544519,200,200,200,200,200,1,31623,50
0.833844056352973,200,200,200,200,200,1,31623,50
0.82938099722378,200,200,200,200,200,1,31623,50
