"p","truediv","chaoest","obsD","upper","lower","l","inds","reps"
5e-04,200,200,200,200.0005,200.0005,1,31623,50
0.001,200,200,200,200.001,200.001,1,31623,50
0.596094073494896,200,200,200,200,200,1,31623,50
0.66265341360122,200,200,200,200,200,1,31623,50
0.672801876906306,200,200,200,200,200,1,31623,50
0.890819811495021,200,200,200,200,200,1,31623,50
0.0015,200,200,200,200.0015,200.0015,1,31623,50
5e-04,200,200,200,200.0005,200.0005,1,31623,50
5e-04,200,200,200,200.0005,200.0005,1,31623,50
0.446623848285526,200,200,200,200,200,1,31623,50
0.002,200,200,200,200.002,200.002,1,31623,50
0.792320610489696,200,200,200,200,200,1,31623,50
5e-04,200,200,200,200.0005,200.0005,1,31623,50
0.0271804125513881,200,200,200,200,200,1,31623,50
0.001,200,200,200,200.001,200.001,1,31623,50
0.464555374346673,200,200,200,200,200,1,31623,50
0.648574644466862,200,200,200,200,200,1,31623,50
5e-04,200,200,200,200.0005,200.0005,1,31623,50
0.839605318615213,200,200,200,200,200,1,31623,50
0.001,200,200,200,200.001,200.001,1,31623,50
0.563732300885022,200,200,200,200,200,1,31623,50
0.0015,200,200,200,200.0015,200.0015,1,31623,50
0.810210567899048,200,200,200,200,200,1,31623,50
0.601738798664883,200,200,200,200,200,1,31623,50
0.018791776150465,200,200,200,200,200,1,31623,50
0.0015,200,200,200,200.0015,200.0015,1,31623,50
0.263698103604838,200,200,200,200,200,1,31623,50
0.002,200,200,200,200.002,200.002,1,31623,50
0.606443962780759,200,200,200,200,200,1,31623,50
0.0749424684327096,200,200,200,200,200,1,31623,50
0.002,200,200,200,200.002,200.002,1,31623,50
0.001,200,200,200,200.001,200.001,1,31623,50
0.338124216999859,200,200,200,200,200,1,31623,50
0.411205487325788,200,200,200,200,200,1,31623,50
0.002,200,200,200,200.002,200.002,1,31623,50
0.005,200,200,200,200.005,200.005,1,31623,50
0.310843348503113,200,200,200,200,200,1,31623,50
5e-04,200,200,200,200.0005,200.0005,1,31623,50
0.0015,200,200,200,200.0015,200.0015,1,31623,50
0.01849011820741,200,200,200,200,200,1,31623,50
0.002,200,200,200,200.002,200.002,1,31623,50
0.004,200,200,200,200.003250023717,200.003250023717,1,31623,50
0.001,200,200,200,200.001,200.001,1,31623,50
0.0678019633051008,200,200,200,200,200,1,31623,50
0.434026529313996,200,200,200,200,200,1,31623,50
0.554274879163131,200,200,200,200,200,1,31623,50
0.41784596000798,200,200,200,200,200,1,31623,50
0.999653694219887,200,200,200,200,200,1,31623,50
0.092399169690907,200,200,200,200,200,1,31623,50
5e-04,200,200,200,200.0005,200.0005,1,31623,50
