"p","truediv","chaoest","obsD","upper","lower","l","inds","reps"
0.001,200,200,200,200.000750025,200.000750025,1,10000,50
5e-04,200,200,200,200.0005,200.0005,1,10000,50
0.001,200,200,200,200.001,200.001,1,10000,50
0.001,200,200,200,200.001,200.001,1,10000,50
0.707652817945927,200,200,200,200,200,1,10000,50
0.473063422599807,200,200,200,200,200,1,10000,50
5e-04,200,200,200,200.0005,200.0005,1,10000,50
5e-04,200,200,200,200.0005,200.0005,1,10000,50
0.249738194746897,200,200,200,200,200,1,10000,50
0.002,200,200,200,200.002,200.002,1,10000,50
0.003,200,200,200,200.003,200.003,1,10000,50
0.111205429537222,200,200,200,200,200,1,10000,50
0.46299193170853,200,200,200,200,200,1,10000,50
0.0294642122462392,200,200,200,200,200,1,10000,50
5e-04,200,200,200,200.0005,200.0005,1,10000,50
0.0015,200,200,200,200.0015,200.0015,1,10000,50
0.00922153354622424,200,200,200,200,200,1,10000,50
0.495976117439568,200,200,200,200,200,1,10000,50
0.222502095391974,200,200,200,200,200,1,10000,50
0.373369998764247,200,200,200,200,200,1,10000,50
0.0165,200,200,200,200.0165,200.0165,1,10000,50
5e-04,200,200,200,200.0005,200.0005,1,10000,50
0.0025,200,200,200,200.0025,200.0025,1,10000,50
0.74419729411602,200,200,200,200,200,1,10000,50
0.0065,200,200,200,200.00600005,200.00600005,1,10000,50
0.019,200,200,200,200.019,200.019,1,10000,50
5e-04,200,200,200,200.0005,200.0005,1,10000,50
0.0065,200,200,200,200.006250025,200.006250025,1,10000,50
0.110743017634377,200,200,200,200,200,1,10000,50
5e-04,200,200,200,200.0005,200.0005,1,10000,50
0.328819662332535,200,200,200,200,200,1,10000,50
0.002,200,200,200,200.002,200.002,1,10000,50
0.0015,200,200,200,200.0015,200.0015,1,10000,50
0.0015,200,200,200,200.0015,200.0015,1,10000,50
5e-04,200,200,200,200.0005,200.0005,1,10000,50
0.641784933162853,200,200,200,200,200,1,10000,50
0.113561568083242,200,200,200,200,200,1,10000,50
0.145231069298461,200,200,200,200,200,1,10000,50
5e-04,200,200,200,200.0005,200.0005,1,10000,50
0.495367707218975,200,200,200,200,200,1,10000,50
0.001,200,200,200,200.001,200.001,1,10000,50
0.001,200,200,200,200.001,200.001,1,10000,50
0.0015,200,200,200,200.0015,200.0015,1,10000,50
0.0065,200,200,200,200.006250025,200.006250025,1,10000,50
0.004,200,200,200,200.00350005,200.00350005,1,10000,50
0.506403121631593,200,200,200,200,200,1,10000,50
5e-04,200,200,200,200.0005,200.0005,1,10000,50
5e-04,200,200,200,200.0005,200.0005,1,10000,50
5e-04,200,200,200,200.0005,200.0005,1,10000,50
5e-04,200,200,200,200.0005,200.0005,1,10000,50
