"p","truediv","chaoest","obsD","upper","lower","l","inds","reps"
0.396910447161645,200,200,200,200,200,1,31623,50
5e-04,200,200,200,200.0005,200.0005,1,31623,50
0.001,200,200,200,200.001,200.001,1,31623,50
5e-04,200,200,200,200.0005,200.0005,1,31623,50
0.0015,200,200,200,200.0015,200.0015,1,31623,50
5e-04,200,200,200,200.0005,200.0005,1,31623,50
0.61597548192367,200,200,200,200,200,1,31623,50
0.019,200,200,200,200.019,200.019,1,31623,50
0.561435125069693,200,200,200,200,200,1,31623,50
0.001,200,200,200,200.001,200.001,1,31623,50
0.946386172436178,200,200,200,200,200,1,31623,50
0.214518515160307,200,200,200,200,200,1,31623,50
0.001,200,200,200,200.001,200.001,1,31623,50
0.728458234807476,200,200,200,200,200,1,31623,50
0.119409489678219,200,200,200,200,200,1,31623,50
0.603001250186935,200,200,200,200,200,1,31623,50
5e-04,200,200,200,200.0005,200.0005,1,31623,50
0.379263330018148,200,200,200,200,200,1,31623,50
0.295576345408335,200,200,200,200,200,1,31623,50
0.001,200,200,200,200.001,200.001,1,31623,50
0.374182464089245,200,200,200,200,200,1,31623,50
0.239207473350689,200,200,200,200,200,1,31623,50
0.005,200,200,200,200.005,200.005,1,31623,50
0.563108942005783,200,200,200,200,200,1,31623,50
0.34109947597608,200,200,200,200,200,1,31623,50
5e-04,200,200,200,200.0005,200.0005,1,31623,50
0.024,200,200,200,200.024,200.024,1,31623,50
5e-04,200,200,200,200.0005,200.0005,1,31623,50
0.0748974259477109,200,200,200,200,200,1,31623,50
5e-04,200,200,200,200.0005,200.0005,1,31623,50
0.196525814943016,200,200,200,200,200,1,31623,50
0.12303872522898,200,200,200,200,200,1,31623,50
5e-04,200,200,200,200.0005,200.0005,1,31623,50
5e-04,200,200,200,200.0005,200.0005,1,31623,50
0.318782205460593,200,200,200,200,200,1,31623,50
0.615525181405246,200,200,200,200,200,1,31623,50
0.949654149822891,200,200,200,200,200,1,31623,50
0.499021055176854,200,200,200,200,200,1,31623,50
0.021,200,200,200,200.021,200.021,1,31623,50
5e-04,200,200,200,200.0005,200.0005,1,31623,50
5e-04,200,200,200,200.0005,200.0005,1,31623,50
0.008,200,200,200,200.008,200.008,1,31623,50
0.697099815355614,200,200,200,200,200,1,31623,50
0.0015,200,200,200,200.0015,200.0015,1,31623,50
0.0955536896362901,200,200,200,200,200,1,31623,50
0.002,200,200,200,200.002,200.002,1,31623,50
0.001,200,200,200,200.000750007906,200.000750007906,1,31623,50
0.002,200,200,200,200.002,200.002,1,31623,50
0.0015,200,200,200,200.0015,200.0015,1,31623,50
0.016,200,200,200,200.016,200.016,1,31623,50
