"p","truediv","chaoest","obsD","upper","lower","l","inds","reps"
0.0172149362042546,200,200,200,200,200,1,31623,50
0.413630470633507,200,200,200,200,200,1,31623,50
0.0015,200,200,200,200.0015,200.0015,1,31623,50
5e-04,200,200,200,200.0005,200.0005,1,31623,50
0.0025,200,200,200,200.0025,200.0025,1,31623,50
0.0468020003754646,200,200,200,200,200,1,31623,50
0.544386912370101,200,200,200,200,200,1,31623,50
0.0839785744901747,200,200,200,200,200,1,31623,50
0.001,200,200,200,200.001,200.001,1,31623,50
0.478443363448605,200,200,200,200,200,1,31623,50
0.824561974732205,200,200,200,200,200,1,31623,50
0.78784395288676,200,200,200,200,200,1,31623,50
0.5999446939677,200,200,200,200,200,1,31623,50
0.0185,200,200,200,200.0185,200.0185,1,31623,50
0.114781136158854,200,200,200,200,200,1,31623,50
0.009,200,200,200,200.008000031623,200.008000031623,1,31623,50
0.320604958571494,200,200,200,200,200,1,31623,50
0.22762433742173,200,200,200,200,200,1,31623,50
0.0015,200,200,200,200.001250007906,200.001250007906,1,31623,50
0.88823090493679,200,200,200,200,200,1,31623,50
5e-04,200,200,200,200.0005,200.0005,1,31623,50
0.888208585325629,200,200,200,200,200,1,31623,50
0.004,200,200,200,200.004,200.004,1,31623,50
0.004,200,200,200,200.004,200.004,1,31623,50
0.221178071107715,200,200,200,200,200,1,31623,50
0.62895056582056,200,200,200,200,200,1,31623,50
0.001,200,200,200,200.001,200.001,1,31623,50
0.43844313477166,200,200,200,200,200,1,31623,50
0.715256494004279,200,200,200,200,200,1,31623,50
0.113426584284753,200,200,200,200,200,1,31623,50
0.106787817552686,200,200,200,200,200,1,31623,50
0.736882302444428,200,200,200,200,200,1,31623,50
0.1315,200,200,200,200.1315,199.1315,1,31623,50
0.570482925511897,200,200,200,200,200,1,31623,50
0.222612650832161,200,200,200,200,200,1,31623,50
0.265415586531162,200,200,200,200,200,1,31623,50
0.565120068378747,200,200,200,200,200,1,31623,50
0.719897319795564,200,200,200,200,200,1,31623,50
0.554405744420364,200,200,200,200,200,1,31623,50
0.001,200,200,200,200.001,200.001,1,31623,50
0.0766726629808545,200,200,200,200,200,1,31623,50
0.932548064505681,200,200,200,200,200,1,31623,50
0.266672689234838,200,200,200,200,200,1,31623,50
0.001,200,200,200,200.001,200.001,1,31623,50
5e-04,200,200,200,200.0005,200.0005,1,31623,50
0.308743409113958,200,200,200,200,200,1,31623,50
0.385017425520346,200,200,200,200,200,1,31623,50
0.0015,200,200,200,200.0015,200.0015,1,31623,50
0.001,200,200,200,200.001,200.001,1,31623,50
5e-04,200,200,200,200.0005,200.0005,1,31623,50
