"p","truediv","chaoest","obsD","upper","lower","l","inds","reps"
0.002,200,200,200,200.002,200.002,1,10000,50
0.80967381852679,200,200,200,200,200,1,10000,50
0.135341014713049,200,200,200,200,200,1,10000,50
0.166696161497384,200,200,200,200,200,1,10000,50
0.078557098750025,200,200,200,200,200,1,10000,50
0.396849538432434,200,200,200,200,200,1,10000,50
0.191048946930096,200,200,200,200,200,1,10000,50
0.240437338128686,200,200,200,200,200,1,10000,50
0.150355271995068,200,200,200,200,200,1,10000,50
0.960901753045619,200,200,200,200,200,1,10000,50
0.41146926744841,200,200,200,200,200,1,10000,50
0.32021176093258,200,200,200,200,200,1,10000,50
0.532904667314142,200,200,200,200,200,1,10000,50
0.0025,200,200,200,200.0025,200.0025,1,10000,50
0.887272757012397,200,200,200,200,200,1,10000,50
0.441037781303748,200,200,200,200,200,1,10000,50
0.852767253294587,200,200,200,200,200,1,10000,50
0.0529528225306422,200,200,200,200,200,1,10000,50
0.0015,200,200,200,200.0015,200.0015,1,10000,50
0.647152161924168,200,200,200,200,200,1,10000,50
0.001,200,200,200,200.001,200.001,1,10000,50
0.915590104181319,200,200,200,200,200,1,10000,50
0.0015,200,200,200,200.0015,200.0015,1,10000,50
5e-04,200,200,200,200.0005,200.0005,1,10000,50
0.537482191808522,200,200,200,200,200,1,10000,50
0.536465555429459,200,200,200,200,200,1,10000,50
5e-04,200,200,200,200.0005,200.0005,1,10000,50
0.703916298691183,200,200,200,200,200,1,10000,50
0.875639631878585,200,200,200,200,200,1,10000,50
0.994351455941796,200,200,200,200,200,1,10000,50
0.148976167198271,200,200,200,200,200,1,10000,50
0.693755203625187,200,200,200,200,200,1,10000,50
0.004,200,200,200,200.004,200.004,1,10000,50
0.127463198965415,200,200,200,200,200,1,10000,50
0.088053678162396,200,200,200,200,200,1,10000,50
0.105838959105313,200,200,200,200,200,1,10000,50
0.105270523577929,200,200,200,200,200,1,10000,50
0.0751611860468984,200,200,200,200,200,1,10000,50
0.462225802708417,200,200,200,200,200,1,10000,50
0.162215797696263,200,200,200,200,200,1,10000,50
0.577944356948137,200,200,200,200,200,1,10000,50
5e-04,200,200,200,200.0005,200.0005,1,10000,50
5e-04,200,200,200,200.0005,200.0005,1,10000,50
0.0179561134427786,200,200,200,200,200,1,10000,50
0.445439303992316,200,200,200,200,200,1,10000,50
0.155388626735657,200,200,200,200,200,1,10000,50
0.0989293891470879,200,200,200,200,200,1,10000,50
0.118220874574035,200,200,200,200,200,1,10000,50
5e-04,200,200,200,200.0005,200.0005,1,10000,50
0.360022850800306,200,200,200,200,200,1,10000,50
