"p","truediv","chaoest","obsD","upper","lower","l","inds","reps"
0.900732546811923,200,200,200,200,200,1,10000,50
0.399465540191159,200,200,200,200,200,1,10000,50
0.0015,200,200,200,200.0015,200.0015,1,10000,50
0.662827822845429,200,200,200,200,200,1,10000,50
5e-04,200,200,200,200.0005,200.0005,1,10000,50
0.483518575550988,200,200,200,200,200,1,10000,50
0.903630020562559,200,200,200,200,200,1,10000,50
0.883475258247927,200,200,200,200,200,1,10000,50
0.513641890604049,200,200,200,200,200,1,10000,50
0.10056693223305,200,200,200,200,200,1,10000,50
0.180063262814656,200,200,200,200,200,1,10000,50
0.271933044772595,200,200,200,200,200,1,10000,50
0.2967359861359,200,200,200,200,200,1,10000,50
0.640442720847204,200,200,200,200,200,1,10000,50
0.712588206864893,200,200,200,200,200,1,10000,50
0.304080629954115,200,200,200,200,200,1,10000,50
0.199159851530567,200,200,200,200,200,1,10000,50
0.0252229534089565,200,200,200,200,200,1,10000,50
0.48305928055197,200,200,200,200,200,1,10000,50
0.00113947945646942,200,200,200,200,200,1,10000,50
0.833208005875349,200,200,200,200,200,1,10000,50
0.353371170349419,200,200,200,200,200,1,10000,50
0.266844387631863,200,200,200,200,200,1,10000,50
5e-04,200,200,200,200.0005,200.0005,1,10000,50
0.534427675418556,200,200,200,200,200,1,10000,50
0.177043212112039,200,200,200,200,200,1,10000,50
0.0015,200,200,200,200.0015,200.0015,1,10000,50
0.78721997491084,200,200,200,200,200,1,10000,50
0.45489468309097,200,200,200,200,200,1,10000,50
0.459689398063347,200,200,200,200,200,1,10000,50
0.197787011275068,200,200,200,200,200,1,10000,50
0.394552165642381,200,200,200,200,200,1,10000,50
0.001,200,200,200,200.001,200.001,1,10000,50
0.002,200,200,200,200.002,200.002,1,10000,50
0.531819214113057,200,200,200,200,200,1,10000,50
0.439882316393778,200,200,200,200,200,1,10000,50
0.518869635183364,200,200,200,200,200,1,10000,50
0.62739122658968,200,200,200,200,200,1,10000,50
0.409098311560228,200,200,200,200,200,1,10000,50
0.56939215422608,200,200,200,200,200,1,10000,50
5e-04,200,200,200,200.0005,200.0005,1,10000,50
0.427637645741925,200,200,200,200,200,1,10000,50
0.610870574135333,200,200,200,200,200,1,10000,50
0.813183702761307,200,200,200,200,200,1,10000,50
0.264692475553602,200,200,200,200,200,1,10000,50
0.731852049473673,200,200,200,200,200,1,10000,50
0.458253140095621,200,200,200,200,200,1,10000,50
0.866709726164117,200,200,200,200,200,1,10000,50
0.456784140318632,200,200,200,200,200,1,10000,50
0.499479843536392,200,200,200,200,200,1,10000,50
