"p","truediv","chaoest","obsD","upper","lower","l","inds","reps"
0.0025,200,200,200,200.0025,200.0025,1,31623,50
5e-04,200,200,200,200.0005,200.0005,1,31623,50
0.257940415292978,200,200,200,200,200,1,31623,50
0.615178453037515,200,200,200,200,200,1,31623,50
0.751007109647617,200,200,200,200,200,1,31623,50
0.163335395278409,200,200,200,200,200,1,31623,50
0.362180229509249,200,200,200,200,200,1,31623,50
0.420107198879123,200,200,200,200,200,1,31623,50
0.49094770476222,200,200,200,200,200,1,31623,50
0.0185,200,200,200,200.0185,200.0185,1,31623,50
0.983271376462653,200,200,200,200,200,1,31623,50
0.741765526821837,200,200,200,200,200,1,31623,50
0.99736309167929,200,200,200,200,200,1,31623,50
5e-04,200,200,200,200.0005,200.0005,1,31623,50
0.821024298667908,200,200,200,200,200,1,31623,50
0.111675073392689,200,200,200,200,200,1,31623,50
0.0015,200,200,200,200.0015,200.0015,1,31623,50
5e-04,200,200,200,200.0005,200.0005,1,31623,50
0.001,200,200,200,200.001,200.001,1,31623,50
5e-04,200,200,200,200.0005,200.0005,1,31623,50
0.63250274094753,200,200,200,200,200,1,31623,50
0.090427327202633,200,200,200,200,200,1,31623,50
0.183664810843766,200,200,200,200,200,1,31623,50
0.492188050178811,200,200,200,200,200,1,31623,50
0.449098158394918,200,200,200,200,200,1,31623,50
0.006,200,200,200,200.006,200.006,1,31623,50
0.0225,200,200,200,200.0225,200.0225,1,31623,50
0.342740321531892,200,200,200,200,200,1,31623,50
0.407524528447539,200,200,200,200,200,1,31623,50
0.337753316154703,200,200,200,200,200,1,31623,50
0.0227709824685007,200,200,200,200,200,1,31623,50
0.0111404885537922,200,200,200,200,200,1,31623,50
0.680371371796355,200,200,200,200,200,1,31623,50
0.138862195191905,200,200,200,200,200,1,31623,50
0.001,200,200,200,200.001,200.001,1,31623,50
0.685218380996957,200,200,200,200,200,1,31623,50
5e-04,200,200,200,200.0005,200.0005,1,31623,50
0.396201807074249,200,200,200,200,200,1,31623,50
0.425143699161708,200,200,200,200,200,1,31623,50
0.242652326822281,200,200,200,200,200,1,31623,50
5e-04,200,200,200,200.0005,200.0005,1,31623,50
0.307922422420233,200,200,200,200,200,1,31623,50
0.0522367761004716,200,200,200,200,200,1,31623,50
0.0454722824506462,200,200,200,200,200,1,31623,50
0.437265543732792,200,200,200,200,200,1,31623,50
0.653479457134381,200,200,200,200,200,1,31623,50
0.119180866284296,200,200,200,200,200,1,31623,50
0.991763748461381,200,200,200,200,200,1,31623,50
0.968553428305313,200,200,200,200,200,1,31623,50
0.732908793492243,200,200,200,200,200,1,31623,50
