"p","truediv","chaoest","obsD","upper","lower","l","inds","reps"
0.002,200,200,200,200.002,200.002,1,31623,50
5e-04,200,200,200,200.0005,200.0005,1,31623,50
0.001,200,200,200,200.001,200.001,1,31623,50
0.404098091181368,200,200,200,200,200,1,31623,50
0.549579299753532,200,200,200,200,200,1,31623,50
0.948246045503765,200,200,200,200,200,1,31623,50
0.733841985929757,200,200,200,200,200,1,31623,50
0.856481555849314,200,200,200,200,200,1,31623,50
0.0035,200,200,200,200.0035,200.0035,1,31623,50
0.518710499629378,200,200,200,200,200,1,31623,50
0.169815549859777,200,200,200,200,200,1,31623,50
0.0045,200,200,200,200.0045,200.0045,1,31623,50
0.572480858536437,200,200,200,200,200,1,31623,50
0.0025,200,200,200,200.0025,200.0025,1,31623,50
0.268241836922243,200,200,200,200,200,1,31623,50
0.785074048209935,200,200,200,200,200,1,31623,50
0.38363426271826,200,200,200,200,200,1,31623,50
0.422417672816664,200,200,200,200,200,1,31623,50
5e-04,200,200,200,200.0005,200.0005,1,31623,50
0.387870241887867,200,200,200,200,200,1,31623,50
0.64973963983357,200,200,200,200,200,1,31623,50
0.141488704830408,200,200,200,200,200,1,31623,50
0.0195,200,200,200,200.0195,200.0195,1,31623,50
0.677637011744082,200,200,200,200,200,1,31623,50
0.581265810178593,200,200,200,200,200,1,31623,50
0.0853198810946196,200,200,200,200,200,1,31623,50
0.406447484157979,200,200,200,200,200,1,31623,50
0.622391236247495,200,200,200,200,200,1,31623,50
5e-04,200,200,200,200.0005,200.0005,1,31623,50
0.67689016694203,200,200,200,200,200,1,31623,50
0.810702404472977,200,200,200,200,200,1,31623,50
0.488001691410318,200,200,200,200,200,1,31623,50
5e-04,200,200,200,200.0005,200.0005,1,31623,50
0.772121869958937,200,200,200,200,200,1,31623,50
0.140853373100981,200,200,200,200,200,1,31623,50
0.591890764189884,200,200,200,200,200,1,31623,50
0.841959456680343,200,200,200,200,200,1,31623,50
0.211044481722638,200,200,200,200,200,1,31623,50
0.0085,200,200,200,200.0085,200.0085,1,31623,50
0.8491451961454,200,200,200,200,200,1,31623,50
0.4716802444309,200,200,200,200,200,1,31623,50
0.938124205218628,200,200,200,200,200,1,31623,50
0.891351874917746,200,200,200,200,200,1,31623,50
0.138052260968834,200,200,200,200,200,1,31623,50
0.460140299983323,200,200,200,200,200,1,31623,50
0.637972037307918,200,200,200,200,200,1,31623,50
0.578996137483045,200,200,200,200,200,1,31623,50
0.001,200,200,200,200.001,200.001,1,31623,50
0.902389347553253,200,200,200,200,200,1,31623,50
0.813927469309419,200,200,200,200,200,1,31623,50
