"p","truediv","chaoest","obsD","upper","lower","l","inds","reps"
5e-04,200,200,200,200.0005,200.0005,1,31623,50
0.0015,200,200,200,200.0015,200.0015,1,31623,50
5e-04,200,200,200,200.0005,200.0005,1,31623,50
0.0015,200,200,200,200.0015,200.0015,1,31623,50
0.382267588982359,200,200,200,200,200,1,31623,50
0.0025,200,200,200,200.0025,200.0025,1,31623,50
5e-04,200,200,200,200.0005,200.0005,1,31623,50
0.315667388262227,200,200,200,200,200,1,31623,50
0.774615114787593,200,200,200,200,200,1,31623,50
0.131643067114055,200,200,200,200,200,1,31623,50
0.709670022595674,200,200,200,200,200,1,31623,50
0.219474153593183,200,200,200,200,200,1,31623,50
0.347242226125672,200,200,200,200,200,1,31623,50
0.56950131454505,200,200,200,200,200,1,31623,50
0.579456164268777,200,200,200,200,200,1,31623,50
5e-04,200,200,200,200.0005,200.0005,1,31623,50
0.85136064956896,200,200,200,200,200,1,31623,50
5e-04,200,200,200,200.0005,200.0005,1,31623,50
0.269317389233038,200,200,200,200,200,1,31623,50
5e-04,200,200,200,200.0005,200.0005,1,31623,50
0.153844612417743,200,200,200,200,200,1,31623,50
0.39630984258838,200,200,200,200,200,1,31623,50
0.851733057992533,200,200,200,200,200,1,31623,50
5e-04,200,200,200,200.0005,200.0005,1,31623,50
0.546393566066399,200,200,200,200,200,1,31623,50
0.001,200,200,200,200.001,200.001,1,31623,50
0.0015,200,200,200,200.0015,200.0015,1,31623,50
0.354395419359207,200,200,200,200,200,1,31623,50
0.944023668533191,200,200,200,200,200,1,31623,50
0.0015,200,200,200,200.0015,200.0015,1,31623,50
0.485764435259625,200,200,200,200,200,1,31623,50
0.293964433250949,200,200,200,200,200,1,31623,50
0.555571182165295,200,200,200,200,200,1,31623,50
0.006,200,200,200,200.006,200.006,1,31623,50
0.0075,200,200,200,200.0075,200.0075,1,31623,50
0.624137307750061,200,200,200,200,200,1,31623,50
0.164279795950279,200,200,200,200,200,1,31623,50
5e-04,200,200,200,200.0005,200.0005,1,31623,50
0.604500700253993,200,200,200,200,200,1,31623,50
0.840106032788754,200,200,200,200,200,1,31623,50
0.0025,200,200,200,200.0025,200.0025,1,31623,50
0.597547864774242,200,200,200,200,200,1,31623,50
0.589661505073309,200,200,200,200,200,1,31623,50
0.105857241898775,200,200,200,200,200,1,31623,50
0.001,200,200,200,200.001,200.001,1,31623,50
0.0195,200,200,200,200.0195,200.0195,1,31623,50
0.883360303239897,200,200,200,200,200,1,31623,50
0.200316203758121,200,200,200,200,200,1,31623,50
0.0015,200,200,200,200.0015,200.0015,1,31623,50
5e-04,200,200,200,200.0005,200.0005,1,31623,50
