"p","truediv","chaoest","obsD","upper","lower","l","inds","reps"
0.497552449116483,200,200,200,200,200,1,31623,50
5e-04,200,200,200,200.0005,200.0005,1,31623,50
0.0015,200,200,200,200.0015,200.0015,1,31623,50
0.0015,200,200,200,200.0015,200.0015,1,31623,50
0.988565393956378,200,200,200,200,200,1,31623,50
0.114555615466088,200,200,200,200,200,1,31623,50
0.0015,200,200,200,200.0015,200.0015,1,31623,50
5e-04,200,200,200,200.0005,200.0005,1,31623,50
0.771710223751143,200,200,200,200,200,1,31623,50
0.001,200,200,200,200.001,200.001,1,31623,50
0.578628231305629,200,200,200,200,200,1,31623,50
0.0804059747606516,200,200,200,200,200,1,31623,50
0.004,200,200,200,200.004,200.004,1,31623,50
0.018,200,200,200,200.017500015811,200.017500015811,1,31623,50
0.001,200,200,200,200.001,200.001,1,31623,50
5e-04,200,200,200,200.0005,200.0005,1,31623,50
0.0025,200,200,200,200.0025,200.0025,1,31623,50
0.85069806361571,200,200,200,200,200,1,31623,50
0.512283629039302,200,200,200,200,200,1,31623,50
0.436063432134688,200,200,200,200,200,1,31623,50
0.440416755154729,200,200,200,200,200,1,31623,50
0.213262215489522,200,200,200,200,200,1,31623,50
0.603563409531489,200,200,200,200,200,1,31623,50
0.648767091101035,200,200,200,200,200,1,31623,50
0.001,200,200,200,200.001,200.001,1,31623,50
5e-04,200,200,200,200.0005,200.0005,1,31623,50
5e-04,200,200,200,200.0005,200.0005,1,31623,50
5e-04,200,200,200,200.0005,200.0005,1,31623,50
0.611368016107008,200,200,200,200,200,1,31623,50
0.972591238562018,200,200,200,200,200,1,31623,50
0.482236375799403,200,200,200,200,200,1,31623,50
0.9995,200,200,200,199.999500015811,199.999500015811,1,31623,50
0.404330562800169,200,200,200,200,200,1,31623,50
0.163197186775506,200,200,200,200,200,1,31623,50
0.948034990346059,200,200,200,200,200,1,31623,50
5e-04,200,200,200,200.0005,200.0005,1,31623,50
0.47969065560028,200,200,200,200,200,1,31623,50
0.977249769959599,200,200,200,200,200,1,31623,50
0.587893952615559,200,200,200,200,200,1,31623,50
0.0702348938211799,200,200,200,200,200,1,31623,50
0.782311977585778,200,200,200,200,200,1,31623,50
0.0940110462252051,200,200,200,200,200,1,31623,50
5e-04,200,200,200,200.0005,200.0005,1,31623,50
0.96849966282025,200,200,200,200,200,1,31623,50
0.982611476443708,200,200,200,200,200,1,31623,50
0.0025,200,200,200,200.0025,200.0025,1,31623,50
0.237040379550308,200,200,200,200,200,1,31623,50
5e-04,200,200,200,200.0005,200.0005,1,31623,50
5e-04,200,200,200,200.0005,200.0005,1,31623,50
0.003,200,200,200,200.003,200.003,1,31623,50
