"p","truediv","chaoest","obsD","upper","lower","l","inds","reps"
5e-04,200,200,200,200.0005,200.0005,1,10000,50
0.472486831480637,200,200,200,200,200,1,10000,50
0.509537050267681,200,200,200,200,200,1,10000,50
0.78398721315898,200,200,200,200,200,1,10000,50
5e-04,200,200,200,200.0005,200.0005,1,10000,50
0.411081594182178,200,200,200,200,200,1,10000,50
0.232675171690062,200,200,200,200,200,1,10000,50
0.810296395327896,200,200,200,200,200,1,10000,50
5e-04,200,200,200,200.0005,200.0005,1,10000,50
0.974823444150388,200,200,200,200,200,1,10000,50
0.609617181122303,200,200,200,200,200,1,10000,50
0.598966583842412,200,200,200,200,200,1,10000,50
0.20244631334208,200,200,200,200,200,1,10000,50
0.382941881893203,200,200,200,200,200,1,10000,50
0.936303368536755,200,200,200,200,200,1,10000,50
0.396746442886069,200,200,200,200,200,1,10000,50
0.46389235672541,200,200,200,200,200,1,10000,50
0.32293462078087,200,200,200,200,200,1,10000,50
0.586609426653013,200,200,200,200,200,1,10000,50
0.580247590783983,200,200,200,200,200,1,10000,50
0.558179116575047,200,200,200,200,200,1,10000,50
0.720804335549474,200,200,200,200,200,1,10000,50
0.599927952745929,200,200,200,200,200,1,10000,50
0.12166164861992,200,200,200,200,200,1,10000,50
0.627819370711222,200,200,200,200,200,1,10000,50
0.980360665824264,200,200,200,200,200,1,10000,50
0.111074524233118,200,200,200,200,200,1,10000,50
0.136555689387023,200,200,200,200,200,1,10000,50
5e-04,200,200,200,200.0005,200.0005,1,10000,50
0.423091906821355,200,200,200,200,200,1,10000,50
0.516672049416229,200,200,200,200,200,1,10000,50
0.769347086548805,200,200,200,200,200,1,10000,50
0.321927570970729,200,200,200,200,200,1,10000,50
0.228385377908126,200,200,200,200,200,1,10000,50
0.227725184056908,200,200,200,200,200,1,10000,50
0.468565227696672,200,200,200,200,200,1,10000,50
0.311207864433527,200,200,200,200,200,1,10000,50
0.288486316334456,200,200,200,200,200,1,10000,50
0.594127935357392,200,200,200,200,200,1,10000,50
0.473277555778623,200,200,200,200,200,1,10000,50
0.694588418817148,200,200,200,200,200,1,10000,50
0.631489476887509,200,200,200,200,200,1,10000,50
0.925075611565262,200,200,200,200,200,1,10000,50
0.001,200,200,200,200.001,200.001,1,10000,50
0.0695291804149747,200,200,200,200,200,1,10000,50
0.0417625466361642,200,200,200,200,200,1,10000,50
0.0555010333191603,200,200,200,200,200,1,10000,50
0.562106053112075,200,200,200,200,200,1,10000,50
0.88057260774076,200,200,200,200,200,1,10000,50
0.131852749502286,200,200,200,200,200,1,10000,50
