"p","truediv","chaoest","obsD","upper","lower","l","inds","reps"
0.0015,200,200,200,200.0015,200.0015,1,31623,50
0.001,200,200,200,200.001,200.001,1,31623,50
0.570505563635379,200,200,200,200,200,1,31623,50
0.962758260313421,200,200,200,200,200,1,31623,50
0.0718729502987117,200,200,200,200,200,1,31623,50
5e-04,200,200,200,200.0005,200.0005,1,31623,50
0.006,200,200,200,200.006,200.006,1,31623,50
0.736754452576861,200,200,200,200,200,1,31623,50
5e-04,200,200,200,200.0005,200.0005,1,31623,50
5e-04,200,200,200,200.0005,200.0005,1,31623,50
0.817089480115101,200,200,200,200,200,1,31623,50
0.0942818811163306,200,200,200,200,200,1,31623,50
0.34964243369177,200,200,200,200,200,1,31623,50
0.001,200,200,200,200.001,200.001,1,31623,50
0.511873212410137,200,200,200,200,200,1,31623,50
0.001,200,200,200,200.001,200.001,1,31623,50
0.0015,200,200,200,200.0015,200.0015,1,31623,50
0.306376227876171,200,200,200,200,200,1,31623,50
0.427413050318137,200,200,200,200,200,1,31623,50
0.317578217945993,200,200,200,200,200,1,31623,50
0.001,200,200,200,200.001,200.001,1,31623,50
0.0602322940248996,200,200,200,200,200,1,31623,50
0.0015,200,200,200,200.0015,200.0015,1,31623,50
0.754410375375301,200,200,200,200,200,1,31623,50
0.232745527056977,200,200,200,200,200,1,31623,50
0.873037050710991,200,200,200,200,200,1,31623,50
0.711231675697491,200,200,200,200,200,1,31623,50
0.001,200,200,200,200.001,200.001,1,31623,50
0.85739106265828,200,200,200,200,200,1,31623,50
0.292646237416193,200,200,200,200,200,1,31623,50
0.915151876397431,200,200,200,200,200,1,31623,50
0.001,200,200,200,200.001,200.001,1,31623,50
0.0015,200,200,200,200.0015,200.0015,1,31623,50
0.883882357506081,200,200,200,200,200,1,31623,50
0.121088324347511,200,200,200,200,200,1,31623,50
0.0924475917126983,200,200,200,200,200,1,31623,50
0.167079414939508,200,200,200,200,200,1,31623,50
0.278322918806225,200,200,200,200,200,1,31623,50
0.932476181536913,200,200,200,200,200,1,31623,50
0.0485,200,200,200,200.048250007906,199.048250007906,1,31623,50
0.270742855267599,200,200,200,200,200,1,31623,50
0.534538325620815,200,200,200,200,200,1,31623,50
0.0015,200,200,200,200.0015,200.0015,1,31623,50
0.001,200,200,200,200.001,200.001,1,31623,50
0.712325000436977,200,200,200,200,200,1,31623,50
0.002,200,200,200,200.002,200.002,1,31623,50
0.133204019628465,200,200,200,200,200,1,31623,50
0.721425953321159,200,200,200,200,200,1,31623,50
0.0186816619243473,200,200,200,200,200,1,31623,50
0.644744608784094,200,200,200,200,200,1,31623,50
