"p","truediv","chaoest","obsD","upper","lower","l","inds","reps"
0.0822742027230561,200,200,200,200,200,1,31623,50
5e-04,200,200,200,200.0005,200.0005,1,31623,50
5e-04,200,200,200,200.0005,200.0005,1,31623,50
0.0015,200,200,200,200.0015,200.0015,1,31623,50
0.019,200,200,200,200.018750007906,200.018750007906,1,31623,50
0.518303917022422,200,200,200,200,200,1,31623,50
0.0565073967445642,200,200,200,200,200,1,31623,50
0.0045,200,200,200,200.0045,200.0045,1,31623,50
5e-04,200,200,200,200.0005,200.0005,1,31623,50
0.931146055227146,200,200,200,200,200,1,31623,50
0.714110980276018,200,200,200,200,200,1,31623,50
0.84509763889946,200,200,200,200,200,1,31623,50
0.830457645002753,200,200,200,200,200,1,31623,50
0.816903240280226,200,200,200,200,200,1,31623,50
0.0015,200,200,200,200.0015,200.0015,1,31623,50
0.001,200,200,200,200.001,200.001,1,31623,50
5e-04,200,200,200,200.0005,200.0005,1,31623,50
0.001,200,200,200,200.001,200.001,1,31623,50
5e-04,200,200,200,200.0005,200.0005,1,31623,50
0.823460553772748,200,200,200,200,200,1,31623,50
0.008,200,200,200,200.008,200.008,1,31623,50
0.967296936316416,200,200,200,200,200,1,31623,50
0.37389721442014,200,200,200,200,200,1,31623,50
0.161859828513116,200,200,200,200,200,1,31623,50
0.182053361553699,200,200,200,200,200,1,31623,50
0.002,200,200,200,200.002,200.002,1,31623,50
0.955288492375985,200,200,200,200,200,1,31623,50
0.81930589908734,200,200,200,200,200,1,31623,50
0.791117847664282,200,200,200,200,200,1,31623,50
0.0590166952461004,200,200,200,200,200,1,31623,50
0.833559343824163,200,200,200,200,200,1,31623,50
0.001,200,200,200,200.001,200.001,1,31623,50
0.618812064407393,200,200,200,200,200,1,31623,50
0.023,200,200,200,200.023,200.023,1,31623,50
0.925999131985009,200,200,200,200,200,1,31623,50
0.860831846715882,200,200,200,200,200,1,31623,50
0.0914919022470713,200,200,200,200,200,1,31623,50
5e-04,200,200,200,200.0005,200.0005,1,31623,50
0.0132947403471917,200,200,200,200,200,1,31623,50
0.943177268607542,200,200,200,200,200,1,31623,50
0.328939556609839,200,200,200,200,200,1,31623,50
0.566439483081922,200,200,200,200,200,1,31623,50
0.003,200,200,200,200.003,200.003,1,31623,50
0.971738052554429,200,200,200,200,200,1,31623,50
0.662737622158602,200,200,200,200,200,1,31623,50
0.0025,200,200,200,200.0025,200.0025,1,31623,50
0.821013721404597,200,200,200,200,200,1,31623,50
0.492762996582314,200,200,200,200,200,1,31623,50
0.889806186314672,200,200,200,200,200,1,31623,50
0.423312925267965,200,200,200,200,200,1,31623,50
