"p","truediv","chaoest","obsD","upper","lower","l","inds","reps"
0.854851690120995,100,100,100,100,100,1,10000,50
0.955205898266286,100,100,100,100,100,1,10000,50
0.801288581686094,100,100,100,100,100,1,10000,50
0.229519833344966,100,100,100,100,100,1,10000,50
0.660458198515698,100,100,100,100,100,1,10000,50
0.0205,100,100,100,100.0205,100.0205,1,10000,50
0.638199731707573,100,100,100,100,100,1,10000,50
0.261940758675337,100,100,100,100,100,1,10000,50
0.924874140648171,100,100,100,100,100,1,10000,50
0.123228789074346,100,100,100,100,100,1,10000,50
0.002,100,100,100,100.002,100.002,1,10000,50
0.843660500366241,100,100,100,100,100,1,10000,50
5e-04,100,100,100,100.0005,100.0005,1,10000,50
0.176925077103078,100,100,100,100,100,1,10000,50
5e-04,100,100,100,100.0005,100.0005,1,10000,50
0.970909897470847,100,100,100,100,100,1,10000,50
0.753341958625242,100,100,100,100,100,1,10000,50
0.568078555166721,100,100,100,100,100,1,10000,50
0.319961237255484,100,100,100,100,100,1,10000,50
0.89612661069259,100,100,100,100,100,1,10000,50
0.663316228426993,100,100,100,100,100,1,10000,50
0.28301367489621,100,100,100,100,100,1,10000,50
0.722212767228484,100,100,100,100,100,1,10000,50
0.920373096130788,100,100,100,100,100,1,10000,50
0.42814251431264,100,100,100,100,100,1,10000,50
0.650844654068351,100,100,100,100,100,1,10000,50
0.73765428783372,100,100,100,100,100,1,10000,50
0.827259663958102,100,100,100,100,100,1,10000,50
0.534005410969257,100,100,100,100,100,1,10000,50
0.75829846272245,100,100,100,100,100,1,10000,50
0.886193000711501,100,100,100,100,100,1,10000,50
0.362515894230455,100,100,100,100,100,1,10000,50
0.426136075519025,100,100,100,100,100,1,10000,50
0.390824608271942,100,100,100,100,100,1,10000,50
0.306582197314128,100,100,100,100,100,1,10000,50
0.002,100,100,100,100.002,100.002,1,10000,50
0.339491717051715,100,100,100,100,100,1,10000,50
5e-04,100,100,100,100.0005,100.0005,1,10000,50
5e-04,100,100,100,100.0005,100.0005,1,10000,50
0.325148387579247,100,100,100,100,100,1,10000,50
0.258850611746311,100,100,100,100,100,1,10000,50
0.972382814390585,100,100,100,100,100,1,10000,50
0.001,100,100,100,100.001,100.001,1,10000,50
0.204703939380124,100,100,100,100,100,1,10000,50
0.399320935597643,100,100,100,100,100,1,10000,50
0.530222281813622,100,100,100,100,100,1,10000,50
0.383143957937136,100,100,100,100,100,1,10000,50
0.351895397529006,100,100,100,100,100,1,10000,50
0.0015,100,100,100,100.0015,100.0015,1,10000,50
0.193701681680977,100,100,100,100,100,1,10000,50
