"p","truediv","chaoest","obsD","upper","lower","l","inds","reps"
0.528461509617046,200,200,200,200,200,1,10000,50
0.381226503057405,200,200,200,200,200,1,10000,50
0.0015,200,200,200,200.0015,200.0015,1,10000,50
0.881996615789831,200,200,200,200,200,1,10000,50
0.814331635134295,200,200,200,200,200,1,10000,50
0.630199804436415,200,200,200,200,200,1,10000,50
0.640133419306949,200,200,200,200,200,1,10000,50
0.458149374462664,200,200,200,200,200,1,10000,50
0.345711216097698,200,200,200,200,200,1,10000,50
0.198092252016068,200,200,200,200,200,1,10000,50
0.422965805511922,200,200,200,200,200,1,10000,50
0.151796329533681,200,200,200,200,200,1,10000,50
0.0205909656360745,200,200,200,200,200,1,10000,50
0.900346700334921,200,200,200,200,200,1,10000,50
0.745295375352725,200,200,200,200,200,1,10000,50
0.521189710823819,200,200,200,200,200,1,10000,50
0.98668328137137,200,200,200,200,200,1,10000,50
0.650333274621516,200,200,200,200,200,1,10000,50
5e-04,200,200,200,200.0005,200.0005,1,10000,50
0.164063215488568,200,200,200,200,200,1,10000,50
0.681933920364827,200,200,200,200,200,1,10000,50
0.733931525610387,200,200,200,200,200,1,10000,50
5e-04,200,200,200,200.0005,200.0005,1,10000,50
0.211592408129945,200,200,200,200,200,1,10000,50
0.38295505172573,200,200,200,200,200,1,10000,50
0.347198270726949,200,200,200,200,200,1,10000,50
0.001,200,200,200,200.001,200.001,1,10000,50
0.470717631047592,200,200,200,200,200,1,10000,50
0.666951083345339,200,200,200,200,200,1,10000,50
0.113428712356836,200,200,200,200,200,1,10000,50
0.956478371983394,200,200,200,200,200,1,10000,50
0.724017151864246,200,200,200,200,200,1,10000,50
0.812009159475565,200,200,200,200,200,1,10000,50
0.929615778615698,200,200,200,200,200,1,10000,50
0.42233225912787,200,200,200,200,200,1,10000,50
0.456353346118703,200,200,200,200,200,1,10000,50
0.778923209290951,200,200,200,200,200,1,10000,50
0.366531014675274,200,200,200,200,200,1,10000,50
0.697838534368202,200,200,200,200,200,1,10000,50
0.001,200,200,200,200.001,200.001,1,10000,50
0.0844524689018726,200,200,200,200,200,1,10000,50
5e-04,200,200,200,200.0005,200.0005,1,10000,50
0.277212322223932,200,200,200,200,200,1,10000,50
5e-04,200,200,200,200.0005,200.0005,1,10000,50
0.0685523091815412,200,200,200,200,200,1,10000,50
0.858369320165366,200,200,200,200,200,1,10000,50
0.206115984590724,200,200,200,200,200,1,10000,50
0.0210873759351671,200,200,200,200,200,1,10000,50
0.213483083993196,200,200,200,200,200,1,10000,50
0.0761743958573788,200,200,200,200,200,1,10000,50
