"p","truediv","chaoest","obsD","upper","lower","l","inds","reps"
0.047,200,200,200,200.047,199.047,1,31623,50
0.818900362588465,200,200,200,200,200,1,31623,50
0.887846175348386,200,200,200,200,200,1,31623,50
0.13484200113453,200,200,200,200,200,1,31623,50
0.522609421750531,200,200,200,200,200,1,31623,50
0.0775632292497903,200,200,200,200,200,1,31623,50
5e-04,200,200,200,200.0005,200.0005,1,31623,50
0.0644511536229402,200,200,200,200,200,1,31623,50
0.635060800705105,200,200,200,200,200,1,31623,50
0.0025,200,200,200,200.0025,200.0025,1,31623,50
0.0175,200,200,200,200.017250007906,200.017250007906,1,31623,50
5e-04,200,200,200,200.0005,200.0005,1,31623,50
0.0015,200,200,200,200.0015,200.0015,1,31623,50
5e-04,200,200,200,200.0005,200.0005,1,31623,50
0.219937485875562,200,200,200,200,200,1,31623,50
0.645808984758332,200,200,200,200,200,1,31623,50
0.685239900369197,200,200,200,200,200,1,31623,50
0.30194728076458,200,200,200,200,200,1,31623,50
0.00416232459247112,200,200,200,200,200,1,31623,50
0.968442594166845,200,200,200,200,200,1,31623,50
0.0525,200,200,200,200.0525,199.0525,1,31623,50
0.0065,200,200,200,200.0065,200.0065,1,31623,50
0.0025,200,200,200,200.0025,200.0025,1,31623,50
5e-04,200,200,200,200.0005,200.0005,1,31623,50
0.654567432356998,200,200,200,200,200,1,31623,50
0.785374738043174,200,200,200,200,200,1,31623,50
5e-04,200,200,200,200.0005,200.0005,1,31623,50
0.0665638823993504,200,200,200,200,200,1,31623,50
0.356122268131003,200,200,200,200,200,1,31623,50
5e-04,200,200,200,200.0005,200.0005,1,31623,50
0.114653502823785,200,200,200,200,200,1,31623,50
0.70060663158074,200,200,200,200,200,1,31623,50
0.306255366653204,200,200,200,200,200,1,31623,50
0.96303851925768,200,200,200,200,200,1,31623,50
0.888868671143427,200,200,200,200,200,1,31623,50
0.79716636473313,200,200,200,200,200,1,31623,50
0.0025,200,200,200,200.0025,200.0025,1,31623,50
0.648323624162003,200,200,200,200,200,1,31623,50
0.0025,200,200,200,200.0025,200.0025,1,31623,50
0.261921388329938,200,200,200,200,200,1,31623,50
0.009,200,200,200,200.009,200.009,1,31623,50
5e-04,200,200,200,200.0005,200.0005,1,31623,50
0.30838752980344,200,200,200,200,200,1,31623,50
0.49138177675195,200,200,200,200,200,1,31623,50
5e-04,200,200,200,200.0005,200.0005,1,31623,50
0.001,200,200,200,200.001,200.001,1,31623,50
0.0015,200,200,200,200.0015,200.0015,1,31623,50
0.0185,200,200,200,200.0185,200.0185,1,31623,50
0.371244821930304,200,200,200,200,200,1,31623,50
0.001,200,200,200,200.001,200.001,1,31623,50
