"p","truediv","chaoest","obsD","upper","lower","l","inds","reps"
0.498167565325275,200,200,200,200,200,1,31623,50
0.571760095655918,200,200,200,200,200,1,31623,50
0.001,200,200,200,200.001,200.001,1,31623,50
5e-04,200,200,200,200.0005,200.0005,1,31623,50
5e-04,200,200,200,200.0005,200.0005,1,31623,50
0.538622154854238,200,200,200,200,200,1,31623,50
0.921371074160561,200,200,200,200,200,1,31623,50
0.968754318775609,200,200,200,200,200,1,31623,50
5e-04,200,200,200,200.0005,200.0005,1,31623,50
0.019,200,200,200,200.018750007906,200.018750007906,1,31623,50
0.0065,200,200,200,200.0065,200.0065,1,31623,50
5e-04,200,200,200,200.0005,200.0005,1,31623,50
5e-04,200,200,200,200.0005,200.0005,1,31623,50
0.195435181958601,200,200,200,200,200,1,31623,50
0.370006087701768,200,200,200,200,200,1,31623,50
5e-04,200,200,200,200.0005,200.0005,1,31623,50
0.001,200,200,200,200.001,200.001,1,31623,50
0.001,200,200,200,200.001,200.001,1,31623,50
0.0055,200,200,200,200.0055,200.0055,1,31623,50
0.0990963836666197,200,200,200,200,200,1,31623,50
0.123844814952463,200,200,200,200,200,1,31623,50
0.773117252159864,200,200,200,200,200,1,31623,50
0.867441636510193,200,200,200,200,200,1,31623,50
0.828583392780274,200,200,200,200,200,1,31623,50
0.323416482890025,200,200,200,200,200,1,31623,50
0.126,200,200,200,200.126,199.126,1,31623,50
0.291697018546984,200,200,200,200,200,1,31623,50
0.0015,200,200,200,200.0015,200.0015,1,31623,50
0.417435626033694,200,200,200,200,200,1,31623,50
0.793225056026131,200,200,200,200,200,1,31623,50
0.564919663360342,200,200,200,200,200,1,31623,50
0.786004468565807,200,200,200,200,200,1,31623,50
0.351676090387627,200,200,200,200,200,1,31623,50
0.0175333877559751,200,200,200,200,200,1,31623,50
5e-04,200,200,200,200.0005,200.0005,1,31623,50
0.01,200,200,200,200.01,200.01,1,31623,50
0.691206163726747,200,200,200,200,200,1,31623,50
0.001,200,200,200,200.001,200.001,1,31623,50
0.0838894159533083,200,200,200,200,200,1,31623,50
0.0075,200,200,200,200.0075,200.0075,1,31623,50
0.001,200,200,200,200.001,200.001,1,31623,50
5e-04,200,200,200,200.0005,200.0005,1,31623,50
0.201505112694576,200,200,200,200,200,1,31623,50
0.0145,200,200,200,200.0145,200.0145,1,31623,50
0.001,200,200,200,200.001,200.001,1,31623,50
0.922150785336271,200,200,200,200,200,1,31623,50
0.171465489314869,200,200,200,200,200,1,31623,50
0.006,200,200,200,200.006,200.006,1,31623,50
0.458278221078217,200,200,200,200,200,1,31623,50
0.0075,200,200,200,200.0075,200.0075,1,31623,50
