"p","truediv","chaoest","obsD","upper","lower","l","inds","reps"
0.001,200,200,200,200.001,200.001,1,10000,50
0.971720364643261,200,200,200,200,200,1,10000,50
0.088470560265705,200,200,200,200,200,1,10000,50
0.345912636490539,200,200,200,200,200,1,10000,50
0.379927470581606,200,200,200,200,200,1,10000,50
5e-04,200,200,200,200.0005,200.0005,1,10000,50
0.770707128103822,200,200,200,200,200,1,10000,50
0.699507776880637,200,200,200,200,200,1,10000,50
0.004,200,200,200,200.004,200.004,1,10000,50
0.975933544104919,200,200,200,200,200,1,10000,50
0.601405301131308,200,200,200,200,200,1,10000,50
0.764401995576918,200,200,200,200,200,1,10000,50
0.705674638506025,200,200,200,200,200,1,10000,50
0.93514846987091,200,200,200,200,200,1,10000,50
0.239435395924374,200,200,200,200,200,1,10000,50
0.41962631046772,200,200,200,200,200,1,10000,50
0.900347457500175,200,200,200,200,200,1,10000,50
0.450987017480657,200,200,200,200,200,1,10000,50
0.474296337924898,200,200,200,200,200,1,10000,50
0.0141307727899402,200,200,200,200,200,1,10000,50
0.003,200,200,200,200.003,200.003,1,10000,50
0.987511201994494,200,200,200,200,200,1,10000,50
0.13851115340367,200,200,200,200,200,1,10000,50
0.896490914514288,200,200,200,200,200,1,10000,50
0.001,200,200,200,200.001,200.001,1,10000,50
0.153050309047103,200,200,200,200,200,1,10000,50
0.183408204233274,200,200,200,200,200,1,10000,50
0.113862599479035,200,200,200,200,200,1,10000,50
0.764701548963785,200,200,200,200,200,1,10000,50
5e-04,200,200,200,200.0005,200.0005,1,10000,50
5e-04,200,200,200,200.0005,200.0005,1,10000,50
0.228258705930784,200,200,200,200,200,1,10000,50
0.514891143888235,200,200,200,200,200,1,10000,50
0.509918697411194,200,200,200,200,200,1,10000,50
0.833539630984887,200,200,200,200,200,1,10000,50
0.117604272207245,200,200,200,200,200,1,10000,50
0.546806366182864,200,200,200,200,200,1,10000,50
0.74882143526338,200,200,200,200,200,1,10000,50
0.809867229545489,200,200,200,200,200,1,10000,50
5e-04,200,200,200,200.0005,200.0005,1,10000,50
0.998351712245494,200,200,200,200,200,1,10000,50
0.998501324793324,200,200,200,200,200,1,10000,50
0.781584402779117,200,200,200,200,200,1,10000,50
0.759323712671176,200,200,200,200,200,1,10000,50
0.223318342119455,200,200,200,200,200,1,10000,50
0.506816227920353,200,200,200,200,200,1,10000,50
0.873486048541963,200,200,200,200,200,1,10000,50
0.709367927629501,200,200,200,200,200,1,10000,50
0.40186251164414,200,200,200,200,200,1,10000,50
0.0604647716972977,200,200,200,200,200,1,10000,50
