"p","truediv","chaoest","obsD","upper","lower","l","inds","reps"
0.0185,200,200,200,200.0185,200.0185,1,31623,50
0.003,200,200,200,200.003,200.003,1,31623,50
0.001,200,200,200,200.001,200.001,1,31623,50
5e-04,200,200,200,200.0005,200.0005,1,31623,50
0.0146590752992779,200,200,200,200,200,1,31623,50
0.251119859516621,200,200,200,200,200,1,31623,50
0.867762194946408,200,200,200,200,200,1,31623,50
5e-04,200,200,200,200.0005,200.0005,1,31623,50
0.674629515036941,200,200,200,200,200,1,31623,50
0.001,200,200,200,200.001,200.001,1,31623,50
0.877959656296298,200,200,200,200,200,1,31623,50
0.779561525210738,200,200,200,200,200,1,31623,50
0.974545935867354,200,200,200,200,200,1,31623,50
5e-04,200,200,200,200.0005,200.0005,1,31623,50
0.0015,200,200,200,200.0015,200.0015,1,31623,50
0.524374665692449,200,200,200,200,200,1,31623,50
0.590567048173398,200,200,200,200,200,1,31623,50
0.0025,200,200,200,200.002250007906,200.002250007906,1,31623,50
0.560632562031969,200,200,200,200,200,1,31623,50
0.336968723451719,200,200,200,200,200,1,31623,50
0.420221392065287,200,200,200,200,200,1,31623,50
0.150412277085707,200,200,200,200,200,1,31623,50
0.00585482479073107,200,200,200,200,200,1,31623,50
0.737042052671313,200,200,200,200,200,1,31623,50
0.885409141425043,200,200,200,200,200,1,31623,50
0.001,200,200,200,200.001,200.001,1,31623,50
0.798309797653928,200,200,200,200,200,1,31623,50
0.549371862784028,200,200,200,200,200,1,31623,50
0.973599457647651,200,200,200,200,200,1,31623,50
0.598017607815564,200,200,200,200,200,1,31623,50
5e-04,200,200,200,200.0005,200.0005,1,31623,50
0.146671599941328,200,200,200,200,200,1,31623,50
0.304652980528772,200,200,200,200,200,1,31623,50
0.800920163281262,200,200,200,200,200,1,31623,50
0.003,200,200,200,200.003,200.003,1,31623,50
5e-04,200,200,200,200.0005,200.0005,1,31623,50
0.938418456586078,200,200,200,200,200,1,31623,50
0.001,200,200,200,200.001,200.001,1,31623,50
0.100590094225481,200,200,200,200,200,1,31623,50
0.110403827158734,200,200,200,200,200,1,31623,50
0.146369661903009,200,200,200,200,200,1,31623,50
0.0274348398670554,200,200,200,200,200,1,31623,50
0.15718013397418,200,200,200,200,200,1,31623,50
0.289535754127428,200,200,200,200,200,1,31623,50
0.154761153273284,200,200,200,200,200,1,31623,50
0.285411452176049,200,200,200,200,200,1,31623,50
5e-04,200,200,200,200.0005,200.0005,1,31623,50
0.705751787638292,200,200,200,200,200,1,31623,50
5e-04,200,200,200,200.0005,200.0005,1,31623,50
0.001,200,200,200,200.001,200.001,1,31623,50
