"p","truediv","chaoest","obsD","upper","lower","l","inds","reps"
0.670274809002876,100,100,100,100,100,1,5623,50
0.818358731456101,100,100,100,100,100,1,5623,50
0.239276198670268,100,100,100,100,100,1,5623,50
0.69052371638827,100,100,100,100,100,1,5623,50
0.0393340857699513,100,100,100,100,100,1,5623,50
0.206186608411372,100,100,100,100,100,1,5623,50
0.777237753849477,100,100,100,100,100,1,5623,50
0.351721167331561,100,100,100,100,100,1,5623,50
0.891417442588136,100,100,100,100,100,1,5623,50
0.289737711194903,100,100,100,100,100,1,5623,50
0.0964724407531321,100,100,100,100,100,1,5623,50
5e-04,100,100,100,100.0005,100.0005,1,5623,50
0.600733041996136,100,100,100,100,100,1,5623,50
0.901357089867815,100,100,100,100,100,1,5623,50
0.0794307433534414,100,100,100,100,100,1,5623,50
0.001,100,100,100,100.001,100.001,1,5623,50
0.299555780831724,100,100,100,100,100,1,5623,50
0.584312079241499,100,100,100,100,100,1,5623,50
5e-04,100,100,100,100.0005,100.0005,1,5623,50
0.724285050295293,100,100,100,100,100,1,5623,50
0.590487988200039,100,100,100,100,100,1,5623,50
0.464019909035414,100,100,100,100,100,1,5623,50
0.0746258355211467,100,100,100,100,100,1,5623,50
0.86691107833758,100,100,100,100,100,1,5623,50
0.390294892480597,100,100,100,100,100,1,5623,50
0.293420925270766,100,100,100,100,100,1,5623,50
0.856583127053455,100,100,100,100,100,1,5623,50
0.169259185902774,100,100,100,100,100,1,5623,50
0.0724463164806366,100,100,100,100,100,1,5623,50
0.594078639755026,100,100,100,100,100,1,5623,50
0.93342649564147,100,100,100,100,100,1,5623,50
0.205889591481537,100,100,100,100,100,1,5623,50
0.359794042306021,100,100,100,100,100,1,5623,50
0.0207058594096452,100,100,100,100,100,1,5623,50
0.457370243268088,100,100,100,100,100,1,5623,50
0.199839680222794,100,100,100,100,100,1,5623,50
0.876944529823959,100,100,100,100,100,1,5623,50
0.352542930981144,100,100,100,100,100,1,5623,50
0.174768846714869,100,100,100,100,100,1,5623,50
0.928781088674441,100,100,100,100,100,1,5623,50
0.533417132217437,100,100,100,100,100,1,5623,50
0.141469400608912,100,100,100,100,100,1,5623,50
5e-04,100,100,100,100.0005,100.0005,1,5623,50
0.730739466380328,100,100,100,100,100,1,5623,50
0.167153230402619,100,100,100,100,100,1,5623,50
0.423674943158403,100,100,100,100,100,1,5623,50
0.6297532976605,100,100,100,100,100,1,5623,50
0.240790614625439,100,100,100,100,100,1,5623,50
0.281307610683143,100,100,100,100,100,1,5623,50
0.604189343517646,100,100,100,100,100,1,5623,50
