"p","truediv","chaoest","obsD","upper","lower","l","inds","reps"
0.491450572386384,200,200,200,200,200,1,31623,50
0.186702099163085,200,200,200,200,200,1,31623,50
0.167502308264375,200,200,200,200,200,1,31623,50
0.02,200,200,200,200.02,200.02,1,31623,50
0.0619667975697666,200,200,200,200,200,1,31623,50
0.286914094351232,200,200,200,200,200,1,31623,50
0.0394221434835345,200,200,200,200,200,1,31623,50
0.0015,200,200,200,200.0015,200.0015,1,31623,50
0.681086366763338,200,200,200,200,200,1,31623,50
0.0647260579280555,200,200,200,200,200,1,31623,50
0.0085,200,200,200,200.0085,200.0085,1,31623,50
5e-04,200,200,200,200.0005,200.0005,1,31623,50
0.368826880352572,200,200,200,200,200,1,31623,50
5e-04,200,200,200,200.0005,200.0005,1,31623,50
0.774151247693226,200,200,200,200,200,1,31623,50
0.108937956392765,200,200,200,200,200,1,31623,50
5e-04,200,200,200,200.0005,200.0005,1,31623,50
0.87843673536554,200,200,200,200,200,1,31623,50
0.0015,200,200,200,200.0015,200.0015,1,31623,50
5e-04,200,200,200,200.0005,200.0005,1,31623,50
0.2946393834427,200,200,200,200,200,1,31623,50
0.65388038684614,200,200,200,200,200,1,31623,50
0.0806216015480459,200,200,200,200,200,1,31623,50
0.819294897839427,200,200,200,200,200,1,31623,50
0.647221551975235,200,200,200,200,200,1,31623,50
0.957672969670966,200,200,200,200,200,1,31623,50
0.001,200,200,200,200.001,200.001,1,31623,50
0.644495993852615,200,200,200,200,200,1,31623,50
0.638695605099201,200,200,200,200,200,1,31623,50
5e-04,200,200,200,200.0005,200.0005,1,31623,50
0.613159522181377,200,200,200,200,200,1,31623,50
0.961008284240961,200,200,200,200,200,1,31623,50
5e-04,200,200,200,200.0005,200.0005,1,31623,50
0.654942363500595,200,200,200,200,200,1,31623,50
0.0666102406103164,200,200,200,200,200,1,31623,50
0.903239977778867,200,200,200,200,200,1,31623,50
0.001,200,200,200,200.001,200.001,1,31623,50
0.328861077548936,200,200,200,200,200,1,31623,50
0.897799652069807,200,200,200,200,200,1,31623,50
0.717169122071937,200,200,200,200,200,1,31623,50
0.531747533008456,200,200,200,200,200,1,31623,50
0.002,200,200,200,200.002,200.002,1,31623,50
5e-04,200,200,200,200.0005,200.0005,1,31623,50
0.926989022642374,200,200,200,200,200,1,31623,50
0.6367123182863,200,200,200,200,200,1,31623,50
0.193435464054346,200,200,200,200,200,1,31623,50
5e-04,200,200,200,200.0005,200.0005,1,31623,50
5e-04,200,200,200,200.0005,200.0005,1,31623,50
0.627303886692971,200,200,200,200,200,1,31623,50
0.696289113955572,200,200,200,200,200,1,31623,50
