"p","truediv","chaoest","obsD","upper","lower","l","inds","reps"
0.388999158050865,100,100,100,100,100,1,10000,50
0.0300923092290759,100,100,100,100,100,1,10000,50
5e-04,100,100,100,100.0005,100.0005,1,10000,50
0.224129528040066,100,100,100,100,100,1,10000,50
0.151871970389038,100,100,100,100,100,1,10000,50
0.655740460148081,100,100,100,100,100,1,10000,50
0.85748014668934,100,100,100,100,100,1,10000,50
0.584615810308605,100,100,100,100,100,1,10000,50
0.892670444212854,100,100,100,100,100,1,10000,50
0.842620827490464,100,100,100,100,100,1,10000,50
0.957486089784652,100,100,100,100,100,1,10000,50
0.845684999600053,100,100,100,100,100,1,10000,50
0.197414696449414,100,100,100,100,100,1,10000,50
0.300719392718747,100,100,100,100,100,1,10000,50
5e-04,100,100,100,100.0005,100.0005,1,10000,50
0.347042661858723,100,100,100,100,100,1,10000,50
0.993490115273744,100,100,100,100,100,1,10000,50
0.57295364420861,100,100,100,100,100,1,10000,50
0.0105,100,100,100,100.0105,100.0105,1,10000,50
0.429573385044932,100,100,100,100,100,1,10000,50
0.0126377234701067,100,100,100,100,100,1,10000,50
0.324503224575892,100,100,100,100,100,1,10000,50
0.910151099320501,100,100,100,100,100,1,10000,50
0.001,100,100,100,100.001,100.001,1,10000,50
0.872720510698855,100,100,100,100,100,1,10000,50
0.344855940900743,100,100,100,100,100,1,10000,50
0.133293931838125,100,100,100,100,100,1,10000,50
0.864066253649071,100,100,100,100,100,1,10000,50
5e-04,100,100,100,100.0005,100.0005,1,10000,50
0.313519693445414,100,100,100,100,100,1,10000,50
0.0075,100,100,100,100.0075,100.0075,1,10000,50
0.403252160176635,100,100,100,100,100,1,10000,50
0.155501671833917,100,100,100,100,100,1,10000,50
0.840966824674979,100,100,100,100,100,1,10000,50
0.745870740385726,100,100,100,100,100,1,10000,50
0.0185,100,100,100,100.0185,100.0185,1,10000,50
0.172559651779011,100,100,100,100,100,1,10000,50
0.0483077436219901,100,100,100,100,100,1,10000,50
0.001,100,100,100,100.001,100.001,1,10000,50
5e-04,100,100,100,100.0005,100.0005,1,10000,50
0.0015,100,100,100,100.0015,100.0015,1,10000,50
0.551764564588666,100,100,100,100,100,1,10000,50
0.869390950771049,100,100,100,100,100,1,10000,50
0.479903550818563,100,100,100,100,100,1,10000,50
0.719878904754296,100,100,100,100,100,1,10000,50
0.39173664804548,100,100,100,100,100,1,10000,50
5e-04,100,100,100,100.0005,100.0005,1,10000,50
0.001,100,100,100,100.001,100.001,1,10000,50
0.214070490328595,100,100,100,100,100,1,10000,50
0.001,100,100,100,100.001,100.001,1,10000,50
