"p","truediv","chaoest","obsD","upper","lower","l","inds","reps"
5e-04,200,200,200,200.0005,200.0005,1,31623,50
0.001,200,200,200,200.001,200.001,1,31623,50
5e-04,200,200,200,200.0005,200.0005,1,31623,50
0.68998189503327,200,200,200,200,200,1,31623,50
0.878648081794381,200,200,200,200,200,1,31623,50
0.938107040477917,200,200,200,200,200,1,31623,50
0.906289613805711,200,200,200,200,200,1,31623,50
0.001,200,200,200,200.001,200.001,1,31623,50
0.0095,200,200,200,200.0095,200.0095,1,31623,50
0.821633309824392,200,200,200,200,200,1,31623,50
0.220901119755581,200,200,200,200,200,1,31623,50
0.0035,200,200,200,200.0035,200.0035,1,31623,50
0.001,200,200,200,200.001,200.001,1,31623,50
5e-04,200,200,200,200.0005,200.0005,1,31623,50
0.005,200,200,200,200.004750007906,200.004750007906,1,31623,50
0.698977624066174,200,200,200,200,200,1,31623,50
0.287183766486123,200,200,200,200,200,1,31623,50
0.549207098549232,200,200,200,200,200,1,31623,50
0.002,200,200,200,200.002,200.002,1,31623,50
0.490071848733351,200,200,200,200,200,1,31623,50
5e-04,200,200,200,200.0005,200.0005,1,31623,50
0.123865362256765,200,200,200,200,200,1,31623,50
0.002,200,200,200,200.002,200.002,1,31623,50
0.366032660473138,200,200,200,200,200,1,31623,50
5e-04,200,200,200,200.0005,200.0005,1,31623,50
0.920332005945966,200,200,200,200,200,1,31623,50
5e-04,200,200,200,200.0005,200.0005,1,31623,50
5e-04,200,200,200,200.0005,200.0005,1,31623,50
0.915456102229655,200,200,200,200,200,1,31623,50
0.674616977805272,200,200,200,200,200,1,31623,50
0.352302647661418,200,200,200,200,200,1,31623,50
0.952267528511584,200,200,200,200,200,1,31623,50
0.001,200,200,200,200.001,200.001,1,31623,50
0.142945626517758,200,200,200,200,200,1,31623,50
0.351710952585563,200,200,200,200,200,1,31623,50
0.0015,200,200,200,200.0015,200.0015,1,31623,50
0.15406566252932,200,200,200,200,200,1,31623,50
0.143634797539562,200,200,200,200,200,1,31623,50
0.486059137620032,200,200,200,200,200,1,31623,50
0.444249639287591,200,200,200,200,200,1,31623,50
0.701694306684658,200,200,200,200,200,1,31623,50
0.855478119105101,200,200,200,200,200,1,31623,50
0.002,200,200,200,200.002,200.002,1,31623,50
0.896540790330619,200,200,200,200,200,1,31623,50
0.440325715579093,200,200,200,200,200,1,31623,50
0.29805656010285,200,200,200,200,200,1,31623,50
0.003,200,200,200,200.003,200.003,1,31623,50
0.005,200,200,200,200.005,200.005,1,31623,50
0.001,200,200,200,200.001,200.001,1,31623,50
5e-04,200,200,200,200.0005,200.0005,1,31623,50
