"p","truediv","chaoest","obsD","upper","lower","l","inds","reps"
0.784456672146916,100,100,100,100,100,1,5623,50
0.93678825488314,100,100,100,100,100,1,5623,50
5e-04,100,100,100,100.0005,100.0005,1,5623,50
0.773615401703864,100,100,100,100,100,1,5623,50
0.364077883306891,100,100,100,100,100,1,5623,50
0.393720708088949,100,100,100,100,100,1,5623,50
0.698159634601325,100,100,100,100,100,1,5623,50
0.90932134189643,100,100,100,100,100,1,5623,50
0.001,100,100,100,100.001,100.001,1,5623,50
0.427827946608886,100,100,100,100,100,1,5623,50
0.045385098317638,100,100,100,100,100,1,5623,50
5e-04,100,100,100,100.0005,100.0005,1,5623,50
0.559686172055081,100,100,100,100,100,1,5623,50
0.200679530622438,100,100,100,100,100,1,5623,50
0.400574542814866,100,100,100,100,100,1,5623,50
0.231394706293941,100,100,100,100,100,1,5623,50
0.491496522212401,100,100,100,100,100,1,5623,50
0.96722517372109,100,100,100,100,100,1,5623,50
0.0577041569631547,100,100,100,100,100,1,5623,50
0.0489994948729873,100,100,100,100,100,1,5623,50
0.219561728881672,100,100,100,100,100,1,5623,50
0.803774405503646,100,100,100,100,100,1,5623,50
0.00972688803449273,100,100,100,100,100,1,5623,50
0.203197445720434,100,100,100,100,100,1,5623,50
5e-04,100,100,100,100.0005,100.0005,1,5623,50
0.490529809612781,100,100,100,100,100,1,5623,50
5e-04,100,100,100,100.0005,100.0005,1,5623,50
0.548085924470797,100,100,100,100,100,1,5623,50
0.197996132075787,100,100,100,100,100,1,5623,50
0.231767119141296,100,100,100,100,100,1,5623,50
0.734801223268732,100,100,100,100,100,1,5623,50
0.0803639071527869,100,100,100,100,100,1,5623,50
0.23583045694977,100,100,100,100,100,1,5623,50
0.0287122444715351,100,100,100,100,100,1,5623,50
0.860544024035335,100,100,100,100,100,1,5623,50
0.416197324404493,100,100,100,100,100,1,5623,50
0.77605062816292,100,100,100,100,100,1,5623,50
0.539391773985699,100,100,100,100,100,1,5623,50
0.659259727224708,100,100,100,100,100,1,5623,50
0.315745956031606,100,100,100,100,100,1,5623,50
0.0739224127028137,100,100,100,100,100,1,5623,50
0.532684109173715,100,100,100,100,100,1,5623,50
0.0845981645397842,100,100,100,100,100,1,5623,50
0.97566248010844,100,100,100,100,100,1,5623,50
0.0940128129441291,100,100,100,100,100,1,5623,50
0.587779604829848,100,100,100,100,100,1,5623,50
0.127516509732231,100,100,100,100,100,1,5623,50
0.194579497445375,100,100,100,100,100,1,5623,50
0.156588045414537,100,100,100,100,100,1,5623,50
0.746833315817639,100,100,100,100,100,1,5623,50
