"p","truediv","chaoest","obsD","upper","lower","l","inds","reps"
0.748304036213085,200,200,200,200,200,1,31623,50
0.003,200,200,200,200.002000031623,200.002000031623,1,31623,50
0.0015,200,200,200,200.0015,200.0015,1,31623,50
0.419922532979399,200,200,200,200,200,1,31623,50
0.573137575294822,200,200,200,200,200,1,31623,50
0.001,200,200,200,200.001,200.001,1,31623,50
0.245154651347548,200,200,200,200,200,1,31623,50
0.94500877824612,200,200,200,200,200,1,31623,50
5e-04,200,200,200,200.0005,200.0005,1,31623,50
0.714640991063789,200,200,200,200,200,1,31623,50
5e-04,200,200,200,200.0005,200.0005,1,31623,50
0.0909837814979255,200,200,200,200,200,1,31623,50
0.771549484692514,200,200,200,200,200,1,31623,50
0.514257526956499,200,200,200,200,200,1,31623,50
0.802606546785682,200,200,200,200,200,1,31623,50
5e-04,200,200,200,200.0005,200.0005,1,31623,50
0.362338999519125,200,200,200,200,200,1,31623,50
0.994278979953378,200,200,200,200,200,1,31623,50
0.588854444678873,200,200,200,200,200,1,31623,50
0.001,200,200,200,200.001,200.001,1,31623,50
0.0065,200,200,200,200.0065,200.0065,1,31623,50
0.002,200,200,200,200.002,200.002,1,31623,50
0.001,200,200,200,200.001,200.001,1,31623,50
0.13549082307145,200,200,200,200,200,1,31623,50
0.845212036045268,200,200,200,200,200,1,31623,50
0.001,200,200,200,200.001,200.001,1,31623,50
0.0661268173716962,200,200,200,200,200,1,31623,50
0.652600847417489,200,200,200,200,200,1,31623,50
0.007,200,200,200,200.007,200.007,1,31623,50
0.338586853118613,200,200,200,200,200,1,31623,50
0.53024293622002,200,200,200,200,200,1,31623,50
0.956773487851024,200,200,200,200,200,1,31623,50
0.566395822912455,200,200,200,200,200,1,31623,50
0.384241775842384,200,200,200,200,200,1,31623,50
5e-04,200,200,200,200.0005,200.0005,1,31623,50
0.173431815812364,200,200,200,200,200,1,31623,50
0.465790678746998,200,200,200,200,200,1,31623,50
0.399254079442471,200,200,200,200,200,1,31623,50
0.759601480560377,200,200,200,200,200,1,31623,50
0.670745412819088,200,200,200,200,200,1,31623,50
0.0025,200,200,200,200.0025,200.0025,1,31623,50
5e-04,200,200,200,200.0005,200.0005,1,31623,50
0.518755719996989,200,200,200,200,200,1,31623,50
0.0486950455233455,200,200,200,200,200,1,31623,50
0.0015,200,200,200,200.0015,200.0015,1,31623,50
0.663520713103935,200,200,200,200,200,1,31623,50
0.202329328516498,200,200,200,200,200,1,31623,50
0.821271562715992,200,200,200,200,200,1,31623,50
0.0025,200,200,200,200.0025,200.0025,1,31623,50
0.357401003362611,200,200,200,200,200,1,31623,50
