"p","truediv","chaoest","obsD","upper","lower","l","inds","reps"
0.76048217783682,200,200,200,200,200,1,10000,50
0.103801066754386,200,200,200,200,200,1,10000,50
5e-04,200,200,200,200.0005,200.0005,1,10000,50
0.769316118443385,200,200,200,200,200,1,10000,50
0.695625364081934,200,200,200,200,200,1,10000,50
0.968599373241886,200,200,200,200,200,1,10000,50
0.81843013712205,200,200,200,200,200,1,10000,50
0.680970857851207,200,200,200,200,200,1,10000,50
0.930868782335892,200,200,200,200,200,1,10000,50
5e-04,200,200,200,200.0005,200.0005,1,10000,50
0.956608343170956,200,200,200,200,200,1,10000,50
0.004,200,200,200,200.004,200.004,1,10000,50
0.186820261180401,200,200,200,200,200,1,10000,50
5e-04,200,200,200,200.0005,200.0005,1,10000,50
0.145409426186234,200,200,200,200,200,1,10000,50
0.297279139049351,200,200,200,200,200,1,10000,50
0.981425289064646,200,200,200,200,200,1,10000,50
0.848967442521825,200,200,200,200,200,1,10000,50
0.207381831249222,200,200,200,200,200,1,10000,50
0.376238731201738,200,200,200,200,200,1,10000,50
0.367665423545986,200,200,200,200,200,1,10000,50
0.267149796709418,200,200,200,200,200,1,10000,50
0.0357157273683697,200,200,200,200,200,1,10000,50
0.14927945449017,200,200,200,200,200,1,10000,50
0.95428140158765,200,200,200,200,200,1,10000,50
0.865727296797559,200,200,200,200,200,1,10000,50
0.178031369112432,200,200,200,200,200,1,10000,50
0.369840232422575,200,200,200,200,200,1,10000,50
0.769909765338525,200,200,200,200,200,1,10000,50
0.422986347461119,200,200,200,200,200,1,10000,50
0.41611618315801,200,200,200,200,200,1,10000,50
0.595058733364567,200,200,200,200,200,1,10000,50
0.15624713874422,200,200,200,200,200,1,10000,50
0.838503860868514,200,200,200,200,200,1,10000,50
0.643117121420801,200,200,200,200,200,1,10000,50
0.399356250651181,200,200,200,200,200,1,10000,50
0.244865775108337,200,200,200,200,200,1,10000,50
0.919832798885182,200,200,200,200,200,1,10000,50
0.8169306286145,200,200,200,200,200,1,10000,50
0.112425337079912,200,200,200,200,200,1,10000,50
0.901561759412289,200,200,200,200,200,1,10000,50
0.789372938452289,200,200,200,200,200,1,10000,50
0.736981235677376,200,200,200,200,200,1,10000,50
0.427328967256472,200,200,200,200,200,1,10000,50
0.565770859597251,200,200,200,200,200,1,10000,50
0.290072747506201,200,200,200,200,200,1,10000,50
0.431265295948833,200,200,200,200,200,1,10000,50
0.0181234043557197,200,200,200,200,200,1,10000,50
0.0390447834506631,200,200,200,200,200,1,10000,50
5e-04,200,200,200,200.0005,200.0005,1,10000,50
