"p","truediv","chaoest","obsD","upper","lower","l","inds","reps"
0.406528564402834,200,200,200,200,200,1,10000,50
0.002,200,200,200,200.002,200.002,1,10000,50
0.739161191275343,200,200,200,200,200,1,10000,50
0.376813522074372,200,200,200,200,200,1,10000,50
0.742314115632325,200,200,200,200,200,1,10000,50
0.513661206001416,200,200,200,200,200,1,10000,50
0.29242730862461,200,200,200,200,200,1,10000,50
0.661576249171048,200,200,200,200,200,1,10000,50
5e-04,200,200,200,200.0005,200.0005,1,10000,50
0.207956816535443,200,200,200,200,200,1,10000,50
0.405539622297511,200,200,200,200,200,1,10000,50
0.40156830358319,200,200,200,200,200,1,10000,50
0.867841012077406,200,200,200,200,200,1,10000,50
0.597051818389446,200,200,200,200,200,1,10000,50
0.001,200,200,200,200.001,200.001,1,10000,50
0.860154980793595,200,200,200,200,200,1,10000,50
0.284501219401136,200,200,200,200,200,1,10000,50
0.554387016920373,200,200,200,200,200,1,10000,50
0.712719947798178,200,200,200,200,200,1,10000,50
0.804304892662913,200,200,200,200,200,1,10000,50
0.0592260451521724,200,200,200,200,200,1,10000,50
0.789967123884708,200,200,200,200,200,1,10000,50
0.491835086839274,200,200,200,200,200,1,10000,50
0.0015,200,200,200,200.0015,200.0015,1,10000,50
5e-04,200,200,200,200.0005,200.0005,1,10000,50
0.524066719226539,200,200,200,200,200,1,10000,50
0.284865318797529,200,200,200,200,200,1,10000,50
0.836701474152505,200,200,200,200,200,1,10000,50
0.923511801054701,200,200,200,200,200,1,10000,50
0.811016987776384,200,200,200,200,200,1,10000,50
0.318052419926971,200,200,200,200,200,1,10000,50
0.226943600922823,200,200,200,200,200,1,10000,50
0.560070132603869,200,200,200,200,200,1,10000,50
0.0106797514017671,200,200,200,200,200,1,10000,50
0.548070793738589,200,200,200,200,200,1,10000,50
0.00107117206789553,200,200,200,200,200,1,10000,50
0.528742488240823,200,200,200,200,200,1,10000,50
0.922927598236129,200,200,200,200,200,1,10000,50
0.699544312432408,200,200,200,200,200,1,10000,50
0.237166679929942,200,200,200,200,200,1,10000,50
0.726036306936294,200,200,200,200,200,1,10000,50
0.198237434728071,200,200,200,200,200,1,10000,50
0.0489710848778486,200,200,200,200,200,1,10000,50
0.819451711606234,200,200,200,200,200,1,10000,50
0.118602768750861,200,200,200,200,200,1,10000,50
0.67833461612463,200,200,200,200,200,1,10000,50
0.002,200,200,200,200.002,200.002,1,10000,50
0.0767654965166003,200,200,200,200,200,1,10000,50
0.18482514587231,200,200,200,200,200,1,10000,50
0.884650394786149,200,200,200,200,200,1,10000,50
