"p","truediv","chaoest","obsD","upper","lower","l","inds","reps"
0.830249483929947,200,200,200,200,200,1,10000,50
0.113329603569582,200,200,200,200,200,1,10000,50
0.700026058359072,200,200,200,200,200,1,10000,50
0.744040737394243,200,200,200,200,200,1,10000,50
0.867585856001824,200,200,200,200,200,1,10000,50
0.107571653556079,200,200,200,200,200,1,10000,50
0.907395641319454,200,200,200,200,200,1,10000,50
0.624445772729814,200,200,200,200,200,1,10000,50
5e-04,200,200,200,200.0005,200.0005,1,10000,50
0.305433804402128,200,200,200,200,200,1,10000,50
0.93103126087226,200,200,200,200,200,1,10000,50
0.545083579840139,200,200,200,200,200,1,10000,50
0.437878035707399,200,200,200,200,200,1,10000,50
0.997307450277731,200,200,200,200,200,1,10000,50
0.997480953810737,200,200,200,200,200,1,10000,50
5e-04,200,200,200,200.0005,200.0005,1,10000,50
5e-04,200,200,200,200.0005,200.0005,1,10000,50
5e-04,200,200,200,200.0005,200.0005,1,10000,50
0.17066496796906,200,200,200,200,200,1,10000,50
0.597107150359079,200,200,200,200,200,1,10000,50
0.239263489609584,200,200,200,200,200,1,10000,50
0.991515555186197,200,200,200,200,200,1,10000,50
0.180245511233807,200,200,200,200,200,1,10000,50
0.578965439461172,200,200,200,200,200,1,10000,50
0.620495656039566,200,200,200,200,200,1,10000,50
0.881655497476459,200,200,200,200,200,1,10000,50
0.551670837216079,200,200,200,200,200,1,10000,50
0.789965074276552,200,200,200,200,200,1,10000,50
0.254037590464577,200,200,200,200,200,1,10000,50
0.360451783286408,200,200,200,200,200,1,10000,50
0.124061233131215,200,200,200,200,200,1,10000,50
0.64391984930262,200,200,200,200,200,1,10000,50
0.496538129169494,200,200,200,200,200,1,10000,50
0.11928106774576,200,200,200,200,200,1,10000,50
0.85769947245717,200,200,200,200,200,1,10000,50
0.13895806693472,200,200,200,200,200,1,10000,50
0.00613556895405054,200,200,200,200,200,1,10000,50
0.482751039322466,200,200,200,200,200,1,10000,50
0.0164052993059158,200,200,200,200,200,1,10000,50
5e-04,200,200,200,200.0005,200.0005,1,10000,50
0.290557901607826,200,200,200,200,200,1,10000,50
5e-04,200,200,200,200.0005,200.0005,1,10000,50
0.126472776755691,200,200,200,200,200,1,10000,50
0.365130231250077,200,200,200,200,200,1,10000,50
0.48669146001339,200,200,200,200,200,1,10000,50
5e-04,200,200,200,200.0005,200.0005,1,10000,50
0.314442248549312,200,200,200,200,200,1,10000,50
0.708590867929161,200,200,200,200,200,1,10000,50
0.0997745580971241,200,200,200,200,200,1,10000,50
0.611571790184826,200,200,200,200,200,1,10000,50
