"p","truediv","chaoest","obsD","upper","lower","l","inds","reps"
5e-04,100,100,100,100.0005,100.0005,1,5623,50
0.273657553829253,100,100,100,100,100,1,5623,50
0.203827388118953,100,100,100,100,100,1,5623,50
0.846965149277821,100,100,100,100,100,1,5623,50
0.891218841075897,100,100,100,100,100,1,5623,50
0.695593528915197,100,100,100,100,100,1,5623,50
0.027320418972522,100,100,100,100,100,1,5623,50
0.641344494652003,100,100,100,100,100,1,5623,50
0.371855545556173,100,100,100,100,100,1,5623,50
0.584360007196665,100,100,100,100,100,1,5623,50
0.78986948961392,100,100,100,100,100,1,5623,50
5e-04,100,100,100,100.0005,100.0005,1,5623,50
0.283260982250795,100,100,100,100,100,1,5623,50
0.879114879993722,100,100,100,100,100,1,5623,50
0.685740614775568,100,100,100,100,100,1,5623,50
0.179007391212508,100,100,100,100,100,1,5623,50
0.0400091691408306,100,100,100,100,100,1,5623,50
0.852911420864984,100,100,100,100,100,1,5623,50
0.643179061356932,100,100,100,100,100,1,5623,50
0.0667332867160439,100,100,100,100,100,1,5623,50
0.786395885515958,100,100,100,100,100,1,5623,50
0.385423944564536,100,100,100,100,100,1,5623,50
0.154016780667007,100,100,100,100,100,1,5623,50
0.703336830018088,100,100,100,100,100,1,5623,50
0.299935675458983,100,100,100,100,100,1,5623,50
0.64473991538398,100,100,100,100,100,1,5623,50
0.251821564277634,100,100,100,100,100,1,5623,50
0.409422077704221,100,100,100,100,100,1,5623,50
0.17020170413889,100,100,100,100,100,1,5623,50
0.003,100,100,100,100.003,100.003,1,5623,50
0.00709455530159175,100,100,100,100,100,1,5623,50
0.419537153793499,100,100,100,100,100,1,5623,50
0.168857465265319,100,100,100,100,100,1,5623,50
0.186118882615119,100,100,100,100,100,1,5623,50
0.349088461371139,100,100,100,100,100,1,5623,50
0.502688307315111,100,100,100,100,100,1,5623,50
0.621201365254819,100,100,100,100,100,1,5623,50
0.545281593920663,100,100,100,100,100,1,5623,50
0.434640777297318,100,100,100,100,100,1,5623,50
0.0015,100,100,100,100.0015,100.0015,1,5623,50
0.660543973790482,100,100,100,100,100,1,5623,50
0.0101704939734191,100,100,100,100,100,1,5623,50
0.499906536424533,100,100,100,100,100,1,5623,50
0.475937171839178,100,100,100,100,100,1,5623,50
0.0025,100,100,100,100.0025,100.0025,1,5623,50
0.622712906682864,100,100,100,100,100,1,5623,50
0.485280312597752,100,100,100,100,100,1,5623,50
0.44649988017045,100,100,100,100,100,1,5623,50
0.594936223467812,100,100,100,100,100,1,5623,50
0.566165145253763,100,100,100,100,100,1,5623,50
