"p","truediv","chaoest","obsD","upper","lower","l","inds","reps"
0.0075,200,200,200,200.0075,200.0075,1,31623,50
0.60583721823059,200,200,200,200,200,1,31623,50
0.157568336464465,200,200,200,200,200,1,31623,50
5e-04,200,200,200,200.0005,200.0005,1,31623,50
0.667986450018361,200,200,200,200,200,1,31623,50
0.10801686369814,200,200,200,200,200,1,31623,50
5e-04,200,200,200,200.0005,200.0005,1,31623,50
0.64069286826998,200,200,200,200,200,1,31623,50
0.110383398365229,200,200,200,200,200,1,31623,50
0.164850576547906,200,200,200,200,200,1,31623,50
0.325774365570396,200,200,200,200,200,1,31623,50
0.0015,200,200,200,200.0015,200.0015,1,31623,50
0.226484477054328,200,200,200,200,200,1,31623,50
0.917195389280096,200,200,200,200,200,1,31623,50
0.260772778419778,200,200,200,200,200,1,31623,50
0.879235343774781,200,200,200,200,200,1,31623,50
0.001,200,200,200,200.001,200.001,1,31623,50
5e-04,200,200,200,200.0005,200.0005,1,31623,50
0.854689615312964,200,200,200,200,200,1,31623,50
0.001,200,200,200,200.001,200.001,1,31623,50
0.001,200,200,200,200.001,200.001,1,31623,50
0.001,200,200,200,200.001,200.001,1,31623,50
0.376105327159166,200,200,200,200,200,1,31623,50
5e-04,200,200,200,200.0005,200.0005,1,31623,50
0.0323689444921911,200,200,200,200,200,1,31623,50
0.002,200,200,200,200.002,200.002,1,31623,50
0.005,200,200,200,200.004250023717,200.004250023717,1,31623,50
0.001,200,200,200,200.001,200.001,1,31623,50
0.1965660918504,200,200,200,200,200,1,31623,50
0.545449462486431,200,200,200,200,200,1,31623,50
0.473058617440984,200,200,200,200,200,1,31623,50
0.002,200,200,200,200.002,200.002,1,31623,50
0.891911356011406,200,200,200,200,200,1,31623,50
0.0842106048949063,200,200,200,200,200,1,31623,50
0.122228011023253,200,200,200,200,200,1,31623,50
0.461203857325017,200,200,200,200,200,1,31623,50
0.2026575836353,200,200,200,200,200,1,31623,50
0.671476090559736,200,200,200,200,200,1,31623,50
0.002,200,200,200,200.002,200.002,1,31623,50
0.0674588950350881,200,200,200,200,200,1,31623,50
0.346253379946575,200,200,200,200,200,1,31623,50
0.558983115712181,200,200,200,200,200,1,31623,50
0.0195,200,200,200,200.0195,200.0195,1,31623,50
0.747681871987879,200,200,200,200,200,1,31623,50
0.001,200,200,200,200.001,200.001,1,31623,50
0.555023071821779,200,200,200,200,200,1,31623,50
0.745329798432067,200,200,200,200,200,1,31623,50
0.518745204666629,200,200,200,200,200,1,31623,50
0.434046196518466,200,200,200,200,200,1,31623,50
0.0055,200,200,200,200.0055,200.0055,1,31623,50
