"p","truediv","chaoest","obsD","upper","lower","l","inds","reps"
0.181835283758119,200,200,200,200,200,1,31623,50
0.626507790293545,200,200,200,200,200,1,31623,50
0.20058988337405,200,200,200,200,200,1,31623,50
0.943200696492568,200,200,200,200,200,1,31623,50
0.892867501359433,200,200,200,200,200,1,31623,50
0.561022624839097,200,200,200,200,200,1,31623,50
0.682194298133254,200,200,200,200,200,1,31623,50
0.722251412225887,200,200,200,200,200,1,31623,50
0.0609177532605827,200,200,200,200,200,1,31623,50
0.894163806922734,200,200,200,200,200,1,31623,50
0.219795893179253,200,200,200,200,200,1,31623,50
5e-04,200,200,200,200.0005,200.0005,1,31623,50
0.0128524960018694,200,200,200,200,200,1,31623,50
0.0225,200,200,200,200.0225,200.0225,1,31623,50
0.458870365750045,200,200,200,200,200,1,31623,50
0.239507542457432,200,200,200,200,200,1,31623,50
0.571113946149126,200,200,200,200,200,1,31623,50
0.956084917066619,200,200,200,200,200,1,31623,50
0.023,200,200,200,200.023,200.023,1,31623,50
5e-04,200,200,200,200.0005,200.0005,1,31623,50
0.539537005592138,200,200,200,200,200,1,31623,50
0.004,200,200,200,200.004,200.004,1,31623,50
0.35918581020087,200,200,200,200,200,1,31623,50
0.660317682893947,200,200,200,200,200,1,31623,50
0.002,200,200,200,200.002,200.002,1,31623,50
0.618443136103451,200,200,200,200,200,1,31623,50
0.0175,200,200,200,200.0175,200.0175,1,31623,50
0.001,200,200,200,200.001,200.001,1,31623,50
0.0035,200,200,200,200.0035,200.0035,1,31623,50
5e-04,200,200,200,200.0005,200.0005,1,31623,50
0.001,200,200,200,200.001,200.001,1,31623,50
0.359006856800988,200,200,200,200,200,1,31623,50
0.870604615425691,200,200,200,200,200,1,31623,50
0.0872504999861121,200,200,200,200,200,1,31623,50
0.359547676984221,200,200,200,200,200,1,31623,50
5e-04,200,200,200,200.0005,200.0005,1,31623,50
0.272515422431752,200,200,200,200,200,1,31623,50
0.907172497361898,200,200,200,200,200,1,31623,50
0.135783511213958,200,200,200,200,200,1,31623,50
0.916924972552806,200,200,200,200,200,1,31623,50
0.760164151201025,200,200,200,200,200,1,31623,50
0.760077584534883,200,200,200,200,200,1,31623,50
0.008,200,200,200,200.008,200.008,1,31623,50
0.0035,200,200,200,200.0035,200.0035,1,31623,50
5e-04,200,200,200,200.0005,200.0005,1,31623,50
0.0923575910273939,200,200,200,200,200,1,31623,50
0.28516301442869,200,200,200,200,200,1,31623,50
0.853394825477153,200,200,200,200,200,1,31623,50
0.001,200,200,200,200.001,200.001,1,31623,50
0.398503791773692,200,200,200,200,200,1,31623,50
