"p","truediv","chaoest","obsD","upper","lower","l","inds","reps"
0.002,100,100,100,100.002,100.002,1,1e+05,50
0.014,100,100,100,100.014,100.014,1,1e+05,50
0.008,100,100,100,100.008,100.008,1,1e+05,50
0.0545,100,100,100,100.0545,99.0545,1,1e+05,50
0.0025,100,100,100,100.0025,100.0025,1,1e+05,50
0.0025,100,100,100,100.0025,100.0025,1,1e+05,50
0.001,100,100,100,100.001,100.001,1,1e+05,50
0.0395,100,100,100,100.0395,99.0395,1,1e+05,50
0.0025,100,100,100,100.0025,100.0025,1,1e+05,50
0.025,100,100,100,100.025,99.025,1,1e+05,50
0.0175,100,100,100,100.0175,100.0175,1,1e+05,50
5e-04,100,100,100,100.0005,100.0005,1,1e+05,50
0.017,100,100,100,100.017,100.017,1,1e+05,50
5e-04,100,100,100,100.0005,100.0005,1,1e+05,50
0.147,100,100,100,100.147,99.147,1,1e+05,50
0.135,100,100,100,100.135,99.135,1,1e+05,50
0.0455,100,100,100,100.0455,99.0455,1,1e+05,50
0.002,100,100,100,100.002,100.002,1,1e+05,50
0.0015,100,100,100,100.0015,100.0015,1,1e+05,50
0.0515,100,100,100,100.0515,99.0515,1,1e+05,50
0.0065,100,100,100,100.0065,100.0065,1,1e+05,50
0.050486063817516,100,100,100,100,100,1,1e+05,50
0.0055,100,100,100,100.0055,100.0055,1,1e+05,50
0.0065,100,100,100,100.0065,100.0065,1,1e+05,50
0.850273149786517,100,100,100,100,100,1,1e+05,50
0.416089300066233,100,100,100,100,100,1,1e+05,50
0.007,100,100,100,100.007,100.007,1,1e+05,50
5e-04,100,100,100,100.0005,100.0005,1,1e+05,50
0.012,100,100,100,100.012,100.012,1,1e+05,50
0.0205,100,100,100,100.0205,100.0205,1,1e+05,50
0.0065,100,100,100,100.0065,100.0065,1,1e+05,50
0.0075,100,100,100,100.0075,100.0075,1,1e+05,50
5e-04,100,100,100,100.0005,100.0005,1,1e+05,50
1,100,99,99,99,99,1,1e+05,50
0.0455,100,100,100,100.0455,99.0455,1,1e+05,50
0.1555,100,100,100,100.1555,99.1555,1,1e+05,50
5e-04,100,100,100,100.0005,100.0005,1,1e+05,50
0.0246296904515475,100,100,100,100,100,1,1e+05,50
0.0195,100,100,100,100.0195,100.0195,1,1e+05,50
0.0025,100,100,100,100.0025,100.0025,1,1e+05,50
5e-04,100,100,100,100.0005,100.0005,1,1e+05,50
0.0762222800403833,100,100,100,100,100,1,1e+05,50
0.0105,100,100,100,100.0105,100.0105,1,1e+05,50
0.3685,100,100,100,100.3685,99.3685,1,1e+05,50
0.002,100,100,100,100.002,100.002,1,1e+05,50
0.1295,100,100,100,100.1295,99.1295,1,1e+05,50
0.044,100,100,100,100.044,99.044,1,1e+05,50
0.021,100,100,100,100.021,100.021,1,1e+05,50
0.001,100,100,100,100.001,100.001,1,1e+05,50
0.3685,100,100,100,100.3685,99.3685,1,1e+05,50
