"p","truediv","chaoest","obsD","upper","lower","l","inds","reps"
0.0976135260425508,100,100,100,100,100,1,5623,50
0.327773098135367,100,100,100,100,100,1,5623,50
0.332306870026514,100,100,100,100,100,1,5623,50
0.884189241565764,100,100,100,100,100,1,5623,50
0.743351139361039,100,100,100,100,100,1,5623,50
0.554485658416525,100,100,100,100,100,1,5623,50
0.271060912171379,100,100,100,100,100,1,5623,50
0.633644287241623,100,100,100,100,100,1,5623,50
0.370066603180021,100,100,100,100,100,1,5623,50
0.853626234922558,100,100,100,100,100,1,5623,50
0.972432215232402,100,100,100,100,100,1,5623,50
0.76257917098701,100,100,100,100,100,1,5623,50
0.81159090413712,100,100,100,100,100,1,5623,50
0.940394137753174,100,100,100,100,100,1,5623,50
0.489267900353298,100,100,100,100,100,1,5623,50
0.404986788751557,100,100,100,100,100,1,5623,50
0.775576492073014,100,100,100,100,100,1,5623,50
0.223947638645768,100,100,100,100,100,1,5623,50
5e-04,100,100,100,100.0005,100.0005,1,5623,50
0.73778639617376,100,100,100,100,100,1,5623,50
0.827142112422734,100,100,100,100,100,1,5623,50
0.51637237239629,100,100,100,100,100,1,5623,50
0.00969158811494708,100,100,100,100,100,1,5623,50
0.956682057818398,100,100,100,100,100,1,5623,50
0.0217595316935331,100,100,100,100,100,1,5623,50
0.46484123216942,100,100,100,100,100,1,5623,50
0.0387755127158016,100,100,100,100,100,1,5623,50
0.0214547526556998,100,100,100,100,100,1,5623,50
0.608840892091393,100,100,100,100,100,1,5623,50
0.73572120978497,100,100,100,100,100,1,5623,50
5e-04,100,100,100,100.0005,100.0005,1,5623,50
0.822530423523858,100,100,100,100,100,1,5623,50
0.383070438867435,100,100,100,100,100,1,5623,50
5e-04,100,100,100,100.0005,100.0005,1,5623,50
0.92003360716626,100,100,100,100,100,1,5623,50
0.637709182454273,100,100,100,100,100,1,5623,50
0.673485630657524,100,100,100,100,100,1,5623,50
0.196164543041959,100,100,100,100,100,1,5623,50
0.190333796199411,100,100,100,100,100,1,5623,50
0.421096748439595,100,100,100,100,100,1,5623,50
0.186721904436126,100,100,100,100,100,1,5623,50
0.413528116419911,100,100,100,100,100,1,5623,50
0.159272393910214,100,100,100,100,100,1,5623,50
0.0970139286946505,100,100,100,100,100,1,5623,50
0.767256887862459,100,100,100,100,100,1,5623,50
0.0025,100,100,100,100.00225004446,100.00225004446,1,5623,50
0.891806830652058,100,100,100,100,100,1,5623,50
0.554874208755791,100,100,100,100,100,1,5623,50
0.766997763654217,100,100,100,100,100,1,5623,50
0.693084368482232,100,100,100,100,100,1,5623,50
