"p","truediv","chaoest","obsD","upper","lower","l","inds","reps"
0.894228596473113,200,200,200,200,200,1,31623,50
0.002,200,200,200,200.002,200.002,1,31623,50
0.356542947003618,200,200,200,200,200,1,31623,50
0.244714675704017,200,200,200,200,200,1,31623,50
5e-04,200,200,200,200.0005,200.0005,1,31623,50
0.642790749901906,200,200,200,200,200,1,31623,50
0.342023608740419,200,200,200,200,200,1,31623,50
0.001,200,200,200,200.001,200.001,1,31623,50
0.0075,200,200,200,200.0075,200.0075,1,31623,50
0.003,200,200,200,200.003,200.003,1,31623,50
5e-04,200,200,200,200.0005,200.0005,1,31623,50
0.0195,200,200,200,200.0195,200.0195,1,31623,50
0.797933391062543,200,200,200,200,200,1,31623,50
0.016,200,200,200,200.016,200.016,1,31623,50
5e-04,200,200,200,200.0005,200.0005,1,31623,50
0.243716441094875,200,200,200,200,200,1,31623,50
0.851106576621532,200,200,200,200,200,1,31623,50
0.338644457515329,200,200,200,200,200,1,31623,50
0.714610289083794,200,200,200,200,200,1,31623,50
0.788930568145588,200,200,200,200,200,1,31623,50
0.939621655503288,200,200,200,200,200,1,31623,50
0.006,200,200,200,200.006,200.006,1,31623,50
0.627613418735564,200,200,200,200,200,1,31623,50
0.924223241396248,200,200,200,200,200,1,31623,50
0.881518892012537,200,200,200,200,200,1,31623,50
0.654297522036359,200,200,200,200,200,1,31623,50
0.52945045963861,200,200,200,200,200,1,31623,50
0.699210283579305,200,200,200,200,200,1,31623,50
0.0609069596976042,200,200,200,200,200,1,31623,50
0.180164852179587,200,200,200,200,200,1,31623,50
0.142814826918766,200,200,200,200,200,1,31623,50
0.108823157846928,200,200,200,200,200,1,31623,50
0.004,200,200,200,200.004,200.004,1,31623,50
0.381143685663119,200,200,200,200,200,1,31623,50
0.385993106057867,200,200,200,200,200,1,31623,50
0.656968084862456,200,200,200,200,200,1,31623,50
0.208184572169557,200,200,200,200,200,1,31623,50
0.827850124333054,200,200,200,200,200,1,31623,50
0.52043051016517,200,200,200,200,200,1,31623,50
0.909084266982973,200,200,200,200,200,1,31623,50
5e-04,200,200,200,200.0005,200.0005,1,31623,50
0.828078445745632,200,200,200,200,200,1,31623,50
0.715775633463636,200,200,200,200,200,1,31623,50
0.488126980839297,200,200,200,200,200,1,31623,50
0.213729005074129,200,200,200,200,200,1,31623,50
0.715170943643898,200,200,200,200,200,1,31623,50
0.677073162747547,200,200,200,200,200,1,31623,50
0.899844005471095,200,200,200,200,200,1,31623,50
0.002,200,200,200,200.002,200.002,1,31623,50
0.635976340156049,200,200,200,200,200,1,31623,50
