"p","truediv","chaoest","obsD","upper","lower","l","inds","reps"
5e-04,200,200,200,200.0005,200.0005,1,31623,50
0.433496252633631,200,200,200,200,200,1,31623,50
5e-04,200,200,200,200.0005,200.0005,1,31623,50
0.3065059047658,200,200,200,200,200,1,31623,50
0.432748441351578,200,200,200,200,200,1,31623,50
0.976541901705787,200,200,200,200,200,1,31623,50
0.307945808162913,200,200,200,200,200,1,31623,50
0.988182481378317,200,200,200,200,200,1,31623,50
5e-04,200,200,200,200.0005,200.0005,1,31623,50
0.855163235915825,200,200,200,200,200,1,31623,50
0.841080714017153,200,200,200,200,200,1,31623,50
0.002,200,200,200,200.001750007906,200.001750007906,1,31623,50
0.0035,200,200,200,200.0035,200.0035,1,31623,50
0.885420370148495,200,200,200,200,200,1,31623,50
0.0025,200,200,200,200.0025,200.0025,1,31623,50
0.260638704989105,200,200,200,200,200,1,31623,50
0.390760380309075,200,200,200,200,200,1,31623,50
0.525460527976975,200,200,200,200,200,1,31623,50
0.999426933936775,200,200,200,200,200,1,31623,50
0.0025,200,200,200,200.0025,200.0025,1,31623,50
0.001,200,200,200,200.001,200.001,1,31623,50
0.678145543904975,200,200,200,200,200,1,31623,50
0.898457060800865,200,200,200,200,200,1,31623,50
0.196799232624471,200,200,200,200,200,1,31623,50
5e-04,200,200,200,200.0005,200.0005,1,31623,50
0.984744155779481,200,200,200,200,200,1,31623,50
0.775767623446882,200,200,200,200,200,1,31623,50
0.399011705070734,200,200,200,200,200,1,31623,50
0.003,200,200,200,200.003,200.003,1,31623,50
5e-04,200,200,200,200.0005,200.0005,1,31623,50
0.001,200,200,200,200.001,200.001,1,31623,50
5e-04,200,200,200,200.0005,200.0005,1,31623,50
0.002,200,200,200,200.002,200.002,1,31623,50
0.625287179369479,200,200,200,200,200,1,31623,50
5e-04,200,200,200,200.0005,200.0005,1,31623,50
0.804810607340187,200,200,200,200,200,1,31623,50
0.005,200,200,200,200.005,200.005,1,31623,50
0.471692558843642,200,200,200,200,200,1,31623,50
0.555808196309954,200,200,200,200,200,1,31623,50
0.252131587360054,200,200,200,200,200,1,31623,50
0.804330236976966,200,200,200,200,200,1,31623,50
0.510261101881042,200,200,200,200,200,1,31623,50
5e-04,200,200,200,200.0005,200.0005,1,31623,50
0.4150505438447,200,200,200,200,200,1,31623,50
5e-04,200,200,200,200.0005,200.0005,1,31623,50
0.0884263194166124,200,200,200,200,200,1,31623,50
0.535206980537623,200,200,200,200,200,1,31623,50
0.534458197886124,200,200,200,200,200,1,31623,50
0.677834439091384,200,200,200,200,200,1,31623,50
0.0015,200,200,200,200.0015,200.0015,1,31623,50
