"p","truediv","chaoest","obsD","upper","lower","l","inds","reps"
0.468765119789168,200,200,200,200,200,1,10000,50
0.454271328635514,200,200,200,200,200,1,10000,50
0.742367067141458,200,200,200,200,200,1,10000,50
0.790828682947904,200,200,200,200,200,1,10000,50
0.91464760620147,200,200,200,200,200,1,10000,50
0.111291059525684,200,200,200,200,200,1,10000,50
0.268605612451211,200,200,200,200,200,1,10000,50
0.859479968901724,200,200,200,200,200,1,10000,50
0.213893831707537,200,200,200,200,200,1,10000,50
0.339142945362255,200,200,200,200,200,1,10000,50
5e-04,200,200,200,200.0005,200.0005,1,10000,50
0.63232874055393,200,200,200,200,200,1,10000,50
5e-04,200,200,200,200.0005,200.0005,1,10000,50
0.796570468693972,200,200,200,200,200,1,10000,50
0.576124560087919,200,200,200,200,200,1,10000,50
0.0015,200,200,200,200.0015,200.0015,1,10000,50
0.716150152264163,200,200,200,200,200,1,10000,50
0.0151034847367555,200,200,200,200,200,1,10000,50
0.47237701062113,200,200,200,200,200,1,10000,50
0.0395360582042485,200,200,200,200,200,1,10000,50
5e-04,200,200,200,200.0005,200.0005,1,10000,50
0.783088510623202,200,200,200,200,200,1,10000,50
0.738792570773512,200,200,200,200,200,1,10000,50
0.0595044288784266,200,200,200,200,200,1,10000,50
0.738364762393758,200,200,200,200,200,1,10000,50
0.747892890591174,200,200,200,200,200,1,10000,50
0.942622086498886,200,200,200,200,200,1,10000,50
0.0226860719267279,200,200,200,200,200,1,10000,50
0.838181661674753,200,200,200,200,200,1,10000,50
0.979292208328843,200,200,200,200,200,1,10000,50
0.258960434468463,200,200,200,200,200,1,10000,50
0.497437241021544,200,200,200,200,200,1,10000,50
0.948198780184612,200,200,200,200,200,1,10000,50
0.429679888300598,200,200,200,200,200,1,10000,50
0.50361691811122,200,200,200,200,200,1,10000,50
0.615000593010336,200,200,200,200,200,1,10000,50
0.103114475961775,200,200,200,200,200,1,10000,50
0.687003888655454,200,200,200,200,200,1,10000,50
0.697033972013742,200,200,200,200,200,1,10000,50
0.783741881139576,200,200,200,200,200,1,10000,50
0.729600494029,200,200,200,200,200,1,10000,50
0.004,200,200,200,200.004,200.004,1,10000,50
0.589949871879071,200,200,200,200,200,1,10000,50
0.689466417068616,200,200,200,200,200,1,10000,50
0.001,200,200,200,200.001,200.001,1,10000,50
0.749472999712452,200,200,200,200,200,1,10000,50
0.696973266312853,200,200,200,200,200,1,10000,50
0.0728290588594973,200,200,200,200,200,1,10000,50
0.286898083053529,200,200,200,200,200,1,10000,50
0.876364281401038,200,200,200,200,200,1,10000,50
