"p","truediv","chaoest","obsD","upper","lower","l","inds","reps"
0.350555591983721,200,200,200,200,200,1,31623,50
0.932809898862615,200,200,200,200,200,1,31623,50
0.001,200,200,200,200.001,200.001,1,31623,50
0.002,200,200,200,200.002,200.002,1,31623,50
0.82438428979367,200,200,200,200,200,1,31623,50
5e-04,200,200,200,200.0005,200.0005,1,31623,50
0.0560448663309216,200,200,200,200,200,1,31623,50
0.38173363241367,200,200,200,200,200,1,31623,50
0.0015,200,200,200,200.0015,200.0015,1,31623,50
0.289497813675553,200,200,200,200,200,1,31623,50
0.766535123810172,200,200,200,200,200,1,31623,50
0.002,200,200,200,200.001500015811,200.001500015811,1,31623,50
0.001,200,200,200,200.001,200.001,1,31623,50
0.238218541955575,200,200,200,200,200,1,31623,50
0.714827119139954,200,200,200,200,200,1,31623,50
0.62736325408332,200,200,200,200,200,1,31623,50
0.0035,200,200,200,200.003250007906,200.003250007906,1,31623,50
0.154311519116163,200,200,200,200,200,1,31623,50
5e-04,200,200,200,200.0005,200.0005,1,31623,50
5e-04,200,200,200,200.0005,200.0005,1,31623,50
0.0366276451386511,200,200,200,200,200,1,31623,50
0.002,200,200,200,200.002,200.002,1,31623,50
0.0205,200,200,200,200.0205,200.0205,1,31623,50
0.530005313456059,200,200,200,200,200,1,31623,50
0.155365776503459,200,200,200,200,200,1,31623,50
5e-04,200,200,200,200.0005,200.0005,1,31623,50
0.0263859985861927,200,200,200,200,200,1,31623,50
0.745220149867237,200,200,200,200,200,1,31623,50
0.382386830635369,200,200,200,200,200,1,31623,50
0.005,200,200,200,200.005,200.005,1,31623,50
0.0215,200,200,200,200.0215,200.0215,1,31623,50
0.341498549329117,200,200,200,200,200,1,31623,50
0.346412562066689,200,200,200,200,200,1,31623,50
0.808009530883282,200,200,200,200,200,1,31623,50
0.283296653768048,200,200,200,200,200,1,31623,50
0.002,200,200,200,200.002,200.002,1,31623,50
0.005,200,200,200,200.005,200.005,1,31623,50
0.99442073260434,200,200,200,200,200,1,31623,50
0.219453271711245,200,200,200,200,200,1,31623,50
0.863528782734647,200,200,200,200,200,1,31623,50
0.827426183503121,200,200,200,200,200,1,31623,50
0.0545,200,200,200,200.0545,199.0545,1,31623,50
0.507540100486949,200,200,200,200,200,1,31623,50
0.820784027222544,200,200,200,200,200,1,31623,50
0.339055560994893,200,200,200,200,200,1,31623,50
0.48493219143711,200,200,200,200,200,1,31623,50
5e-04,200,200,200,200.0005,200.0005,1,31623,50
0.180347844725475,200,200,200,200,200,1,31623,50
0.717496416764334,200,200,200,200,200,1,31623,50
0.882910297717899,200,200,200,200,200,1,31623,50
