"p","truediv","chaoest","obsD","upper","lower","l","inds","reps"
0.258456909330562,200,200,200,200,200,1,10000,50
0.791364493081346,200,200,200,200,200,1,10000,50
0.0385001853574067,200,200,200,200,200,1,10000,50
0.113649422768503,200,200,200,200,200,1,10000,50
0.0427827711682767,200,200,200,200,200,1,10000,50
0.82384286262095,200,200,200,200,200,1,10000,50
0.668255967786536,200,200,200,200,200,1,10000,50
0.750573921017349,200,200,200,200,200,1,10000,50
0.903679093113169,200,200,200,200,200,1,10000,50
0.0413843982387334,200,200,200,200,200,1,10000,50
0.001,200,200,200,200.001,200.001,1,10000,50
0.881748660234734,200,200,200,200,200,1,10000,50
0.7060535044875,200,200,200,200,200,1,10000,50
0.36350934416987,200,200,200,200,200,1,10000,50
0.506038862280548,200,200,200,200,200,1,10000,50
0.903432657942176,200,200,200,200,200,1,10000,50
0.591318229213357,200,200,200,200,200,1,10000,50
0.627273850142956,200,200,200,200,200,1,10000,50
0.526861797785386,200,200,200,200,200,1,10000,50
0.23205670225434,200,200,200,200,200,1,10000,50
0.492076765745878,200,200,200,200,200,1,10000,50
0.007,200,200,200,200.007,200.007,1,10000,50
0.407126991311088,200,200,200,200,200,1,10000,50
0.340163855813444,200,200,200,200,200,1,10000,50
0.354803213151172,200,200,200,200,200,1,10000,50
0.818389573134482,200,200,200,200,200,1,10000,50
0.0655403898563236,200,200,200,200,200,1,10000,50
0.141285593854263,200,200,200,200,200,1,10000,50
0.630324529949576,200,200,200,200,200,1,10000,50
0.880870033288375,200,200,200,200,200,1,10000,50
5e-04,200,200,200,200.0005,200.0005,1,10000,50
0.590035232948139,200,200,200,200,200,1,10000,50
0.293391330633312,200,200,200,200,200,1,10000,50
0.0814316605683416,200,200,200,200,200,1,10000,50
0.0269456249661744,200,200,200,200,200,1,10000,50
0.0996198314242065,200,200,200,200,200,1,10000,50
0.583737874869257,200,200,200,200,200,1,10000,50
0.930512034567073,200,200,200,200,200,1,10000,50
0.843948893947527,200,200,200,200,200,1,10000,50
0.397789645940065,200,200,200,200,200,1,10000,50
0.50558890379034,200,200,200,200,200,1,10000,50
0.703129699919373,200,200,200,200,200,1,10000,50
0.748118315124884,200,200,200,200,200,1,10000,50
0.0422044144943357,200,200,200,200,200,1,10000,50
0.346848693210632,200,200,200,200,200,1,10000,50
0.001,200,200,200,200.001,200.001,1,10000,50
0.855333145475015,200,200,200,200,200,1,10000,50
0.001,200,200,200,200.001,200.001,1,10000,50
0.136899086413905,200,200,200,200,200,1,10000,50
5e-04,200,200,200,200.0005,200.0005,1,10000,50
