"p","truediv","chaoest","obsD","upper","lower","l","inds","reps"
5e-04,200,200,200,200.0005,200.0005,1,31623,50
0.784365749685094,200,200,200,200,200,1,31623,50
0.35240900889039,200,200,200,200,200,1,31623,50
0.703955004923046,200,200,200,200,200,1,31623,50
5e-04,200,200,200,200.0005,200.0005,1,31623,50
0.01,200,200,200,200.01,200.01,1,31623,50
0.604313878342509,200,200,200,200,200,1,31623,50
5e-04,200,200,200,200.0005,200.0005,1,31623,50
0.938839378766716,200,200,200,200,200,1,31623,50
0.499954173807055,200,200,200,200,200,1,31623,50
0.515611891634762,200,200,200,200,200,1,31623,50
0.334314609877765,200,200,200,200,200,1,31623,50
0.0816649983171374,200,200,200,200,200,1,31623,50
0.232254212955013,200,200,200,200,200,1,31623,50
0.555950886569917,200,200,200,200,200,1,31623,50
5e-04,200,200,200,200.0005,200.0005,1,31623,50
0.312952050473541,200,200,200,200,200,1,31623,50
5e-04,200,200,200,200.0005,200.0005,1,31623,50
0.472492887405679,200,200,200,200,200,1,31623,50
0.001,200,200,200,200.001,200.001,1,31623,50
5e-04,200,200,200,200.0005,200.0005,1,31623,50
0.222155001480132,200,200,200,200,200,1,31623,50
5e-04,200,200,200,200.0005,200.0005,1,31623,50
0.0075,200,200,200,200.0075,200.0075,1,31623,50
0.185411638813093,200,200,200,200,200,1,31623,50
0.915298434440047,200,200,200,200,200,1,31623,50
0.148682981729507,200,200,200,200,200,1,31623,50
0.008,200,200,200,200.008,200.008,1,31623,50
0.001,200,200,200,200.001,200.001,1,31623,50
0.004,200,200,200,200.004,200.004,1,31623,50
0.869867645669729,200,200,200,200,200,1,31623,50
0.001,200,200,200,200.001,200.001,1,31623,50
5e-04,200,200,200,200.0005,200.0005,1,31623,50
0.0055,200,200,200,200.0055,200.0055,1,31623,50
0.650832912651822,200,200,200,200,200,1,31623,50
5e-04,200,200,200,200.0005,200.0005,1,31623,50
0.0956873218528926,200,200,200,200,200,1,31623,50
0.257455859100446,200,200,200,200,200,1,31623,50
0.385691116796806,200,200,200,200,200,1,31623,50
5e-04,200,200,200,200.0005,200.0005,1,31623,50
0.646397806471214,200,200,200,200,200,1,31623,50
0.006,200,200,200,200.006,200.006,1,31623,50
0.002,200,200,200,200.002,200.002,1,31623,50
0.018,200,200,200,200.018,200.018,1,31623,50
0.0035,200,200,200,200.0035,200.0035,1,31623,50
0.007,200,200,200,200.007,200.007,1,31623,50
0.684093706076965,200,200,200,200,200,1,31623,50
0.841963943559676,200,200,200,200,200,1,31623,50
5e-04,200,200,200,200.0005,200.0005,1,31623,50
5e-04,200,200,200,200.0005,200.0005,1,31623,50
