"p","truediv","chaoest","obsD","upper","lower","l","inds","reps"
0.262847473379225,100,100,100,100,100,1,5623,50
0.0650596669875085,100,100,100,100,100,1,5623,50
0.179499714169651,100,100,100,100,100,1,5623,50
0.0523888515308499,100,100,100,100,100,1,5623,50
5e-04,100,100,100,100.0005,100.0005,1,5623,50
0.382239438127726,100,100,100,100,100,1,5623,50
0.193176638102159,100,100,100,100,100,1,5623,50
0.357963501475751,100,100,100,100,100,1,5623,50
0.683385940967128,100,100,100,100,100,1,5623,50
0.416362197836861,100,100,100,100,100,1,5623,50
0.583838707767427,100,100,100,100,100,1,5623,50
0.967343010473996,100,100,100,100,100,1,5623,50
0.340165129164234,100,100,100,100,100,1,5623,50
0.969603343866765,100,100,100,100,100,1,5623,50
0.0793724772520363,100,100,100,100,100,1,5623,50
0.63301839097403,100,100,100,100,100,1,5623,50
0.761728179873899,100,100,100,100,100,1,5623,50
0.058836147421971,100,100,100,100,100,1,5623,50
0.0061388285830617,100,100,100,100,100,1,5623,50
0.209322594804689,100,100,100,100,100,1,5623,50
0.314488092670217,100,100,100,100,100,1,5623,50
0.307988289278001,100,100,100,100,100,1,5623,50
0.343303978210315,100,100,100,100,100,1,5623,50
0.005,100,100,100,100.005,100.005,1,5623,50
5e-04,100,100,100,100.0005,100.0005,1,5623,50
0.189499153988436,100,100,100,100,100,1,5623,50
0.862633789656684,100,100,100,100,100,1,5623,50
0.899178941035643,100,100,100,100,100,1,5623,50
0.729191715596244,100,100,100,100,100,1,5623,50
0.434825928881764,100,100,100,100,100,1,5623,50
0.852063298923895,100,100,100,100,100,1,5623,50
0.674834042787552,100,100,100,100,100,1,5623,50
0.0035,100,100,100,100.0035,100.0035,1,5623,50
0.001,100,100,100,100.001,100.001,1,5623,50
0.128606060286984,100,100,100,100,100,1,5623,50
0.309815898304805,100,100,100,100,100,1,5623,50
0.481473398860544,100,100,100,100,100,1,5623,50
0.545124587137252,100,100,100,100,100,1,5623,50
0.584371459204704,100,100,100,100,100,1,5623,50
0.741214080015197,100,100,100,100,100,1,5623,50
0.451113671530038,100,100,100,100,100,1,5623,50
0.058752084383741,100,100,100,100,100,1,5623,50
0.943934202892706,100,100,100,100,100,1,5623,50
0.894664844498038,100,100,100,100,100,1,5623,50
0.238938629394397,100,100,100,100,100,1,5623,50
0.984917075140402,100,100,100,100,100,1,5623,50
0.584634604630992,100,100,100,100,100,1,5623,50
0.0777083372231573,100,100,100,100,100,1,5623,50
0.225393091328442,100,100,100,100,100,1,5623,50
0.80146823474206,100,100,100,100,100,1,5623,50
