"p","truediv","chaoest","obsD","upper","lower","l","inds","reps"
0.975470233010128,200,200,200,200,200,1,10000,50
0.1763048726134,200,200,200,200,200,1,10000,50
5e-04,200,200,200,200.0005,200.0005,1,10000,50
0.32410928234458,200,200,200,200,200,1,10000,50
0.126097921980545,200,200,200,200,200,1,10000,50
0.317335102939978,200,200,200,200,200,1,10000,50
5e-04,200,200,200,200.0005,200.0005,1,10000,50
0.138965371763334,200,200,200,200,200,1,10000,50
0.003,200,200,200,200.003,200.003,1,10000,50
0.437683276832104,200,200,200,200,200,1,10000,50
0.447723181219772,200,200,200,200,200,1,10000,50
0.775225040502846,200,200,200,200,200,1,10000,50
0.90608211630024,200,200,200,200,200,1,10000,50
0.485181041061878,200,200,200,200,200,1,10000,50
0.613761044573039,200,200,200,200,200,1,10000,50
0.156282644718885,200,200,200,200,200,1,10000,50
0.913111961446702,200,200,200,200,200,1,10000,50
0.889041430782527,200,200,200,200,200,1,10000,50
0.189752966864035,200,200,200,200,200,1,10000,50
0.513745086966082,200,200,200,200,200,1,10000,50
0.740784444846213,200,200,200,200,200,1,10000,50
0.458820717409253,200,200,200,200,200,1,10000,50
0.001,200,200,200,200.001,200.001,1,10000,50
5e-04,200,200,200,200.0005,200.0005,1,10000,50
0.584929262986407,200,200,200,200,200,1,10000,50
0.26144700543955,200,200,200,200,200,1,10000,50
0.885332924546674,200,200,200,200,200,1,10000,50
0.642821812070906,200,200,200,200,200,1,10000,50
0.0194920625071973,200,200,200,200,200,1,10000,50
0.0095,200,200,200,200.0095,200.0095,1,10000,50
0.230286853387952,200,200,200,200,200,1,10000,50
0.595159593038261,200,200,200,200,200,1,10000,50
0.334943745518103,200,200,200,200,200,1,10000,50
0.728754708310589,200,200,200,200,200,1,10000,50
5e-04,200,200,200,200.0005,200.0005,1,10000,50
0.441762792877853,200,200,200,200,200,1,10000,50
0.675636318512261,200,200,200,200,200,1,10000,50
0.551092760870233,200,200,200,200,200,1,10000,50
0.55589299229905,200,200,200,200,200,1,10000,50
0.343393431277946,200,200,200,200,200,1,10000,50
0.137558897258714,200,200,200,200,200,1,10000,50
0.0758522066753358,200,200,200,200,200,1,10000,50
0.001,200,200,200,200.001,200.001,1,10000,50
0.355735026067123,200,200,200,200,200,1,10000,50
0.693359800148755,200,200,200,200,200,1,10000,50
0.201118826633319,200,200,200,200,200,1,10000,50
0.935565300984308,200,200,200,200,200,1,10000,50
0.320440666750073,200,200,200,200,200,1,10000,50
0.984651007223874,200,200,200,200,200,1,10000,50
0.662468316266313,200,200,200,200,200,1,10000,50
