"p","truediv","chaoest","obsD","upper","lower","l","inds","reps"
5e-04,200,200,200,200.0005,200.0005,1,31623,50
0.034268225543201,200,200,200,200,200,1,31623,50
0.499534589936957,200,200,200,200,200,1,31623,50
5e-04,200,200,200,200.0005,200.0005,1,31623,50
5e-04,200,200,200,200.0005,200.0005,1,31623,50
0.807638295227662,200,200,200,200,200,1,31623,50
0.987402529921383,200,200,200,200,200,1,31623,50
0.021,200,200,200,200.021,200.021,1,31623,50
0.75447724503465,200,200,200,200,200,1,31623,50
5e-04,200,200,200,200.0005,200.0005,1,31623,50
0.299140881979838,200,200,200,200,200,1,31623,50
0.795453422004357,200,200,200,200,200,1,31623,50
0.37847834196873,200,200,200,200,200,1,31623,50
0.001,200,200,200,200.001,200.001,1,31623,50
0.768443866167217,200,200,200,200,200,1,31623,50
0.153190026292577,200,200,200,200,200,1,31623,50
0.24024807754904,200,200,200,200,200,1,31623,50
0.002,200,200,200,200.002,200.002,1,31623,50
0.870890580583364,200,200,200,200,200,1,31623,50
0.144104708684608,200,200,200,200,200,1,31623,50
0.884247773326933,200,200,200,200,200,1,31623,50
0.557404221268371,200,200,200,200,200,1,31623,50
0.0237841969355941,200,200,200,200,200,1,31623,50
0.853154445067048,200,200,200,200,200,1,31623,50
5e-04,200,200,200,200.0005,200.0005,1,31623,50
0.001,200,200,200,200.001,200.001,1,31623,50
0.001,200,200,200,200.001,200.001,1,31623,50
0.20222616288811,200,200,200,200,200,1,31623,50
5e-04,200,200,200,200.0005,200.0005,1,31623,50
0.840744267450646,200,200,200,200,200,1,31623,50
0.0205,200,200,200,200.0205,200.0205,1,31623,50
0.389795657480136,200,200,200,200,200,1,31623,50
0.568006189540029,200,200,200,200,200,1,31623,50
0.398762374417856,200,200,200,200,200,1,31623,50
0.895126830553636,200,200,200,200,200,1,31623,50
5e-04,200,200,200,200.0005,200.0005,1,31623,50
0.922633814625442,200,200,200,200,200,1,31623,50
0.234545515617356,200,200,200,200,200,1,31623,50
0.920532921794802,200,200,200,200,200,1,31623,50
0.295370543375611,200,200,200,200,200,1,31623,50
0.822808336932212,200,200,200,200,200,1,31623,50
0.158491428475827,200,200,200,200,200,1,31623,50
5e-04,200,200,200,200.0005,200.0005,1,31623,50
0.84061901201494,200,200,200,200,200,1,31623,50
5e-04,200,200,200,200.0005,200.0005,1,31623,50
0.0165,200,200,200,200.0165,200.0165,1,31623,50
0.177356810308993,200,200,200,200,200,1,31623,50
0.001,200,200,200,200.001,200.001,1,31623,50
0.691479042870924,200,200,200,200,200,1,31623,50
0.701580384513363,200,200,200,200,200,1,31623,50
