"p","truediv","chaoest","obsD","upper","lower","l","inds","reps"
0.431082623777911,200,200,200,200,200,1,31623,50
5e-04,200,200,200,200.0005,200.0005,1,31623,50
0.886118636932224,200,200,200,200,200,1,31623,50
0.639209201559424,200,200,200,200,200,1,31623,50
0.101538823451847,200,200,200,200,200,1,31623,50
0.0015,200,200,200,200.0015,200.0015,1,31623,50
0.114763936260715,200,200,200,200,200,1,31623,50
0.0015,200,200,200,200.0015,200.0015,1,31623,50
0.661953067639843,200,200,200,200,200,1,31623,50
0.801085311220959,200,200,200,200,200,1,31623,50
0.886655508074909,200,200,200,200,200,1,31623,50
0.387011943152174,200,200,200,200,200,1,31623,50
0.535139719257131,200,200,200,200,200,1,31623,50
0.150425969390199,200,200,200,200,200,1,31623,50
0.147298195399344,200,200,200,200,200,1,31623,50
5e-04,200,200,200,200.0005,200.0005,1,31623,50
0.289440846303478,200,200,200,200,200,1,31623,50
0.005,200,200,200,200.005,200.005,1,31623,50
0.001,200,200,200,200.001,200.001,1,31623,50
0.245076927822083,200,200,200,200,200,1,31623,50
0.636133851716295,200,200,200,200,200,1,31623,50
0.002,200,200,200,200.002,200.002,1,31623,50
0.470330328447744,200,200,200,200,200,1,31623,50
5e-04,200,200,200,200.0005,200.0005,1,31623,50
0.0275,200,200,200,200.0275,199.0275,1,31623,50
5e-04,200,200,200,200.0005,200.0005,1,31623,50
0.712850225856528,200,200,200,200,200,1,31623,50
0.263008304173127,200,200,200,200,200,1,31623,50
0.322678509401157,200,200,200,200,200,1,31623,50
0.002,200,200,200,200.002,200.002,1,31623,50
0.912593389628455,200,200,200,200,200,1,31623,50
5e-04,200,200,200,200.0005,200.0005,1,31623,50
0.629121738253161,200,200,200,200,200,1,31623,50
5e-04,200,200,200,200.0005,200.0005,1,31623,50
0.0015,200,200,200,200.0015,200.0015,1,31623,50
0.001,200,200,200,200.000750007906,200.000750007906,1,31623,50
0.001,200,200,200,200.001,200.001,1,31623,50
0.933286611689255,200,200,200,200,200,1,31623,50
0.642307746689767,200,200,200,200,200,1,31623,50
0.929112638812512,200,200,200,200,200,1,31623,50
0.88855989719741,200,200,200,200,200,1,31623,50
0.548421005485579,200,200,200,200,200,1,31623,50
0.263694368535653,200,200,200,200,200,1,31623,50
0.00657633016817272,200,200,200,200,200,1,31623,50
0.007,200,200,200,200.007,200.007,1,31623,50
0.0297263616230339,200,200,200,200,200,1,31623,50
0.375230598263443,200,200,200,200,200,1,31623,50
0.343789464328438,200,200,200,200,200,1,31623,50
0.934773792279884,200,200,200,200,200,1,31623,50
0.240864625666291,200,200,200,200,200,1,31623,50
