"p","truediv","chaoest","obsD","upper","lower","l","inds","reps"
5e-04,200,200,200,200.0005,200.0005,1,31623,50
0.389170058537275,200,200,200,200,200,1,31623,50
0.0045,200,200,200,200.0045,200.0045,1,31623,50
0.316906026797369,200,200,200,200,200,1,31623,50
0.793321690987796,200,200,200,200,200,1,31623,50
0.728267652681097,200,200,200,200,200,1,31623,50
0.0035,200,200,200,200.002500031623,200.002500031623,1,31623,50
0.917268148623407,200,200,200,200,200,1,31623,50
0.794416406191885,200,200,200,200,200,1,31623,50
0.328661426901817,200,200,200,200,200,1,31623,50
0.497869505546987,200,200,200,200,200,1,31623,50
0.408616051310673,200,200,200,200,200,1,31623,50
0.725250808754936,200,200,200,200,200,1,31623,50
5e-04,200,200,200,200.0005,200.0005,1,31623,50
0.001,200,200,200,200.001,200.001,1,31623,50
0.0035,200,200,200,200.0035,200.0035,1,31623,50
0.967997385654598,200,200,200,200,200,1,31623,50
5e-04,200,200,200,200.0005,200.0005,1,31623,50
0.001,200,200,200,200.001,200.001,1,31623,50
0.001,200,200,200,200.001,200.001,1,31623,50
0.448288897285238,200,200,200,200,200,1,31623,50
0.777162176091224,200,200,200,200,200,1,31623,50
0.371472772210836,200,200,200,200,200,1,31623,50
0.0065,200,200,200,200.0065,200.0065,1,31623,50
0.758897718274966,200,200,200,200,200,1,31623,50
0.425427792826667,200,200,200,200,200,1,31623,50
0.003,200,200,200,200.003,200.003,1,31623,50
0.0015,200,200,200,200.0015,200.0015,1,31623,50
0.732492702780291,200,200,200,200,200,1,31623,50
0.001,200,200,200,200.001,200.001,1,31623,50
5e-04,200,200,200,200.0005,200.0005,1,31623,50
0.002,200,200,200,200.002,200.002,1,31623,50
0.933606496779248,200,200,200,200,200,1,31623,50
5e-04,200,200,200,200.0005,200.0005,1,31623,50
0.005,200,200,200,200.005,200.005,1,31623,50
0.602691172156483,200,200,200,200,200,1,31623,50
0.018,200,200,200,200.018,200.018,1,31623,50
0.586409151088446,200,200,200,200,200,1,31623,50
0.78599418210797,200,200,200,200,200,1,31623,50
0.05,200,200,200,200.05,199.05,1,31623,50
5e-04,200,200,200,200.0005,200.0005,1,31623,50
0.955394516931847,200,200,200,200,200,1,31623,50
0.664049135753885,200,200,200,200,200,1,31623,50
0.897593075875193,200,200,200,200,200,1,31623,50
0.0075,200,200,200,200.0075,200.0075,1,31623,50
0.722456456394866,200,200,200,200,200,1,31623,50
0.164121161680669,200,200,200,200,200,1,31623,50
5e-04,200,200,200,200.0005,200.0005,1,31623,50
0.004,200,200,200,200.004,200.004,1,31623,50
0.858426901046187,200,200,200,200,200,1,31623,50
