"p","truediv","chaoest","obsD","upper","lower","l","inds","reps"
0.0025,200,200,200,200.0025,200.0025,1,31623,50
0.359466325724497,200,200,200,200,200,1,31623,50
0.590617731912062,200,200,200,200,200,1,31623,50
0.94551350758411,200,200,200,200,200,1,31623,50
5e-04,200,200,200,200.0005,200.0005,1,31623,50
0.834512041416019,200,200,200,200,200,1,31623,50
0.635790511034429,200,200,200,200,200,1,31623,50
0.001,200,200,200,200.001,200.001,1,31623,50
0.174123509321362,200,200,200,200,200,1,31623,50
0.635787732433528,200,200,200,200,200,1,31623,50
5e-04,200,200,200,200.000250007906,200.000250007906,1,31623,50
0.447781852679327,200,200,200,200,200,1,31623,50
0.429300989955664,200,200,200,200,200,1,31623,50
0.534754464169964,200,200,200,200,200,1,31623,50
0.738103540847078,200,200,200,200,200,1,31623,50
0.713478050660342,200,200,200,200,200,1,31623,50
0.629516987130046,200,200,200,200,200,1,31623,50
0.868146328954026,200,200,200,200,200,1,31623,50
0.001,200,200,200,200.001,200.001,1,31623,50
0.0235332266893238,200,200,200,200,200,1,31623,50
0.313808707287535,200,200,200,200,200,1,31623,50
0.133931576274335,200,200,200,200,200,1,31623,50
0.002,200,200,200,200.002,200.002,1,31623,50
0.017,200,200,200,200.017,200.017,1,31623,50
0.727420709561557,200,200,200,200,200,1,31623,50
5e-04,200,200,200,200.0005,200.0005,1,31623,50
0.001,200,200,200,200.001,200.001,1,31623,50
5e-04,200,200,200,200.0005,200.0005,1,31623,50
0.426804219605401,200,200,200,200,200,1,31623,50
5e-04,200,200,200,200.0005,200.0005,1,31623,50
0.049071864457801,200,200,200,200,200,1,31623,50
0.29028785508126,200,200,200,200,200,1,31623,50
0.236120303394273,200,200,200,200,200,1,31623,50
0.163938106503338,200,200,200,200,200,1,31623,50
0.0960428952239454,200,200,200,200,200,1,31623,50
0.782555256737396,200,200,200,200,200,1,31623,50
0.335916015785187,200,200,200,200,200,1,31623,50
0.002,200,200,200,200.002,200.002,1,31623,50
0.444439109414816,200,200,200,200,200,1,31623,50
0.62156105786562,200,200,200,200,200,1,31623,50
0.0045,200,200,200,200.0045,200.0045,1,31623,50
0.001,200,200,200,200.001,200.001,1,31623,50
0.284334726631641,200,200,200,200,200,1,31623,50
0.991120768943802,200,200,200,200,200,1,31623,50
0.193244655616581,200,200,200,200,200,1,31623,50
0.424120023148134,200,200,200,200,200,1,31623,50
0.001,200,200,200,200.001,200.001,1,31623,50
0.0905762834008783,200,200,200,200,200,1,31623,50
5e-04,200,200,200,200.0005,200.0005,1,31623,50
0.799919025739655,200,200,200,200,200,1,31623,50
