"p","truediv","chaoest","obsD","upper","lower","l","inds","reps"
0.009,200,200,200,200.008750007906,200.008750007906,1,31623,50
5e-04,200,200,200,200.0005,200.0005,1,31623,50
0.882899945834652,200,200,200,200,200,1,31623,50
0.0322593033779413,200,200,200,200,200,1,31623,50
0.54608373134397,200,200,200,200,200,1,31623,50
0.442240552976727,200,200,200,200,200,1,31623,50
0.322983611607924,200,200,200,200,200,1,31623,50
5e-04,200,200,200,200.0005,200.0005,1,31623,50
5e-04,200,200,200,200.0005,200.0005,1,31623,50
0.584056456806138,200,200,200,200,200,1,31623,50
0.730830733664334,200,200,200,200,200,1,31623,50
0.654453640105203,200,200,200,200,200,1,31623,50
0.661181940464303,200,200,200,200,200,1,31623,50
5e-04,200,200,200,200.0005,200.0005,1,31623,50
0.002,200,200,200,200.002,200.002,1,31623,50
0.92738288664259,200,200,200,200,200,1,31623,50
0.001,200,200,200,200.001,200.001,1,31623,50
0.646119471173733,200,200,200,200,200,1,31623,50
0.136040584649891,200,200,200,200,200,1,31623,50
0.265157728688791,200,200,200,200,200,1,31623,50
5e-04,200,200,200,200.0005,200.0005,1,31623,50
0.868162118364125,200,200,200,200,200,1,31623,50
0.061202475335449,200,200,200,200,200,1,31623,50
0.851997387595475,200,200,200,200,200,1,31623,50
0.568175518885255,200,200,200,200,200,1,31623,50
0.003,200,200,200,200.003,200.003,1,31623,50
0.0015,200,200,200,200.0015,200.0015,1,31623,50
0.531826032558456,200,200,200,200,200,1,31623,50
0.918587185442448,200,200,200,200,200,1,31623,50
0.442749561276287,200,200,200,200,200,1,31623,50
0.001,200,200,200,200.001,200.001,1,31623,50
0.003,200,200,200,200.003,200.003,1,31623,50
0.577792049851269,200,200,200,200,200,1,31623,50
0.001,200,200,200,200.000250023717,200.000250023717,1,31623,50
0.0060610668733716,200,200,200,200,200,1,31623,50
0.001,200,200,200,200.001,200.001,1,31623,50
0.1465,200,200,200,200.1465,199.1465,1,31623,50
5e-04,200,200,200,200.0005,200.0005,1,31623,50
0.946071790764108,200,200,200,200,200,1,31623,50
0.001,200,200,200,200.001,200.001,1,31623,50
0.794440409867093,200,200,200,200,200,1,31623,50
0.244664177065715,200,200,200,200,200,1,31623,50
0.769450441934168,200,200,200,200,200,1,31623,50
0.726969096111134,200,200,200,200,200,1,31623,50
0.36182823497802,200,200,200,200,200,1,31623,50
0.0015,200,200,200,200.0015,200.0015,1,31623,50
0.123106621671468,200,200,200,200,200,1,31623,50
0.001,200,200,200,200.001,200.001,1,31623,50
5e-04,200,200,200,200.0005,200.0005,1,31623,50
0.677510864567012,200,200,200,200,200,1,31623,50
