"p","truediv","chaoest","obsD","upper","lower","l","inds","reps"
0.639416289748624,200,200,200,200,200,1,31623,50
0.016,200,200,200,200.016,200.016,1,31623,50
0.0015,200,200,200,200.0015,200.0015,1,31623,50
5e-04,200,200,200,200.0005,200.0005,1,31623,50
0.700063757132739,200,200,200,200,200,1,31623,50
0.001,200,200,200,200.000750007906,200.000750007906,1,31623,50
0.0015,200,200,200,200.0015,200.0015,1,31623,50
0.0015,200,200,200,200.0015,200.0015,1,31623,50
0.007,200,200,200,200.007,200.007,1,31623,50
0.001,200,200,200,200.001,200.001,1,31623,50
0.001,200,200,200,200.001,200.001,1,31623,50
0.836332231992856,200,200,200,200,200,1,31623,50
0.922086230712011,200,200,200,200,200,1,31623,50
0.001,200,200,200,200.001,200.001,1,31623,50
0.385161236394197,200,200,200,200,200,1,31623,50
0.0095,200,200,200,200.0095,200.0095,1,31623,50
0.797617038479075,200,200,200,200,200,1,31623,50
0.590896801324561,200,200,200,200,200,1,31623,50
0.212255251826718,200,200,200,200,200,1,31623,50
0.0015,200,200,200,200.0015,200.0015,1,31623,50
0.380087474361062,200,200,200,200,200,1,31623,50
0.0015,200,200,200,200.0015,200.0015,1,31623,50
0.422288614558056,200,200,200,200,200,1,31623,50
5e-04,200,200,200,200.0005,200.0005,1,31623,50
0.0015,200,200,200,200.0015,200.0015,1,31623,50
0.001,200,200,200,200.001,200.001,1,31623,50
0.002,200,200,200,200.002,200.002,1,31623,50
0.41579906642437,200,200,200,200,200,1,31623,50
0.002,200,200,200,200.002,200.002,1,31623,50
0.0015,200,200,200,200.0015,200.0015,1,31623,50
0.568311521783471,200,200,200,200,200,1,31623,50
0.0859486181288958,200,200,200,200,200,1,31623,50
0.0025,200,200,200,200.0025,200.0025,1,31623,50
0.001,200,200,200,200.001,200.001,1,31623,50
0.51194631960243,200,200,200,200,200,1,31623,50
0.266066253185272,200,200,200,200,200,1,31623,50
0.523119049379602,200,200,200,200,200,1,31623,50
5e-04,200,200,200,200.0005,200.0005,1,31623,50
5e-04,200,200,200,200.0005,200.0005,1,31623,50
0.198444502661005,200,200,200,200,200,1,31623,50
0.791629175189883,200,200,200,200,200,1,31623,50
0.157945148414001,200,200,200,200,200,1,31623,50
0.372262046439573,200,200,200,200,200,1,31623,50
0.31216281070374,200,200,200,200,200,1,31623,50
0.0445,200,200,200,200.0445,199.0445,1,31623,50
0.001,200,200,200,200.001,200.001,1,31623,50
0.335704140132293,200,200,200,200,200,1,31623,50
5e-04,200,200,200,200.0005,200.0005,1,31623,50
0.72064919420518,200,200,200,200,200,1,31623,50
0.0015,200,200,200,200.0015,200.0015,1,31623,50
