"p","truediv","chaoest","obsD","upper","lower","l","inds","reps"
0.001,200,200,200,200.001,200.001,1,10000,50
0.973645685706288,200,200,200,200,200,1,10000,50
0.471150408964604,200,200,200,200,200,1,10000,50
0.816247234819457,200,200,200,200,200,1,10000,50
5e-04,200,200,200,200.0005,200.0005,1,10000,50
0.995456579141319,200,200,200,200,200,1,10000,50
0.292695045704022,200,200,200,200,200,1,10000,50
0.3954913103953,200,200,200,200,200,1,10000,50
0.01,200,200,200,200.01,200.01,1,10000,50
0.348190974909812,200,200,200,200,200,1,10000,50
0.395279774442315,200,200,200,200,200,1,10000,50
0.749441790860146,200,200,200,200,200,1,10000,50
0.56980392569676,200,200,200,200,200,1,10000,50
0.0242056716233492,200,200,200,200,200,1,10000,50
0.495869053760543,200,200,200,200,200,1,10000,50
0.732652856269851,200,200,200,200,200,1,10000,50
0.825884829042479,200,200,200,200,200,1,10000,50
0.229647987056524,200,200,200,200,200,1,10000,50
0.831424148287624,200,200,200,200,200,1,10000,50
0.983024305198342,200,200,200,200,200,1,10000,50
0.285813639638945,200,200,200,200,200,1,10000,50
0.001,200,200,200,200.001,200.001,1,10000,50
0.318734942004085,200,200,200,200,200,1,10000,50
0.0180583002511412,200,200,200,200,200,1,10000,50
0.507882673060521,200,200,200,200,200,1,10000,50
0.214836082188413,200,200,200,200,200,1,10000,50
0.432482008822262,200,200,200,200,200,1,10000,50
0.150653736200184,200,200,200,200,200,1,10000,50
0.237950335722417,200,200,200,200,200,1,10000,50
0.677808744600043,200,200,200,200,200,1,10000,50
0.20999373588711,200,200,200,200,200,1,10000,50
0.777466012630612,200,200,200,200,200,1,10000,50
0.192044774303213,200,200,200,200,200,1,10000,50
0.81704894755967,200,200,200,200,200,1,10000,50
0.577221193350852,200,200,200,200,200,1,10000,50
0.726077410625294,200,200,200,200,200,1,10000,50
0.665092080598697,200,200,200,200,200,1,10000,50
0.489003595197573,200,200,200,200,200,1,10000,50
0.136752096004784,200,200,200,200,200,1,10000,50
0.812052526278421,200,200,200,200,200,1,10000,50
0.800149963237345,200,200,200,200,200,1,10000,50
0.53382438630797,200,200,200,200,200,1,10000,50
0.115465951850638,200,200,200,200,200,1,10000,50
0.245382579276338,200,200,200,200,200,1,10000,50
0.525634029181674,200,200,200,200,200,1,10000,50
0.407893176656216,200,200,200,200,200,1,10000,50
0.173156510572881,200,200,200,200,200,1,10000,50
0.182138686301187,200,200,200,200,200,1,10000,50
0.868390651652589,200,200,200,200,200,1,10000,50
0.0129581664223224,200,200,200,200,200,1,10000,50
