"p","truediv","chaoest","obsD","upper","lower","l","inds","reps"
0.156792171765119,100,100,100,100,100,1,5623,50
0.377621856285259,100,100,100,100,100,1,5623,50
0.002,100,100,100,100.002,100.002,1,5623,50
0.873690551845357,100,100,100,100,100,1,5623,50
0.308845033869147,100,100,100,100,100,1,5623,50
0.681545650120825,100,100,100,100,100,1,5623,50
0.359408746240661,100,100,100,100,100,1,5623,50
0.796925028786063,100,100,100,100,100,1,5623,50
0.688410068396479,100,100,100,100,100,1,5623,50
0.193132193293422,100,100,100,100,100,1,5623,50
0.444568324368447,100,100,100,100,100,1,5623,50
0.394002645974979,100,100,100,100,100,1,5623,50
0.606894746189937,100,100,100,100,100,1,5623,50
0.46252758638002,100,100,100,100,100,1,5623,50
0.464560806052759,100,100,100,100,100,1,5623,50
0.388590204063803,100,100,100,100,100,1,5623,50
0.196726932888851,100,100,100,100,100,1,5623,50
0.00462118955329061,100,100,100,100,100,1,5623,50
0.654054459184408,100,100,100,100,100,1,5623,50
0.471097774337977,100,100,100,100,100,1,5623,50
0.464123037876561,100,100,100,100,100,1,5623,50
0.276647891150787,100,100,100,100,100,1,5623,50
0.118489179760218,100,100,100,100,100,1,5623,50
0.16219917521812,100,100,100,100,100,1,5623,50
0.311668880051002,100,100,100,100,100,1,5623,50
0.24782703910023,100,100,100,100,100,1,5623,50
0.381414793198928,100,100,100,100,100,1,5623,50
0.252622295636684,100,100,100,100,100,1,5623,50
0.0217284830287099,100,100,100,100,100,1,5623,50
0.15567761217244,100,100,100,100,100,1,5623,50
0.915072557516396,100,100,100,100,100,1,5623,50
0.217174909310415,100,100,100,100,100,1,5623,50
5e-04,100,100,100,100.0005,100.0005,1,5623,50
0.821640706155449,100,100,100,100,100,1,5623,50
0.406215528259054,100,100,100,100,100,1,5623,50
0.195292232325301,100,100,100,100,100,1,5623,50
0.250594005919993,100,100,100,100,100,1,5623,50
0.528420937713236,100,100,100,100,100,1,5623,50
0.672993262298405,100,100,100,100,100,1,5623,50
0.886603961698711,100,100,100,100,100,1,5623,50
0.854890917195007,100,100,100,100,100,1,5623,50
0.310588605469093,100,100,100,100,100,1,5623,50
5e-04,100,100,100,100.0005,100.0005,1,5623,50
0.261875031981617,100,100,100,100,100,1,5623,50
0.523417786695063,100,100,100,100,100,1,5623,50
0.0639755628071725,100,100,100,100,100,1,5623,50
0.0507386811077595,100,100,100,100,100,1,5623,50
0.932488012360409,100,100,100,100,100,1,5623,50
0.001,100,100,100,100.001,100.001,1,5623,50
0.638382652541623,100,100,100,100,100,1,5623,50
