"p","truediv","chaoest","obsD","upper","lower","l","inds","reps"
0.144262783229351,100,100,100,100,100,1,10000,50
0.0589369372464716,100,100,100,100,100,1,10000,50
0.471260354388505,100,100,100,100,100,1,10000,50
0.0341307579074055,100,100,100,100,100,1,10000,50
0.005,100,100,100,100.005,100.005,1,10000,50
0.528500541578978,100,100,100,100,100,1,10000,50
0.004,100,100,100,100.004,100.004,1,10000,50
0.76656429329887,100,100,100,100,100,1,10000,50
0.953497807495296,100,100,100,100,100,1,10000,50
0.0055,100,100,100,100.0055,100.0055,1,10000,50
0.937319543678313,100,100,100,100,100,1,10000,50
0.976653453195468,100,100,100,100,100,1,10000,50
0.005,100,100,100,100.005,100.005,1,10000,50
0.450990570709109,100,100,100,100,100,1,10000,50
0.001,100,100,100,100.001,100.001,1,10000,50
0.621946250787005,100,100,100,100,100,1,10000,50
5e-04,100,100,100,100.0005,100.0005,1,10000,50
5e-04,100,100,100,100.0005,100.0005,1,10000,50
0.001,100,100,100,100.001,100.001,1,10000,50
0.48524011974223,100,100,100,100,100,1,10000,50
0.003,100,100,100,100.003,100.003,1,10000,50
0.796752927359194,100,100,100,100,100,1,10000,50
0.45736684743315,100,100,100,100,100,1,10000,50
0.506911261705682,100,100,100,100,100,1,10000,50
0.493247099220753,100,100,100,100,100,1,10000,50
0.0485,100,100,100,100.0485,99.0485,1,10000,50
0.687264746055007,100,100,100,100,100,1,10000,50
0.572577282087877,100,100,100,100,100,1,10000,50
0.58345877029933,100,100,100,100,100,1,10000,50
0.124377868138254,100,100,100,100,100,1,10000,50
0.282732057617977,100,100,100,100,100,1,10000,50
0.179054802749306,100,100,100,100,100,1,10000,50
0.915409196633846,100,100,100,100,100,1,10000,50
0.749829657608643,100,100,100,100,100,1,10000,50
0.1049575493671,100,100,100,100,100,1,10000,50
5e-04,100,100,100,100.0005,100.0005,1,10000,50
0.0015,100,100,100,100.0015,100.0015,1,10000,50
0.365601438563317,100,100,100,100,100,1,10000,50
0.488667781231925,100,100,100,100,100,1,10000,50
0.940093168290332,100,100,100,100,100,1,10000,50
0.002,100,100,100,100.002,100.002,1,10000,50
0.998504088027403,100,100,100,100,100,1,10000,50
0.669567804085091,100,100,100,100,100,1,10000,50
0.625206828583032,100,100,100,100,100,1,10000,50
0.825860636774451,100,100,100,100,100,1,10000,50
0.240482366411015,100,100,100,100,100,1,10000,50
5e-04,100,100,100,100.0005,100.0005,1,10000,50
0.362215074477717,100,100,100,100,100,1,10000,50
0.979163380572572,100,100,100,100,100,1,10000,50
0.375190943712369,100,100,100,100,100,1,10000,50
