"p","truediv","chaoest","obsD","upper","lower","l","inds","reps"
0.704618619289249,100,100,100,100,100,1,5623,50
0.740965738659725,100,100,100,100,100,1,5623,50
0.990178933367133,100,100,100,100,100,1,5623,50
0.276550145121291,100,100,100,100,100,1,5623,50
5e-04,100,100,100,100.0005,100.0005,1,5623,50
5e-04,100,100,100,100.0005,100.0005,1,5623,50
0.206599961733446,100,100,100,100,100,1,5623,50
5e-04,100,100,100,100.0005,100.0005,1,5623,50
0.606327353045344,100,100,100,100,100,1,5623,50
5e-04,100,100,100,100.0005,100.0005,1,5623,50
0.686440008226782,100,100,100,100,100,1,5623,50
0.310581919969991,100,100,100,100,100,1,5623,50
0.905157922534272,100,100,100,100,100,1,5623,50
0.655253372387961,100,100,100,100,100,1,5623,50
0.339685576269403,100,100,100,100,100,1,5623,50
0.763477753615007,100,100,100,100,100,1,5623,50
0.57502302271314,100,100,100,100,100,1,5623,50
0.773358671460301,100,100,100,100,100,1,5623,50
0.890712558524683,100,100,100,100,100,1,5623,50
0.666670177364722,100,100,100,100,100,1,5623,50
0.56909443764016,100,100,100,100,100,1,5623,50
0.419165162369609,100,100,100,100,100,1,5623,50
0.728182467166334,100,100,100,100,100,1,5623,50
0.738980964757502,100,100,100,100,100,1,5623,50
0.693082249490544,100,100,100,100,100,1,5623,50
0.235309752169997,100,100,100,100,100,1,5623,50
0.298004433745518,100,100,100,100,100,1,5623,50
0.0025,100,100,100,100.0025,100.0025,1,5623,50
0.345757233211771,100,100,100,100,100,1,5623,50
0.633461823454127,100,100,100,100,100,1,5623,50
0.655687765218318,100,100,100,100,100,1,5623,50
5e-04,100,100,100,100.0005,100.0005,1,5623,50
0.228728245710954,100,100,100,100,100,1,5623,50
0.954559261910617,100,100,100,100,100,1,5623,50
0.576966546243057,100,100,100,100,100,1,5623,50
0.113749184180051,100,100,100,100,100,1,5623,50
0.571176737081259,100,100,100,100,100,1,5623,50
0.627134109148756,100,100,100,100,100,1,5623,50
0.576378670055419,100,100,100,100,100,1,5623,50
5e-04,100,100,100,100.0005,100.0005,1,5623,50
0.577314706053585,100,100,100,100,100,1,5623,50
0.741765355924144,100,100,100,100,100,1,5623,50
0.125599239487201,100,100,100,100,100,1,5623,50
0.344951501116157,100,100,100,100,100,1,5623,50
0.416189671494067,100,100,100,100,100,1,5623,50
5e-04,100,100,100,100.0005,100.0005,1,5623,50
0.563516004243866,100,100,100,100,100,1,5623,50
0.21681137685664,100,100,100,100,100,1,5623,50
5e-04,100,100,100,100.0005,100.0005,1,5623,50
5e-04,100,100,100,100.0005,100.0005,1,5623,50
