"p","truediv","chaoest","obsD","upper","lower","l","inds","reps"
0.758056443417445,100,100,100,100,100,1,5623,50
0.782924755010754,100,100,100,100,100,1,5623,50
0.392325597582385,100,100,100,100,100,1,5623,50
0.122646106872708,100,100,100,100,100,1,5623,50
0.205856011016294,100,100,100,100,100,1,5623,50
0.485501729184762,100,100,100,100,100,1,5623,50
0.371041359379888,100,100,100,100,100,1,5623,50
0.305365585023537,100,100,100,100,100,1,5623,50
0.540576558327302,100,100,100,100,100,1,5623,50
0.0949079392012209,100,100,100,100,100,1,5623,50
0.377195259323344,100,100,100,100,100,1,5623,50
0.826654461212456,100,100,100,100,100,1,5623,50
0.113081221468747,100,100,100,100,100,1,5623,50
0.159857130609453,100,100,100,100,100,1,5623,50
0.42691994109191,100,100,100,100,100,1,5623,50
0.686623124638572,100,100,100,100,100,1,5623,50
0.324785971781239,100,100,100,100,100,1,5623,50
0.8370226258412,100,100,100,100,100,1,5623,50
0.69340844405815,100,100,100,100,100,1,5623,50
0.41720009688288,100,100,100,100,100,1,5623,50
0.241256596986204,100,100,100,100,100,1,5623,50
0.471713026287034,100,100,100,100,100,1,5623,50
0.0696671148762107,100,100,100,100,100,1,5623,50
0.468185012461618,100,100,100,100,100,1,5623,50
0.352010953472927,100,100,100,100,100,1,5623,50
0.0851583434268832,100,100,100,100,100,1,5623,50
0.412076380802318,100,100,100,100,100,1,5623,50
0.712673602392897,100,100,100,100,100,1,5623,50
0.778597231488675,100,100,100,100,100,1,5623,50
0.751028585480526,100,100,100,100,100,1,5623,50
0.845783839002252,100,100,100,100,100,1,5623,50
0.658787747379392,100,100,100,100,100,1,5623,50
0.588606920326129,100,100,100,100,100,1,5623,50
0.0129718261305243,100,100,100,100,100,1,5623,50
0.0592222434934229,100,100,100,100,100,1,5623,50
0.84725871658884,100,100,100,100,100,1,5623,50
0.861949518322945,100,100,100,100,100,1,5623,50
0.682684859726578,100,100,100,100,100,1,5623,50
0.45432011410594,100,100,100,100,100,1,5623,50
0.715113183716312,100,100,100,100,100,1,5623,50
0.160663147689775,100,100,100,100,100,1,5623,50
0.75041101500392,100,100,100,100,100,1,5623,50
0.879674648866057,100,100,100,100,100,1,5623,50
0.0053320056758821,100,100,100,100,100,1,5623,50
0.228907343698665,100,100,100,100,100,1,5623,50
0.908557397546247,100,100,100,100,100,1,5623,50
0.71387312700972,100,100,100,100,100,1,5623,50
0.817776277894154,100,100,100,100,100,1,5623,50
0.875921663595363,100,100,100,100,100,1,5623,50
0.904751327354461,100,100,100,100,100,1,5623,50
