"p","truediv","chaoest","obsD","upper","lower","l","inds","reps"
0.331672622123733,200,200,200,200,200,1,31623,50
0.337642207974568,200,200,200,200,200,1,31623,50
0.001,200,200,200,200.001,200.001,1,31623,50
0.720118744764477,200,200,200,200,200,1,31623,50
0.061,200,200,200,200.061,199.061,1,31623,50
0.0480007249861956,200,200,200,200,200,1,31623,50
0.25410360773094,200,200,200,200,200,1,31623,50
0.443786232499406,200,200,200,200,200,1,31623,50
5e-04,200,200,200,200.0005,200.0005,1,31623,50
0.260497263167053,200,200,200,200,200,1,31623,50
0.001,200,200,200,200.001,200.001,1,31623,50
0.387475698953494,200,200,200,200,200,1,31623,50
0.0085,200,200,200,200.0085,200.0085,1,31623,50
5e-04,200,200,200,200.0005,200.0005,1,31623,50
0.623479750007391,200,200,200,200,200,1,31623,50
0.551988059887663,200,200,200,200,200,1,31623,50
0.868098811246455,200,200,200,200,200,1,31623,50
0.938977991929278,200,200,200,200,200,1,31623,50
0.265545859001577,200,200,200,200,200,1,31623,50
0.91171237686649,200,200,200,200,200,1,31623,50
0.001,200,200,200,200.001,200.001,1,31623,50
0.702684687683359,200,200,200,200,200,1,31623,50
0.782042461913079,200,200,200,200,200,1,31623,50
0.762100752675906,200,200,200,200,200,1,31623,50
0.0015,200,200,200,200.0015,200.0015,1,31623,50
0.430864277295768,200,200,200,200,200,1,31623,50
5e-04,200,200,200,200.0005,200.0005,1,31623,50
0.0217248389963061,200,200,200,200,200,1,31623,50
0.231588471448049,200,200,200,200,200,1,31623,50
0.597552455961704,200,200,200,200,200,1,31623,50
0.2899587797001,200,200,200,200,200,1,31623,50
0.349321805406362,200,200,200,200,200,1,31623,50
0.930960829136893,200,200,200,200,200,1,31623,50
5e-04,200,200,200,200.0005,200.0005,1,31623,50
0.624533359194174,200,200,200,200,200,1,31623,50
0.850923686521128,200,200,200,200,200,1,31623,50
5e-04,200,200,200,200.0005,200.0005,1,31623,50
0.974159236066043,200,200,200,200,200,1,31623,50
0.562251365743577,200,200,200,200,200,1,31623,50
0.630434931023046,200,200,200,200,200,1,31623,50
0.001,200,200,200,200.001,200.001,1,31623,50
5e-04,200,200,200,200.0005,200.0005,1,31623,50
0.466551949735731,200,200,200,200,200,1,31623,50
5e-04,200,200,200,200.0005,200.0005,1,31623,50
5e-04,200,200,200,200.0005,200.0005,1,31623,50
0.122637789463624,200,200,200,200,200,1,31623,50
0.698291193461046,200,200,200,200,200,1,31623,50
0.761172891128808,200,200,200,200,200,1,31623,50
0.601265057688579,200,200,200,200,200,1,31623,50
0.016,200,200,200,200.016,200.016,1,31623,50
