"p","truediv","chaoest","obsD","upper","lower","l","inds","reps"
5e-04,200,200,200,200.0005,200.0005,1,31623,50
0.479087249841541,200,200,200,200,200,1,31623,50
0.661364629399031,200,200,200,200,200,1,31623,50
0.990999610163271,200,200,200,200,200,1,31623,50
0.001,200,200,200,200.001,200.001,1,31623,50
0.557000303873792,200,200,200,200,200,1,31623,50
0.322903879452497,200,200,200,200,200,1,31623,50
5e-04,200,200,200,200.0005,200.0005,1,31623,50
0.932429163949564,200,200,200,200,200,1,31623,50
0.0235,200,200,200,200.0235,200.0235,1,31623,50
0.933404095470905,200,200,200,200,200,1,31623,50
0.001,200,200,200,200.001,200.001,1,31623,50
0.909734968096018,200,200,200,200,200,1,31623,50
0.319382229819894,200,200,200,200,200,1,31623,50
0.001,200,200,200,200.001,200.001,1,31623,50
0.555775708751753,200,200,200,200,200,1,31623,50
0.774339825380594,200,200,200,200,200,1,31623,50
0.232993013923988,200,200,200,200,200,1,31623,50
0.339493603911251,200,200,200,200,200,1,31623,50
0.70093953399919,200,200,200,200,200,1,31623,50
0.002,200,200,200,200.002,200.002,1,31623,50
0.981851405464113,200,200,200,200,200,1,31623,50
0.0025,200,200,200,200.0025,200.0025,1,31623,50
0.791716332081705,200,200,200,200,200,1,31623,50
0.0055,200,200,200,200.0055,200.0055,1,31623,50
0.21620075777173,200,200,200,200,200,1,31623,50
0.219771881122142,200,200,200,200,200,1,31623,50
0.695948893437162,200,200,200,200,200,1,31623,50
5e-04,200,200,200,200.0005,200.0005,1,31623,50
0.623971140710637,200,200,200,200,200,1,31623,50
0.002,200,200,200,200.002,200.002,1,31623,50
0.0075,200,200,200,200.0075,200.0075,1,31623,50
0.002,200,200,200,200.002,200.002,1,31623,50
0.542800903785974,200,200,200,200,200,1,31623,50
0.837611158378422,200,200,200,200,200,1,31623,50
5e-04,200,200,200,200.0005,200.0005,1,31623,50
0.257688095094636,200,200,200,200,200,1,31623,50
0.27357120346278,200,200,200,200,200,1,31623,50
0.452642790973186,200,200,200,200,200,1,31623,50
0.934228624217212,200,200,200,200,200,1,31623,50
0.26293248962611,200,200,200,200,200,1,31623,50
5e-04,200,200,200,200.0005,200.0005,1,31623,50
0.262243462959304,200,200,200,200,200,1,31623,50
0.9995,200,200,200,199.999750007906,199.999750007906,1,31623,50
5e-04,200,200,200,200.0005,200.0005,1,31623,50
0.501337186666206,200,200,200,200,200,1,31623,50
0.001,200,200,200,200.001,200.001,1,31623,50
0.304378946777433,200,200,200,200,200,1,31623,50
5e-04,200,200,200,200.0005,200.0005,1,31623,50
0.582492711953819,200,200,200,200,200,1,31623,50
