"p","truediv","chaoest","obsD","upper","lower","l","inds","reps"
0.0015,200,200,200,200.0015,200.0015,1,31623,50
0.122362779686227,200,200,200,200,200,1,31623,50
0.632875831797719,200,200,200,200,200,1,31623,50
5e-04,200,200,200,200.0005,200.0005,1,31623,50
0.0025,200,200,200,200.001500031623,200.001500031623,1,31623,50
0.49802504433319,200,200,200,200,200,1,31623,50
0.0015,200,200,200,200.0015,200.0015,1,31623,50
0.0015,200,200,200,200.0015,200.0015,1,31623,50
5e-04,200,200,200,200.0005,200.0005,1,31623,50
5e-04,200,200,200,200.0005,200.0005,1,31623,50
0.451522530056536,200,200,200,200,200,1,31623,50
5e-04,200,200,200,200.0005,200.0005,1,31623,50
0.65470827370882,200,200,200,200,200,1,31623,50
5e-04,200,200,200,200.0005,200.0005,1,31623,50
0.686220883857459,200,200,200,200,200,1,31623,50
0.605224348371848,200,200,200,200,200,1,31623,50
0.001,200,200,200,200.001,200.001,1,31623,50
0.0584037327207625,200,200,200,200,200,1,31623,50
0.233894335338846,200,200,200,200,200,1,31623,50
0.0025,200,200,200,200.0025,200.0025,1,31623,50
0.0165,200,200,200,200.0165,200.0165,1,31623,50
0.615141518879682,200,200,200,200,200,1,31623,50
5e-04,200,200,200,200.0005,200.0005,1,31623,50
0.856882616877556,200,200,200,200,200,1,31623,50
5e-04,200,200,200,200.0005,200.0005,1,31623,50
0.816306372638792,200,200,200,200,200,1,31623,50
0.856955840718001,200,200,200,200,200,1,31623,50
0.469915088033304,200,200,200,200,200,1,31623,50
0.924327915534377,200,200,200,200,200,1,31623,50
0.59780943649821,200,200,200,200,200,1,31623,50
0.817953601712361,200,200,200,200,200,1,31623,50
5e-04,200,200,200,200.0005,200.0005,1,31623,50
0.001,200,200,200,200.001,200.001,1,31623,50
0.007,200,200,200,200.007,200.007,1,31623,50
0.67340926034376,200,200,200,200,200,1,31623,50
0.0085,200,200,200,200.0085,200.0085,1,31623,50
0.741571883205324,200,200,200,200,200,1,31623,50
5e-04,200,200,200,200.0005,200.0005,1,31623,50
0.391769981011748,200,200,200,200,200,1,31623,50
0.007,200,200,200,200.007,200.007,1,31623,50
0.023,200,200,200,200.023,200.023,1,31623,50
0.810439440188929,200,200,200,200,200,1,31623,50
0.9995,200,200,200,199.999750007906,199.999750007906,1,31623,50
5e-04,200,200,200,200.0005,200.0005,1,31623,50
5e-04,200,200,200,200.0005,200.0005,1,31623,50
0.160600810078904,200,200,200,200,200,1,31623,50
5e-04,200,200,200,200.0005,200.0005,1,31623,50
0.002,200,200,200,200.002,200.002,1,31623,50
0.488310419721529,200,200,200,200,200,1,31623,50
5e-04,200,200,200,200.0005,200.0005,1,31623,50
