"p","truediv","chaoest","obsD","upper","lower","l","inds","reps"
5e-04,200,200,200,200.0005,200.0005,1,31623,50
0.138285253196955,200,200,200,200,200,1,31623,50
0.993949986761436,200,200,200,200,200,1,31623,50
0.239141263533384,200,200,200,200,200,1,31623,50
0.596988862380385,200,200,200,200,200,1,31623,50
0.008,200,200,200,200.008,200.008,1,31623,50
5e-04,200,200,200,200.0005,200.0005,1,31623,50
5e-04,200,200,200,200.0005,200.0005,1,31623,50
0.0015,200,200,200,200.0015,200.0015,1,31623,50
0.688202723395079,200,200,200,200,200,1,31623,50
0.0015,200,200,200,200.0015,200.0015,1,31623,50
0.0015,200,200,200,200.0015,200.0015,1,31623,50
0.855245107552037,200,200,200,200,200,1,31623,50
0.002,200,200,200,200.002,200.002,1,31623,50
5e-04,200,200,200,200.0005,200.0005,1,31623,50
0.29366274503991,200,200,200,200,200,1,31623,50
5e-04,200,200,200,200.0005,200.0005,1,31623,50
0.990733241429552,200,200,200,200,200,1,31623,50
0.553681526100263,200,200,200,200,200,1,31623,50
0.971198417246342,200,200,200,200,200,1,31623,50
5e-04,200,200,200,200.0005,200.0005,1,31623,50
0.0565043510869145,200,200,200,200,200,1,31623,50
0.007,200,200,200,200.005500047434,200.005500047434,1,31623,50
0.001,200,200,200,200.001,200.001,1,31623,50
0.886816063662991,200,200,200,200,200,1,31623,50
0.02,200,200,200,200.02,200.02,1,31623,50
0.938389830756932,200,200,200,200,200,1,31623,50
0.001,200,200,200,200.001,200.001,1,31623,50
0.434933450538665,200,200,200,200,200,1,31623,50
0.926423880970106,200,200,200,200,200,1,31623,50
5e-04,200,200,200,200.0005,200.0005,1,31623,50
0.261642417637631,200,200,200,200,200,1,31623,50
5e-04,200,200,200,200.0005,200.0005,1,31623,50
0.390209612436593,200,200,200,200,200,1,31623,50
0.752594283083454,200,200,200,200,200,1,31623,50
0.336033585947007,200,200,200,200,200,1,31623,50
0.634330510860309,200,200,200,200,200,1,31623,50
0.556989532196894,200,200,200,200,200,1,31623,50
0.603850661311299,200,200,200,200,200,1,31623,50
0.311646783724427,200,200,200,200,200,1,31623,50
0.001,200,200,200,200.001,200.001,1,31623,50
0.296808649087325,200,200,200,200,200,1,31623,50
0.778754450846463,200,200,200,200,200,1,31623,50
0.307003273861483,200,200,200,200,200,1,31623,50
0.517328993417323,200,200,200,200,200,1,31623,50
0.0920420489273965,200,200,200,200,200,1,31623,50
0.0045,200,200,200,200.0045,200.0045,1,31623,50
0.003,200,200,200,200.003,200.003,1,31623,50
0.001,200,200,200,200.001,200.001,1,31623,50
0.001,200,200,200,200.000750007906,200.000750007906,1,31623,50
