"p","truediv","chaoest","obsD","upper","lower","l","inds","reps"
0.830224640900269,200,200,200,200,200,1,10000,50
0.170043602352962,200,200,200,200,200,1,10000,50
0.973025840008631,200,200,200,200,200,1,10000,50
0.499304783064872,200,200,200,200,200,1,10000,50
0.717678684974089,200,200,200,200,200,1,10000,50
0.771026846254244,200,200,200,200,200,1,10000,50
0.399273677263409,200,200,200,200,200,1,10000,50
0.593048250302672,200,200,200,200,200,1,10000,50
0.13671916606836,200,200,200,200,200,1,10000,50
0.611909177852795,200,200,200,200,200,1,10000,50
0.502625495428219,200,200,200,200,200,1,10000,50
0.663110479479656,200,200,200,200,200,1,10000,50
0.588742853607982,200,200,200,200,200,1,10000,50
0.91091502062045,200,200,200,200,200,1,10000,50
0.35661848844029,200,200,200,200,200,1,10000,50
0.4684217129834,200,200,200,200,200,1,10000,50
0.275769477011636,200,200,200,200,200,1,10000,50
0.220436898060143,200,200,200,200,200,1,10000,50
0.533473324496299,200,200,200,200,200,1,10000,50
0.0980943371541798,200,200,200,200,200,1,10000,50
0.0325959520414472,200,200,200,200,200,1,10000,50
0.179076152853668,200,200,200,200,200,1,10000,50
5e-04,200,200,200,200.0005,200.0005,1,10000,50
0.917333890683949,200,200,200,200,200,1,10000,50
0.685740100918338,200,200,200,200,200,1,10000,50
0.312195719452575,200,200,200,200,200,1,10000,50
0.136041182093322,200,200,200,200,200,1,10000,50
0.526103327283636,200,200,200,200,200,1,10000,50
0.789742545457557,200,200,200,200,200,1,10000,50
0.745297390036285,200,200,200,200,200,1,10000,50
0.003,200,200,200,200.003,200.003,1,10000,50
0.898918458260596,200,200,200,200,200,1,10000,50
5e-04,200,200,200,200.0005,200.0005,1,10000,50
0.721120044123381,200,200,200,200,200,1,10000,50
0.404600364621729,200,200,200,200,200,1,10000,50
5e-04,200,200,200,200.0005,200.0005,1,10000,50
0.593862768495455,200,200,200,200,200,1,10000,50
5e-04,200,200,200,200.0005,200.0005,1,10000,50
0.621135921915993,200,200,200,200,200,1,10000,50
0.0522050380241126,200,200,200,200,200,1,10000,50
0.631469529587775,200,200,200,200,200,1,10000,50
5e-04,200,200,200,200.0005,200.0005,1,10000,50
0.515815832884982,200,200,200,200,200,1,10000,50
0.552045757649466,200,200,200,200,200,1,10000,50
0.880417318316177,200,200,200,200,200,1,10000,50
0.852620341815054,200,200,200,200,200,1,10000,50
0.777428089873865,200,200,200,200,200,1,10000,50
0.288397972239181,200,200,200,200,200,1,10000,50
0.0571751035749912,200,200,200,200,200,1,10000,50
0.787274384871125,200,200,200,200,200,1,10000,50
