"p","truediv","chaoest","obsD","upper","lower","l","inds","reps"
0.185357901966199,200,200,200,200,200,1,31623,50
0.364252742147073,200,200,200,200,200,1,31623,50
0.996733360690996,200,200,200,200,200,1,31623,50
0.663994787959382,200,200,200,200,200,1,31623,50
5e-04,200,200,200,200.0005,200.0005,1,31623,50
0.48585065966472,200,200,200,200,200,1,31623,50
0.608405640581623,200,200,200,200,200,1,31623,50
0.166241466300562,200,200,200,200,200,1,31623,50
5e-04,200,200,200,200.0005,200.0005,1,31623,50
0.553819900378585,200,200,200,200,200,1,31623,50
0.006,200,200,200,200.006,200.006,1,31623,50
0.109327632701024,200,200,200,200,200,1,31623,50
0.436122845159844,200,200,200,200,200,1,31623,50
0.403878709301353,200,200,200,200,200,1,31623,50
0.0035,200,200,200,200.0035,200.0035,1,31623,50
0.868288299301639,200,200,200,200,200,1,31623,50
5e-04,200,200,200,200.0005,200.0005,1,31623,50
0.176910602021962,200,200,200,200,200,1,31623,50
0.553912020288408,200,200,200,200,200,1,31623,50
0.0075,200,200,200,200.0075,200.0075,1,31623,50
0.761387850856408,200,200,200,200,200,1,31623,50
0.207809736486524,200,200,200,200,200,1,31623,50
0.827492241980508,200,200,200,200,200,1,31623,50
0.0352595956064761,200,200,200,200,200,1,31623,50
0.946399318054318,200,200,200,200,200,1,31623,50
5e-04,200,200,200,200.0005,200.0005,1,31623,50
0.0065,200,200,200,200.0065,200.0065,1,31623,50
0.990301056532189,200,200,200,200,200,1,31623,50
0.001,200,200,200,200.001,200.001,1,31623,50
0.0015,200,200,200,200.0015,200.0015,1,31623,50
0.0545,200,200,200,200.0545,199.0545,1,31623,50
0.0015,200,200,200,200.0015,200.0015,1,31623,50
0.022,200,200,200,200.022,200.022,1,31623,50
5e-04,200,200,200,200.0005,200.0005,1,31623,50
0.001,200,200,200,200.001,200.001,1,31623,50
0.269794655730948,200,200,200,200,200,1,31623,50
0.669973039533943,200,200,200,200,200,1,31623,50
5e-04,200,200,200,200.0005,200.0005,1,31623,50
0.62211105809547,200,200,200,200,200,1,31623,50
0.47345183044672,200,200,200,200,200,1,31623,50
0.003,200,200,200,200.003,200.003,1,31623,50
0.0015,200,200,200,200.0015,200.0015,1,31623,50
0.0015,200,200,200,200.0015,200.0015,1,31623,50
0.101644820533693,200,200,200,200,200,1,31623,50
0.001,200,200,200,200.001,200.001,1,31623,50
0.204662348376587,200,200,200,200,200,1,31623,50
5e-04,200,200,200,200.0005,200.0005,1,31623,50
0.559674738207832,200,200,200,200,200,1,31623,50
0.0015,200,200,200,200.001000015811,200.001000015811,1,31623,50
0.001,200,200,200,200.001,200.001,1,31623,50
