"p","truediv","chaoest","obsD","upper","lower","l","inds","reps"
0.146465570898727,200,200,200,200,200,1,31623,50
0.971789307426661,200,200,200,200,200,1,31623,50
0.674472085898742,200,200,200,200,200,1,31623,50
0.165182208409533,200,200,200,200,200,1,31623,50
0.482461334206164,200,200,200,200,200,1,31623,50
0.6414612934459,200,200,200,200,200,1,31623,50
0.0594695748295635,200,200,200,200,200,1,31623,50
5e-04,200,200,200,200.000250007906,200.000250007906,1,31623,50
0.400091823888943,200,200,200,200,200,1,31623,50
0.003,200,200,200,200.003,200.003,1,31623,50
5e-04,200,200,200,200.0005,200.0005,1,31623,50
5e-04,200,200,200,200.0005,200.0005,1,31623,50
0.213408356532454,200,200,200,200,200,1,31623,50
0.0015,200,200,200,200.0015,200.0015,1,31623,50
0.886090452084318,200,200,200,200,200,1,31623,50
0.137820104137063,200,200,200,200,200,1,31623,50
5e-04,200,200,200,200.0005,200.0005,1,31623,50
0.768468546681106,200,200,200,200,200,1,31623,50
0.243544461904094,200,200,200,200,200,1,31623,50
5e-04,200,200,200,200.0005,200.0005,1,31623,50
0.324394056107849,200,200,200,200,200,1,31623,50
0.1330812710803,200,200,200,200,200,1,31623,50
0.002,200,200,200,200.002,200.002,1,31623,50
0.913572854595259,200,200,200,200,200,1,31623,50
5e-04,200,200,200,200.0005,200.0005,1,31623,50
0.007,200,200,200,200.007,200.007,1,31623,50
0.001,200,200,200,200.001,200.001,1,31623,50
0.0025,200,200,200,200.0025,200.0025,1,31623,50
5e-04,200,200,200,200.0005,200.0005,1,31623,50
0.996955577051267,200,200,200,200,200,1,31623,50
5e-04,200,200,200,200.0005,200.0005,1,31623,50
0.918337535578758,200,200,200,200,200,1,31623,50
0.6088408078067,200,200,200,200,200,1,31623,50
5e-04,200,200,200,200.0005,200.0005,1,31623,50
0.0015,200,200,200,200.0015,200.0015,1,31623,50
0.1379317229148,200,200,200,200,200,1,31623,50
5e-04,200,200,200,200.0005,200.0005,1,31623,50
0.391919228481129,200,200,200,200,200,1,31623,50
0.0015,200,200,200,200.0015,200.0015,1,31623,50
0.0015,200,200,200,200.0015,200.0015,1,31623,50
0.0035,200,200,200,200.0035,200.0035,1,31623,50
5e-04,200,200,200,200.000250007906,200.000250007906,1,31623,50
0.658749398542568,200,200,200,200,200,1,31623,50
5e-04,200,200,200,200.0005,200.0005,1,31623,50
0.0525163172278553,200,200,200,200,200,1,31623,50
0.102873787982389,200,200,200,200,200,1,31623,50
5e-04,200,200,200,200.0005,200.0005,1,31623,50
0.0015,200,200,200,200.0015,200.0015,1,31623,50
0.0794564525131136,200,200,200,200,200,1,31623,50
5e-04,200,200,200,200.0005,200.0005,1,31623,50
