"p","truediv","chaoest","obsD","upper","lower","l","inds","reps"
0.005,200,200,200,200.005,200.005,1,31623,50
0.002,200,200,200,200.002,200.002,1,31623,50
0.0493871010839939,200,200,200,200,200,1,31623,50
5e-04,200,200,200,200.0005,200.0005,1,31623,50
5e-04,200,200,200,200.0005,200.0005,1,31623,50
0.0015,200,200,200,200.0015,200.0015,1,31623,50
0.0035,200,200,200,200.0035,200.0035,1,31623,50
5e-04,200,200,200,200.0005,200.0005,1,31623,50
0.421867279568687,200,200,200,200,200,1,31623,50
0.770270899636671,200,200,200,200,200,1,31623,50
0.0442408071830869,200,200,200,200,200,1,31623,50
0.700342978816479,200,200,200,200,200,1,31623,50
0.409868285059929,200,200,200,200,200,1,31623,50
0.677862200886011,200,200,200,200,200,1,31623,50
0.924410776235163,200,200,200,200,200,1,31623,50
0.108341777697206,200,200,200,200,200,1,31623,50
0.941776157123968,200,200,200,200,200,1,31623,50
5e-04,200,200,200,200.0005,200.0005,1,31623,50
0.278198401909322,200,200,200,200,200,1,31623,50
0.411004048306495,200,200,200,200,200,1,31623,50
0.867638666881248,200,200,200,200,200,1,31623,50
0.001,200,200,200,200.001,200.001,1,31623,50
5e-04,200,200,200,200.0005,200.0005,1,31623,50
0.21014523296617,200,200,200,200,200,1,31623,50
0.012,200,200,200,200.012,200.012,1,31623,50
0.803868145449087,200,200,200,200,200,1,31623,50
0.712100977543741,200,200,200,200,200,1,31623,50
0.229910189751536,200,200,200,200,200,1,31623,50
0.777108595240861,200,200,200,200,200,1,31623,50
5e-04,200,200,200,200.0005,200.0005,1,31623,50
0.030155235202983,200,200,200,200,200,1,31623,50
0.088577592978254,200,200,200,200,200,1,31623,50
0.528337247669697,200,200,200,200,200,1,31623,50
5e-04,200,200,200,200.0005,200.0005,1,31623,50
5e-04,200,200,200,200.0005,200.0005,1,31623,50
0.223075496964157,200,200,200,200,200,1,31623,50
0.0015,200,200,200,200.0015,200.0015,1,31623,50
0.9776053391397,200,200,200,200,200,1,31623,50
0.114471983863041,200,200,200,200,200,1,31623,50
5e-04,200,200,200,200.0005,200.0005,1,31623,50
0.200499390484765,200,200,200,200,200,1,31623,50
0.0035,200,200,200,200.0035,200.0035,1,31623,50
0.954667280660942,200,200,200,200,200,1,31623,50
5e-04,200,200,200,200.0005,200.0005,1,31623,50
0.555355676915497,200,200,200,200,200,1,31623,50
0.001,200,200,200,200.001,200.001,1,31623,50
5e-04,200,200,200,200.0005,200.0005,1,31623,50
0.021,200,200,200,200.020750007906,200.020750007906,1,31623,50
0.0035,200,200,200,200.0035,200.0035,1,31623,50
0.163922401843593,200,200,200,200,200,1,31623,50
