"p","truediv","chaoest","obsD","upper","lower","l","inds","reps"
0.353993850527331,100,100,100,100,100,1,10000,50
0.921611798694357,100,100,100,100,100,1,10000,50
0.28225007164292,100,100,100,100,100,1,10000,50
0.610475046792999,100,100,100,100,100,1,10000,50
0.0035,100,100,100,100.0035,100.0035,1,10000,50
0.93667110032402,100,100,100,100,100,1,10000,50
0.0015,100,100,100,100.0015,100.0015,1,10000,50
0.0970095484517515,100,100,100,100,100,1,10000,50
0.229445930104703,100,100,100,100,100,1,10000,50
0.815192243782803,100,100,100,100,100,1,10000,50
0.179094456136227,100,100,100,100,100,1,10000,50
5e-04,100,100,100,100.0005,100.0005,1,10000,50
0.0790235083550215,100,100,100,100,100,1,10000,50
0.0025,100,100,100,100.0025,100.0025,1,10000,50
0.450567237799987,100,100,100,100,100,1,10000,50
0.260241497540846,100,100,100,100,100,1,10000,50
0.0015,100,100,100,100.0015,100.0015,1,10000,50
0.182541710091755,100,100,100,100,100,1,10000,50
0.485155802220106,100,100,100,100,100,1,10000,50
0.480863264994696,100,100,100,100,100,1,10000,50
0.17843629559502,100,100,100,100,100,1,10000,50
0.301486667012796,100,100,100,100,100,1,10000,50
0.704210614785552,100,100,100,100,100,1,10000,50
0.0768524720333517,100,100,100,100,100,1,10000,50
0.481874584918842,100,100,100,100,100,1,10000,50
0.767080647172406,100,100,100,100,100,1,10000,50
0.664931353181601,100,100,100,100,100,1,10000,50
0.199051448144019,100,100,100,100,100,1,10000,50
0.539384442381561,100,100,100,100,100,1,10000,50
0.563136694720015,100,100,100,100,100,1,10000,50
0.260369078954682,100,100,100,100,100,1,10000,50
5e-04,100,100,100,100.0005,100.0005,1,10000,50
0.173609485849738,100,100,100,100,100,1,10000,50
0.999765827087685,100,100,100,100,100,1,10000,50
0.839102909434587,100,100,100,100,100,1,10000,50
0.170066204620525,100,100,100,100,100,1,10000,50
5e-04,100,100,100,100.0005,100.0005,1,10000,50
0.689202875830233,100,100,100,100,100,1,10000,50
0.943463249132037,100,100,100,100,100,1,10000,50
0.65585795417428,100,100,100,100,100,1,10000,50
0.744753771927208,100,100,100,100,100,1,10000,50
0.287364564370364,100,100,100,100,100,1,10000,50
0.00252992636524141,100,100,100,100,100,1,10000,50
5e-04,100,100,100,100.0005,100.0005,1,10000,50
0.292291443096474,100,100,100,100,100,1,10000,50
5e-04,100,100,100,100.0005,100.0005,1,10000,50
0.367578941164538,100,100,100,100,100,1,10000,50
0.002,100,100,100,100.002,100.002,1,10000,50
0.440219216048717,100,100,100,100,100,1,10000,50
0.380320605356246,100,100,100,100,100,1,10000,50
