"p","truediv","chaoest","obsD","upper","lower","l","inds","reps"
0.994903927203268,200,200,200,200,200,1,31623,50
0.001,200,200,200,200.001,200.001,1,31623,50
0.743948770221323,200,200,200,200,200,1,31623,50
0.124203451909125,200,200,200,200,200,1,31623,50
0.576822666218504,200,200,200,200,200,1,31623,50
0.274616057984531,200,200,200,200,200,1,31623,50
0.395036895060912,200,200,200,200,200,1,31623,50
0.788628510897979,200,200,200,200,200,1,31623,50
0.349225442390889,200,200,200,200,200,1,31623,50
0.105053039966151,200,200,200,200,200,1,31623,50
0.214708494720981,200,200,200,200,200,1,31623,50
0.001,200,200,200,200.001,200.001,1,31623,50
5e-04,200,200,200,200.0005,200.0005,1,31623,50
0.567999520804733,200,200,200,200,200,1,31623,50
0.55802492517978,200,200,200,200,200,1,31623,50
5e-04,200,200,200,200.0005,200.0005,1,31623,50
0.788845139089972,200,200,200,200,200,1,31623,50
0.002,200,200,200,200.002,200.002,1,31623,50
5e-04,200,200,200,200.0005,200.0005,1,31623,50
0.001,200,200,200,200.001,200.001,1,31623,50
0.0085,200,200,200,200.0085,200.0085,1,31623,50
5e-04,200,200,200,200.0005,200.0005,1,31623,50
5e-04,200,200,200,200.0005,200.0005,1,31623,50
5e-04,200,200,200,200.0005,200.0005,1,31623,50
0.79969635582529,200,200,200,200,200,1,31623,50
0.0015,200,200,200,200.0015,200.0015,1,31623,50
5e-04,200,200,200,200.0005,200.0005,1,31623,50
0.0225,200,200,200,200.022000015811,200.022000015811,1,31623,50
0.0867543795611709,200,200,200,200,200,1,31623,50
5e-04,200,200,200,200.0005,200.0005,1,31623,50
0.834935654187575,200,200,200,200,200,1,31623,50
0.0225,200,200,200,200.0225,200.0225,1,31623,50
5e-04,200,200,200,200.0005,200.0005,1,31623,50
0.173863366479054,200,200,200,200,200,1,31623,50
0.419789937557653,200,200,200,200,200,1,31623,50
0.483948120847344,200,200,200,200,200,1,31623,50
0.002,200,200,200,200.002,200.002,1,31623,50
0.688213343033567,200,200,200,200,200,1,31623,50
0.856868147384375,200,200,200,200,200,1,31623,50
0.341150957625359,200,200,200,200,200,1,31623,50
0.67927069007419,200,200,200,200,200,1,31623,50
0.319824598962441,200,200,200,200,200,1,31623,50
0.546712074661627,200,200,200,200,200,1,31623,50
0.005,200,200,200,200.005,200.005,1,31623,50
0.001,200,200,200,200.001,200.001,1,31623,50
0.001,200,200,200,200.001,200.001,1,31623,50
0.0278462544083595,200,200,200,200,200,1,31623,50
5e-04,200,200,200,200.0005,200.0005,1,31623,50
5e-04,200,200,200,200.0005,200.0005,1,31623,50
0.045,200,200,200,200.045,199.045,1,31623,50
