"p","truediv","chaoest","obsD","upper","lower","l","inds","reps"
0.999018916394562,100,100,100,100,100,1,5623,50
0.60813344316557,100,100,100,100,100,1,5623,50
0.553980649216101,100,100,100,100,100,1,5623,50
0.469216577708721,100,100,100,100,100,1,5623,50
0.0265395445749164,100,100,100,100,100,1,5623,50
0.64962760778144,100,100,100,100,100,1,5623,50
0.228667667834088,100,100,100,100,100,1,5623,50
0.396796269342303,100,100,100,100,100,1,5623,50
0.696892756270245,100,100,100,100,100,1,5623,50
0.443980465177447,100,100,100,100,100,1,5623,50
0.222384013235569,100,100,100,100,100,1,5623,50
0.257817447884008,100,100,100,100,100,1,5623,50
0.690390855772421,100,100,100,100,100,1,5623,50
0.558527082903311,100,100,100,100,100,1,5623,50
0.650702019687742,100,100,100,100,100,1,5623,50
0.258058148669079,100,100,100,100,100,1,5623,50
0.867727501085028,100,100,100,100,100,1,5623,50
0.160319679416716,100,100,100,100,100,1,5623,50
0.0781734269112349,100,100,100,100,100,1,5623,50
0.0530291642062366,100,100,100,100,100,1,5623,50
0.919233353575692,100,100,100,100,100,1,5623,50
5e-04,100,100,100,100.0005,100.0005,1,5623,50
0.939639214193448,100,100,100,100,100,1,5623,50
0.157182014780119,100,100,100,100,100,1,5623,50
0.955080668441951,100,100,100,100,100,1,5623,50
0.438986439723521,100,100,100,100,100,1,5623,50
0.001,100,100,100,100.001,100.001,1,5623,50
0.188705257372931,100,100,100,100,100,1,5623,50
0.862275164108723,100,100,100,100,100,1,5623,50
0.231673362664878,100,100,100,100,100,1,5623,50
0.0665846476331353,100,100,100,100,100,1,5623,50
5e-04,100,100,100,100.0005,100.0005,1,5623,50
0.199233966646716,100,100,100,100,100,1,5623,50
0.398157588206232,100,100,100,100,100,1,5623,50
0.0157140747178346,100,100,100,100,100,1,5623,50
0.111357628135011,100,100,100,100,100,1,5623,50
0.264483457896858,100,100,100,100,100,1,5623,50
0.500864633824676,100,100,100,100,100,1,5623,50
0.71958513953723,100,100,100,100,100,1,5623,50
0.172936456743628,100,100,100,100,100,1,5623,50
0.472501815995201,100,100,100,100,100,1,5623,50
0.447580268606544,100,100,100,100,100,1,5623,50
0.542380555998534,100,100,100,100,100,1,5623,50
0.0085,100,100,100,100.008000088921,100.008000088921,1,5623,50
0.566041217884049,100,100,100,100,100,1,5623,50
0.25886702304706,100,100,100,100,100,1,5623,50
0.824508901219815,100,100,100,100,100,1,5623,50
0.28350839111954,100,100,100,100,100,1,5623,50
0.467469698749483,100,100,100,100,100,1,5623,50
0.227525560650975,100,100,100,100,100,1,5623,50
