"p","truediv","chaoest","obsD","upper","lower","l","inds","reps"
5e-04,200,200,200,200.0005,200.0005,1,31623,50
0.296507728518918,200,200,200,200,200,1,31623,50
0.555706977844238,200,200,200,200,200,1,31623,50
0.106388468295336,200,200,200,200,200,1,31623,50
0.106917611323297,200,200,200,200,200,1,31623,50
0.008,200,200,200,200.008,200.008,1,31623,50
0.126237312797457,200,200,200,200,200,1,31623,50
0.19668423361145,200,200,200,200,200,1,31623,50
0.863887648098171,200,200,200,200,200,1,31623,50
0.117999286390841,200,200,200,200,200,1,31623,50
0.758000799221918,200,200,200,200,200,1,31623,50
0.950135325547308,200,200,200,200,200,1,31623,50
0.0389590142294765,200,200,200,200,200,1,31623,50
0.580241146730259,200,200,200,200,200,1,31623,50
0.0015,200,200,200,200.0015,200.0015,1,31623,50
0.000601449748501182,200,200,200,200,200,1,31623,50
0.880096325883642,200,200,200,200,200,1,31623,50
0.424969601677731,200,200,200,200,200,1,31623,50
0.004,200,200,200,200.004,200.004,1,31623,50
0.727769208373502,200,200,200,200,200,1,31623,50
0.96913494495675,200,200,200,200,200,1,31623,50
0.762727977940813,200,200,200,200,200,1,31623,50
0.003,200,200,200,200.003,200.003,1,31623,50
0.001,200,200,200,200.001,200.001,1,31623,50
0.001,200,200,200,200.001,200.001,1,31623,50
0.163699896540493,200,200,200,200,200,1,31623,50
0.002,200,200,200,200.002,200.002,1,31623,50
0.717843482270837,200,200,200,200,200,1,31623,50
0.762346825329587,200,200,200,200,200,1,31623,50
0.13726065075025,200,200,200,200,200,1,31623,50
0.0775010962970555,200,200,200,200,200,1,31623,50
5e-04,200,200,200,200.0005,200.0005,1,31623,50
0.76693293498829,200,200,200,200,200,1,31623,50
0.844007585663348,200,200,200,200,200,1,31623,50
0.005,200,200,200,200.005,200.005,1,31623,50
0.0035,200,200,200,200.0035,200.0035,1,31623,50
0.942119878949597,200,200,200,200,200,1,31623,50
0.773149858228862,200,200,200,200,200,1,31623,50
0.973496346734464,200,200,200,200,200,1,31623,50
0.431921923533082,200,200,200,200,200,1,31623,50
0.794829762307927,200,200,200,200,200,1,31623,50
0.0015,200,200,200,200.0015,200.0015,1,31623,50
0.756581930676475,200,200,200,200,200,1,31623,50
0.580110837472603,200,200,200,200,200,1,31623,50
0.001,200,200,200,200.001,200.001,1,31623,50
0.0455,200,200,200,200.0455,199.0455,1,31623,50
5e-04,200,200,200,200.0005,200.0005,1,31623,50
5e-04,200,200,200,200.0005,200.0005,1,31623,50
0.891023674281314,200,200,200,200,200,1,31623,50
0.679367297561839,200,200,200,200,200,1,31623,50
