"p","truediv","chaoest","obsD","upper","lower","l","inds","reps"
5e-04,200,200,200,200.0005,200.0005,1,31623,50
0.705094020580873,200,200,200,200,200,1,31623,50
0.0735721935052425,200,200,200,200,200,1,31623,50
5e-04,200,200,200,200.0005,200.0005,1,31623,50
5e-04,200,200,200,200.0005,200.0005,1,31623,50
0.924527984578162,200,200,200,200,200,1,31623,50
0.44383472437039,200,200,200,200,200,1,31623,50
0.0055,200,200,200,200.0055,200.0055,1,31623,50
0.17619558935985,200,200,200,200,200,1,31623,50
0.516207016538829,200,200,200,200,200,1,31623,50
0.274395118933171,200,200,200,200,200,1,31623,50
0.977570473682135,200,200,200,200,200,1,31623,50
0.221762597095221,200,200,200,200,200,1,31623,50
0.724848572397605,200,200,200,200,200,1,31623,50
0.518216852098703,200,200,200,200,200,1,31623,50
0.0983479397837073,200,200,200,200,200,1,31623,50
5e-04,200,200,200,200.0005,200.0005,1,31623,50
0.0145,200,200,200,200.0145,200.0145,1,31623,50
0.232080371817574,200,200,200,200,200,1,31623,50
0.0015,200,200,200,200.0015,200.0015,1,31623,50
0.635407256893814,200,200,200,200,200,1,31623,50
0.170984072377905,200,200,200,200,200,1,31623,50
0.952625438570976,200,200,200,200,200,1,31623,50
0.0015,200,200,200,200.0015,200.0015,1,31623,50
0.37297423183918,200,200,200,200,200,1,31623,50
0.320770327700302,200,200,200,200,200,1,31623,50
0.686601659748703,200,200,200,200,200,1,31623,50
0.948744657216594,200,200,200,200,200,1,31623,50
0.0880132850725204,200,200,200,200,200,1,31623,50
0.790474107023329,200,200,200,200,200,1,31623,50
0.282839767169207,200,200,200,200,200,1,31623,50
0.003,200,200,200,200.003,200.003,1,31623,50
0.486389628378674,200,200,200,200,200,1,31623,50
5e-04,200,200,200,200.0005,200.0005,1,31623,50
0.966878118691966,200,200,200,200,200,1,31623,50
0.972081128507853,200,200,200,200,200,1,31623,50
0.005,200,200,200,200.005,200.005,1,31623,50
5e-04,200,200,200,200.0005,200.0005,1,31623,50
0.002,200,200,200,200.002,200.002,1,31623,50
5e-04,200,200,200,200.0005,200.0005,1,31623,50
0.001,200,200,200,200.001,200.001,1,31623,50
0.198341050418094,200,200,200,200,200,1,31623,50
0.802386453608051,200,200,200,200,200,1,31623,50
5e-04,200,200,200,200.0005,200.0005,1,31623,50
0.610148236388341,200,200,200,200,200,1,31623,50
0.908885026117787,200,200,200,200,200,1,31623,50
0.115508372429758,200,200,200,200,200,1,31623,50
0.002,200,200,200,200.002,200.002,1,31623,50
0.2383334916085,200,200,200,200,200,1,31623,50
5e-04,200,200,200,200.0005,200.0005,1,31623,50
