"p","truediv","chaoest","obsD","upper","lower","l","inds","reps"
5e-04,200,200,200,200.0005,200.0005,1,31623,50
0.763750549405813,200,200,200,200,200,1,31623,50
0.917294390732422,200,200,200,200,200,1,31623,50
5e-04,200,200,200,200.0005,200.0005,1,31623,50
0.370984047884122,200,200,200,200,200,1,31623,50
0.002,200,200,200,200.002,200.002,1,31623,50
0.0025,200,200,200,200.0025,200.0025,1,31623,50
0.211924395523965,200,200,200,200,200,1,31623,50
0.0015,200,200,200,200.0015,200.0015,1,31623,50
0.001,200,200,200,200.001,200.001,1,31623,50
0.744085210375488,200,200,200,200,200,1,31623,50
0.217670392477885,200,200,200,200,200,1,31623,50
0.362547313328832,200,200,200,200,200,1,31623,50
0.161150551168248,200,200,200,200,200,1,31623,50
0.517707940191031,200,200,200,200,200,1,31623,50
0.001,200,200,200,200.001,200.001,1,31623,50
0.450663782889023,200,200,200,200,200,1,31623,50
0.001,200,200,200,200.001,200.001,1,31623,50
0.971346602542326,200,200,200,200,200,1,31623,50
5e-04,200,200,200,200.000250007906,200.000250007906,1,31623,50
0.007,200,200,200,200.007,200.007,1,31623,50
0.550376949133351,200,200,200,200,200,1,31623,50
5e-04,200,200,200,200.0005,200.0005,1,31623,50
5e-04,200,200,200,200.0005,200.0005,1,31623,50
0.285010000690818,200,200,200,200,200,1,31623,50
0.940490636508912,200,200,200,200,200,1,31623,50
0.005,200,200,200,200.004500015811,200.004500015811,1,31623,50
0.393445619381964,200,200,200,200,200,1,31623,50
0.357560534961522,200,200,200,200,200,1,31623,50
0.241016288520768,200,200,200,200,200,1,31623,50
0.812238649697974,200,200,200,200,200,1,31623,50
0.324252052931115,200,200,200,200,200,1,31623,50
0.002,200,200,200,200.002,200.002,1,31623,50
0.30410235398449,200,200,200,200,200,1,31623,50
5e-04,200,200,200,200.0005,200.0005,1,31623,50
0.909527344861999,200,200,200,200,200,1,31623,50
5e-04,200,200,200,200.0005,200.0005,1,31623,50
0.581041714642197,200,200,200,200,200,1,31623,50
0.221186370123178,200,200,200,200,200,1,31623,50
5e-04,200,200,200,200.0005,200.0005,1,31623,50
5e-04,200,200,200,200.0005,200.0005,1,31623,50
5e-04,200,200,200,200.0005,200.0005,1,31623,50
5e-04,200,200,200,200.0005,200.0005,1,31623,50
0.587598235579208,200,200,200,200,200,1,31623,50
0.873507780954242,200,200,200,200,200,1,31623,50
0.534891944378614,200,200,200,200,200,1,31623,50
5e-04,200,200,200,200.0005,200.0005,1,31623,50
0.498915831558406,200,200,200,200,200,1,31623,50
0.520499534672126,200,200,200,200,200,1,31623,50
0.206473090453073,200,200,200,200,200,1,31623,50
