"p","truediv","chaoest","obsD","upper","lower","l","inds","reps"
5e-04,200,200,200,200.0005,200.0005,1,10000,50
0.628409434342757,200,200,200,200,200,1,10000,50
0.0015,200,200,200,200.0015,200.0015,1,10000,50
0.003,200,200,200,200.00250005,200.00250005,1,10000,50
0.0708067447412759,200,200,200,200,200,1,10000,50
0.0035,200,200,200,200.0035,200.0035,1,10000,50
0.0015,200,200,200,200.0015,200.0015,1,10000,50
5e-04,200,200,200,200.0005,200.0005,1,10000,50
0.001,200,200,200,200.001,200.001,1,10000,50
0.90877016982995,200,200,200,200,200,1,10000,50
5e-04,200,200,200,200.0005,200.0005,1,10000,50
0.008,200,200,200,200.008,200.008,1,10000,50
0.003,200,200,200,200.003,200.003,1,10000,50
0.0025,200,200,200,200.00200005,200.00200005,1,10000,50
0.0075,200,200,200,200.00500025,200.00500025,1,10000,50
0.843537118984386,200,200,200,200,200,1,10000,50
0.001,200,200,200,200.001,200.001,1,10000,50
0.002,200,200,200,200.002,200.002,1,10000,50
0.0115,200,200,200,200.0115,200.0115,1,10000,50
5e-04,200,200,200,200.0005,200.0005,1,10000,50
0.302281580166891,200,200,200,200,200,1,10000,50
0.0015,200,200,200,200.0015,200.0015,1,10000,50
0.0025,200,200,200,200.00200005,200.00200005,1,10000,50
0.944033499341458,200,200,200,200,200,1,10000,50
0.002,200,200,200,200.002,200.002,1,10000,50
0.6435516779311,200,200,200,200,200,1,10000,50
0.511116013396531,200,200,200,200,200,1,10000,50
0.001,200,200,200,200.001,200.001,1,10000,50
0.0015,200,200,200,200.001250025,200.001250025,1,10000,50
5e-04,200,200,200,200.0005,200.0005,1,10000,50
5e-04,200,200,200,200.0005,200.0005,1,10000,50
0.0241920521948487,200,200,200,200,200,1,10000,50
5e-04,200,200,200,200.0005,200.0005,1,10000,50
0.0115,200,200,200,200.01100005,200.01100005,1,10000,50
0.26251239166595,200,200,200,200,200,1,10000,50
0.002,200,200,200,200.002,200.002,1,10000,50
0.0584578870330006,200,200,200,200,200,1,10000,50
0.004,200,200,200,200.004,200.004,1,10000,50
0.111358388559893,200,200,200,200,200,1,10000,50
5e-04,200,200,200,200.0005,200.0005,1,10000,50
0.85769947967492,200,200,200,200,200,1,10000,50
0.002,200,200,200,200.002,200.002,1,10000,50
0.0035,200,200,200,200.0035,200.0035,1,10000,50
5e-04,200,200,200,200.0005,200.0005,1,10000,50
0.0841462202370167,200,200,200,200,200,1,10000,50
0.009,200,200,200,200.009,200.009,1,10000,50
0.942407791502774,200,200,200,200,200,1,10000,50
5e-04,200,200,200,200.0005,200.0005,1,10000,50
0.0175,200,200,200,200.01600015,200.01600015,1,10000,50
0.002,200,200,200,200.002,200.002,1,10000,50
