"p","truediv","chaoest","obsD","upper","lower","l","inds","reps"
0.494695948436856,200,200,200,200,200,1,31623,50
0.637772575253621,200,200,200,200,200,1,31623,50
0.001,200,200,200,200.001,200.001,1,31623,50
5e-04,200,200,200,200.0005,200.0005,1,31623,50
0.823002845281735,200,200,200,200,200,1,31623,50
0.001,200,200,200,200.001,200.001,1,31623,50
0.003,200,200,200,200.003,200.003,1,31623,50
0.832157695898786,200,200,200,200,200,1,31623,50
0.415394115261734,200,200,200,200,200,1,31623,50
0.54025890561752,200,200,200,200,200,1,31623,50
0.337431094842032,200,200,200,200,200,1,31623,50
0.864442686317489,200,200,200,200,200,1,31623,50
5e-04,200,200,200,200.0005,200.0005,1,31623,50
0.346561986254528,200,200,200,200,200,1,31623,50
0.803400737699121,200,200,200,200,200,1,31623,50
0.282447742065415,200,200,200,200,200,1,31623,50
0.139666620176286,200,200,200,200,200,1,31623,50
0.003,200,200,200,200.003,200.003,1,31623,50
0.62985184090212,200,200,200,200,200,1,31623,50
0.001,200,200,200,200.001,200.001,1,31623,50
5e-04,200,200,200,200.0005,200.0005,1,31623,50
0.0116177739109844,200,200,200,200,200,1,31623,50
0.525828282348812,200,200,200,200,200,1,31623,50
0.913561900611967,200,200,200,200,200,1,31623,50
0.0232065059244633,200,200,200,200,200,1,31623,50
0.309249901678413,200,200,200,200,200,1,31623,50
0.001,200,200,200,200.001,200.001,1,31623,50
0.757438488071784,200,200,200,200,200,1,31623,50
0.805014244047925,200,200,200,200,200,1,31623,50
0.51401795563288,200,200,200,200,200,1,31623,50
0.175522790057585,200,200,200,200,200,1,31623,50
0.007,200,200,200,200.007,200.007,1,31623,50
0.0025,200,200,200,200.0025,200.0025,1,31623,50
0.965261689852923,200,200,200,200,200,1,31623,50
0.002,200,200,200,200.001750007906,200.001750007906,1,31623,50
0.147776966914535,200,200,200,200,200,1,31623,50
0.219935763627291,200,200,200,200,200,1,31623,50
0.254891817225143,200,200,200,200,200,1,31623,50
0.001,200,200,200,200.001,200.001,1,31623,50
0.50179849867709,200,200,200,200,200,1,31623,50
0.940686401445419,200,200,200,200,200,1,31623,50
0.106391376582906,200,200,200,200,200,1,31623,50
0.189390281913802,200,200,200,200,200,1,31623,50
0.322277034632862,200,200,200,200,200,1,31623,50
0.001,200,200,200,200.001,200.001,1,31623,50
5e-04,200,200,200,200.0005,200.0005,1,31623,50
5e-04,200,200,200,200.0005,200.0005,1,31623,50
0.576085750712082,200,200,200,200,200,1,31623,50
0.508573977276683,200,200,200,200,200,1,31623,50
0.370668103219941,200,200,200,200,200,1,31623,50
