"p","truediv","chaoest","obsD","upper","lower","l","inds","reps"
0.0163175815250725,100,100,100,100,100,1,5623,50
0.817352167796344,100,100,100,100,100,1,5623,50
0.190356057835743,100,100,100,100,100,1,5623,50
0.0994766587391496,100,100,100,100,100,1,5623,50
0.3820349520538,100,100,100,100,100,1,5623,50
0.596455966122448,100,100,100,100,100,1,5623,50
0.8280171493534,100,100,100,100,100,1,5623,50
0.60911634657532,100,100,100,100,100,1,5623,50
0.001,100,100,100,100.001,100.001,1,5623,50
0.350373997818679,100,100,100,100,100,1,5623,50
5e-04,100,100,100,100.0005,100.0005,1,5623,50
0.0993517851457,100,100,100,100,100,1,5623,50
0.907139632850885,100,100,100,100,100,1,5623,50
0.676942171063274,100,100,100,100,100,1,5623,50
0.901480653323233,100,100,100,100,100,1,5623,50
0.635037348605692,100,100,100,100,100,1,5623,50
0.72416624147445,100,100,100,100,100,1,5623,50
5e-04,100,100,100,100.0005,100.0005,1,5623,50
0.0337890421506017,100,100,100,100,100,1,5623,50
0.748507379321381,100,100,100,100,100,1,5623,50
0.733814222505316,100,100,100,100,100,1,5623,50
0.569790701381862,100,100,100,100,100,1,5623,50
0.0506192422471941,100,100,100,100,100,1,5623,50
0.515542573994026,100,100,100,100,100,1,5623,50
0.269461313495412,100,100,100,100,100,1,5623,50
0.831509157316759,100,100,100,100,100,1,5623,50
5e-04,100,100,100,100.0005,100.0005,1,5623,50
0.619733929866925,100,100,100,100,100,1,5623,50
0.710658589843661,100,100,100,100,100,1,5623,50
0.668393947416916,100,100,100,100,100,1,5623,50
0.227381369797513,100,100,100,100,100,1,5623,50
0.958444359479472,100,100,100,100,100,1,5623,50
0.136370861204341,100,100,100,100,100,1,5623,50
0.246929543791339,100,100,100,100,100,1,5623,50
0.0236441979650408,100,100,100,100,100,1,5623,50
0.462559974519536,100,100,100,100,100,1,5623,50
0.780892869690433,100,100,100,100,100,1,5623,50
0.0367352655157447,100,100,100,100,100,1,5623,50
0.186875134939328,100,100,100,100,100,1,5623,50
0.240143516333774,100,100,100,100,100,1,5623,50
0.0015,100,100,100,100.0015,100.0015,1,5623,50
0.753515219315886,100,100,100,100,100,1,5623,50
0.512446205830202,100,100,100,100,100,1,5623,50
0.132297458127141,100,100,100,100,100,1,5623,50
0.25256913388148,100,100,100,100,100,1,5623,50
0.506448986940086,100,100,100,100,100,1,5623,50
0.00207673804834485,100,100,100,100,100,1,5623,50
0.132794976700097,100,100,100,100,100,1,5623,50
0.21513605909422,100,100,100,100,100,1,5623,50
0.0456341577228159,100,100,100,100,100,1,5623,50
