"p","truediv","chaoest","obsD","upper","lower","l","inds","reps"
5e-04,200,200,200,200.0005,200.0005,1,31623,50
5e-04,200,200,200,200.0005,200.0005,1,31623,50
5e-04,200,200,200,200.0005,200.0005,1,31623,50
0.0075,200,200,200,200.0075,200.0075,1,31623,50
0.204599678982049,200,200,200,200,200,1,31623,50
5e-04,200,200,200,200.0005,200.0005,1,31623,50
0.131059048930183,200,200,200,200,200,1,31623,50
5e-04,200,200,200,200.0005,200.0005,1,31623,50
0.974729839479551,200,200,200,200,200,1,31623,50
0.875359449302778,200,200,200,200,200,1,31623,50
0.538125694496557,200,200,200,200,200,1,31623,50
5e-04,200,200,200,200.0005,200.0005,1,31623,50
0.548529117368162,200,200,200,200,200,1,31623,50
0.0015,200,200,200,200.0015,200.0015,1,31623,50
0.993055240716785,200,200,200,200,200,1,31623,50
0.417583980830386,200,200,200,200,200,1,31623,50
0.0198238908778876,200,200,200,200,200,1,31623,50
0.809617246035486,200,200,200,200,200,1,31623,50
0.93179445900023,200,200,200,200,200,1,31623,50
0.898886967683211,200,200,200,200,200,1,31623,50
5e-04,200,200,200,200.0005,200.0005,1,31623,50
0.434404963394627,200,200,200,200,200,1,31623,50
0.400045068701729,200,200,200,200,200,1,31623,50
0.268268527695909,200,200,200,200,200,1,31623,50
0.868828607955948,200,200,200,200,200,1,31623,50
0.766793147427961,200,200,200,200,200,1,31623,50
0.0999384615570307,200,200,200,200,200,1,31623,50
0.0015,200,200,200,200.0015,200.0015,1,31623,50
0.655437876237556,200,200,200,200,200,1,31623,50
0.450624118791893,200,200,200,200,200,1,31623,50
0.004,200,200,200,200.003500015811,200.003500015811,1,31623,50
0.562906268052757,200,200,200,200,200,1,31623,50
0.004,200,200,200,200.004,200.004,1,31623,50
0.596101589268073,200,200,200,200,200,1,31623,50
0.671102054184303,200,200,200,200,200,1,31623,50
0.001,200,200,200,200.001,200.001,1,31623,50
0.787936205742881,200,200,200,200,200,1,31623,50
5e-04,200,200,200,200.0005,200.0005,1,31623,50
0.549986868165433,200,200,200,200,200,1,31623,50
5e-04,200,200,200,200.0005,200.0005,1,31623,50
5e-04,200,200,200,200.0005,200.0005,1,31623,50
0.573977809166536,200,200,200,200,200,1,31623,50
0.419803746277466,200,200,200,200,200,1,31623,50
0.009,200,200,200,200.009,200.009,1,31623,50
0.198005660669878,200,200,200,200,200,1,31623,50
0.693290259921923,200,200,200,200,200,1,31623,50
0.001,200,200,200,200.001,200.001,1,31623,50
0.741551972460002,200,200,200,200,200,1,31623,50
5e-04,200,200,200,200.0005,200.0005,1,31623,50
0.001,200,200,200,200.001,200.001,1,31623,50
