"p","truediv","chaoest","obsD","upper","lower","l","inds","reps"
5e-04,200,200,200,200.0005,200.0005,1,31623,50
0.0311309020034969,200,200,200,200,200,1,31623,50
0.008,200,200,200,200.008,200.008,1,31623,50
0.017,200,200,200,200.016500015811,200.016500015811,1,31623,50
0.104805658105761,200,200,200,200,200,1,31623,50
5e-04,200,200,200,200.0005,200.0005,1,31623,50
0.948191451374441,200,200,200,200,200,1,31623,50
5e-04,200,200,200,200.0005,200.0005,1,31623,50
0.886378297349438,200,200,200,200,200,1,31623,50
0.544657212914899,200,200,200,200,200,1,31623,50
0.432627841830254,200,200,200,200,200,1,31623,50
0.919762594159693,200,200,200,200,200,1,31623,50
5e-04,200,200,200,200.0005,200.0005,1,31623,50
5e-04,200,200,200,200.0005,200.0005,1,31623,50
5e-04,200,200,200,200.0005,200.0005,1,31623,50
0.001,200,200,200,200.001,200.001,1,31623,50
5e-04,200,200,200,200.0005,200.0005,1,31623,50
0.936674107098952,200,200,200,200,200,1,31623,50
0.81182953575626,200,200,200,200,200,1,31623,50
0.911014179931954,200,200,200,200,200,1,31623,50
0.372218406060711,200,200,200,200,200,1,31623,50
0.0015,200,200,200,200.0015,200.0015,1,31623,50
0.550761416787282,200,200,200,200,200,1,31623,50
0.001,200,200,200,200.001,200.001,1,31623,50
0.804503824794665,200,200,200,200,200,1,31623,50
0.0307078997138888,200,200,200,200,200,1,31623,50
0.001,200,200,200,200.001,200.001,1,31623,50
0.909972131019458,200,200,200,200,200,1,31623,50
0.439131675288081,200,200,200,200,200,1,31623,50
0.674035581992939,200,200,200,200,200,1,31623,50
0.006,200,200,200,200.006,200.006,1,31623,50
5e-04,200,200,200,200.0005,200.0005,1,31623,50
0.800707927672192,200,200,200,200,200,1,31623,50
0.001,200,200,200,200.001,200.001,1,31623,50
5e-04,200,200,200,200.0005,200.0005,1,31623,50
0.846184269757941,200,200,200,200,200,1,31623,50
0.202806215267628,200,200,200,200,200,1,31623,50
0.235655108466744,200,200,200,200,200,1,31623,50
0.101040197303519,200,200,200,200,200,1,31623,50
0.399947182973847,200,200,200,200,200,1,31623,50
0.462240416556597,200,200,200,200,200,1,31623,50
5e-04,200,200,200,200.0005,200.0005,1,31623,50
0.52583431173116,200,200,200,200,200,1,31623,50
0.419964738655835,200,200,200,200,200,1,31623,50
0.899812157964334,200,200,200,200,200,1,31623,50
0.190249903360382,200,200,200,200,200,1,31623,50
0.003,200,200,200,200.003,200.003,1,31623,50
0.280688139377162,200,200,200,200,200,1,31623,50
0.651853394461796,200,200,200,200,200,1,31623,50
0.312359038740396,200,200,200,200,200,1,31623,50
