"p","truediv","chaoest","obsD","upper","lower","l","inds","reps"
0.993085529888049,200,200,200,200,200,1,31623,50
0.004,200,200,200,200.004,200.004,1,31623,50
0.422548985807225,200,200,200,200,200,1,31623,50
0.25063694245182,200,200,200,200,200,1,31623,50
0.390893795993179,200,200,200,200,200,1,31623,50
0.542559294495732,200,200,200,200,200,1,31623,50
5e-04,200,200,200,200.0005,200.0005,1,31623,50
0.462087180931121,200,200,200,200,200,1,31623,50
0.0805648474488407,200,200,200,200,200,1,31623,50
0.001,200,200,200,200.001,200.001,1,31623,50
0.857677897904068,200,200,200,200,200,1,31623,50
0.464779556263238,200,200,200,200,200,1,31623,50
0.0970771675929427,200,200,200,200,200,1,31623,50
0.001,200,200,200,200.001,200.001,1,31623,50
5e-04,200,200,200,200.0005,200.0005,1,31623,50
0.91766340774484,200,200,200,200,200,1,31623,50
0.889157485915348,200,200,200,200,200,1,31623,50
0.663578336825594,200,200,200,200,200,1,31623,50
0.864454136928543,200,200,200,200,200,1,31623,50
0.540506125194952,200,200,200,200,200,1,31623,50
5e-04,200,200,200,200.0005,200.0005,1,31623,50
0.367480865912512,200,200,200,200,200,1,31623,50
0.0025,200,200,200,200.002250007906,200.002250007906,1,31623,50
0.833495528437197,200,200,200,200,200,1,31623,50
0.003,200,200,200,200.003,200.003,1,31623,50
0.326567746466026,200,200,200,200,200,1,31623,50
0.001,200,200,200,200.001,200.001,1,31623,50
0.86982329399325,200,200,200,200,200,1,31623,50
5e-04,200,200,200,200.0005,200.0005,1,31623,50
5e-04,200,200,200,200.0005,200.0005,1,31623,50
0.713097045896575,200,200,200,200,200,1,31623,50
0.40056665497832,200,200,200,200,200,1,31623,50
5e-04,200,200,200,200.0005,200.0005,1,31623,50
0.289461107924581,200,200,200,200,200,1,31623,50
5e-04,200,200,200,200.0005,200.0005,1,31623,50
0.930097192758694,200,200,200,200,200,1,31623,50
5e-04,200,200,200,200.0005,200.0005,1,31623,50
0.909669020213187,200,200,200,200,200,1,31623,50
0.273495387518778,200,200,200,200,200,1,31623,50
0.0972868574317545,200,200,200,200,200,1,31623,50
0.053,200,200,200,200.053,199.053,1,31623,50
0.249897071626037,200,200,200,200,200,1,31623,50
0.0181529875844717,200,200,200,200,200,1,31623,50
0.663640268845484,200,200,200,200,200,1,31623,50
0.756710865069181,200,200,200,200,200,1,31623,50
0.002,200,200,200,200.002,200.002,1,31623,50
0.451342258136719,200,200,200,200,200,1,31623,50
0.30581940128468,200,200,200,200,200,1,31623,50
0.90973159018904,200,200,200,200,200,1,31623,50
0.62185320421122,200,200,200,200,200,1,31623,50
