"p","truediv","chaoest","obsD","upper","lower","l","inds","reps"
0.875650792848319,100,100,100,100,100,1,5623,50
0.0075,100,100,100,100.00725004446,100.00725004446,1,5623,50
0.0355341092217714,100,100,100,100,100,1,5623,50
0.877148719504476,100,100,100,100,100,1,5623,50
0.892921154154465,100,100,100,100,100,1,5623,50
0.173811984015629,100,100,100,100,100,1,5623,50
0.0935923994984478,100,100,100,100,100,1,5623,50
0.13821315811947,100,100,100,100,100,1,5623,50
0.309950151015073,100,100,100,100,100,1,5623,50
0.688644061097875,100,100,100,100,100,1,5623,50
5e-04,100,100,100,100.0005,100.0005,1,5623,50
0.760115182027221,100,100,100,100,100,1,5623,50
0.438274293672293,100,100,100,100,100,1,5623,50
0.870946194510907,100,100,100,100,100,1,5623,50
0.254768554586917,100,100,100,100,100,1,5623,50
0.307232989929616,100,100,100,100,100,1,5623,50
0.358875867910683,100,100,100,100,100,1,5623,50
0.309685469372198,100,100,100,100,100,1,5623,50
0.702130729798228,100,100,100,100,100,1,5623,50
0.307479160139337,100,100,100,100,100,1,5623,50
0.250714710680768,100,100,100,100,100,1,5623,50
0.499236544594169,100,100,100,100,100,1,5623,50
0.719044798519462,100,100,100,100,100,1,5623,50
0.0318928700871766,100,100,100,100,100,1,5623,50
0.407478007953614,100,100,100,100,100,1,5623,50
0.791887851199135,100,100,100,100,100,1,5623,50
0.0807036394253373,100,100,100,100,100,1,5623,50
5e-04,100,100,100,100.0005,100.0005,1,5623,50
0.963853330118582,100,100,100,100,100,1,5623,50
5e-04,100,100,100,100.0005,100.0005,1,5623,50
0.964526850963011,100,100,100,100,100,1,5623,50
0.314221408218145,100,100,100,100,100,1,5623,50
0.203594856429845,100,100,100,100,100,1,5623,50
0.0767078818753362,100,100,100,100,100,1,5623,50
0.805964863859117,100,100,100,100,100,1,5623,50
0.0055,100,100,100,100.0055,100.0055,1,5623,50
0.5750712309964,100,100,100,100,100,1,5623,50
0.0133056335616857,100,100,100,100,100,1,5623,50
0.609306830912828,100,100,100,100,100,1,5623,50
0.772931080311537,100,100,100,100,100,1,5623,50
0.988742827204987,100,100,100,100,100,1,5623,50
0.295069114072248,100,100,100,100,100,1,5623,50
0.783661824883893,100,100,100,100,100,1,5623,50
0.526859847595915,100,100,100,100,100,1,5623,50
0.976686814334244,100,100,100,100,100,1,5623,50
0.956318233627826,100,100,100,100,100,1,5623,50
0.209899857174605,100,100,100,100,100,1,5623,50
0.860221460228786,100,100,100,100,100,1,5623,50
0.19823085446842,100,100,100,100,100,1,5623,50
0.279480242636055,100,100,100,100,100,1,5623,50
