"p","truediv","chaoest","obsD","upper","lower","l","inds","reps"
0.373367021325976,200,200,200,200,200,1,31623,50
0.004,200,200,200,200.004,200.004,1,31623,50
0.833802592242137,200,200,200,200,200,1,31623,50
0.454044150654227,200,200,200,200,200,1,31623,50
0.001,200,200,200,200.001,200.001,1,31623,50
0.764300754293799,200,200,200,200,200,1,31623,50
0.156880228547379,200,200,200,200,200,1,31623,50
0.0145,200,200,200,200.0145,200.0145,1,31623,50
0.49965840484947,200,200,200,200,200,1,31623,50
0.556515264557675,200,200,200,200,200,1,31623,50
0.873192675178871,200,200,200,200,200,1,31623,50
0.186970644630492,200,200,200,200,200,1,31623,50
0.11632275627926,200,200,200,200,200,1,31623,50
0.0205,200,200,200,200.0205,200.0205,1,31623,50
0.006,200,200,200,200.006,200.006,1,31623,50
0.296175685944036,200,200,200,200,200,1,31623,50
0.656565538607538,200,200,200,200,200,1,31623,50
0.0786205173935741,200,200,200,200,200,1,31623,50
0.867274016374722,200,200,200,200,200,1,31623,50
5e-04,200,200,200,200.0005,200.0005,1,31623,50
0.911228348733857,200,200,200,200,200,1,31623,50
0.950558728771284,200,200,200,200,200,1,31623,50
0.588249379070476,200,200,200,200,200,1,31623,50
0.585352902766317,200,200,200,200,200,1,31623,50
5e-04,200,200,200,200.0005,200.0005,1,31623,50
0.001,200,200,200,200.001,200.001,1,31623,50
0.857116742059588,200,200,200,200,200,1,31623,50
0.715221482329071,200,200,200,200,200,1,31623,50
0.043,200,200,200,200.043,199.043,1,31623,50
0.002,200,200,200,200.002,200.002,1,31623,50
5e-04,200,200,200,200.0005,200.0005,1,31623,50
0.600015426054597,200,200,200,200,200,1,31623,50
0.663456620415673,200,200,200,200,200,1,31623,50
0.865663985256106,200,200,200,200,200,1,31623,50
0.140074864262715,200,200,200,200,200,1,31623,50
0.00864176964387298,200,200,200,200,200,1,31623,50
5e-04,200,200,200,200.0005,200.0005,1,31623,50
0.002,200,200,200,200.002,200.002,1,31623,50
0.436057641869411,200,200,200,200,200,1,31623,50
0.0205,200,200,200,200.0205,200.0205,1,31623,50
0.0015,200,200,200,200.0015,200.0015,1,31623,50
0.16741957096383,200,200,200,200,200,1,31623,50
0.004,200,200,200,200.004,200.004,1,31623,50
0.250495029380545,200,200,200,200,200,1,31623,50
0.254844297189265,200,200,200,200,200,1,31623,50
0.532113389810547,200,200,200,200,200,1,31623,50
0.569726409623399,200,200,200,200,200,1,31623,50
0.001,200,200,200,200.001,200.001,1,31623,50
5e-04,200,200,200,200.000250007906,200.000250007906,1,31623,50
0.674984157085419,200,200,200,200,200,1,31623,50
