"p","truediv","chaoest","obsD","upper","lower","l","inds","reps"
0.231290180003271,200,200,200,200,200,1,31623,50
0.0933477762155235,200,200,200,200,200,1,31623,50
0.419194273650646,200,200,200,200,200,1,31623,50
0.001,200,200,200,200.001,200.001,1,31623,50
0.001,200,200,200,200.001,200.001,1,31623,50
0.001,200,200,200,200.000750007906,200.000750007906,1,31623,50
0.0085,200,200,200,200.0085,200.0085,1,31623,50
0.0273172194138169,200,200,200,200,200,1,31623,50
0.347058089450002,200,200,200,200,200,1,31623,50
0.001,200,200,200,200.001,200.001,1,31623,50
0.001,200,200,200,200.001,200.001,1,31623,50
0.007,200,200,200,200.007,200.007,1,31623,50
0.001,200,200,200,200.001,200.001,1,31623,50
0.847409937530756,200,200,200,200,200,1,31623,50
0.83113762573339,200,200,200,200,200,1,31623,50
0.06096564931795,200,200,200,200,200,1,31623,50
0.0409949547611177,200,200,200,200,200,1,31623,50
0.717471632407978,200,200,200,200,200,1,31623,50
5e-04,200,200,200,200.0005,200.0005,1,31623,50
0.470608831848949,200,200,200,200,200,1,31623,50
0.865405595628545,200,200,200,200,200,1,31623,50
0.001,200,200,200,200.001,200.001,1,31623,50
0.726513031637296,200,200,200,200,200,1,31623,50
0.759315448114648,200,200,200,200,200,1,31623,50
5e-04,200,200,200,200.0005,200.0005,1,31623,50
0.0045,200,200,200,200.0045,200.0045,1,31623,50
0.347059303661808,200,200,200,200,200,1,31623,50
5e-04,200,200,200,200.0005,200.0005,1,31623,50
0.335126164602116,200,200,200,200,200,1,31623,50
0.7557868368458,200,200,200,200,200,1,31623,50
0.0976568264886737,200,200,200,200,200,1,31623,50
0.493548644706607,200,200,200,200,200,1,31623,50
0.528292544884607,200,200,200,200,200,1,31623,50
0.420164037263021,200,200,200,200,200,1,31623,50
0.767697480507195,200,200,200,200,200,1,31623,50
0.363655073801056,200,200,200,200,200,1,31623,50
0.94088991638273,200,200,200,200,200,1,31623,50
0.722868029261008,200,200,200,200,200,1,31623,50
0.005,200,200,200,200.005,200.005,1,31623,50
0.281772616552189,200,200,200,200,200,1,31623,50
0.405661499593407,200,200,200,200,200,1,31623,50
0.858160321600735,200,200,200,200,200,1,31623,50
0.009,200,200,200,200.009,200.009,1,31623,50
5e-04,200,200,200,200.0005,200.0005,1,31623,50
0.187119165435433,200,200,200,200,200,1,31623,50
0.903850745409727,200,200,200,200,200,1,31623,50
0.008,200,200,200,200.007250023717,200.007250023717,1,31623,50
0.674983703531325,200,200,200,200,200,1,31623,50
0.871024117572233,200,200,200,200,200,1,31623,50
0.796442268649116,200,200,200,200,200,1,31623,50
