"p","truediv","chaoest","obsD","upper","lower","l","inds","reps"
0.74545625038445,200,200,200,200,200,1,31623,50
0.711722298525274,200,200,200,200,200,1,31623,50
0.877216616878286,200,200,200,200,200,1,31623,50
0.587006903486326,200,200,200,200,200,1,31623,50
0.0015,200,200,200,200.0015,200.0015,1,31623,50
0.449960889993235,200,200,200,200,200,1,31623,50
0.343774441163987,200,200,200,200,200,1,31623,50
0.110543017042801,200,200,200,200,200,1,31623,50
0.001,200,200,200,200.001,200.001,1,31623,50
0.001,200,200,200,200.001,200.001,1,31623,50
5e-04,200,200,200,200.0005,200.0005,1,31623,50
0.624386077048257,200,200,200,200,200,1,31623,50
5e-04,200,200,200,200.0005,200.0005,1,31623,50
0.827285690233111,200,200,200,200,200,1,31623,50
0.0220398653764278,200,200,200,200,200,1,31623,50
0.995430993847549,200,200,200,200,200,1,31623,50
0.0329568134620786,200,200,200,200,200,1,31623,50
0.17248302930966,200,200,200,200,200,1,31623,50
0.0025,200,200,200,200.0025,200.0025,1,31623,50
0.0105,200,200,200,200.0105,200.0105,1,31623,50
0.520644073374569,200,200,200,200,200,1,31623,50
0.942171667702496,200,200,200,200,200,1,31623,50
5e-04,200,200,200,200.0005,200.0005,1,31623,50
0.365310577908531,200,200,200,200,200,1,31623,50
0.942696729907766,200,200,200,200,200,1,31623,50
0.668473252328113,200,200,200,200,200,1,31623,50
0.342890353873372,200,200,200,200,200,1,31623,50
0.148456413298845,200,200,200,200,200,1,31623,50
0.942012647632509,200,200,200,200,200,1,31623,50
0.228604645002633,200,200,200,200,200,1,31623,50
0.726153920404613,200,200,200,200,200,1,31623,50
0.903048055944964,200,200,200,200,200,1,31623,50
5e-04,200,200,200,200.0005,200.0005,1,31623,50
0.002,200,200,200,200.002,200.002,1,31623,50
0.0025,200,200,200,200.0025,200.0025,1,31623,50
0.634514350676909,200,200,200,200,200,1,31623,50
0.271947792731225,200,200,200,200,200,1,31623,50
5e-04,200,200,200,200.0005,200.0005,1,31623,50
0.0522774618584663,200,200,200,200,200,1,31623,50
0.002,200,200,200,200.002,200.002,1,31623,50
0.688894839258865,200,200,200,200,200,1,31623,50
0.906712292926386,200,200,200,200,200,1,31623,50
5e-04,200,200,200,200.0005,200.0005,1,31623,50
0.666358427843079,200,200,200,200,200,1,31623,50
0.529706472763792,200,200,200,200,200,1,31623,50
0.670641436707228,200,200,200,200,200,1,31623,50
0.0015,200,200,200,200.0015,200.0015,1,31623,50
0.005,200,200,200,200.005,200.005,1,31623,50
0.473439655965194,200,200,200,200,200,1,31623,50
0.021,200,200,200,200.021,200.021,1,31623,50
