"p","truediv","chaoest","obsD","upper","lower","l","inds","reps"
0.0634057479910553,200,200,200,200,200,1,31623,50
0.626999338623136,200,200,200,200,200,1,31623,50
5e-04,200,200,200,200.0005,200.0005,1,31623,50
0.167171941371635,200,200,200,200,200,1,31623,50
5e-04,200,200,200,200.0005,200.0005,1,31623,50
0.713750283000991,200,200,200,200,200,1,31623,50
0.175958215491846,200,200,200,200,200,1,31623,50
0.897289633052424,200,200,200,200,200,1,31623,50
0.829421562841162,200,200,200,200,200,1,31623,50
0.765315783908591,200,200,200,200,200,1,31623,50
0.707676690304652,200,200,200,200,200,1,31623,50
0.209241645177826,200,200,200,200,200,1,31623,50
0.002,200,200,200,200.002,200.002,1,31623,50
0.394116298994049,200,200,200,200,200,1,31623,50
0.801718103000894,200,200,200,200,200,1,31623,50
5e-04,200,200,200,200.0005,200.0005,1,31623,50
0.0145,200,200,200,200.0145,200.0145,1,31623,50
0.69810685981065,200,200,200,200,200,1,31623,50
0.312335880473256,200,200,200,200,200,1,31623,50
0.426656340947375,200,200,200,200,200,1,31623,50
0.112120043020695,200,200,200,200,200,1,31623,50
0.643989236326888,200,200,200,200,200,1,31623,50
0.710041101323441,200,200,200,200,200,1,31623,50
0.0015,200,200,200,200.0015,200.0015,1,31623,50
0.001,200,200,200,200.001,200.001,1,31623,50
0.608132019639015,200,200,200,200,200,1,31623,50
0.737103141145781,200,200,200,200,200,1,31623,50
0.0085,200,200,200,200.0085,200.0085,1,31623,50
0.001,200,200,200,200.000750007906,200.000750007906,1,31623,50
5e-04,200,200,200,200.0005,200.0005,1,31623,50
0.001,200,200,200,200.001,200.001,1,31623,50
0.354085992556065,200,200,200,200,200,1,31623,50
0.0778734388295561,200,200,200,200,200,1,31623,50
5e-04,200,200,200,200.0005,200.0005,1,31623,50
0.239785578567535,200,200,200,200,200,1,31623,50
0.0055,200,200,200,200.0055,200.0055,1,31623,50
0.0911932869348675,200,200,200,200,200,1,31623,50
0.008,200,200,200,200.008,200.008,1,31623,50
0.004,200,200,200,200.004,200.004,1,31623,50
0.001,200,200,200,200.001,200.001,1,31623,50
0.193072925321758,200,200,200,200,200,1,31623,50
0.002,200,200,200,200.001750007906,200.001750007906,1,31623,50
0.0015,200,200,200,200.0015,200.0015,1,31623,50
0.607632354833186,200,200,200,200,200,1,31623,50
5e-04,200,200,200,200.0005,200.0005,1,31623,50
0.0075,200,200,200,200.0075,200.0075,1,31623,50
0.419637238839641,200,200,200,200,200,1,31623,50
5e-04,200,200,200,200.0005,200.0005,1,31623,50
0.221029501641169,200,200,200,200,200,1,31623,50
0.001,200,200,200,200.001,200.001,1,31623,50
