"p","truediv","chaoest","obsD","upper","lower","l","inds","reps"
0.537933415034786,100,100,100,100,100,1,10000,50
0.221704542404041,100,100,100,100,100,1,10000,50
0.004,100,100,100,100.004,100.004,1,10000,50
0.620453755138442,100,100,100,100,100,1,10000,50
0.001,100,100,100,100.001,100.001,1,10000,50
0.762345739640296,100,100,100,100,100,1,10000,50
0.766958009218797,100,100,100,100,100,1,10000,50
5e-04,100,100,100,100.0005,100.0005,1,10000,50
0.961430508177727,100,100,100,100,100,1,10000,50
0.744397594360635,100,100,100,100,100,1,10000,50
0.985447402345017,100,100,100,100,100,1,10000,50
0.0175,100,100,100,100.0175,100.0175,1,10000,50
0.0025,100,100,100,100.0025,100.0025,1,10000,50
5e-04,100,100,100,100.0005,100.0005,1,10000,50
0.279797119554132,100,100,100,100,100,1,10000,50
0.98988763615489,100,100,100,100,100,1,10000,50
0.361481431638822,100,100,100,100,100,1,10000,50
5e-04,100,100,100,100.0005,100.0005,1,10000,50
0.250602549640462,100,100,100,100,100,1,10000,50
0.132170957978815,100,100,100,100,100,1,10000,50
0.57757880911231,100,100,100,100,100,1,10000,50
0.476950936950743,100,100,100,100,100,1,10000,50
0.007,100,100,100,100.007,100.007,1,10000,50
0.005,100,100,100,100.005,100.005,1,10000,50
0.957556452369317,100,100,100,100,100,1,10000,50
0.71730925492011,100,100,100,100,100,1,10000,50
0.78527923556976,100,100,100,100,100,1,10000,50
0.969670892227441,100,100,100,100,100,1,10000,50
0.945632582530379,100,100,100,100,100,1,10000,50
0.671202371828258,100,100,100,100,100,1,10000,50
0.706921835197136,100,100,100,100,100,1,10000,50
5e-04,100,100,100,100.0005,100.0005,1,10000,50
0.001,100,100,100,100.001,100.001,1,10000,50
0.702495930716395,100,100,100,100,100,1,10000,50
0.0485732732340693,100,100,100,100,100,1,10000,50
0.848536000587046,100,100,100,100,100,1,10000,50
0.181408003205433,100,100,100,100,100,1,10000,50
0.348596274154261,100,100,100,100,100,1,10000,50
0.005,100,100,100,100.005,100.005,1,10000,50
0.843106602784246,100,100,100,100,100,1,10000,50
0.25538353365846,100,100,100,100,100,1,10000,50
0.247543566161767,100,100,100,100,100,1,10000,50
0.9995,100,100,100,99.999750025,99.999750025,1,10000,50
0.002,100,100,100,100.002,100.002,1,10000,50
0.457797134527937,100,100,100,100,100,1,10000,50
0.96464684791863,100,100,100,100,100,1,10000,50
0.145157694816589,100,100,100,100,100,1,10000,50
0.824644246371463,100,100,100,100,100,1,10000,50
5e-04,100,100,100,100.0005,100.0005,1,10000,50
5e-04,100,100,100,100.0005,100.0005,1,10000,50
