"p","truediv","chaoest","obsD","upper","lower","l","inds","reps"
5e-04,200,200,200,200.000250007906,200.000250007906,1,31623,50
0.00417610723525286,200,200,200,200,200,1,31623,50
5e-04,200,200,200,200.0005,200.0005,1,31623,50
0.889297094196081,200,200,200,200,200,1,31623,50
0.001,200,200,200,200.001,200.001,1,31623,50
0.455304869217798,200,200,200,200,200,1,31623,50
0.83768098638393,200,200,200,200,200,1,31623,50
0.530945628415793,200,200,200,200,200,1,31623,50
0.855795291252434,200,200,200,200,200,1,31623,50
0.732852657791227,200,200,200,200,200,1,31623,50
0.724275179207325,200,200,200,200,200,1,31623,50
5e-04,200,200,200,200.0005,200.0005,1,31623,50
0.001,200,200,200,200.001,200.001,1,31623,50
0.813359835417941,200,200,200,200,200,1,31623,50
5e-04,200,200,200,200.0005,200.0005,1,31623,50
5e-04,200,200,200,200.0005,200.0005,1,31623,50
0.0055,200,200,200,200.0055,200.0055,1,31623,50
0.001,200,200,200,200.001,200.001,1,31623,50
0.89652111986652,200,200,200,200,200,1,31623,50
0.002,200,200,200,200.002,200.002,1,31623,50
0.400708753149956,200,200,200,200,200,1,31623,50
0.956104820361361,200,200,200,200,200,1,31623,50
0.002,200,200,200,200.002,200.002,1,31623,50
0.001,200,200,200,200.001,200.001,1,31623,50
0.349713780451566,200,200,200,200,200,1,31623,50
0.510434885509312,200,200,200,200,200,1,31623,50
0.972814066102728,200,200,200,200,200,1,31623,50
0.148045874200761,200,200,200,200,200,1,31623,50
5e-04,200,200,200,200.0005,200.0005,1,31623,50
0.001,200,200,200,200.001,200.001,1,31623,50
0.656960129272193,200,200,200,200,200,1,31623,50
0.015,200,200,200,200.015,200.015,1,31623,50
0.705852374667302,200,200,200,200,200,1,31623,50
0.915226523531601,200,200,200,200,200,1,31623,50
0.647406540578231,200,200,200,200,200,1,31623,50
5e-04,200,200,200,200.0005,200.0005,1,31623,50
0.642501337686554,200,200,200,200,200,1,31623,50
0.66729731974192,200,200,200,200,200,1,31623,50
5e-04,200,200,200,200.0005,200.0005,1,31623,50
0.538775055902079,200,200,200,200,200,1,31623,50
0.0853021573275328,200,200,200,200,200,1,31623,50
0.421064808964729,200,200,200,200,200,1,31623,50
0.687058022944257,200,200,200,200,200,1,31623,50
0.426457423949614,200,200,200,200,200,1,31623,50
0.001,200,200,200,200.001,200.001,1,31623,50
0.293541913153604,200,200,200,200,200,1,31623,50
0.000646539265289903,200,200,200,200,200,1,31623,50
0.280305880121887,200,200,200,200,200,1,31623,50
0.791920164134353,200,200,200,200,200,1,31623,50
0.786450227722526,200,200,200,200,200,1,31623,50
