"p","truediv","chaoest","obsD","upper","lower","l","inds","reps"
0.574646143009886,100,100,100,100,100,1,10000,50
0.57938196673058,100,100,100,100,100,1,10000,50
0.795649356907234,100,100,100,100,100,1,10000,50
0.996654259972274,100,100,100,100,100,1,10000,50
0.175424445653334,100,100,100,100,100,1,10000,50
0.284491762751713,100,100,100,100,100,1,10000,50
0.504289658274502,100,100,100,100,100,1,10000,50
0.598666069796309,100,100,100,100,100,1,10000,50
0.580062810797244,100,100,100,100,100,1,10000,50
0.267967568477616,100,100,100,100,100,1,10000,50
0.962461794959381,100,100,100,100,100,1,10000,50
0.011,100,100,100,100.011,100.011,1,10000,50
0.833675288595259,100,100,100,100,100,1,10000,50
0.119108051294461,100,100,100,100,100,1,10000,50
0.700252660084516,100,100,100,100,100,1,10000,50
0.890834148274735,100,100,100,100,100,1,10000,50
0.0075,100,100,100,100.0075,100.0075,1,10000,50
0.32726479228586,100,100,100,100,100,1,10000,50
0.0803143598604947,100,100,100,100,100,1,10000,50
0.854121439624578,100,100,100,100,100,1,10000,50
0.266883275471628,100,100,100,100,100,1,10000,50
0.181495212484151,100,100,100,100,100,1,10000,50
0.001,100,100,100,100.001,100.001,1,10000,50
0.591351367533207,100,100,100,100,100,1,10000,50
0.682045002933592,100,100,100,100,100,1,10000,50
0.917350707808509,100,100,100,100,100,1,10000,50
0.916791977593675,100,100,100,100,100,1,10000,50
5e-04,100,100,100,100.0005,100.0005,1,10000,50
0.878129658987746,100,100,100,100,100,1,10000,50
0.985082528088242,100,100,100,100,100,1,10000,50
0.619554749689996,100,100,100,100,100,1,10000,50
0.30570988310501,100,100,100,100,100,1,10000,50
0.861676812404767,100,100,100,100,100,1,10000,50
0.856080056866631,100,100,100,100,100,1,10000,50
0.0035,100,100,100,100.0035,100.0035,1,10000,50
0.224657297832891,100,100,100,100,100,1,10000,50
0.456916827475652,100,100,100,100,100,1,10000,50
0.553108912426978,100,100,100,100,100,1,10000,50
0.324260918889195,100,100,100,100,100,1,10000,50
5e-04,100,100,100,100.0005,100.0005,1,10000,50
0.631899078609422,100,100,100,100,100,1,10000,50
0.731602946296334,100,100,100,100,100,1,10000,50
0.285371410194784,100,100,100,100,100,1,10000,50
0.897080443566665,100,100,100,100,100,1,10000,50
0.900625210488215,100,100,100,100,100,1,10000,50
0.138139595510438,100,100,100,100,100,1,10000,50
0.739297271240503,100,100,100,100,100,1,10000,50
0.632472832221538,100,100,100,100,100,1,10000,50
0.392458094283938,100,100,100,100,100,1,10000,50
0.805552783422172,100,100,100,100,100,1,10000,50
