"p","truediv","chaoest","obsD","upper","lower","l","inds","reps"
0.10259976121597,200,200,200,200,200,1,31623,50
5e-04,200,200,200,200.0005,200.0005,1,31623,50
5e-04,200,200,200,200.0005,200.0005,1,31623,50
0.149882615776733,200,200,200,200,200,1,31623,50
0.474202041747048,200,200,200,200,200,1,31623,50
0.0025,200,200,200,200.0025,200.0025,1,31623,50
5e-04,200,200,200,200.0005,200.0005,1,31623,50
0.676355076022446,200,200,200,200,200,1,31623,50
0.0780480226967484,200,200,200,200,200,1,31623,50
0.547921651042998,200,200,200,200,200,1,31623,50
0.525291585829109,200,200,200,200,200,1,31623,50
0.001,200,200,200,200.001,200.001,1,31623,50
0.301284294342622,200,200,200,200,200,1,31623,50
0.551704280544072,200,200,200,200,200,1,31623,50
0.002,200,200,200,200.002,200.002,1,31623,50
0.163467622362077,200,200,200,200,200,1,31623,50
5e-04,200,200,200,200.0005,200.0005,1,31623,50
0.5021399166435,200,200,200,200,200,1,31623,50
0.997627757955343,200,200,200,200,200,1,31623,50
0.608323805266991,200,200,200,200,200,1,31623,50
0.0015,200,200,200,200.0015,200.0015,1,31623,50
0.0015,200,200,200,200.0015,200.0015,1,31623,50
0.001,200,200,200,200.001,200.001,1,31623,50
5e-04,200,200,200,200.0005,200.0005,1,31623,50
0.343195426044986,200,200,200,200,200,1,31623,50
0.901030370267108,200,200,200,200,200,1,31623,50
5e-04,200,200,200,200.0005,200.0005,1,31623,50
0.98253606678918,200,200,200,200,200,1,31623,50
0.526571123627946,200,200,200,200,200,1,31623,50
0.992089601932094,200,200,200,200,200,1,31623,50
5e-04,200,200,200,200.0005,200.0005,1,31623,50
0.00849895225837827,200,200,200,200,200,1,31623,50
0.0555,200,200,200,200.055000015811,199.055000015811,1,31623,50
0.609698983374983,200,200,200,200,200,1,31623,50
5e-04,200,200,200,200.0005,200.0005,1,31623,50
0.002,200,200,200,200.002,200.002,1,31623,50
0.431133472593501,200,200,200,200,200,1,31623,50
0.79068289953284,200,200,200,200,200,1,31623,50
0.672012531431392,200,200,200,200,200,1,31623,50
0.0801846594549716,200,200,200,200,200,1,31623,50
0.543520538369194,200,200,200,200,200,1,31623,50
0.0035,200,200,200,200.0035,200.0035,1,31623,50
5e-04,200,200,200,200.0005,200.0005,1,31623,50
5e-04,200,200,200,200.0005,200.0005,1,31623,50
0.205671597504988,200,200,200,200,200,1,31623,50
0.0015,200,200,200,200.0015,200.0015,1,31623,50
0.841194129781798,200,200,200,200,200,1,31623,50
0.381800965406001,200,200,200,200,200,1,31623,50
0.391400055261329,200,200,200,200,200,1,31623,50
0.005,200,200,200,200.005,200.005,1,31623,50
