"p","truediv","chaoest","obsD","upper","lower","l","inds","reps"
0.56599640683271,200,200,200,200,200,1,10000,50
5e-04,200,200,200,200.0005,200.0005,1,10000,50
0.425213802140206,200,200,200,200,200,1,10000,50
0.542984364088625,200,200,200,200,200,1,10000,50
0.482781530590728,200,200,200,200,200,1,10000,50
0.367900939891115,200,200,200,200,200,1,10000,50
0.305940342834219,200,200,200,200,200,1,10000,50
0.467558836797252,200,200,200,200,200,1,10000,50
0.188079149695113,200,200,200,200,200,1,10000,50
0.970974571770057,200,200,200,200,200,1,10000,50
0.587451893603429,200,200,200,200,200,1,10000,50
0.977378256153315,200,200,200,200,200,1,10000,50
5e-04,200,200,200,200.0005,200.0005,1,10000,50
0.0512714132200927,200,200,200,200,200,1,10000,50
0.410417139763013,200,200,200,200,200,1,10000,50
0.216474284417927,200,200,200,200,200,1,10000,50
0.97698231972754,200,200,200,200,200,1,10000,50
0.001,200,200,200,200.001,200.001,1,10000,50
0.265118148643523,200,200,200,200,200,1,10000,50
0.677882344927639,200,200,200,200,200,1,10000,50
0.109006591606885,200,200,200,200,200,1,10000,50
0.823980526998639,200,200,200,200,200,1,10000,50
5e-04,200,200,200,200.0005,200.0005,1,10000,50
0.919687736779451,200,200,200,200,200,1,10000,50
0.278046091319993,200,200,200,200,200,1,10000,50
0.73294138116762,200,200,200,200,200,1,10000,50
0.925780566874892,200,200,200,200,200,1,10000,50
0.474614649778232,200,200,200,200,200,1,10000,50
0.556392638012767,200,200,200,200,200,1,10000,50
0.200393423438072,200,200,200,200,200,1,10000,50
0.170960925985128,200,200,200,200,200,1,10000,50
0.21104847243987,200,200,200,200,200,1,10000,50
0.818421110976487,200,200,200,200,200,1,10000,50
0.25377460103482,200,200,200,200,200,1,10000,50
0.0015,200,200,200,200.0015,200.0015,1,10000,50
0.494461021851748,200,200,200,200,200,1,10000,50
0.46448179683648,200,200,200,200,200,1,10000,50
0.89798692567274,200,200,200,200,200,1,10000,50
0.51296942285262,200,200,200,200,200,1,10000,50
0.897954255575314,200,200,200,200,200,1,10000,50
0.987544832285494,200,200,200,200,200,1,10000,50
0.149388652993366,200,200,200,200,200,1,10000,50
0.822473585838452,200,200,200,200,200,1,10000,50
0.001,200,200,200,200.001,200.001,1,10000,50
0.0800216987263411,200,200,200,200,200,1,10000,50
0.89311511721462,200,200,200,200,200,1,10000,50
0.972164316568524,200,200,200,200,200,1,10000,50
0.001,200,200,200,200.001,200.001,1,10000,50
0.680970333516598,200,200,200,200,200,1,10000,50
0.152005442650989,200,200,200,200,200,1,10000,50
