"p","truediv","chaoest","obsD","upper","lower","l","inds","reps"
0.693998393602669,200,200,200,200,200,1,31623,50
5e-04,200,200,200,200.0005,200.0005,1,31623,50
0.106068788329139,200,200,200,200,200,1,31623,50
0.33710056473501,200,200,200,200,200,1,31623,50
0.350367164006457,200,200,200,200,200,1,31623,50
0.633863033493981,200,200,200,200,200,1,31623,50
5e-04,200,200,200,200.0005,200.0005,1,31623,50
0.0045,200,200,200,200.0045,200.0045,1,31623,50
0.002,200,200,200,200.002,200.002,1,31623,50
0.001,200,200,200,200.001,200.001,1,31623,50
0.247692057397217,200,200,200,200,200,1,31623,50
0.691527129849419,200,200,200,200,200,1,31623,50
0.0736005380749702,200,200,200,200,200,1,31623,50
0.001,200,200,200,200.001,200.001,1,31623,50
0.150233819149435,200,200,200,200,200,1,31623,50
0.316825604299083,200,200,200,200,200,1,31623,50
0.131110108923167,200,200,200,200,200,1,31623,50
0.007,200,200,200,200.006500015811,200.006500015811,1,31623,50
0.0195,200,200,200,200.0195,200.0195,1,31623,50
0.0635,200,200,200,200.0635,199.0635,1,31623,50
0.001,200,200,200,200.001,200.001,1,31623,50
0.456151930848137,200,200,200,200,200,1,31623,50
0.302760889753699,200,200,200,200,200,1,31623,50
0.002,200,200,200,200.001750007906,200.001750007906,1,31623,50
5e-04,200,200,200,200.0005,200.0005,1,31623,50
0.740079921437427,200,200,200,200,200,1,31623,50
0.362096812343225,200,200,200,200,200,1,31623,50
0.001,200,200,200,200.001,200.001,1,31623,50
0.850940643809736,200,200,200,200,200,1,31623,50
0.747675271471962,200,200,200,200,200,1,31623,50
0.228901897324249,200,200,200,200,200,1,31623,50
0.0015,200,200,200,200.0015,200.0015,1,31623,50
0.424765993840992,200,200,200,200,200,1,31623,50
5e-04,200,200,200,200.0005,200.0005,1,31623,50
0.577418230473995,200,200,200,200,200,1,31623,50
5e-04,200,200,200,200.0005,200.0005,1,31623,50
0.417815409833565,200,200,200,200,200,1,31623,50
0.708901770180091,200,200,200,200,200,1,31623,50
0.797198026906699,200,200,200,200,200,1,31623,50
0.002,200,200,200,200.002,200.002,1,31623,50
0.0951197033282369,200,200,200,200,200,1,31623,50
0.0035,200,200,200,200.0035,200.0035,1,31623,50
0.005,200,200,200,200.005,200.005,1,31623,50
0.804733810247853,200,200,200,200,200,1,31623,50
0.785895837470889,200,200,200,200,200,1,31623,50
0.136259799357504,200,200,200,200,200,1,31623,50
0.0495,200,200,200,200.0495,199.0495,1,31623,50
0.0035,200,200,200,200.0035,200.0035,1,31623,50
0.252441961551085,200,200,200,200,200,1,31623,50
0.242469475371763,200,200,200,200,200,1,31623,50
