"p","truediv","chaoest","obsD","upper","lower","l","inds","reps"
0.525397005490959,200,200,200,200,200,1,31623,50
5e-04,200,200,200,200.0005,200.0005,1,31623,50
0.960948349675164,200,200,200,200,200,1,31623,50
0.002,200,200,200,200.002,200.002,1,31623,50
0.015,200,200,200,200.015,200.015,1,31623,50
0.004,200,200,200,200.004,200.004,1,31623,50
5e-04,200,200,200,200.0005,200.0005,1,31623,50
0.411262074951082,200,200,200,200,200,1,31623,50
0.008,200,200,200,200.008,200.008,1,31623,50
0.209207345265895,200,200,200,200,200,1,31623,50
0.32884867535904,200,200,200,200,200,1,31623,50
0.0015,200,200,200,200.0015,200.0015,1,31623,50
0.64878339227289,200,200,200,200,200,1,31623,50
5e-04,200,200,200,200.0005,200.0005,1,31623,50
0.911462315358222,200,200,200,200,200,1,31623,50
0.582430460955948,200,200,200,200,200,1,31623,50
5e-04,200,200,200,200.0005,200.0005,1,31623,50
0.661093301372603,200,200,200,200,200,1,31623,50
0.002,200,200,200,200.002,200.002,1,31623,50
0.854159140028059,200,200,200,200,200,1,31623,50
0.738720434019342,200,200,200,200,200,1,31623,50
0.190251041203737,200,200,200,200,200,1,31623,50
0.0045,200,200,200,200.0045,200.0045,1,31623,50
0.703498344635591,200,200,200,200,200,1,31623,50
0.13817206886597,200,200,200,200,200,1,31623,50
0.96180080412887,200,200,200,200,200,1,31623,50
0.962915582116693,200,200,200,200,200,1,31623,50
0.326915845973417,200,200,200,200,200,1,31623,50
0.285356102278456,200,200,200,200,200,1,31623,50
0.473526169545949,200,200,200,200,200,1,31623,50
5e-04,200,200,200,200.0005,200.0005,1,31623,50
0.001,200,200,200,200.001,200.001,1,31623,50
0.451200996758416,200,200,200,200,200,1,31623,50
0.326668523950502,200,200,200,200,200,1,31623,50
0.0075,200,200,200,200.0075,200.0075,1,31623,50
0.0207996279932559,200,200,200,200,200,1,31623,50
0.352744940668344,200,200,200,200,200,1,31623,50
0.596138475928456,200,200,200,200,200,1,31623,50
0.0130701554007828,200,200,200,200,200,1,31623,50
0.49581151152961,200,200,200,200,200,1,31623,50
0.001,200,200,200,200.001,200.001,1,31623,50
0.223198336083442,200,200,200,200,200,1,31623,50
0.0821186148095876,200,200,200,200,200,1,31623,50
0.476522975368425,200,200,200,200,200,1,31623,50
0.002,200,200,200,200.002,200.002,1,31623,50
0.501204069703817,200,200,200,200,200,1,31623,50
0.638172714738175,200,200,200,200,200,1,31623,50
0.002,200,200,200,200.002,200.002,1,31623,50
5e-04,200,200,200,200.0005,200.0005,1,31623,50
0.185014611110091,200,200,200,200,200,1,31623,50
