"p","truediv","chaoest","obsD","upper","lower","l","inds","reps"
0.957877626642585,200,200,200,200,200,1,31623,50
0.235897885868326,200,200,200,200,200,1,31623,50
0.755373851163313,200,200,200,200,200,1,31623,50
0.383372762938961,200,200,200,200,200,1,31623,50
0.0486021139658988,200,200,200,200,200,1,31623,50
0.551327683031559,200,200,200,200,200,1,31623,50
0.388390521984547,200,200,200,200,200,1,31623,50
0.663849998963997,200,200,200,200,200,1,31623,50
0.37846925877966,200,200,200,200,200,1,31623,50
5e-04,200,200,200,200.0005,200.0005,1,31623,50
0.988187840906903,200,200,200,200,200,1,31623,50
0.213263022480533,200,200,200,200,200,1,31623,50
5e-04,200,200,200,200.0005,200.0005,1,31623,50
0.003,200,200,200,200.003,200.003,1,31623,50
0.646949387388304,200,200,200,200,200,1,31623,50
0.19883413775824,200,200,200,200,200,1,31623,50
5e-04,200,200,200,200.0005,200.0005,1,31623,50
0.002,200,200,200,200.002,200.002,1,31623,50
0.004,200,200,200,200.004,200.004,1,31623,50
0.19951694062911,200,200,200,200,200,1,31623,50
5e-04,200,200,200,200.0005,200.0005,1,31623,50
0.0379442588891834,200,200,200,200,200,1,31623,50
0.808725504903123,200,200,200,200,200,1,31623,50
0.961599825648591,200,200,200,200,200,1,31623,50
0.964306665584445,200,200,200,200,200,1,31623,50
0.005,200,200,200,200.005,200.005,1,31623,50
0.002,200,200,200,200.002,200.002,1,31623,50
0.488688431913033,200,200,200,200,200,1,31623,50
0.957350068725646,200,200,200,200,200,1,31623,50
5e-04,200,200,200,200.0005,200.0005,1,31623,50
0.439753383398056,200,200,200,200,200,1,31623,50
0.448363769799471,200,200,200,200,200,1,31623,50
0.0524065769277513,200,200,200,200,200,1,31623,50
5e-04,200,200,200,200.0005,200.0005,1,31623,50
0.004,200,200,200,200.004,200.004,1,31623,50
0.01,200,200,200,200.009750007906,200.009750007906,1,31623,50
0.384808558039367,200,200,200,200,200,1,31623,50
0.339852956356481,200,200,200,200,200,1,31623,50
0.184621597407386,200,200,200,200,200,1,31623,50
0.442286923294887,200,200,200,200,200,1,31623,50
0.160053163766861,200,200,200,200,200,1,31623,50
0.0035,200,200,200,200.0035,200.0035,1,31623,50
0.0065,200,200,200,200.0065,200.0065,1,31623,50
5e-04,200,200,200,200.0005,200.0005,1,31623,50
0.452319901436567,200,200,200,200,200,1,31623,50
0.820391715038568,200,200,200,200,200,1,31623,50
0.002,200,200,200,200.002,200.002,1,31623,50
0.65030725649558,200,200,200,200,200,1,31623,50
0.572732364293188,200,200,200,200,200,1,31623,50
0.324659873731434,200,200,200,200,200,1,31623,50
