"p","truediv","chaoest","obsD","upper","lower","l","inds","reps"
0.836911933496594,200,200,200,200,200,1,31623,50
0.654613707913086,200,200,200,200,200,1,31623,50
0.11055607884191,200,200,200,200,200,1,31623,50
0.902141954284161,200,200,200,200,200,1,31623,50
5e-04,200,200,200,200.0005,200.0005,1,31623,50
0.003,200,200,200,200.003,200.003,1,31623,50
0.650492510292679,200,200,200,200,200,1,31623,50
0.192857784684747,200,200,200,200,200,1,31623,50
0.0025,200,200,200,200.0025,200.0025,1,31623,50
0.911157640395686,200,200,200,200,200,1,31623,50
0.001,200,200,200,200.001,200.001,1,31623,50
0.014,200,200,200,200.014,200.014,1,31623,50
0.056736221536994,200,200,200,200,200,1,31623,50
0.443321717437357,200,200,200,200,200,1,31623,50
5e-04,200,200,200,200.0005,200.0005,1,31623,50
0.534495886880904,200,200,200,200,200,1,31623,50
0.758887965697795,200,200,200,200,200,1,31623,50
0.002,200,200,200,200.002,200.002,1,31623,50
0.657813044497743,200,200,200,200,200,1,31623,50
0.66642286349088,200,200,200,200,200,1,31623,50
0.884368744678795,200,200,200,200,200,1,31623,50
0.316401019692421,200,200,200,200,200,1,31623,50
0.0065,200,200,200,200.0065,200.0065,1,31623,50
0.223288733279333,200,200,200,200,200,1,31623,50
0.416603212943301,200,200,200,200,200,1,31623,50
0.203863536240533,200,200,200,200,200,1,31623,50
0.188038676045835,200,200,200,200,200,1,31623,50
5e-04,200,200,200,200.0005,200.0005,1,31623,50
0.85604095319286,200,200,200,200,200,1,31623,50
5e-04,200,200,200,200.0005,200.0005,1,31623,50
0.244741689646617,200,200,200,200,200,1,31623,50
0.572012564865872,200,200,200,200,200,1,31623,50
0.8979733355809,200,200,200,200,200,1,31623,50
0.599278059322387,200,200,200,200,200,1,31623,50
0.674632418202236,200,200,200,200,200,1,31623,50
0.104455124121159,200,200,200,200,200,1,31623,50
0.002,200,200,200,200.002,200.002,1,31623,50
0.913870039163157,200,200,200,200,200,1,31623,50
0.557757605100051,200,200,200,200,200,1,31623,50
5e-04,200,200,200,200.0005,200.0005,1,31623,50
0.404911952558905,200,200,200,200,200,1,31623,50
0.153787725605071,200,200,200,200,200,1,31623,50
0.959757531294599,200,200,200,200,200,1,31623,50
5e-04,200,200,200,200.0005,200.0005,1,31623,50
0.508090912364423,200,200,200,200,200,1,31623,50
0.577640716219321,200,200,200,200,200,1,31623,50
0.008,200,200,200,200.008,200.008,1,31623,50
0.794789905659854,200,200,200,200,200,1,31623,50
0.928302251501009,200,200,200,200,200,1,31623,50
5e-04,200,200,200,200.0005,200.0005,1,31623,50
