"p","truediv","chaoest","obsD","upper","lower","l","inds","reps"
0.0952861094847322,200,200,200,200,200,1,10000,50
0.728561093797907,200,200,200,200,200,1,10000,50
0.001,200,200,200,200.001,200.001,1,10000,50
0.052111784229055,200,200,200,200,200,1,10000,50
0.412108381045982,200,200,200,200,200,1,10000,50
0.687809491064399,200,200,200,200,200,1,10000,50
0.480685087619349,200,200,200,200,200,1,10000,50
0.997141142375767,200,200,200,200,200,1,10000,50
0.686854963656515,200,200,200,200,200,1,10000,50
0.125665804836899,200,200,200,200,200,1,10000,50
0.52259943401441,200,200,200,200,200,1,10000,50
0.68560377554968,200,200,200,200,200,1,10000,50
0.167160765500739,200,200,200,200,200,1,10000,50
0.0015,200,200,200,200.0015,200.0015,1,10000,50
0.0522365032229573,200,200,200,200,200,1,10000,50
0.728988690301776,200,200,200,200,200,1,10000,50
0.864524914417416,200,200,200,200,200,1,10000,50
0.615169272292405,200,200,200,200,200,1,10000,50
0.885172245791182,200,200,200,200,200,1,10000,50
0.58780465926975,200,200,200,200,200,1,10000,50
0.420042425394058,200,200,200,200,200,1,10000,50
0.127609579591081,200,200,200,200,200,1,10000,50
0.45839800266549,200,200,200,200,200,1,10000,50
0.375581303145736,200,200,200,200,200,1,10000,50
0.961378679145128,200,200,200,200,200,1,10000,50
0.735332900192589,200,200,200,200,200,1,10000,50
0.859273685142398,200,200,200,200,200,1,10000,50
0.59043122571893,200,200,200,200,200,1,10000,50
0.102309433510527,200,200,200,200,200,1,10000,50
0.278266379376873,200,200,200,200,200,1,10000,50
0.718565705232322,200,200,200,200,200,1,10000,50
0.357334486441687,200,200,200,200,200,1,10000,50
0.141806828556582,200,200,200,200,200,1,10000,50
0.675793619127944,200,200,200,200,200,1,10000,50
0.696074093226343,200,200,200,200,200,1,10000,50
0.426321177277714,200,200,200,200,200,1,10000,50
0.416573794325814,200,200,200,200,200,1,10000,50
0.53671464859508,200,200,200,200,200,1,10000,50
0.518165073590353,200,200,200,200,200,1,10000,50
0.400542587274686,200,200,200,200,200,1,10000,50
5e-04,200,200,200,200.0005,200.0005,1,10000,50
0.431265067774802,200,200,200,200,200,1,10000,50
0.889631661586463,200,200,200,200,200,1,10000,50
0.244001787854359,200,200,200,200,200,1,10000,50
0.0519692543894053,200,200,200,200,200,1,10000,50
0.55470515252091,200,200,200,200,200,1,10000,50
0.875291978241876,200,200,200,200,200,1,10000,50
0.003,200,200,200,200.003,200.003,1,10000,50
0.855678572552279,200,200,200,200,200,1,10000,50
0.384284362662584,200,200,200,200,200,1,10000,50
