"p","truediv","chaoest","obsD","upper","lower","l","inds","reps"
0.617791454074904,200,200,200,200,200,1,10000,50
0.428483753697947,200,200,200,200,200,1,10000,50
0.77928135660477,200,200,200,200,200,1,10000,50
0.355614114319906,200,200,200,200,200,1,10000,50
0.573733910452574,200,200,200,200,200,1,10000,50
0.544045019196346,200,200,200,200,200,1,10000,50
0.360478634247556,200,200,200,200,200,1,10000,50
5e-04,200,200,200,200.0005,200.0005,1,10000,50
0.88365745334886,200,200,200,200,200,1,10000,50
0.769438680261374,200,200,200,200,200,1,10000,50
0.3124691369012,200,200,200,200,200,1,10000,50
0.324519769055769,200,200,200,200,200,1,10000,50
0.0477362361270934,200,200,200,200,200,1,10000,50
0.343449793756008,200,200,200,200,200,1,10000,50
0.001,200,200,200,200.001,200.001,1,10000,50
5e-04,200,200,200,200.0005,200.0005,1,10000,50
0.87204947299324,200,200,200,200,200,1,10000,50
0.620609287871048,200,200,200,200,200,1,10000,50
0.56504145055078,200,200,200,200,200,1,10000,50
0.0374189568683505,200,200,200,200,200,1,10000,50
0.342239749152213,200,200,200,200,200,1,10000,50
0.439021836733446,200,200,200,200,200,1,10000,50
0.529084754409268,200,200,200,200,200,1,10000,50
0.885979670565575,200,200,200,200,200,1,10000,50
0.65561940218322,200,200,200,200,200,1,10000,50
0.285607306519523,200,200,200,200,200,1,10000,50
0.674567464040592,200,200,200,200,200,1,10000,50
0.0275301476940513,200,200,200,200,200,1,10000,50
0.593934774165973,200,200,200,200,200,1,10000,50
0.800520306220278,200,200,200,200,200,1,10000,50
0.584607238648459,200,200,200,200,200,1,10000,50
0.516159396851435,200,200,200,200,200,1,10000,50
0.721214111661538,200,200,200,200,200,1,10000,50
0.950611369917169,200,200,200,200,200,1,10000,50
0.732542129931971,200,200,200,200,200,1,10000,50
0.362496024928987,200,200,200,200,200,1,10000,50
0.327157268533483,200,200,200,200,200,1,10000,50
0.8412891109474,200,200,200,200,200,1,10000,50
0.628355579217896,200,200,200,200,200,1,10000,50
0.268732614349574,200,200,200,200,200,1,10000,50
0.291955953231081,200,200,200,200,200,1,10000,50
0.0816456314641982,200,200,200,200,200,1,10000,50
0.965701776556671,200,200,200,200,200,1,10000,50
0.157042535487562,200,200,200,200,200,1,10000,50
0.39134525321424,200,200,200,200,200,1,10000,50
0.566194203216583,200,200,200,200,200,1,10000,50
0.226020824862644,200,200,200,200,200,1,10000,50
0.055521208094433,200,200,200,200,200,1,10000,50
0.95627226983197,200,200,200,200,200,1,10000,50
0.171668809838593,200,200,200,200,200,1,10000,50
