"p","truediv","chaoest","obsD","upper","lower","l","inds","reps"
0.95151744550094,200,200,200,200,200,1,10000,50
0.0595632011536509,200,200,200,200,200,1,10000,50
0.255814481060952,200,200,200,200,200,1,10000,50
5e-04,200,200,200,200.0005,200.0005,1,10000,50
5e-04,200,200,200,200.0005,200.0005,1,10000,50
0.897319314768538,200,200,200,200,200,1,10000,50
0.642803277354687,200,200,200,200,200,1,10000,50
0.69746873434633,200,200,200,200,200,1,10000,50
0.15722326003015,200,200,200,200,200,1,10000,50
0.143666249699891,200,200,200,200,200,1,10000,50
0.80503402184695,200,200,200,200,200,1,10000,50
0.389668117510155,200,200,200,200,200,1,10000,50
0.411868249764666,200,200,200,200,200,1,10000,50
0.603564477758482,200,200,200,200,200,1,10000,50
0.719821733422577,200,200,200,200,200,1,10000,50
0.58319560601376,200,200,200,200,200,1,10000,50
0.111011678818613,200,200,200,200,200,1,10000,50
0.0313084148801863,200,200,200,200,200,1,10000,50
0.390892017167062,200,200,200,200,200,1,10000,50
0.155164694180712,200,200,200,200,200,1,10000,50
0.881614945363253,200,200,200,200,200,1,10000,50
0.0870328936725855,200,200,200,200,200,1,10000,50
0.277455028844997,200,200,200,200,200,1,10000,50
5e-04,200,200,200,200.0005,200.0005,1,10000,50
0.639891694998369,200,200,200,200,200,1,10000,50
0.972549446625635,200,200,200,200,200,1,10000,50
0.338067746022716,200,200,200,200,200,1,10000,50
0.936999119119719,200,200,200,200,200,1,10000,50
5e-04,200,200,200,200.0005,200.0005,1,10000,50
0.0055,200,200,200,200.0055,200.0055,1,10000,50
0.61188548617065,200,200,200,200,200,1,10000,50
0.626730191055685,200,200,200,200,200,1,10000,50
5e-04,200,200,200,200.0005,200.0005,1,10000,50
0.0487402812577784,200,200,200,200,200,1,10000,50
0.878058511996642,200,200,200,200,200,1,10000,50
0.001,200,200,200,200.001,200.001,1,10000,50
0.0106117008253932,200,200,200,200,200,1,10000,50
0.393004755955189,200,200,200,200,200,1,10000,50
0.0749915591441095,200,200,200,200,200,1,10000,50
0.826237471308559,200,200,200,200,200,1,10000,50
0.860975798917934,200,200,200,200,200,1,10000,50
0.242022288031876,200,200,200,200,200,1,10000,50
0.523165340302512,200,200,200,200,200,1,10000,50
0.638415188295767,200,200,200,200,200,1,10000,50
0.256856080377474,200,200,200,200,200,1,10000,50
0.698051254730672,200,200,200,200,200,1,10000,50
0.350201483815908,200,200,200,200,200,1,10000,50
0.408596817404032,200,200,200,200,200,1,10000,50
0.373309282120317,200,200,200,200,200,1,10000,50
0.755673124454916,200,200,200,200,200,1,10000,50
