"p","truediv","chaoest","obsD","upper","lower","l","inds","reps"
0.0025,200,200,200,200.0025,200.0025,1,31623,50
0.480013172142208,200,200,200,200,200,1,31623,50
5e-04,200,200,200,200.0005,200.0005,1,31623,50
0.336364273447543,200,200,200,200,200,1,31623,50
0.0015,200,200,200,200.0015,200.0015,1,31623,50
0.0015,200,200,200,200.0015,200.0015,1,31623,50
0.001,200,200,200,200.001,200.001,1,31623,50
5e-04,200,200,200,200.0005,200.0005,1,31623,50
5e-04,200,200,200,200.0005,200.0005,1,31623,50
0.203272317536175,200,200,200,200,200,1,31623,50
0.409027931746095,200,200,200,200,200,1,31623,50
0.497815916547552,200,200,200,200,200,1,31623,50
0.293332362081856,200,200,200,200,200,1,31623,50
0.357483787229285,200,200,200,200,200,1,31623,50
0.4147961626295,200,200,200,200,200,1,31623,50
0.535747769055888,200,200,200,200,200,1,31623,50
0.546359138330445,200,200,200,200,200,1,31623,50
0.966685014078394,200,200,200,200,200,1,31623,50
5e-04,200,200,200,200.0005,200.0005,1,31623,50
0.002,200,200,200,200.002,200.002,1,31623,50
0.314400719013065,200,200,200,200,200,1,31623,50
0.746804446447641,200,200,200,200,200,1,31623,50
0.674258583690971,200,200,200,200,200,1,31623,50
5e-04,200,200,200,200.0005,200.0005,1,31623,50
5e-04,200,200,200,200.0005,200.0005,1,31623,50
0.003,200,200,200,200.002750007906,200.002750007906,1,31623,50
0.692797526484355,200,200,200,200,200,1,31623,50
0.0215,200,200,200,200.020750023717,200.020750023717,1,31623,50
0.818149622064084,200,200,200,200,200,1,31623,50
0.674257948994637,200,200,200,200,200,1,31623,50
0.628192135598511,200,200,200,200,200,1,31623,50
5e-04,200,200,200,200.0005,200.0005,1,31623,50
5e-04,200,200,200,200.0005,200.0005,1,31623,50
0.816764137940481,200,200,200,200,200,1,31623,50
0.014,200,200,200,200.014,200.014,1,31623,50
0.002,200,200,200,200.002,200.002,1,31623,50
0.144385632593185,200,200,200,200,200,1,31623,50
0.88862490770407,200,200,200,200,200,1,31623,50
0.0990657317452133,200,200,200,200,200,1,31623,50
5e-04,200,200,200,200.0005,200.0005,1,31623,50
0.263027521083131,200,200,200,200,200,1,31623,50
0.002,200,200,200,200.002,200.002,1,31623,50
0.208564253291115,200,200,200,200,200,1,31623,50
0.00842523877508938,200,200,200,200,200,1,31623,50
0.002,200,200,200,200.002,200.002,1,31623,50
0.812389771454036,200,200,200,200,200,1,31623,50
0.003,200,200,200,200.003,200.003,1,31623,50
5e-04,200,200,200,200.0005,200.0005,1,31623,50
0.108993328176439,200,200,200,200,200,1,31623,50
0.0269006399903446,200,200,200,200,200,1,31623,50
