"p","truediv","chaoest","obsD","upper","lower","l","inds","reps"
0.831038158154115,100,100,100,100,100,1,10000,50
0.963171719340608,100,100,100,100,100,1,10000,50
0.297428351826966,100,100,100,100,100,1,10000,50
0.678952280664816,100,100,100,100,100,1,10000,50
0.966491594910622,100,100,100,100,100,1,10000,50
0.212051443057135,100,100,100,100,100,1,10000,50
0.001,100,100,100,100.001,100.001,1,10000,50
0.353858072310686,100,100,100,100,100,1,10000,50
0.557326197857037,100,100,100,100,100,1,10000,50
0.001,100,100,100,100.001,100.001,1,10000,50
0.977715681539848,100,100,100,100,100,1,10000,50
0.432694073999301,100,100,100,100,100,1,10000,50
0.186978939687833,100,100,100,100,100,1,10000,50
0.003,100,100,100,100.003,100.003,1,10000,50
0.001,100,100,100,100.001,100.001,1,10000,50
0.373262002598494,100,100,100,100,100,1,10000,50
5e-04,100,100,100,100.0005,100.0005,1,10000,50
0.354057597229257,100,100,100,100,100,1,10000,50
0.832797887269408,100,100,100,100,100,1,10000,50
0.447158634662628,100,100,100,100,100,1,10000,50
5e-04,100,100,100,100.0005,100.0005,1,10000,50
0.60874487971887,100,100,100,100,100,1,10000,50
0.162401931593195,100,100,100,100,100,1,10000,50
0.001,100,100,100,100.001,100.001,1,10000,50
5e-04,100,100,100,100.0005,100.0005,1,10000,50
0.522688850061968,100,100,100,100,100,1,10000,50
0.905393395572901,100,100,100,100,100,1,10000,50
0.421148783992976,100,100,100,100,100,1,10000,50
0.105370670091361,100,100,100,100,100,1,10000,50
5e-04,100,100,100,100.0005,100.0005,1,10000,50
5e-04,100,100,100,100.0005,100.0005,1,10000,50
0.999872036511078,100,100,100,100,100,1,10000,50
0.195150314597413,100,100,100,100,100,1,10000,50
5e-04,100,100,100,100.0005,100.0005,1,10000,50
0.869804373709485,100,100,100,100,100,1,10000,50
0.284753507468849,100,100,100,100,100,1,10000,50
0.531182190869004,100,100,100,100,100,1,10000,50
0.717521477490664,100,100,100,100,100,1,10000,50
0.140877803089097,100,100,100,100,100,1,10000,50
0.612241148017347,100,100,100,100,100,1,10000,50
0.537593935849145,100,100,100,100,100,1,10000,50
0.207018119748682,100,100,100,100,100,1,10000,50
0.807331018848345,100,100,100,100,100,1,10000,50
0.631589978234842,100,100,100,100,100,1,10000,50
0.865473303245381,100,100,100,100,100,1,10000,50
0.001,100,100,100,100.001,100.001,1,10000,50
0.66890922235325,100,100,100,100,100,1,10000,50
0.251181441126391,100,100,100,100,100,1,10000,50
0.384682357544079,100,100,100,100,100,1,10000,50
5e-04,100,100,100,100.0005,100.0005,1,10000,50
