"p","truediv","chaoest","obsD","upper","lower","l","inds","reps"
0.0015,200,200,200,200.0015,200.0015,1,31623,50
0.0015,200,200,200,200.0015,200.0015,1,31623,50
0.414113000035286,200,200,200,200,200,1,31623,50
5e-04,200,200,200,200.0005,200.0005,1,31623,50
0.837983220349997,200,200,200,200,200,1,31623,50
5e-04,200,200,200,200.0005,200.0005,1,31623,50
5e-04,200,200,200,200.0005,200.0005,1,31623,50
5e-04,200,200,200,200.0005,200.0005,1,31623,50
5e-04,200,200,200,200.0005,200.0005,1,31623,50
0.524044311838225,200,200,200,200,200,1,31623,50
0.326726361177862,200,200,200,200,200,1,31623,50
0.648027051240206,200,200,200,200,200,1,31623,50
0.380961634218693,200,200,200,200,200,1,31623,50
0.583252216223627,200,200,200,200,200,1,31623,50
0.001,200,200,200,200.001,200.001,1,31623,50
0.486607689876109,200,200,200,200,200,1,31623,50
0.198364136973396,200,200,200,200,200,1,31623,50
5e-04,200,200,200,200.0005,200.0005,1,31623,50
0.233037888770923,200,200,200,200,200,1,31623,50
0.201790504157543,200,200,200,200,200,1,31623,50
5e-04,200,200,200,200.0005,200.0005,1,31623,50
0.619731270940974,200,200,200,200,200,1,31623,50
0.0025,200,200,200,200.0025,200.0025,1,31623,50
5e-04,200,200,200,200.0005,200.0005,1,31623,50
0.118892816593871,200,200,200,200,200,1,31623,50
0.653625281760469,200,200,200,200,200,1,31623,50
0.66331049404107,200,200,200,200,200,1,31623,50
0.869293593568727,200,200,200,200,200,1,31623,50
0.001,200,200,200,200.001,200.001,1,31623,50
0.004,200,200,200,200.004,200.004,1,31623,50
0.617378253024071,200,200,200,200,200,1,31623,50
0.407792854821309,200,200,200,200,200,1,31623,50
0.573107978096232,200,200,200,200,200,1,31623,50
0.657642445992678,200,200,200,200,200,1,31623,50
0.139999250881374,200,200,200,200,200,1,31623,50
0.375601472565904,200,200,200,200,200,1,31623,50
0.956252014962956,200,200,200,200,200,1,31623,50
0.331378888804466,200,200,200,200,200,1,31623,50
0.0804380790796131,200,200,200,200,200,1,31623,50
0.83573046582751,200,200,200,200,200,1,31623,50
0.001,200,200,200,200.001,200.001,1,31623,50
0.253175380639732,200,200,200,200,200,1,31623,50
0.185461692744866,200,200,200,200,200,1,31623,50
0.264947882154956,200,200,200,200,200,1,31623,50
0.0045,200,200,200,200.004250007906,200.004250007906,1,31623,50
5e-04,200,200,200,200.0005,200.0005,1,31623,50
0.0055,200,200,200,200.0055,200.0055,1,31623,50
5e-04,200,200,200,200.0005,200.0005,1,31623,50
0.418602514080703,200,200,200,200,200,1,31623,50
0.001,200,200,200,200.001,200.001,1,31623,50
