"p","truediv","chaoest","obsD","upper","lower","l","inds","reps"
0.001,200,200,200,200.001,200.001,1,10000,50
0.55445859907195,200,200,200,200,200,1,10000,50
0.682626533089206,200,200,200,200,200,1,10000,50
0.566640115110204,200,200,200,200,200,1,10000,50
0.0015,200,200,200,200.0015,200.0015,1,10000,50
0.104723715456203,200,200,200,200,200,1,10000,50
0.376518656499684,200,200,200,200,200,1,10000,50
5e-04,200,200,200,200.0005,200.0005,1,10000,50
0.38358656084165,200,200,200,200,200,1,10000,50
0.388086201390252,200,200,200,200,200,1,10000,50
0.941448502475396,200,200,200,200,200,1,10000,50
0.928419650765136,200,200,200,200,200,1,10000,50
0.346394881606102,200,200,200,200,200,1,10000,50
0.656102771637961,200,200,200,200,200,1,10000,50
0.991002452559769,200,200,200,200,200,1,10000,50
0.670276058837771,200,200,200,200,200,1,10000,50
0.788740173913538,200,200,200,200,200,1,10000,50
0.594741251552477,200,200,200,200,200,1,10000,50
0.304595637368038,200,200,200,200,200,1,10000,50
0.99992410140112,200,200,200,200,200,1,10000,50
0.002,200,200,200,200.002,200.002,1,10000,50
0.0251146776136011,200,200,200,200,200,1,10000,50
0.274238239973783,200,200,200,200,200,1,10000,50
0.647074240958318,200,200,200,200,200,1,10000,50
0.0290100309066474,200,200,200,200,200,1,10000,50
0.069712326861918,200,200,200,200,200,1,10000,50
0.451055650832132,200,200,200,200,200,1,10000,50
0.189956499496475,200,200,200,200,200,1,10000,50
0.194578644586727,200,200,200,200,200,1,10000,50
0.543705712771043,200,200,200,200,200,1,10000,50
0.819797682808712,200,200,200,200,200,1,10000,50
0.684157812036574,200,200,200,200,200,1,10000,50
0.298654321813956,200,200,200,200,200,1,10000,50
0.001,200,200,200,200.001,200.001,1,10000,50
0.623222004622221,200,200,200,200,200,1,10000,50
0.236597253708169,200,200,200,200,200,1,10000,50
0.104982381453738,200,200,200,200,200,1,10000,50
0.001,200,200,200,200.001,200.001,1,10000,50
0.734663292532787,200,200,200,200,200,1,10000,50
0.872293376829475,200,200,200,200,200,1,10000,50
0.0948784544598311,200,200,200,200,200,1,10000,50
0.161199960624799,200,200,200,200,200,1,10000,50
0.0909318060148507,200,200,200,200,200,1,10000,50
0.753469116054475,200,200,200,200,200,1,10000,50
0.481444712262601,200,200,200,200,200,1,10000,50
0.335952111985534,200,200,200,200,200,1,10000,50
0.462220222922042,200,200,200,200,200,1,10000,50
0.803617080906406,200,200,200,200,200,1,10000,50
0.762751515489072,200,200,200,200,200,1,10000,50
5e-04,200,200,200,200.0005,200.0005,1,10000,50
