"p","truediv","chaoest","obsD","upper","lower","l","inds","reps"
0.0015,200,200,200,200.0015,200.0015,1,31623,50
0.178442338015884,200,200,200,200,200,1,31623,50
0.193841673666611,200,200,200,200,200,1,31623,50
5e-04,200,200,200,200.0005,200.0005,1,31623,50
0.431626443052664,200,200,200,200,200,1,31623,50
5e-04,200,200,200,200.0005,200.0005,1,31623,50
0.115167692303658,200,200,200,200,200,1,31623,50
0.0015,200,200,200,200.0015,200.0015,1,31623,50
0.0025,200,200,200,200.0025,200.0025,1,31623,50
0.006,200,200,200,200.006,200.006,1,31623,50
0.0225,200,200,200,200.0225,200.0225,1,31623,50
0.608767988393083,200,200,200,200,200,1,31623,50
0.643518014112487,200,200,200,200,200,1,31623,50
0.0015,200,200,200,200.0015,200.0015,1,31623,50
5e-04,200,200,200,200.0005,200.0005,1,31623,50
0.431498944759369,200,200,200,200,200,1,31623,50
0.26981153874658,200,200,200,200,200,1,31623,50
0.004,200,200,200,200.004,200.004,1,31623,50
0.191202918533236,200,200,200,200,200,1,31623,50
0.0045,200,200,200,200.0045,200.0045,1,31623,50
5e-04,200,200,200,200.0005,200.0005,1,31623,50
0.601626710966229,200,200,200,200,200,1,31623,50
0.504404548322782,200,200,200,200,200,1,31623,50
0.021,200,200,200,200.021,200.021,1,31623,50
5e-04,200,200,200,200.0005,200.0005,1,31623,50
0.298072235193104,200,200,200,200,200,1,31623,50
0.672212892444804,200,200,200,200,200,1,31623,50
0.001,200,200,200,200.001,200.001,1,31623,50
0.622283298289403,200,200,200,200,200,1,31623,50
0.887883663643152,200,200,200,200,200,1,31623,50
0.447280550375581,200,200,200,200,200,1,31623,50
0.001,200,200,200,200.000750007906,200.000750007906,1,31623,50
5e-04,200,200,200,200.0005,200.0005,1,31623,50
0.543159172637388,200,200,200,200,200,1,31623,50
0.779991429066285,200,200,200,200,200,1,31623,50
0.182926503941417,200,200,200,200,200,1,31623,50
0.0015,200,200,200,200.0015,200.0015,1,31623,50
0.8663192873355,200,200,200,200,200,1,31623,50
5e-04,200,200,200,200.0005,200.0005,1,31623,50
0.0015,200,200,200,200.0015,200.0015,1,31623,50
0.001,200,200,200,200.001,200.001,1,31623,50
0.004,200,200,200,200.004,200.004,1,31623,50
0.288210993632674,200,200,200,200,200,1,31623,50
0.93676020950079,200,200,200,200,200,1,31623,50
0.001,200,200,200,200.001,200.001,1,31623,50
0.305758510017768,200,200,200,200,200,1,31623,50
5e-04,200,200,200,200.0005,200.0005,1,31623,50
0.471215593861416,200,200,200,200,200,1,31623,50
5e-04,200,200,200,200.0005,200.0005,1,31623,50
0.721139648463577,200,200,200,200,200,1,31623,50
