"p","truediv","chaoest","obsD","upper","lower","l","inds","reps"
0.524031749926507,200,200,200,200,200,1,31623,50
5e-04,200,200,200,200.0005,200.0005,1,31623,50
0.242672789143398,200,200,200,200,200,1,31623,50
0.388983638258651,200,200,200,200,200,1,31623,50
0.207403676351532,200,200,200,200,200,1,31623,50
0.678132372209802,200,200,200,200,200,1,31623,50
0.236951909027994,200,200,200,200,200,1,31623,50
5e-04,200,200,200,200.0005,200.0005,1,31623,50
0.728552795015275,200,200,200,200,200,1,31623,50
0.304889580700547,200,200,200,200,200,1,31623,50
0.0025,200,200,200,200.0025,200.0025,1,31623,50
0.683026116108522,200,200,200,200,200,1,31623,50
0.629739324562252,200,200,200,200,200,1,31623,50
0.400329248281196,200,200,200,200,200,1,31623,50
0.0015,200,200,200,200.0015,200.0015,1,31623,50
0.593964750645682,200,200,200,200,200,1,31623,50
0.424955000402406,200,200,200,200,200,1,31623,50
0.864667774410918,200,200,200,200,200,1,31623,50
5e-04,200,200,200,200.0005,200.0005,1,31623,50
0.1255,200,200,200,200.1255,199.1255,1,31623,50
0.280472277430817,200,200,200,200,200,1,31623,50
0.440248504746705,200,200,200,200,200,1,31623,50
0.0035,200,200,200,200.0035,200.0035,1,31623,50
0.737550732679665,200,200,200,200,200,1,31623,50
5e-04,200,200,200,200.0005,200.0005,1,31623,50
0.800938749220222,200,200,200,200,200,1,31623,50
0.64986531320028,200,200,200,200,200,1,31623,50
0.001,200,200,200,200.001,200.001,1,31623,50
0.360856215236709,200,200,200,200,200,1,31623,50
0.107891554944217,200,200,200,200,200,1,31623,50
0.124323294730857,200,200,200,200,200,1,31623,50
0.0145,200,200,200,200.0145,200.0145,1,31623,50
5e-04,200,200,200,200.0005,200.0005,1,31623,50
0.0015,200,200,200,200.0015,200.0015,1,31623,50
0.4122746034991,200,200,200,200,200,1,31623,50
0.007,200,200,200,200.007,200.007,1,31623,50
0.00420350558124483,200,200,200,200,200,1,31623,50
0.0015,200,200,200,200.0015,200.0015,1,31623,50
0.00754512054845691,200,200,200,200,200,1,31623,50
0.154152906034142,200,200,200,200,200,1,31623,50
0.0775652460288256,200,200,200,200,200,1,31623,50
0.827994433464482,200,200,200,200,200,1,31623,50
0.0085,200,200,200,200.0085,200.0085,1,31623,50
0.16385097336024,200,200,200,200,200,1,31623,50
0.001,200,200,200,200.001,200.001,1,31623,50
5e-04,200,200,200,200.0005,200.0005,1,31623,50
0.0065,200,200,200,200.0065,200.0065,1,31623,50
0.0025,200,200,200,200.0025,200.0025,1,31623,50
0.317115754354745,200,200,200,200,200,1,31623,50
0.11817428492941,200,200,200,200,200,1,31623,50
