"p","truediv","chaoest","obsD","upper","lower","l","inds","reps"
0.773502676514909,200,200,200,200,200,1,31623,50
0.424578367965296,200,200,200,200,200,1,31623,50
0.278669784078375,200,200,200,200,200,1,31623,50
0.023662896361202,200,200,200,200,200,1,31623,50
0.566616024589166,200,200,200,200,200,1,31623,50
5e-04,200,200,200,200.0005,200.0005,1,31623,50
5e-04,200,200,200,200.0005,200.0005,1,31623,50
5e-04,200,200,200,200.0005,200.0005,1,31623,50
0.001,200,200,200,200.001,200.001,1,31623,50
0.003,200,200,200,200.002500015811,200.002500015811,1,31623,50
5e-04,200,200,200,200.0005,200.0005,1,31623,50
0.483596847625449,200,200,200,200,200,1,31623,50
0.197273188037798,200,200,200,200,200,1,31623,50
0.386454691644758,200,200,200,200,200,1,31623,50
0.113990060985088,200,200,200,200,200,1,31623,50
0.317423575790599,200,200,200,200,200,1,31623,50
0.257766199996695,200,200,200,200,200,1,31623,50
0.957007734570652,200,200,200,200,200,1,31623,50
0.512197324074805,200,200,200,200,200,1,31623,50
0.002,200,200,200,200.002,200.002,1,31623,50
5e-04,200,200,200,200.0005,200.0005,1,31623,50
0.431568648433313,200,200,200,200,200,1,31623,50
0.780452258884907,200,200,200,200,200,1,31623,50
5e-04,200,200,200,200.0005,200.0005,1,31623,50
0.475731229875237,200,200,200,200,200,1,31623,50
0.221814033342525,200,200,200,200,200,1,31623,50
0.876038832822815,200,200,200,200,200,1,31623,50
0.73793982877396,200,200,200,200,200,1,31623,50
0.91287611797452,200,200,200,200,200,1,31623,50
0.408571823034436,200,200,200,200,200,1,31623,50
0.900168021442369,200,200,200,200,200,1,31623,50
0.016,200,200,200,200.015750007906,200.015750007906,1,31623,50
0.001,200,200,200,200.001,200.001,1,31623,50
0.653761813417077,200,200,200,200,200,1,31623,50
0.0593058876693249,200,200,200,200,200,1,31623,50
0.001,200,200,200,200.001,200.001,1,31623,50
0.001,200,200,200,200.001,200.001,1,31623,50
0.894480904797092,200,200,200,200,200,1,31623,50
0.0015,200,200,200,200.0015,200.0015,1,31623,50
0.007,200,200,200,200.007,200.007,1,31623,50
0.0175,200,200,200,200.0175,200.0175,1,31623,50
5e-04,200,200,200,200.0005,200.0005,1,31623,50
0.767488464713097,200,200,200,200,200,1,31623,50
0.425410961965099,200,200,200,200,200,1,31623,50
5e-04,200,200,200,200.0005,200.0005,1,31623,50
0.289979750057682,200,200,200,200,200,1,31623,50
0.905156680382788,200,200,200,200,200,1,31623,50
0.102916261646897,200,200,200,200,200,1,31623,50
0.74038119497709,200,200,200,200,200,1,31623,50
0.547368146013469,200,200,200,200,200,1,31623,50
