"p","truediv","chaoest","obsD","upper","lower","l","inds","reps"
0.410471521317959,200,200,200,200,200,1,10000,50
5e-04,200,200,200,200.0005,200.0005,1,10000,50
0.709449960617349,200,200,200,200,200,1,10000,50
5e-04,200,200,200,200.0005,200.0005,1,10000,50
0.001,200,200,200,200.001,200.001,1,10000,50
0.483200636925176,200,200,200,200,200,1,10000,50
0.001,200,200,200,200.001,200.001,1,10000,50
0.0085,200,200,200,200.008250025,200.008250025,1,10000,50
0.0035,200,200,200,200.0035,200.0035,1,10000,50
5e-04,200,200,200,200.0005,200.0005,1,10000,50
5e-04,200,200,200,200.0005,200.0005,1,10000,50
0.024,200,200,200,200.024,200.024,1,10000,50
0.0045,200,200,200,200.0045,200.0045,1,10000,50
5e-04,200,200,200,200.0005,200.0005,1,10000,50
0.952334888512269,200,200,200,200,200,1,10000,50
0.145,200,200,200,200.631701425,199.131751425,1,10000,50
0.002,200,200,200,200.002,200.002,1,10000,50
0.004,200,200,200,200.004,200.004,1,10000,50
0.206539367558435,200,200,200,200,200,1,10000,50
0.0085,200,200,200,200.0085,200.0085,1,10000,50
0.0195,200,200,200,200.0185001,200.0185001,1,10000,50
0.0025,200,200,200,200.0025,200.0025,1,10000,50
0.437617945251986,200,200,200,200,200,1,10000,50
0.0015,200,200,200,200.0015,200.0015,1,10000,50
0.893291220534593,200,200,200,200,200,1,10000,50
0.21133431000635,200,200,200,200,200,1,10000,50
0.125447272555903,200,200,200,200,200,1,10000,50
0.001,200,200,200,200.001,200.001,1,10000,50
0.0065,200,200,200,200.0065,200.0065,1,10000,50
0.011,200,200,200,200.011,200.011,1,10000,50
0.446515936171636,200,200,200,200,200,1,10000,50
5e-04,200,200,200,200.0005,200.0005,1,10000,50
5e-04,200,200,200,200.0005,200.0005,1,10000,50
0.0015,200,200,200,200.0015,200.0015,1,10000,50
0.0065,200,200,200,200.0065,200.0065,1,10000,50
0.0225,200,200,200,200.019750275,200.019750275,1,10000,50
0.006,200,200,200,200.006,200.006,1,10000,50
0.391078962711617,200,200,200,200,200,1,10000,50
0.889390342403203,200,200,200,200,200,1,10000,50
0.0035,200,200,200,200.002250125,200.002250125,1,10000,50
5e-04,200,200,200,200.000250025,200.000250025,1,10000,50
0.131387857254595,200,200,200,200,200,1,10000,50
0.001,200,200,200,200.001,200.001,1,10000,50
0.253983779577538,200,200,200,200,200,1,10000,50
0.162680213572457,200,200,200,200,200,1,10000,50
5e-04,200,200,200,200.0005,200.0005,1,10000,50
0.0015,200,200,200,200.0015,200.0015,1,10000,50
0.001,200,200,200,200.001,200.001,1,10000,50
0.521657049423084,200,200,200,200,200,1,10000,50
0.0035,200,200,200,200.0035,200.0035,1,10000,50
