"p","truediv","chaoest","obsD","upper","lower","l","inds","reps"
0.001,200,200,200,200.001,200.001,1,10000,50
0.742020485689864,200,200,200,200,200,1,10000,50
0.468218825291842,200,200,200,200,200,1,10000,50
0.881471944972873,200,200,200,200,200,1,10000,50
0.622347509022802,200,200,200,200,200,1,10000,50
5e-04,200,200,200,200.0005,200.0005,1,10000,50
5e-04,200,200,200,200.0005,200.0005,1,10000,50
0.693302548723295,200,200,200,200,200,1,10000,50
0.315202265745029,200,200,200,200,200,1,10000,50
0.863232076400891,200,200,200,200,200,1,10000,50
0.836213443195447,200,200,200,200,200,1,10000,50
0.0847744822967798,200,200,200,200,200,1,10000,50
0.812525653513148,200,200,200,200,200,1,10000,50
0.273629259085283,200,200,200,200,200,1,10000,50
0.158195262309164,200,200,200,200,200,1,10000,50
0.856148150749505,200,200,200,200,200,1,10000,50
0.364866665098816,200,200,200,200,200,1,10000,50
0.674570299917832,200,200,200,200,200,1,10000,50
0.558573136338964,200,200,200,200,200,1,10000,50
0.0704167007934302,200,200,200,200,200,1,10000,50
0.995900189969689,200,200,200,200,200,1,10000,50
0.560146741569042,200,200,200,200,200,1,10000,50
0.768770918715745,200,200,200,200,200,1,10000,50
0.731353586539626,200,200,200,200,200,1,10000,50
0.258425830630586,200,200,200,200,200,1,10000,50
0.707167429383844,200,200,200,200,200,1,10000,50
0.436154429335147,200,200,200,200,200,1,10000,50
5e-04,200,200,200,200.0005,200.0005,1,10000,50
0.991255561821163,200,200,200,200,200,1,10000,50
0.755090073449537,200,200,200,200,200,1,10000,50
0.512174543458968,200,200,200,200,200,1,10000,50
0.566184413619339,200,200,200,200,200,1,10000,50
0.49934014165774,200,200,200,200,200,1,10000,50
0.401639867573977,200,200,200,200,200,1,10000,50
0.34012613282539,200,200,200,200,200,1,10000,50
0.893365092109889,200,200,200,200,200,1,10000,50
0.334107242990285,200,200,200,200,200,1,10000,50
0.912570304004475,200,200,200,200,200,1,10000,50
0.0523679002653807,200,200,200,200,200,1,10000,50
0.585971122607589,200,200,200,200,200,1,10000,50
0.14427028154023,200,200,200,200,200,1,10000,50
0.320855952333659,200,200,200,200,200,1,10000,50
5e-04,200,200,200,200.0005,200.0005,1,10000,50
0.482688019052148,200,200,200,200,200,1,10000,50
0.206336868926883,200,200,200,200,200,1,10000,50
0.718209975631908,200,200,200,200,200,1,10000,50
0.828324491623789,200,200,200,200,200,1,10000,50
5e-04,200,200,200,200.0005,200.0005,1,10000,50
0.3003480208572,200,200,200,200,200,1,10000,50
0.946447825990617,200,200,200,200,200,1,10000,50
