"p","truediv","chaoest","obsD","upper","lower","l","inds","reps"
0.009,100,100,100,100.009,100.009,1,56234,50
0.285631437087432,100,100,100,100,100,1,56234,50
5e-04,100,100,100,100.0005,100.0005,1,56234,50
0.388856965349987,100,100,100,100,100,1,56234,50
0.0164831741712987,100,100,100,100,100,1,56234,50
0.4456906914711,100,100,100,100,100,1,56234,50
0.721991635393351,100,100,100,100,100,1,56234,50
0.824948200257495,100,100,100,100,100,1,56234,50
0.108424930134788,100,100,100,100,100,1,56234,50
5e-04,100,100,100,100.0005,100.0005,1,56234,50
5e-04,100,100,100,100.0005,100.0005,1,56234,50
0.0205,100,100,100,100.0205,100.0205,1,56234,50
0.0025,100,100,100,100.0025,100.0025,1,56234,50
0.0035,100,100,100,100.0035,100.0035,1,56234,50
0.374017201596871,100,100,100,100,100,1,56234,50
0.0015,100,100,100,100.0015,100.0015,1,56234,50
0.001,100,100,100,100.001,100.001,1,56234,50
0.0055,100,100,100,100.0055,100.0055,1,56234,50
0.869907299056649,100,100,100,100,100,1,56234,50
0.548403399065137,100,100,100,100,100,1,56234,50
0.973844612017274,100,100,100,100,100,1,56234,50
0.436169470427558,100,100,100,100,100,1,56234,50
0.0781210896093398,100,100,100,100,100,1,56234,50
0.774351671105251,100,100,100,100,100,1,56234,50
0.656622187700123,100,100,100,100,100,1,56234,50
0.0977354745846242,100,100,100,100,100,1,56234,50
0.282820360967889,100,100,100,100,100,1,56234,50
0.329489063005894,100,100,100,100,100,1,56234,50
0.0215,100,100,100,100.0215,100.0215,1,56234,50
0.0015,100,100,100,100.0015,100.0015,1,56234,50
0.001,100,100,100,100.001,100.001,1,56234,50
0.848334470763803,100,100,100,100,100,1,56234,50
0.373050784924999,100,100,100,100,100,1,56234,50
0.0254403429571539,100,100,100,100,100,1,56234,50
5e-04,100,100,100,100.0005,100.0005,1,56234,50
0.0055,100,100,100,100.0055,100.0055,1,56234,50
0.400921487016603,100,100,100,100,100,1,56234,50
0.847720752935857,100,100,100,100,100,1,56234,50
5e-04,100,100,100,100.0005,100.0005,1,56234,50
0.0705992714501917,100,100,100,100,100,1,56234,50
0.152702929452062,100,100,100,100,100,1,56234,50
0.800188602646813,100,100,100,100,100,1,56234,50
0.246893687872216,100,100,100,100,100,1,56234,50
0.478189945220947,100,100,100,100,100,1,56234,50
0.001,100,100,100,100.001,100.001,1,56234,50
0.0045,100,100,100,100.0045,100.0045,1,56234,50
0.004,100,100,100,100.003750004446,100.003750004446,1,56234,50
5e-04,100,100,100,100.0005,100.0005,1,56234,50
0.792385877342895,100,100,100,100,100,1,56234,50
5e-04,100,100,100,100.0005,100.0005,1,56234,50
