"p","truediv","chaoest","obsD","upper","lower","l","inds","reps"
0.419943070039153,100,100,100,100,100,1,1e+05,50
0.942513297311962,100,100,100,100,100,1,1e+05,50
0.492523190099746,100,100,100,100,100,1,1e+05,50
0.871091896900907,100,100,100,100,100,1,1e+05,50
0.133584132185206,100,100,100,100,100,1,1e+05,50
0.871699511772022,100,100,100,100,100,1,1e+05,50
0.113280121702701,100,100,100,100,100,1,1e+05,50
0.132391640916467,100,100,100,100,100,1,1e+05,50
0.991497623967007,100,100,100,100,100,1,1e+05,50
0.334458133904263,100,100,100,100,100,1,1e+05,50
0.763092640088871,100,100,100,100,100,1,1e+05,50
0.236962073715404,100,100,100,100,100,1,1e+05,50
5e-04,100,100,100,100.0005,100.0005,1,1e+05,50
0.828681926243007,100,100,100,100,100,1,1e+05,50
0.420945430407301,100,100,100,100,100,1,1e+05,50
0.774021750548854,100,100,100,100,100,1,1e+05,50
5e-04,100,100,100,100.0005,100.0005,1,1e+05,50
0.676780659239739,100,100,100,100,100,1,1e+05,50
0.97118185646832,100,100,100,100,100,1,1e+05,50
0.946718564722687,100,100,100,100,100,1,1e+05,50
0.807059603976086,100,100,100,100,100,1,1e+05,50
0.254547120537609,100,100,100,100,100,1,1e+05,50
0.55013740551658,100,100,100,100,100,1,1e+05,50
0.169431870104745,100,100,100,100,100,1,1e+05,50
0.0055,100,100,100,100.0055,100.0055,1,1e+05,50
0.544817690271884,100,100,100,100,100,1,1e+05,50
0.0025,100,100,100,100.0025,100.0025,1,1e+05,50
0.90932525950484,100,100,100,100,100,1,1e+05,50
0.0523794274777174,100,100,100,100,100,1,1e+05,50
0.769746827427298,100,100,100,100,100,1,1e+05,50
0.003,100,100,100,100.003,100.003,1,1e+05,50
0.75165639561601,100,100,100,100,100,1,1e+05,50
0.245863934280351,100,100,100,100,100,1,1e+05,50
0.535356549313292,100,100,100,100,100,1,1e+05,50
0.0340473488904536,100,100,100,100,100,1,1e+05,50
0.957527782069519,100,100,100,100,100,1,1e+05,50
0.470913715427741,100,100,100,100,100,1,1e+05,50
0.583040578756481,100,100,100,100,100,1,1e+05,50
0.912149624666199,100,100,100,100,100,1,1e+05,50
0.587066298583522,100,100,100,100,100,1,1e+05,50
0.100668802857399,100,100,100,100,100,1,1e+05,50
0.76964331488125,100,100,100,100,100,1,1e+05,50
0.281392120756209,100,100,100,100,100,1,1e+05,50
0.275152993621305,100,100,100,100,100,1,1e+05,50
0.603024483192712,100,100,100,100,100,1,1e+05,50
0.861535945674405,100,100,100,100,100,1,1e+05,50
0.77133076172322,100,100,100,100,100,1,1e+05,50
0.167612007120624,100,100,100,100,100,1,1e+05,50
0.923479684395716,100,100,100,100,100,1,1e+05,50
0.94184981007129,100,100,100,100,100,1,1e+05,50
