"p","truediv","chaoest","obsD","upper","lower","l","inds","reps"
0.21090456424281,100,100,100,100,100,1,56234,50
0.622465268708766,100,100,100,100,100,1,56234,50
0.111931022489443,100,100,100,100,100,1,56234,50
0.216991573804989,100,100,100,100,100,1,56234,50
0.001,100,100,100,100.001,100.001,1,56234,50
5e-04,100,100,100,100.0005,100.0005,1,56234,50
0.752972489688545,100,100,100,100,100,1,56234,50
0.0255471947602928,100,100,100,100,100,1,56234,50
0.875601577805355,100,100,100,100,100,1,56234,50
0.762699791695923,100,100,100,100,100,1,56234,50
0.005,100,100,100,100.005,100.005,1,56234,50
0.003,100,100,100,100.003,100.003,1,56234,50
0.578880596440285,100,100,100,100,100,1,56234,50
0.530620965175331,100,100,100,100,100,1,56234,50
0.599529291735962,100,100,100,100,100,1,56234,50
0.001,100,100,100,100.001,100.001,1,56234,50
0.323247866937891,100,100,100,100,100,1,56234,50
0.003,100,100,100,100.003,100.003,1,56234,50
5e-04,100,100,100,100.0005,100.0005,1,56234,50
0.0085,100,100,100,100.0085,100.0085,1,56234,50
0.765043674269691,100,100,100,100,100,1,56234,50
5e-04,100,100,100,100.0005,100.0005,1,56234,50
0.001,100,100,100,100.001,100.001,1,56234,50
0.001,100,100,100,100.001,100.001,1,56234,50
0.0035,100,100,100,100.0035,100.0035,1,56234,50
5e-04,100,100,100,100.0005,100.0005,1,56234,50
0.0135,100,100,100,100.0135,100.0135,1,56234,50
0.920763693749905,100,100,100,100,100,1,56234,50
0.836057780543342,100,100,100,100,100,1,56234,50
0.254018986131996,100,100,100,100,100,1,56234,50
0.0025,100,100,100,100.0025,100.0025,1,56234,50
5e-04,100,100,100,100.0005,100.0005,1,56234,50
0.553727601421997,100,100,100,100,100,1,56234,50
0.007,100,100,100,100.007,100.007,1,56234,50
0.0630388264544308,100,100,100,100,100,1,56234,50
5e-04,100,100,100,100.0005,100.0005,1,56234,50
0.824274901067838,100,100,100,100,100,1,56234,50
0.001,100,100,100,100.001,100.001,1,56234,50
0.0065,100,100,100,100.0065,100.0065,1,56234,50
5e-04,100,100,100,100.0005,100.0005,1,56234,50
0.0015,100,100,100,100.0015,100.0015,1,56234,50
0.0015,100,100,100,100.0015,100.0015,1,56234,50
5e-04,100,100,100,100.0005,100.0005,1,56234,50
0.353131735231727,100,100,100,100,100,1,56234,50
0.833530231146142,100,100,100,100,100,1,56234,50
0.11834306945093,100,100,100,100,100,1,56234,50
0.0015,100,100,100,100.0015,100.0015,1,56234,50
0.320435038069263,100,100,100,100,100,1,56234,50
0.0203838071320206,100,100,100,100,100,1,56234,50
0.999715277226642,100,100,100,100,100,1,56234,50
