"p","truediv","chaoest","obsD","upper","lower","l","inds","reps"
0.055,100,100,100,100.055,99.055,1,56234,50
0.0831757786218077,100,100,100,100,100,1,56234,50
0.0115,100,100,100,100.007250084468,100.007250084468,1,56234,50
0.0025,100,100,100,100.0025,100.0025,1,56234,50
5e-04,100,100,100,100.0005,100.0005,1,56234,50
0.0025,100,100,100,100.0025,100.0025,1,56234,50
0.813884866889566,100,100,100,100,100,1,56234,50
0.666905704652891,100,100,100,100,100,1,56234,50
0.392552684992552,100,100,100,100,100,1,56234,50
0.0384043280500919,100,100,100,100,100,1,56234,50
5e-04,100,100,100,100.0005,100.0005,1,56234,50
0.450488164555281,100,100,100,100,100,1,56234,50
0.828657512553036,100,100,100,100,100,1,56234,50
0.373782553477213,100,100,100,100,100,1,56234,50
0.611471010139212,100,100,100,100,100,1,56234,50
0.594716027844697,100,100,100,100,100,1,56234,50
0.134785481728613,100,100,100,100,100,1,56234,50
0.004,100,100,100,100.004,100.004,1,56234,50
0.113819364923984,100,100,100,100,100,1,56234,50
0.593661387916654,100,100,100,100,100,1,56234,50
0.001,100,100,100,100.001,100.001,1,56234,50
0.0085,100,100,100,100.0085,100.0085,1,56234,50
0.835362230194733,100,100,100,100,100,1,56234,50
0.877063226886094,100,100,100,100,100,1,56234,50
0.945353875868022,100,100,100,100,100,1,56234,50
0.415477980161086,100,100,100,100,100,1,56234,50
0.579239674843848,100,100,100,100,100,1,56234,50
0.0015,100,100,100,100.0015,100.0015,1,56234,50
0.426176020875573,100,100,100,100,100,1,56234,50
0.841758548747748,100,100,100,100,100,1,56234,50
0.430935252690688,100,100,100,100,100,1,56234,50
0.622996397549286,100,100,100,100,100,1,56234,50
0.001,100,100,100,100.001,100.001,1,56234,50
5e-04,100,100,100,100.0005,100.0005,1,56234,50
5e-04,100,100,100,100.0005,100.0005,1,56234,50
0.724194860551506,100,100,100,100,100,1,56234,50
0.978362093213946,100,100,100,100,100,1,56234,50
0.107955279992893,100,100,100,100,100,1,56234,50
0.003,100,100,100,100.002750004446,100.002750004446,1,56234,50
0.0025,100,100,100,100.0025,100.0025,1,56234,50
5e-04,100,100,100,100.0005,100.0005,1,56234,50
0.002,100,100,100,100.002,100.002,1,56234,50
0.001,100,100,100,100.001,100.001,1,56234,50
0.005,100,100,100,100.005,100.005,1,56234,50
0.003,100,100,100,100.003,100.003,1,56234,50
0.0035,100,100,100,100.0035,100.0035,1,56234,50
0.405672325752676,100,100,100,100,100,1,56234,50
0.511730333790183,100,100,100,100,100,1,56234,50
0.001,100,100,100,100.001,100.001,1,56234,50
0.240144581533968,100,100,100,100,100,1,56234,50
