"p","truediv","chaoest","obsD","upper","lower","l","inds","reps"
0.893533988855779,100,100,100,100,100,1,56234,50
5e-04,100,100,100,100.0005,100.0005,1,56234,50
0.647938028443605,100,100,100,100,100,1,56234,50
0.527060850290582,100,100,100,100,100,1,56234,50
0.647928214864805,100,100,100,100,100,1,56234,50
0.0868989659938961,100,100,100,100,100,1,56234,50
0.283625453943387,100,100,100,100,100,1,56234,50
0.004,100,100,100,100.004,100.004,1,56234,50
5e-04,100,100,100,100.0005,100.0005,1,56234,50
0.328364234883338,100,100,100,100,100,1,56234,50
0.430240273242816,100,100,100,100,100,1,56234,50
0.500744179589674,100,100,100,100,100,1,56234,50
5e-04,100,100,100,100.0005,100.0005,1,56234,50
0.023076152196154,100,100,100,100,100,1,56234,50
0.0025,100,100,100,100.0025,100.0025,1,56234,50
0.002,100,100,100,100.002,100.002,1,56234,50
0.638658307027072,100,100,100,100,100,1,56234,50
0.001,100,100,100,100.001,100.001,1,56234,50
0.002,100,100,100,100.002,100.002,1,56234,50
0.448512709001079,100,100,100,100,100,1,56234,50
0.0015,100,100,100,100.0015,100.0015,1,56234,50
0.239696443313733,100,100,100,100,100,1,56234,50
0.054,100,100,100,100.054,99.054,1,56234,50
0.130597139010206,100,100,100,100,100,1,56234,50
0.0035,100,100,100,100.0035,100.0035,1,56234,50
0.245908880373463,100,100,100,100,100,1,56234,50
0.93348468397744,100,100,100,100,100,1,56234,50
0.007,100,100,100,100.007,100.007,1,56234,50
0.0175,100,100,100,100.0175,100.0175,1,56234,50
0.007,100,100,100,100.007,100.007,1,56234,50
0.0035,100,100,100,100.0035,100.0035,1,56234,50
0.565086879068986,100,100,100,100,100,1,56234,50
0.003,100,100,100,100.003,100.003,1,56234,50
0.0075,100,100,100,100.0075,100.0075,1,56234,50
0.051,100,100,100,100.051,99.051,1,56234,50
0.0025,100,100,100,100.002000008891,100.002000008891,1,56234,50
0.001,100,100,100,100.001,100.001,1,56234,50
0.890834353631362,100,100,100,100,100,1,56234,50
0.51243236893788,100,100,100,100,100,1,56234,50
0.008,100,100,100,100.008,100.008,1,56234,50
0.903756793122739,100,100,100,100,100,1,56234,50
5e-04,100,100,100,100.0005,100.0005,1,56234,50
0.005,100,100,100,100.004750004446,100.004750004446,1,56234,50
0.768981138011441,100,100,100,100,100,1,56234,50
0.001,100,100,100,100.001,100.001,1,56234,50
0.019,100,100,100,100.019,100.019,1,56234,50
0.001,100,100,100,100.001,100.001,1,56234,50
0.988071293570101,100,100,100,100,100,1,56234,50
0.910531444707885,100,100,100,100,100,1,56234,50
0.568425154546276,100,100,100,100,100,1,56234,50
