"p","truediv","chaoest","obsD","upper","lower","l","inds","reps"
5e-04,100,100,100,100.0005,100.0005,1,56234,50
0.002,100,100,100,100.002,100.002,1,56234,50
0.0045,100,100,100,100.0045,100.0045,1,56234,50
0.97407486778684,100,100,100,100,100,1,56234,50
0.0195,100,100,100,100.0195,100.0195,1,56234,50
0.0035,100,100,100,100.0035,100.0035,1,56234,50
0.0015,100,100,100,100.0015,100.0015,1,56234,50
0.002,100,100,100,100.002,100.002,1,56234,50
0.471195671940222,100,100,100,100,100,1,56234,50
0.376194984652102,100,100,100,100,100,1,56234,50
0.740224054316059,100,100,100,100,100,1,56234,50
0.003,100,100,100,100.003,100.003,1,56234,50
0.001,100,100,100,100.001,100.001,1,56234,50
0.250434378627688,100,100,100,100,100,1,56234,50
0.358779642032459,100,100,100,100,100,1,56234,50
0.236506595276296,100,100,100,100,100,1,56234,50
0.05,100,100,100,100.05,99.05,1,56234,50
0.003,100,100,100,100.003,100.003,1,56234,50
5e-04,100,100,100,100.0005,100.0005,1,56234,50
0.0045,100,100,100,100.004250004446,100.004250004446,1,56234,50
0.741352607961744,100,100,100,100,100,1,56234,50
0.1325,100,100,100,100.1325,99.1325,1,56234,50
0.478011385072023,100,100,100,100,100,1,56234,50
0.590552339795977,100,100,100,100,100,1,56234,50
0.006,100,100,100,100.005750004446,100.005750004446,1,56234,50
0.659092487301677,100,100,100,100,100,1,56234,50
0.001,100,100,100,100.001,100.001,1,56234,50
5e-04,100,100,100,100.0005,100.0005,1,56234,50
0.288925589527935,100,100,100,100,100,1,56234,50
0.003,100,100,100,100.003,100.003,1,56234,50
0.760720191523433,100,100,100,100,100,1,56234,50
0.355157289421186,100,100,100,100,100,1,56234,50
0.0085,100,100,100,100.0085,100.0085,1,56234,50
0.840731310658157,100,100,100,100,100,1,56234,50
0.0667582985479385,100,100,100,100,100,1,56234,50
0.690001416951418,100,100,100,100,100,1,56234,50
0.137,100,100,100,100.137,99.137,1,56234,50
0.242380952928215,100,100,100,100,100,1,56234,50
0.002,100,100,100,100.002,100.002,1,56234,50
0.0015,100,100,100,100.0015,100.0015,1,56234,50
0.0102250513155013,100,100,100,100,100,1,56234,50
0.423355230130255,100,100,100,100,100,1,56234,50
0.1425,100,100,100,100.1425,99.1425,1,56234,50
5e-04,100,100,100,100.0005,100.0005,1,56234,50
0.001,100,100,100,100.001,100.001,1,56234,50
0.594765682704747,100,100,100,100,100,1,56234,50
0.805376977194101,100,100,100,100,100,1,56234,50
0.358444360084832,100,100,100,100,100,1,56234,50
5e-04,100,100,100,100.0005,100.0005,1,56234,50
0.0015,100,100,100,100.0015,100.0015,1,56234,50
