"p","truediv","chaoest","obsD","upper","lower","l","inds","reps"
0.0831377408467233,100,100,100,100,100,1,56234,50
0.373380739009008,100,100,100,100,100,1,56234,50
0.194456679280847,100,100,100,100,100,1,56234,50
0.309595774160698,100,100,100,100,100,1,56234,50
0.001,100,100,100,100.001,100.001,1,56234,50
5e-04,100,100,100,100.0005,100.0005,1,56234,50
0.0794497127644718,100,100,100,100,100,1,56234,50
0.943147936835885,100,100,100,100,100,1,56234,50
5e-04,100,100,100,100.0005,100.0005,1,56234,50
0.002,100,100,100,100.002,100.002,1,56234,50
0.0445,100,100,100,100.0445,99.0445,1,56234,50
0.152074640616775,100,100,100,100,100,1,56234,50
0.249452794669196,100,100,100,100,100,1,56234,50
0.980313301319256,100,100,100,100,100,1,56234,50
0.755081391660497,100,100,100,100,100,1,56234,50
0.00986325135454535,100,100,100,100,100,1,56234,50
5e-04,100,100,100,100.0005,100.0005,1,56234,50
0.0015,100,100,100,100.0015,100.0015,1,56234,50
0.118200163124129,100,100,100,100,100,1,56234,50
5e-04,100,100,100,100.0005,100.0005,1,56234,50
0.0065,100,100,100,100.0065,100.0065,1,56234,50
0.004,100,100,100,100.004,100.004,1,56234,50
0.007,100,100,100,100.007,100.007,1,56234,50
0.783127233153209,100,100,100,100,100,1,56234,50
5e-04,100,100,100,100.0005,100.0005,1,56234,50
0.291601016419008,100,100,100,100,100,1,56234,50
5e-04,100,100,100,100.0005,100.0005,1,56234,50
0.788916275138035,100,100,100,100,100,1,56234,50
0.007,100,100,100,100.007,100.007,1,56234,50
5e-04,100,100,100,100.0005,100.0005,1,56234,50
0.827452204423025,100,100,100,100,100,1,56234,50
0.619085766375065,100,100,100,100,100,1,56234,50
0.0905764815397561,100,100,100,100,100,1,56234,50
0.408860785420984,100,100,100,100,100,1,56234,50
0.83500107191503,100,100,100,100,100,1,56234,50
0.0055,100,100,100,100.0055,100.0055,1,56234,50
0.0065,100,100,100,100.0065,100.0065,1,56234,50
0.001,100,100,100,100.001,100.001,1,56234,50
0.645400039851665,100,100,100,100,100,1,56234,50
0.539031217806041,100,100,100,100,100,1,56234,50
0.0035,100,100,100,100.0035,100.0035,1,56234,50
0.0035,100,100,100,100.0035,100.0035,1,56234,50
0.146627165842801,100,100,100,100,100,1,56234,50
0.486625099787489,100,100,100,100,100,1,56234,50
0.631746791070327,100,100,100,100,100,1,56234,50
5e-04,100,100,100,100.0005,100.0005,1,56234,50
0.003,100,100,100,100.003,100.003,1,56234,50
0.552526238840073,100,100,100,100,100,1,56234,50
0.567733709234744,100,100,100,100,100,1,56234,50
0.701988272136077,100,100,100,100,100,1,56234,50
