"p","truediv","chaoest","obsD","upper","lower","l","inds","reps"
0.802223336184397,100,100,100,100,100,1,56234,50
5e-04,100,100,100,100.0005,100.0005,1,56234,50
0.058,100,100,100,100.058,99.058,1,56234,50
0.001,100,100,100,100.001,100.001,1,56234,50
0.003,100,100,100,100.003,100.003,1,56234,50
0.446715462487191,100,100,100,100,100,1,56234,50
0.0015,100,100,100,100.0015,100.0015,1,56234,50
0.228402054170147,100,100,100,100,100,1,56234,50
0.56085808435455,100,100,100,100,100,1,56234,50
0.754624324385077,100,100,100,100,100,1,56234,50
0.901187961455435,100,100,100,100,100,1,56234,50
0.009,100,100,100,100.009,100.009,1,56234,50
5e-04,100,100,100,100.0005,100.0005,1,56234,50
0.263590695569292,100,100,100,100,100,1,56234,50
0.914161720778793,100,100,100,100,100,1,56234,50
5e-04,100,100,100,100.0005,100.0005,1,56234,50
0.002,100,100,100,100.002,100.002,1,56234,50
0.0025,100,100,100,100.0025,100.0025,1,56234,50
0.0025,100,100,100,100.0025,100.0025,1,56234,50
0.942385287722573,100,100,100,100,100,1,56234,50
0.653520301450044,100,100,100,100,100,1,56234,50
0.175070429919288,100,100,100,100,100,1,56234,50
0.006,100,100,100,100.006,100.006,1,56234,50
0.0025,100,100,100,100.0025,100.0025,1,56234,50
0.67090940894559,100,100,100,100,100,1,56234,50
5e-04,100,100,100,100.0005,100.0005,1,56234,50
0.004,100,100,100,100.004,100.004,1,56234,50
0.779790187254548,100,100,100,100,100,1,56234,50
0.817413022508845,100,100,100,100,100,1,56234,50
0.016,100,100,100,100.015000017783,100.015000017783,1,56234,50
0.306565027916804,100,100,100,100,100,1,56234,50
0.001,100,100,100,100.001,100.001,1,56234,50
0.409989869454876,100,100,100,100,100,1,56234,50
0.013,100,100,100,100.013,100.013,1,56234,50
0.001,100,100,100,100.001,100.001,1,56234,50
0.0195,100,100,100,100.018000026674,100.018000026674,1,56234,50
0.763023604871705,100,100,100,100,100,1,56234,50
0.506049958057702,100,100,100,100,100,1,56234,50
0.0035,100,100,100,100.0035,100.0035,1,56234,50
0.645754721947014,100,100,100,100,100,1,56234,50
0.593223719624802,100,100,100,100,100,1,56234,50
0.0015,100,100,100,100.0015,100.0015,1,56234,50
0.215358768356964,100,100,100,100,100,1,56234,50
0.729640224715695,100,100,100,100,100,1,56234,50
0.265565186273307,100,100,100,100,100,1,56234,50
0.0015,100,100,100,100.001250004446,100.001250004446,1,56234,50
0.044,100,100,100,100.044,99.044,1,56234,50
0.001,100,100,100,100.001,100.001,1,56234,50
0.34000482596457,100,100,100,100,100,1,56234,50
0.0871479818597436,100,100,100,100,100,1,56234,50
