"p","truediv","chaoest","obsD","upper","lower","l","inds","reps"
5e-04,100,100,100,100.0005,100.0005,1,56234,50
0.534602584317327,100,100,100,100,100,1,56234,50
0.327187820803374,100,100,100,100,100,1,56234,50
0.023,100,100,100,100.023,100.023,1,56234,50
0.290263962931931,100,100,100,100,100,1,56234,50
0.007,100,100,100,100.007,100.007,1,56234,50
0.138091995613649,100,100,100,100,100,1,56234,50
0.414032701170072,100,100,100,100,100,1,56234,50
0.998431339859962,100,100,100,100,100,1,56234,50
0.005,100,100,100,100.005,100.005,1,56234,50
0.268191657727584,100,100,100,100,100,1,56234,50
0.840746579226106,100,100,100,100,100,1,56234,50
0.11368415132165,100,100,100,100,100,1,56234,50
0.953152559697628,100,100,100,100,100,1,56234,50
0.005829983856529,100,100,100,100,100,1,56234,50
0.0215,100,100,100,100.0215,100.0215,1,56234,50
0.52252408862114,100,100,100,100,100,1,56234,50
0.584133002208546,100,100,100,100,100,1,56234,50
0.010922540910542,100,100,100,100,100,1,56234,50
0.968989187618718,100,100,100,100,100,1,56234,50
0.009,100,100,100,100.009,100.009,1,56234,50
0.02,100,100,100,100.02,100.02,1,56234,50
0.157068029046059,100,100,100,100,100,1,56234,50
0.931097162654623,100,100,100,100,100,1,56234,50
0.915101271122694,100,100,100,100,100,1,56234,50
0.0025,100,100,100,100.0025,100.0025,1,56234,50
0.0798005764372647,100,100,100,100,100,1,56234,50
0.0015,100,100,100,100.0015,100.0015,1,56234,50
0.002,100,100,100,100.002,100.002,1,56234,50
0.016,100,100,100,100.015750004446,100.015750004446,1,56234,50
0.783693386707455,100,100,100,100,100,1,56234,50
5e-04,100,100,100,100.0005,100.0005,1,56234,50
0.001,100,100,100,100.001,100.001,1,56234,50
0.987640889361501,100,100,100,100,100,1,56234,50
0.395701867062598,100,100,100,100,100,1,56234,50
0.019,100,100,100,100.019,100.019,1,56234,50
0.927433396223933,100,100,100,100,100,1,56234,50
5e-04,100,100,100,100.0005,100.0005,1,56234,50
0.777974444674328,100,100,100,100,100,1,56234,50
0.659164096228778,100,100,100,100,100,1,56234,50
0.0075,100,100,100,100.007000008891,100.007000008891,1,56234,50
0.514100895728916,100,100,100,100,100,1,56234,50
0.108002547174692,100,100,100,100,100,1,56234,50
0.001,100,100,100,100.001,100.001,1,56234,50
5e-04,100,100,100,100.000250004446,100.000250004446,1,56234,50
0.159139127470553,100,100,100,100,100,1,56234,50
5e-04,100,100,100,100.0005,100.0005,1,56234,50
5e-04,100,100,100,100.0005,100.0005,1,56234,50
0.001,100,100,100,100.001,100.001,1,56234,50
0.0525,100,100,100,100.0525,99.0525,1,56234,50
