"p","truediv","chaoest","obsD","upper","lower","l","inds","reps"
0.0015,100,100,100,100.0015,100.0015,1,56234,50
0.530295220436528,100,100,100,100,100,1,56234,50
0.0015,100,100,100,100.0015,100.0015,1,56234,50
0.826404635095969,100,100,100,100,100,1,56234,50
0.003,100,100,100,100.003,100.003,1,56234,50
0.763552061049268,100,100,100,100,100,1,56234,50
0.700286226114258,100,100,100,100,100,1,56234,50
0.746274504810572,100,100,100,100,100,1,56234,50
0.008,100,100,100,100.008,100.008,1,56234,50
5e-04,100,100,100,100.0005,100.0005,1,56234,50
0.141803149599582,100,100,100,100,100,1,56234,50
0.0800088073592633,100,100,100,100,100,1,56234,50
0.0095,100,100,100,100.0095,100.0095,1,56234,50
0.472623487235978,100,100,100,100,100,1,56234,50
0.0772990884725004,100,100,100,100,100,1,56234,50
5e-04,100,100,100,100.0005,100.0005,1,56234,50
0.0525,100,100,100,100.0525,99.0525,1,56234,50
0.735092564718798,100,100,100,100,100,1,56234,50
0.123,100,100,100,100.123,99.123,1,56234,50
0.853643409209326,100,100,100,100,100,1,56234,50
0.0065,100,100,100,100.0065,100.0065,1,56234,50
0.560335399815813,100,100,100,100,100,1,56234,50
5e-04,100,100,100,100.0005,100.0005,1,56234,50
0.666093696840107,100,100,100,100,100,1,56234,50
0.776064861332998,100,100,100,100,100,1,56234,50
0.875613687327132,100,100,100,100,100,1,56234,50
0.329018444521353,100,100,100,100,100,1,56234,50
0.369350288528949,100,100,100,100,100,1,56234,50
5e-04,100,100,100,100.0005,100.0005,1,56234,50
0.018,100,100,100,100.015750040011,100.015750040011,1,56234,50
0.780915462877601,100,100,100,100,100,1,56234,50
0.127743416465819,100,100,100,100,100,1,56234,50
0.928516009589657,100,100,100,100,100,1,56234,50
0.002,100,100,100,100.002,100.002,1,56234,50
0.0015,100,100,100,100.0015,100.0015,1,56234,50
0.897248090011999,100,100,100,100,100,1,56234,50
0.001,100,100,100,100.001,100.001,1,56234,50
0.858769256621599,100,100,100,100,100,1,56234,50
0.541585132014006,100,100,100,100,100,1,56234,50
0.492824932793155,100,100,100,100,100,1,56234,50
5e-04,100,100,100,100.0005,100.0005,1,56234,50
5e-04,100,100,100,100.0005,100.0005,1,56234,50
0.0015,100,100,100,100.0015,100.0015,1,56234,50
0.0045,100,100,100,100.0045,100.0045,1,56234,50
0.001,100,100,100,100.001,100.001,1,56234,50
0.661276993341744,100,100,100,100,100,1,56234,50
0.528676261426881,100,100,100,100,100,1,56234,50
0.230091084958985,100,100,100,100,100,1,56234,50
0.1415,100,100,100,100.141250004446,99.1412500044457,1,56234,50
0.002,100,100,100,100.002,100.002,1,56234,50
