"p","truediv","chaoest","obsD","upper","lower","l","inds","reps"
0.0015,100,100,100,100.0015,100.0015,1,56234,50
0.651507291011512,100,100,100,100,100,1,56234,50
0.0065,100,100,100,100.0065,100.0065,1,56234,50
0.459363310132176,100,100,100,100,100,1,56234,50
0.355125440983102,100,100,100,100,100,1,56234,50
5e-04,100,100,100,100.0005,100.0005,1,56234,50
5e-04,100,100,100,100.0005,100.0005,1,56234,50
5e-04,100,100,100,100.0005,100.0005,1,56234,50
0.0283838897012174,100,100,100,100,100,1,56234,50
0.654923058580607,100,100,100,100,100,1,56234,50
0.249382458627224,100,100,100,100,100,1,56234,50
0.738920572213829,100,100,100,100,100,1,56234,50
0.598080548224971,100,100,100,100,100,1,56234,50
0.784888321300969,100,100,100,100,100,1,56234,50
0.0178632123861462,100,100,100,100,100,1,56234,50
0.558867897605523,100,100,100,100,100,1,56234,50
0.0015,100,100,100,100.0015,100.0015,1,56234,50
0.003,100,100,100,100.003,100.003,1,56234,50
0.700994744896889,100,100,100,100,100,1,56234,50
0.351849765283987,100,100,100,100,100,1,56234,50
0.514659980079159,100,100,100,100,100,1,56234,50
0.0075,100,100,100,100.0075,100.0075,1,56234,50
0.00425578467547894,100,100,100,100,100,1,56234,50
5e-04,100,100,100,100.0005,100.0005,1,56234,50
0.615716145839542,100,100,100,100,100,1,56234,50
0.02,100,100,100,100.017750040011,100.017750040011,1,56234,50
0.001,100,100,100,100.001,100.001,1,56234,50
0.304486575070769,100,100,100,100,100,1,56234,50
0.900218444177881,100,100,100,100,100,1,56234,50
0.0065,100,100,100,100.0065,100.0065,1,56234,50
0.0045,100,100,100,100.0045,100.0045,1,56234,50
0.0025,100,100,100,100.0025,100.0025,1,56234,50
5e-04,100,100,100,100.0005,100.0005,1,56234,50
0.0115,100,100,100,100.0115,100.0115,1,56234,50
0.006,100,100,100,100.006,100.006,1,56234,50
0.0015,100,100,100,100.0015,100.0015,1,56234,50
0.001,100,100,100,100.001,100.001,1,56234,50
0.0155,100,100,100,100.0155,100.0155,1,56234,50
0.001,100,100,100,100.001,100.001,1,56234,50
0.899330454645678,100,100,100,100,100,1,56234,50
0.0782050706911832,100,100,100,100,100,1,56234,50
5e-04,100,100,100,100.0005,100.0005,1,56234,50
0.0155,100,100,100,100.0155,100.0155,1,56234,50
5e-04,100,100,100,100.0005,100.0005,1,56234,50
0.180410031462088,100,100,100,100,100,1,56234,50
0.579322267789394,100,100,100,100,100,1,56234,50
0.107896644156426,100,100,100,100,100,1,56234,50
0.0055,100,100,100,100.0055,100.0055,1,56234,50
0.0015,100,100,100,100.0015,100.0015,1,56234,50
0.006,100,100,100,100.006,100.006,1,56234,50
