"p","truediv","chaoest","obsD","upper","lower","l","inds","reps"
0.217357456451282,100,100,100,100,100,1,56234,50
5e-04,100,100,100,100.0005,100.0005,1,56234,50
0.014,100,100,100,100.014,100.014,1,56234,50
5e-04,100,100,100,100.0005,100.0005,1,56234,50
0.854605121770874,100,100,100,100,100,1,56234,50
0.003,100,100,100,100.003,100.003,1,56234,50
5e-04,100,100,100,100.0005,100.0005,1,56234,50
0.719521562103182,100,100,100,100,100,1,56234,50
0.002,100,100,100,100.002,100.002,1,56234,50
0.421610990539193,100,100,100,100,100,1,56234,50
0.283214186551049,100,100,100,100,100,1,56234,50
0.005,100,100,100,100.005,100.005,1,56234,50
0.821170157752931,100,100,100,100,100,1,56234,50
0.641149104572833,100,100,100,100,100,1,56234,50
0.562880658777431,100,100,100,100,100,1,56234,50
0.0372502657119185,100,100,100,100,100,1,56234,50
0.003,100,100,100,100.003,100.003,1,56234,50
0.0075,100,100,100,100.0075,100.0075,1,56234,50
0.0015,100,100,100,100.0015,100.0015,1,56234,50
0.0055,100,100,100,100.0055,100.0055,1,56234,50
0.46598635497503,100,100,100,100,100,1,56234,50
0.0035,100,100,100,100.0035,100.0035,1,56234,50
0.001,100,100,100,100.001,100.001,1,56234,50
5e-04,100,100,100,100.0005,100.0005,1,56234,50
0.12544751050882,100,100,100,100,100,1,56234,50
0.156043348135427,100,100,100,100,100,1,56234,50
0.0704939726274461,100,100,100,100,100,1,56234,50
0.449403394013643,100,100,100,100,100,1,56234,50
0.753033883403987,100,100,100,100,100,1,56234,50
0.003,100,100,100,100.003,100.003,1,56234,50
0.745342476060614,100,100,100,100,100,1,56234,50
0.0215,100,100,100,100.0215,100.0215,1,56234,50
0.246080299373716,100,100,100,100,100,1,56234,50
0.797600051620975,100,100,100,100,100,1,56234,50
0.270914023043588,100,100,100,100,100,1,56234,50
5e-04,100,100,100,100.0005,100.0005,1,56234,50
0.519716764800251,100,100,100,100,100,1,56234,50
0.014,100,100,100,100.014,100.014,1,56234,50
0.765395316295326,100,100,100,100,100,1,56234,50
0.497218855656683,100,100,100,100,100,1,56234,50
0.891754122683778,100,100,100,100,100,1,56234,50
0.734719211002812,100,100,100,100,100,1,56234,50
0.478678190847859,100,100,100,100,100,1,56234,50
5e-04,100,100,100,100.0005,100.0005,1,56234,50
0.0413427867460996,100,100,100,100,100,1,56234,50
0.814057387411594,100,100,100,100,100,1,56234,50
0.0833628037944436,100,100,100,100,100,1,56234,50
0.001,100,100,100,100.001,100.001,1,56234,50
0.002,100,100,100,100.002,100.002,1,56234,50
0.916224760469049,100,100,100,100,100,1,56234,50
