"p","truediv","chaoest","obsD","upper","lower","l","inds","reps"
0.002,100,100,100,100.002,100.002,1,56234,50
0.101383580593392,100,100,100,100,100,1,56234,50
0.976000076858327,100,100,100,100,100,1,56234,50
5e-04,100,100,100,100.0005,100.0005,1,56234,50
5e-04,100,100,100,100.0005,100.0005,1,56234,50
0.386307357577607,100,100,100,100,100,1,56234,50
0.0065,100,100,100,100.0065,100.0065,1,56234,50
0.006,100,100,100,100.006,100.006,1,56234,50
0.0015,100,100,100,100.0015,100.0015,1,56234,50
0.308312910376117,100,100,100,100,100,1,56234,50
0.88715238054283,100,100,100,100,100,1,56234,50
0.48777132993564,100,100,100,100,100,1,56234,50
0.001,100,100,100,100.000750004446,100.000750004446,1,56234,50
5e-04,100,100,100,100.0005,100.0005,1,56234,50
0.931086061522365,100,100,100,100,100,1,56234,50
0.298112744698301,100,100,100,100,100,1,56234,50
0.0489328959956765,100,100,100,100,100,1,56234,50
0.661985151702538,100,100,100,100,100,1,56234,50
5e-04,100,100,100,100.0005,100.0005,1,56234,50
5e-04,100,100,100,100.0005,100.0005,1,56234,50
0.0015,100,100,100,100.0015,100.0015,1,56234,50
0.325082280905917,100,100,100,100,100,1,56234,50
0.583520790096372,100,100,100,100,100,1,56234,50
0.89710701815784,100,100,100,100,100,1,56234,50
0.513306580483913,100,100,100,100,100,1,56234,50
5e-04,100,100,100,100.0005,100.0005,1,56234,50
0.002,100,100,100,100.002,100.002,1,56234,50
0.557939858641475,100,100,100,100,100,1,56234,50
0.827389876358211,100,100,100,100,100,1,56234,50
0.0733256908133626,100,100,100,100,100,1,56234,50
0.002,100,100,100,100.002,100.002,1,56234,50
0.858384906779975,100,100,100,100,100,1,56234,50
5e-04,100,100,100,100.0005,100.0005,1,56234,50
0.045,100,100,100,100.045,99.045,1,56234,50
5e-04,100,100,100,100.0005,100.0005,1,56234,50
0.638190083671361,100,100,100,100,100,1,56234,50
0.495100394124165,100,100,100,100,100,1,56234,50
0.990262815263122,100,100,100,100,100,1,56234,50
5e-04,100,100,100,100.0005,100.0005,1,56234,50
0.109687103191391,100,100,100,100,100,1,56234,50
5e-04,100,100,100,100.0005,100.0005,1,56234,50
0.0015,100,100,100,100.0015,100.0015,1,56234,50
0.4722860744223,100,100,100,100,100,1,56234,50
0.004,100,100,100,100.003250013337,100.003250013337,1,56234,50
0.635332667501643,100,100,100,100,100,1,56234,50
0.0025,100,100,100,100.0025,100.0025,1,56234,50
0.01,100,100,100,100.01,100.01,1,56234,50
0.52968059363775,100,100,100,100,100,1,56234,50
5e-04,100,100,100,100.0005,100.0005,1,56234,50
0.325492857024074,100,100,100,100,100,1,56234,50
