"p","truediv","chaoest","obsD","upper","lower","l","inds","reps"
0.0025,100,100,100,100.0025,100.0025,1,56234,50
0.0075,100,100,100,100.0075,100.0075,1,56234,50
0.826303893700242,100,100,100,100,100,1,56234,50
0.26129293628037,100,100,100,100,100,1,56234,50
0.19176266505383,100,100,100,100,100,1,56234,50
0.0800635148771107,100,100,100,100,100,1,56234,50
0.467267155647278,100,100,100,100,100,1,56234,50
0.0065,100,100,100,100.0065,100.0065,1,56234,50
0.772160942899063,100,100,100,100,100,1,56234,50
0.353650177363306,100,100,100,100,100,1,56234,50
5e-04,100,100,100,100.0005,100.0005,1,56234,50
0.110039593884721,100,100,100,100,100,1,56234,50
5e-04,100,100,100,100.0005,100.0005,1,56234,50
0.984741961816326,100,100,100,100,100,1,56234,50
0.875359955709428,100,100,100,100,100,1,56234,50
0.001,100,100,100,100.001,100.001,1,56234,50
0.002,100,100,100,100.002,100.002,1,56234,50
0.705524103948846,100,100,100,100,100,1,56234,50
5e-04,100,100,100,100.0005,100.0005,1,56234,50
0.001,100,100,100,100.001,100.001,1,56234,50
0.309823517687619,100,100,100,100,100,1,56234,50
0.254343468463048,100,100,100,100,100,1,56234,50
5e-04,100,100,100,100.0005,100.0005,1,56234,50
0.0025,100,100,100,100.0025,100.0025,1,56234,50
0.680617328267545,100,100,100,100,100,1,56234,50
0.39917074656114,100,100,100,100,100,1,56234,50
0.102825816022232,100,100,100,100,100,1,56234,50
0.0155,100,100,100,100.014750013337,100.014750013337,1,56234,50
0.941504932474345,100,100,100,100,100,1,56234,50
0.004,100,100,100,100.004,100.004,1,56234,50
0.003,100,100,100,100.003,100.003,1,56234,50
5e-04,100,100,100,100.0005,100.0005,1,56234,50
0.10932496888563,100,100,100,100,100,1,56234,50
0.007,100,100,100,100.007,100.007,1,56234,50
0.199307529022917,100,100,100,100,100,1,56234,50
5e-04,100,100,100,100.0005,100.0005,1,56234,50
0.425772221526131,100,100,100,100,100,1,56234,50
0.340612441767007,100,100,100,100,100,1,56234,50
0.0927791765425354,100,100,100,100,100,1,56234,50
0.006,100,100,100,100.006,100.006,1,56234,50
0.001,100,100,100,100.001,100.001,1,56234,50
0.0851315949112177,100,100,100,100,100,1,56234,50
0.002,100,100,100,100.002,100.002,1,56234,50
0.0175,100,100,100,100.0175,100.0175,1,56234,50
0.829023624304682,100,100,100,100,100,1,56234,50
0.009,100,100,100,100.009,100.009,1,56234,50
0.976674714125693,100,100,100,100,100,1,56234,50
0.89784936606884,100,100,100,100,100,1,56234,50
0.0025,100,100,100,100.0025,100.0025,1,56234,50
0.058,100,100,100,100.058,99.058,1,56234,50
