"p","truediv","chaoest","obsD","upper","lower","l","inds","reps"
0.10000394936651,100,100,100,100,100,1,56234,50
0.963296365458518,100,100,100,100,100,1,56234,50
0.001,100,100,100,100.001,100.001,1,56234,50
0.642300801584497,100,100,100,100,100,1,56234,50
0.388392891502008,100,100,100,100,100,1,56234,50
5e-04,100,100,100,100.0005,100.0005,1,56234,50
0.349634426878765,100,100,100,100,100,1,56234,50
0.001,100,100,100,100.001,100.001,1,56234,50
0.0095,100,100,100,100.0095,100.0095,1,56234,50
5e-04,100,100,100,100.0005,100.0005,1,56234,50
0.023,100,100,100,100.023,100.023,1,56234,50
5e-04,100,100,100,100.0005,100.0005,1,56234,50
0.685194168239832,100,100,100,100,100,1,56234,50
5e-04,100,100,100,100.0005,100.0005,1,56234,50
0.578355267411098,100,100,100,100,100,1,56234,50
0.001,100,100,100,100.001,100.001,1,56234,50
0.0652696087490767,100,100,100,100,100,1,56234,50
0.024,100,100,100,100.024,100.024,1,56234,50
0.603962933877483,100,100,100,100,100,1,56234,50
0.195368898101151,100,100,100,100,100,1,56234,50
0.748361945152283,100,100,100,100,100,1,56234,50
0.142998865339905,100,100,100,100,100,1,56234,50
0.330617552390322,100,100,100,100,100,1,56234,50
0.17878223140724,100,100,100,100,100,1,56234,50
0.452705119503662,100,100,100,100,100,1,56234,50
5e-04,100,100,100,100.0005,100.0005,1,56234,50
0.0537625246215612,100,100,100,100,100,1,56234,50
0.312667150981724,100,100,100,100,100,1,56234,50
0.047,100,100,100,100.047,99.047,1,56234,50
0.930143910227343,100,100,100,100,100,1,56234,50
0.001,100,100,100,100.001,100.001,1,56234,50
0.978362680179998,100,100,100,100,100,1,56234,50
0.0085,100,100,100,100.0085,100.0085,1,56234,50
0.736872850218788,100,100,100,100,100,1,56234,50
0.916163184912875,100,100,100,100,100,1,56234,50
0.216099426848814,100,100,100,100,100,1,56234,50
0.9995,100,100,100,99.9997500044457,99.9997500044457,1,56234,50
0.042,100,100,100,100.042,99.042,1,56234,50
0.0430354503914714,100,100,100,100,100,1,56234,50
5e-04,100,100,100,100.0005,100.0005,1,56234,50
0.749358505941927,100,100,100,100,100,1,56234,50
0.932811803882942,100,100,100,100,100,1,56234,50
5e-04,100,100,100,100.0005,100.0005,1,56234,50
0.112395242089406,100,100,100,100,100,1,56234,50
0.864062001928687,100,100,100,100,100,1,56234,50
0.733219031244516,100,100,100,100,100,1,56234,50
0.22920735552907,100,100,100,100,100,1,56234,50
0.003,100,100,100,100.003,100.003,1,56234,50
0.490811801981181,100,100,100,100,100,1,56234,50
0.93731714761816,100,100,100,100,100,1,56234,50
