"p","truediv","chaoest","obsD","upper","lower","l","inds","reps"
0.504430166678503,100,100,100,100,100,1,56234,50
0.137,100,100,100,100.137,99.137,1,56234,50
0.951431949622929,100,100,100,100,100,1,56234,50
0.0683902581222355,100,100,100,100,100,1,56234,50
5e-04,100,100,100,100.0005,100.0005,1,56234,50
5e-04,100,100,100,100.0005,100.0005,1,56234,50
0.17019591992721,100,100,100,100,100,1,56234,50
0.007,100,100,100,100.006750004446,100.006750004446,1,56234,50
0.804293529130518,100,100,100,100,100,1,56234,50
0.950391197111458,100,100,100,100,100,1,56234,50
0.969279438257217,100,100,100,100,100,1,56234,50
0.0065,100,100,100,100.0065,100.0065,1,56234,50
0.002,100,100,100,100.002,100.002,1,56234,50
0.961239015916362,100,100,100,100,100,1,56234,50
0.041,100,100,100,100.041,99.041,1,56234,50
0.0607267427258193,100,100,100,100,100,1,56234,50
0.0317132810596377,100,100,100,100,100,1,56234,50
0.451353216543794,100,100,100,100,100,1,56234,50
5e-04,100,100,100,100.0005,100.0005,1,56234,50
0.66200030897744,100,100,100,100,100,1,56234,50
5e-04,100,100,100,100.0005,100.0005,1,56234,50
0.501406777882949,100,100,100,100,100,1,56234,50
0.001,100,100,100,100.001,100.001,1,56234,50
0.016,100,100,100,100.016,100.016,1,56234,50
0.0205,100,100,100,100.0205,100.0205,1,56234,50
0.051,100,100,100,100.051,99.051,1,56234,50
0.335031334543601,100,100,100,100,100,1,56234,50
0.010289219673723,100,100,100,100,100,1,56234,50
0.404040946159512,100,100,100,100,100,1,56234,50
0.846074820263311,100,100,100,100,100,1,56234,50
0.956584969768301,100,100,100,100,100,1,56234,50
0.299053496681154,100,100,100,100,100,1,56234,50
0.001,100,100,100,100.001,100.001,1,56234,50
0.22314477013424,100,100,100,100,100,1,56234,50
0.379144214559346,100,100,100,100,100,1,56234,50
0.069774370174855,100,100,100,100,100,1,56234,50
0.754917660029605,100,100,100,100,100,1,56234,50
0.0015,100,100,100,100.0015,100.0015,1,56234,50
5e-04,100,100,100,100.0005,100.0005,1,56234,50
5e-04,100,100,100,100.0005,100.0005,1,56234,50
0.489297320600599,100,100,100,100,100,1,56234,50
0.00198078178800642,100,100,100,100,100,1,56234,50
0.022,100,100,100,100.022,100.022,1,56234,50
0.989264289848506,100,100,100,100,100,1,56234,50
0.0825748506467789,100,100,100,100,100,1,56234,50
0.818864997243509,100,100,100,100,100,1,56234,50
0.423019317910075,100,100,100,100,100,1,56234,50
0.009,100,100,100,100.009,100.009,1,56234,50
0.837132074637339,100,100,100,100,100,1,56234,50
0.69853447843343,100,100,100,100,100,1,56234,50
