"p","truediv","chaoest","obsD","upper","lower","l","inds","reps"
0.006,100,100,100,100.006,100.006,1,56234,50
0.120483904378489,100,100,100,100,100,1,56234,50
0.0015,100,100,100,100.0015,100.0015,1,56234,50
0.984714390709996,100,100,100,100,100,1,56234,50
0.002,100,100,100,100.002,100.002,1,56234,50
0.522793639451265,100,100,100,100,100,1,56234,50
0.021,100,100,100,100.021,100.021,1,56234,50
0.0025,100,100,100,100.0025,100.0025,1,56234,50
0.821627960540354,100,100,100,100,100,1,56234,50
0.692784924991429,100,100,100,100,100,1,56234,50
0.002,100,100,100,100.002,100.002,1,56234,50
0.0025,100,100,100,100.0025,100.0025,1,56234,50
0.508339437888935,100,100,100,100,100,1,56234,50
0.0015,100,100,100,100.0015,100.0015,1,56234,50
0.0015,100,100,100,100.0015,100.0015,1,56234,50
0.003,100,100,100,100.003,100.003,1,56234,50
0.019078376237303,100,100,100,100,100,1,56234,50
5e-04,100,100,100,100.0005,100.0005,1,56234,50
0.788296698825434,100,100,100,100,100,1,56234,50
0.002,100,100,100,100.002,100.002,1,56234,50
0.001,100,100,100,100.000750004446,100.000750004446,1,56234,50
0.563959183171391,100,100,100,100,100,1,56234,50
0.448034041794017,100,100,100,100,100,1,56234,50
0.153911456931382,100,100,100,100,100,1,56234,50
0.0035,100,100,100,100.0035,100.0035,1,56234,50
0.28668417991139,100,100,100,100,100,1,56234,50
0.049,100,100,100,100.049,99.049,1,56234,50
5e-04,100,100,100,100.0005,100.0005,1,56234,50
0.201935086632147,100,100,100,100,100,1,56234,50
0.238796047400683,100,100,100,100,100,1,56234,50
0.193121138261631,100,100,100,100,100,1,56234,50
0.131,100,100,100,100.131,99.131,1,56234,50
0.568522927351296,100,100,100,100,100,1,56234,50
5e-04,100,100,100,100.0005,100.0005,1,56234,50
0.0025,100,100,100,100.002250004446,100.002250004446,1,56234,50
0.001,100,100,100,100.001,100.001,1,56234,50
0.006,100,100,100,100.006,100.006,1,56234,50
5e-04,100,100,100,100.0005,100.0005,1,56234,50
0.953957137418911,100,100,100,100,100,1,56234,50
0.841542243724689,100,100,100,100,100,1,56234,50
0.633296498097479,100,100,100,100,100,1,56234,50
0.008,100,100,100,100.008,100.008,1,56234,50
0.746204144321382,100,100,100,100,100,1,56234,50
0.851423537591472,100,100,100,100,100,1,56234,50
0.0015,100,100,100,100.0015,100.0015,1,56234,50
0.0112215760163963,100,100,100,100,100,1,56234,50
0.0967030234169215,100,100,100,100,100,1,56234,50
0.898903145221993,100,100,100,100,100,1,56234,50
0.933719659922644,100,100,100,100,100,1,56234,50
0.663157409988344,100,100,100,100,100,1,56234,50
