"p","truediv","chaoest","obsD","upper","lower","l","inds","reps"
5e-04,100,100,100,100.0005,100.0005,1,56234,50
5e-04,100,100,100,100.0005,100.0005,1,56234,50
5e-04,100,100,100,100.0005,100.0005,1,56234,50
0.421311321668327,100,100,100,100,100,1,56234,50
0.788280786015093,100,100,100,100,100,1,56234,50
0.191551960073411,100,100,100,100,100,1,56234,50
0.973606229759753,100,100,100,100,100,1,56234,50
0.001,100,100,100,100.001,100.001,1,56234,50
0.899813279276714,100,100,100,100,100,1,56234,50
0.949747839476913,100,100,100,100,100,1,56234,50
0.0025,100,100,100,100.0025,100.0025,1,56234,50
0.333980135852471,100,100,100,100,100,1,56234,50
0.655929384054616,100,100,100,100,100,1,56234,50
5e-04,100,100,100,100.0005,100.0005,1,56234,50
0.0015,100,100,100,100.0015,100.0015,1,56234,50
0.797811767784879,100,100,100,100,100,1,56234,50
0.007,100,100,100,100.007,100.007,1,56234,50
0.272284436505288,100,100,100,100,100,1,56234,50
0.918682247167453,100,100,100,100,100,1,56234,50
5e-04,100,100,100,100.0005,100.0005,1,56234,50
0.008,100,100,100,100.008,100.008,1,56234,50
0.01,100,100,100,100.01,100.01,1,56234,50
0.002,100,100,100,100.002,100.002,1,56234,50
0.571909077931195,100,100,100,100,100,1,56234,50
0.416120794601738,100,100,100,100,100,1,56234,50
0.003,100,100,100,100.003,100.003,1,56234,50
0.799423107411712,100,100,100,100,100,1,56234,50
0.0154825844801962,100,100,100,100,100,1,56234,50
0.002,100,100,100,100.002,100.002,1,56234,50
0.001,100,100,100,100.001,100.001,1,56234,50
0.0265,100,100,100,100.026250004446,99.0262500044457,1,56234,50
0.913988007931039,100,100,100,100,100,1,56234,50
0.43956237565726,100,100,100,100,100,1,56234,50
0.276515800738707,100,100,100,100,100,1,56234,50
0.0165,100,100,100,100.0165,100.0165,1,56234,50
0.003,100,100,100,100.003,100.003,1,56234,50
0.0025,100,100,100,100.0025,100.0025,1,56234,50
0.0595,100,100,100,100.059250004446,99.0592500044457,1,56234,50
0.004,100,100,100,100.004,100.004,1,56234,50
0.802331174956635,100,100,100,100,100,1,56234,50
0.0015,100,100,100,100.0015,100.0015,1,56234,50
0.656124301720411,100,100,100,100,100,1,56234,50
0.175349112367257,100,100,100,100,100,1,56234,50
5e-04,100,100,100,100.0005,100.0005,1,56234,50
0.315420603845268,100,100,100,100,100,1,56234,50
0.005,100,100,100,100.005,100.005,1,56234,50
5e-04,100,100,100,100.0005,100.0005,1,56234,50
0.0025,100,100,100,100.0025,100.0025,1,56234,50
0.586427148198709,100,100,100,100,100,1,56234,50
0.0025,100,100,100,100.0025,100.0025,1,56234,50
