"p","truediv","chaoest","obsD","upper","lower","l","inds","reps"
0.852543323999271,100,100,100,100,100,1,56234,50
0.950280728982762,100,100,100,100,100,1,56234,50
0.770569937536493,100,100,100,100,100,1,56234,50
0.933332253247499,100,100,100,100,100,1,56234,50
0.0865284739993513,100,100,100,100,100,1,56234,50
0.003,100,100,100,100.003,100.003,1,56234,50
0.731062682811171,100,100,100,100,100,1,56234,50
0.299033149844036,100,100,100,100,100,1,56234,50
0.451192106353119,100,100,100,100,100,1,56234,50
0.004,100,100,100,100.004,100.004,1,56234,50
0.954559691017494,100,100,100,100,100,1,56234,50
0.75812990241684,100,100,100,100,100,1,56234,50
0.77347426279448,100,100,100,100,100,1,56234,50
0.743669742252678,100,100,100,100,100,1,56234,50
0.592704128939658,100,100,100,100,100,1,56234,50
0.298949120100588,100,100,100,100,100,1,56234,50
0.0025,100,100,100,100.0025,100.0025,1,56234,50
0.967931506456807,100,100,100,100,100,1,56234,50
0.763107970124111,100,100,100,100,100,1,56234,50
5e-04,100,100,100,100.0005,100.0005,1,56234,50
0.001,100,100,100,100.001,100.001,1,56234,50
0.436762073542923,100,100,100,100,100,1,56234,50
0.307220310904086,100,100,100,100,100,1,56234,50
0.299690902233124,100,100,100,100,100,1,56234,50
0.0045,100,100,100,100.0045,100.0045,1,56234,50
0.008,100,100,100,100.007500008891,100.007500008891,1,56234,50
5e-04,100,100,100,100.0005,100.0005,1,56234,50
0.232277722796425,100,100,100,100,100,1,56234,50
0.43191820406355,100,100,100,100,100,1,56234,50
0.660358203342184,100,100,100,100,100,1,56234,50
0.0015,100,100,100,100.0015,100.0015,1,56234,50
0.387210710207,100,100,100,100,100,1,56234,50
5e-04,100,100,100,100.0005,100.0005,1,56234,50
0.580833501182497,100,100,100,100,100,1,56234,50
0.001,100,100,100,100.001,100.001,1,56234,50
0.001,100,100,100,100.001,100.001,1,56234,50
0.0025,100,100,100,100.0025,100.0025,1,56234,50
0.936366928042844,100,100,100,100,100,1,56234,50
0.0065,100,100,100,100.0065,100.0065,1,56234,50
5e-04,100,100,100,100.0005,100.0005,1,56234,50
0.141244699014351,100,100,100,100,100,1,56234,50
5e-04,100,100,100,100.0005,100.0005,1,56234,50
0.92774700303562,100,100,100,100,100,1,56234,50
0.422474773833528,100,100,100,100,100,1,56234,50
0.0287325382232666,100,100,100,100,100,1,56234,50
0.1475,100,100,100,100.1475,99.1475,1,56234,50
0.016,100,100,100,100.016,100.016,1,56234,50
0.872371665900573,100,100,100,100,100,1,56234,50
0.553231112426147,100,100,100,100,100,1,56234,50
0.649591197259724,100,100,100,100,100,1,56234,50
