"p","truediv","chaoest","obsD","upper","lower","l","inds","reps"
0.0015,100,100,100,100.0015,100.0015,1,56234,50
0.001,100,100,100,100.001,100.001,1,56234,50
0.0195,100,100,100,100.0195,100.0195,1,56234,50
0.001,100,100,100,100.001,100.001,1,56234,50
0.964988196501508,100,100,100,100,100,1,56234,50
0.0025,100,100,100,100.0025,100.0025,1,56234,50
5e-04,100,100,100,100.0005,100.0005,1,56234,50
0.004,100,100,100,100.003250013337,100.003250013337,1,56234,50
0.710755297681317,100,100,100,100,100,1,56234,50
0.33524712221697,100,100,100,100,100,1,56234,50
0.007,100,100,100,100.007,100.007,1,56234,50
0.001,100,100,100,100.001,100.001,1,56234,50
0.0065,100,100,100,100.0065,100.0065,1,56234,50
0.0275613937992603,100,100,100,100,100,1,56234,50
0.090031765634194,100,100,100,100,100,1,56234,50
0.002,100,100,100,100.002,100.002,1,56234,50
0.925116557860747,100,100,100,100,100,1,56234,50
0.01,100,100,100,100.01,100.01,1,56234,50
0.809897717786953,100,100,100,100,100,1,56234,50
0.0015,100,100,100,100.0015,100.0015,1,56234,50
0.0045,100,100,100,100.0045,100.0045,1,56234,50
0.868333681253716,100,100,100,100,100,1,56234,50
0.0015,100,100,100,100.0015,100.0015,1,56234,50
0.001,100,100,100,100.001,100.001,1,56234,50
0.0025,100,100,100,100.0025,100.0025,1,56234,50
0.0075,100,100,100,100.0075,100.0075,1,56234,50
0.143644674215466,100,100,100,100,100,1,56234,50
0.818305391352624,100,100,100,100,100,1,56234,50
0.0336171283852309,100,100,100,100,100,1,56234,50
0.0025,100,100,100,100.0025,100.0025,1,56234,50
0.774519779486582,100,100,100,100,100,1,56234,50
0.561921202577651,100,100,100,100,100,1,56234,50
0.0025,100,100,100,100.0025,100.0025,1,56234,50
0.0529715449083596,100,100,100,100,100,1,56234,50
0.005,100,100,100,100.005,100.005,1,56234,50
0.445384460734203,100,100,100,100,100,1,56234,50
0.098450111458078,100,100,100,100,100,1,56234,50
0.225429595215246,100,100,100,100,100,1,56234,50
0.282529902877286,100,100,100,100,100,1,56234,50
0.759186012437567,100,100,100,100,100,1,56234,50
0.0463684515561908,100,100,100,100,100,1,56234,50
0.402996017830446,100,100,100,100,100,1,56234,50
0.443317776545882,100,100,100,100,100,1,56234,50
0.676746711600572,100,100,100,100,100,1,56234,50
0.241825097939,100,100,100,100,100,1,56234,50
0.706417372217402,100,100,100,100,100,1,56234,50
5e-04,100,100,100,100.0005,100.0005,1,56234,50
0.417455030605197,100,100,100,100,100,1,56234,50
0.88084579538554,100,100,100,100,100,1,56234,50
0.737913161283359,100,100,100,100,100,1,56234,50
