"p","truediv","chaoest","obsD","upper","lower","l","inds","reps"
0.0035,100,100,100,100.0035,100.0035,1,56234,50
0.913549650693312,100,100,100,100,100,1,56234,50
0.690587392542511,100,100,100,100,100,1,56234,50
0.0175,100,100,100,100.0175,100.0175,1,56234,50
0.155901408055797,100,100,100,100,100,1,56234,50
0.006,100,100,100,100.006,100.006,1,56234,50
5e-04,100,100,100,100.0005,100.0005,1,56234,50
0.004,100,100,100,100.004,100.004,1,56234,50
0.003,100,100,100,100.003,100.003,1,56234,50
0.37539514969103,100,100,100,100,100,1,56234,50
0.961112337186933,100,100,100,100,100,1,56234,50
0.343113833339885,100,100,100,100,100,1,56234,50
0.375893822405487,100,100,100,100,100,1,56234,50
0.035742073552683,100,100,100,100,100,1,56234,50
0.605246811639518,100,100,100,100,100,1,56234,50
0.0215,100,100,100,100.0215,100.0215,1,56234,50
0.001,100,100,100,100.001,100.001,1,56234,50
0.44399421592243,100,100,100,100,100,1,56234,50
0.002,100,100,100,100.002,100.002,1,56234,50
0.0656284331344068,100,100,100,100,100,1,56234,50
0.283888353966177,100,100,100,100,100,1,56234,50
0.018,100,100,100,100.015250048903,100.015250048903,1,56234,50
0.300774462753907,100,100,100,100,100,1,56234,50
0.644081201869994,100,100,100,100,100,1,56234,50
0.002,100,100,100,100.002,100.002,1,56234,50
0.0348469403106719,100,100,100,100,100,1,56234,50
0.001,100,100,100,100.001,100.001,1,56234,50
0.0205,100,100,100,100.0205,100.0205,1,56234,50
0.292202481534332,100,100,100,100,100,1,56234,50
0.36006347509101,100,100,100,100,100,1,56234,50
0.004,100,100,100,100.004,100.004,1,56234,50
0.48085100739263,100,100,100,100,100,1,56234,50
5e-04,100,100,100,100.0005,100.0005,1,56234,50
0.590758098987862,100,100,100,100,100,1,56234,50
0.345771455671638,100,100,100,100,100,1,56234,50
5e-04,100,100,100,100.0005,100.0005,1,56234,50
0.0025,100,100,100,100.0025,100.0025,1,56234,50
0.931336330249906,100,100,100,100,100,1,56234,50
0.468183255055919,100,100,100,100,100,1,56234,50
0.576715491712093,100,100,100,100,100,1,56234,50
5e-04,100,100,100,100.0005,100.0005,1,56234,50
5e-04,100,100,100,100.0005,100.0005,1,56234,50
0.227821519831195,100,100,100,100,100,1,56234,50
0.656942046480253,100,100,100,100,100,1,56234,50
0.38694303506054,100,100,100,100,100,1,56234,50
5e-04,100,100,100,100.0005,100.0005,1,56234,50
0.571321608033031,100,100,100,100,100,1,56234,50
0.199659537523985,100,100,100,100,100,1,56234,50
0.525327820563689,100,100,100,100,100,1,56234,50
0.003,100,100,100,100.003,100.003,1,56234,50
