"p","truediv","chaoest","obsD","upper","lower","l","inds","reps"
0.470809175632894,100,100,100,100,100,1,56234,50
0.314452906837687,100,100,100,100,100,1,56234,50
5e-04,100,100,100,100.0005,100.0005,1,56234,50
5e-04,100,100,100,100.0005,100.0005,1,56234,50
5e-04,100,100,100,100.0005,100.0005,1,56234,50
0.190555512206629,100,100,100,100,100,1,56234,50
0.001,100,100,100,100.001,100.001,1,56234,50
0.744438825640827,100,100,100,100,100,1,56234,50
0.0015,100,100,100,100.0015,100.0015,1,56234,50
0.0035,100,100,100,100.0035,100.0035,1,56234,50
0.403540265047923,100,100,100,100,100,1,56234,50
0.129,100,100,100,100.129,99.129,1,56234,50
0.453647148329765,100,100,100,100,100,1,56234,50
5e-04,100,100,100,100.0005,100.0005,1,56234,50
0.688011913793162,100,100,100,100,100,1,56234,50
0.116210003849119,100,100,100,100,100,1,56234,50
0.808811917202547,100,100,100,100,100,1,56234,50
0.823729188879952,100,100,100,100,100,1,56234,50
0.001,100,100,100,100.001,100.001,1,56234,50
0.298894695704803,100,100,100,100,100,1,56234,50
5e-04,100,100,100,100.0005,100.0005,1,56234,50
0.0195,100,100,100,100.0195,100.0195,1,56234,50
0.007,100,100,100,100.007,100.007,1,56234,50
0.405108048114926,100,100,100,100,100,1,56234,50
0.104076395509765,100,100,100,100,100,1,56234,50
0.0714908903464675,100,100,100,100,100,1,56234,50
0.40288312244229,100,100,100,100,100,1,56234,50
0.9995,100,100,100,99.9997500044457,99.9997500044457,1,56234,50
0.001,100,100,100,100.001,100.001,1,56234,50
5e-04,100,100,100,100.0005,100.0005,1,56234,50
0.830795618705451,100,100,100,100,100,1,56234,50
0.348395108245313,100,100,100,100,100,1,56234,50
0.002,100,100,100,100.002,100.002,1,56234,50
5e-04,100,100,100,100.0005,100.0005,1,56234,50
0.955750621855259,100,100,100,100,100,1,56234,50
0.001,100,100,100,100.001,100.001,1,56234,50
0.002,100,100,100,100.002,100.002,1,56234,50
5e-04,100,100,100,100.0005,100.0005,1,56234,50
0.342879507690668,100,100,100,100,100,1,56234,50
0.05,100,100,100,100.05,99.05,1,56234,50
0.463924504583701,100,100,100,100,100,1,56234,50
0.40412581525743,100,100,100,100,100,1,56234,50
0.328118849312887,100,100,100,100,100,1,56234,50
0.399667470250279,100,100,100,100,100,1,56234,50
0.0545,100,100,100,100.0545,99.0545,1,56234,50
0.990188610972837,100,100,100,100,100,1,56234,50
0.0045,100,100,100,100.0045,100.0045,1,56234,50
0.001,100,100,100,100.001,100.001,1,56234,50
0.001,100,100,100,100.001,100.001,1,56234,50
0.0515,100,100,100,100.0515,99.0515,1,56234,50
