"p","truediv","chaoest","obsD","upper","lower","l","inds","reps"
0.70455520413816,100,100,100,100,100,1,56234,50
0.371238147839904,100,100,100,100,100,1,56234,50
0.0165,100,100,100,100.0165,100.0165,1,56234,50
0.0095,100,100,100,100.0095,100.0095,1,56234,50
0.002,100,100,100,100.002,100.002,1,56234,50
0.002,100,100,100,100.001500008891,100.001500008891,1,56234,50
0.815188989508897,100,100,100,100,100,1,56234,50
0.902580559719354,100,100,100,100,100,1,56234,50
0.315695964731276,100,100,100,100,100,1,56234,50
5e-04,100,100,100,100.0005,100.0005,1,56234,50
0.004,100,100,100,100.004,100.004,1,56234,50
0.858379611745477,100,100,100,100,100,1,56234,50
5e-04,100,100,100,100.0005,100.0005,1,56234,50
0.497753034345806,100,100,100,100,100,1,56234,50
0.402755217859522,100,100,100,100,100,1,56234,50
0.830958620645106,100,100,100,100,100,1,56234,50
0.02,100,100,100,100.02,100.02,1,56234,50
0.0111372631508857,100,100,100,100,100,1,56234,50
5e-04,100,100,100,100.0005,100.0005,1,56234,50
0.0015,100,100,100,100.0015,100.0015,1,56234,50
0.498118900693953,100,100,100,100,100,1,56234,50
0.43160865874961,100,100,100,100,100,1,56234,50
0.143124439753592,100,100,100,100,100,1,56234,50
0.37978157447651,100,100,100,100,100,1,56234,50
0.002,100,100,100,100.002,100.002,1,56234,50
0.0911340622697026,100,100,100,100,100,1,56234,50
0.014,100,100,100,100.014,100.014,1,56234,50
0.29520478984341,100,100,100,100,100,1,56234,50
0.001,100,100,100,100.001,100.001,1,56234,50
5e-04,100,100,100,100.0005,100.0005,1,56234,50
0.936838001478463,100,100,100,100,100,1,56234,50
0.002,100,100,100,100.002,100.002,1,56234,50
0.018,100,100,100,100.018,100.018,1,56234,50
0.819330552360043,100,100,100,100,100,1,56234,50
0.56482293526642,100,100,100,100,100,1,56234,50
0.0157519525382668,100,100,100,100,100,1,56234,50
0.051,100,100,100,100.051,99.051,1,56234,50
5e-04,100,100,100,100.0005,100.0005,1,56234,50
0.0175,100,100,100,100.0175,100.0175,1,56234,50
0.0055,100,100,100,100.0055,100.0055,1,56234,50
0.002,100,100,100,100.002,100.002,1,56234,50
0.0145,100,100,100,100.014250004446,100.014250004446,1,56234,50
0.0015,100,100,100,100.0015,100.0015,1,56234,50
5e-04,100,100,100,100.0005,100.0005,1,56234,50
0.874309588456526,100,100,100,100,100,1,56234,50
0.816637589596212,100,100,100,100,100,1,56234,50
0.001,100,100,100,100.001,100.001,1,56234,50
0.293127200100571,100,100,100,100,100,1,56234,50
0.0065,100,100,100,100.0065,100.0065,1,56234,50
5e-04,100,100,100,100.0005,100.0005,1,56234,50
