"p","truediv","chaoest","obsD","upper","lower","l","inds","reps"
0.139708395116031,100,100,100,100,100,1,56234,50
0.838982849149033,100,100,100,100,100,1,56234,50
0.429789270274341,100,100,100,100,100,1,56234,50
5e-04,100,100,100,100.0005,100.0005,1,56234,50
0.719018764328212,100,100,100,100,100,1,56234,50
0.001,100,100,100,100.001,100.001,1,56234,50
0.565597804030403,100,100,100,100,100,1,56234,50
0.592308965278789,100,100,100,100,100,1,56234,50
0.215709950309247,100,100,100,100,100,1,56234,50
0.298560168128461,100,100,100,100,100,1,56234,50
0.0045,100,100,100,100.0045,100.0045,1,56234,50
0.00414263503625989,100,100,100,100,100,1,56234,50
0.502666668267921,100,100,100,100,100,1,56234,50
0.61924070189707,100,100,100,100,100,1,56234,50
0.017,100,100,100,100.017,100.017,1,56234,50
0.003,100,100,100,100.003,100.003,1,56234,50
0.002,100,100,100,100.002,100.002,1,56234,50
0.530376637354493,100,100,100,100,100,1,56234,50
5e-04,100,100,100,100.0005,100.0005,1,56234,50
0.0155,100,100,100,100.0155,100.0155,1,56234,50
0.0657417860347778,100,100,100,100,100,1,56234,50
0.423399179708213,100,100,100,100,100,1,56234,50
0.15826006885618,100,100,100,100,100,1,56234,50
0.0431512901559472,100,100,100,100,100,1,56234,50
0.559128918219358,100,100,100,100,100,1,56234,50
5e-04,100,100,100,100.0005,100.0005,1,56234,50
0.145258279051632,100,100,100,100,100,1,56234,50
0.907487293006852,100,100,100,100,100,1,56234,50
0.994153537787497,100,100,100,100,100,1,56234,50
0.919223004719242,100,100,100,100,100,1,56234,50
5e-04,100,100,100,100.0005,100.0005,1,56234,50
5e-04,100,100,100,100.0005,100.0005,1,56234,50
0.0025,100,100,100,100.0025,100.0025,1,56234,50
0.87801278848201,100,100,100,100,100,1,56234,50
0.889991900417954,100,100,100,100,100,1,56234,50
0.922257311176509,100,100,100,100,100,1,56234,50
0.795425960561261,100,100,100,100,100,1,56234,50
0.370896202977747,100,100,100,100,100,1,56234,50
0.965232979971915,100,100,100,100,100,1,56234,50
0.204151709098369,100,100,100,100,100,1,56234,50
0.625045361928642,100,100,100,100,100,1,56234,50
5e-04,100,100,100,100.0005,100.0005,1,56234,50
0.795758550753817,100,100,100,100,100,1,56234,50
0.001,100,100,100,100.001,100.001,1,56234,50
0.00493430835194886,100,100,100,100,100,1,56234,50
0.001,100,100,100,100.001,100.001,1,56234,50
0.23964400193654,100,100,100,100,100,1,56234,50
0.0561818787828088,100,100,100,100,100,1,56234,50
0.0025,100,100,100,100.0025,100.0025,1,56234,50
0.002,100,100,100,100.002,100.002,1,56234,50
