"p","truediv","chaoest","obsD","upper","lower","l","inds","reps"
0.0175,100,100,100,100.0175,100.0175,1,56234,50
0.004,100,100,100,100.004,100.004,1,56234,50
0.806102946866304,100,100,100,100,100,1,56234,50
0.001,100,100,100,100.001,100.001,1,56234,50
0.699435023358092,100,100,100,100,100,1,56234,50
0.979477234417573,100,100,100,100,100,1,56234,50
0.002,100,100,100,100.002,100.002,1,56234,50
0.001,100,100,100,100.001,100.001,1,56234,50
0.668484987691045,100,100,100,100,100,1,56234,50
0.0820867565926164,100,100,100,100,100,1,56234,50
0.0265,100,100,100,100.0265,99.0265,1,56234,50
0.0015,100,100,100,100.0015,100.0015,1,56234,50
0.001,100,100,100,100.001,100.001,1,56234,50
0.421680769883096,100,100,100,100,100,1,56234,50
0.964636830845848,100,100,100,100,100,1,56234,50
5e-04,100,100,100,100.0005,100.0005,1,56234,50
5e-04,100,100,100,100.0005,100.0005,1,56234,50
0.28993286145851,100,100,100,100,100,1,56234,50
0.436158537166193,100,100,100,100,100,1,56234,50
0.632327476516366,100,100,100,100,100,1,56234,50
0.425027566961944,100,100,100,100,100,1,56234,50
0.018,100,100,100,100.018,100.018,1,56234,50
0.717992723220959,100,100,100,100,100,1,56234,50
0.139,100,100,100,100.139,99.139,1,56234,50
0.109104031929746,100,100,100,100,100,1,56234,50
0.0055,100,100,100,100.0055,100.0055,1,56234,50
0.415075221797451,100,100,100,100,100,1,56234,50
0.0015,100,100,100,100.0015,100.0015,1,56234,50
0.001,100,100,100,100.001,100.001,1,56234,50
0.0195,100,100,100,100.0195,100.0195,1,56234,50
0.002,100,100,100,100.002,100.002,1,56234,50
0.00699147954583168,100,100,100,100,100,1,56234,50
0.547999374801293,100,100,100,100,100,1,56234,50
0.0015,100,100,100,100.0015,100.0015,1,56234,50
5e-04,100,100,100,100.0005,100.0005,1,56234,50
0.359414491103962,100,100,100,100,100,1,56234,50
0.001,100,100,100,100.001,100.001,1,56234,50
0.235895518679172,100,100,100,100,100,1,56234,50
5e-04,100,100,100,100.0005,100.0005,1,56234,50
0.469879826297984,100,100,100,100,100,1,56234,50
0.8945773311425,100,100,100,100,100,1,56234,50
0.009,100,100,100,100.009,100.009,1,56234,50
0.001,100,100,100,100.001,100.001,1,56234,50
0.631570490309969,100,100,100,100,100,1,56234,50
5e-04,100,100,100,100.0005,100.0005,1,56234,50
0.001,100,100,100,100.001,100.001,1,56234,50
5e-04,100,100,100,100.0005,100.0005,1,56234,50
5e-04,100,100,100,100.0005,100.0005,1,56234,50
5e-04,100,100,100,100.0005,100.0005,1,56234,50
0.999134943587705,100,100,100,100,100,1,56234,50
