"p","truediv","chaoest","obsD","upper","lower","l","inds","reps"
0.154771726811305,100,100,100,100,100,1,56234,50
0.429703975329176,100,100,100,100,100,1,56234,50
0.003,100,100,100,100.003,100.003,1,56234,50
0.009,100,100,100,100.009,100.009,1,56234,50
0.543961601797491,100,100,100,100,100,1,56234,50
0.0165,100,100,100,100.0165,100.0165,1,56234,50
0.336349798133597,100,100,100,100,100,1,56234,50
0.002,100,100,100,100.002,100.002,1,56234,50
0.003,100,100,100,100.003,100.003,1,56234,50
5e-04,100,100,100,100.0005,100.0005,1,56234,50
0.847182469442487,100,100,100,100,100,1,56234,50
0.005,100,100,100,100.005,100.005,1,56234,50
0.30344216292724,100,100,100,100,100,1,56234,50
0.0622313518542796,100,100,100,100,100,1,56234,50
0.0045,100,100,100,100.0045,100.0045,1,56234,50
0.0085,100,100,100,100.0085,100.0085,1,56234,50
0.447815110441297,100,100,100,100,100,1,56234,50
0.016,100,100,100,100.015250013337,100.015250013337,1,56234,50
0.296627005795017,100,100,100,100,100,1,56234,50
0.659817595500499,100,100,100,100,100,1,56234,50
0.814175593201071,100,100,100,100,100,1,56234,50
0.0045,100,100,100,100.0045,100.0045,1,56234,50
0.0715836037416011,100,100,100,100,100,1,56234,50
0.0495,100,100,100,100.0495,99.0495,1,56234,50
0.866878191241995,100,100,100,100,100,1,56234,50
0.008,100,100,100,100.008,100.008,1,56234,50
0.640154574532062,100,100,100,100,100,1,56234,50
0.0683797760866582,100,100,100,100,100,1,56234,50
0.915771314641461,100,100,100,100,100,1,56234,50
0.940527710365131,100,100,100,100,100,1,56234,50
0.0045,100,100,100,100.0045,100.0045,1,56234,50
0.570661454228684,100,100,100,100,100,1,56234,50
0.0065,100,100,100,100.0065,100.0065,1,56234,50
5e-04,100,100,100,100.0005,100.0005,1,56234,50
0.0165,100,100,100,100.0165,100.0165,1,56234,50
0.888861016370356,100,100,100,100,100,1,56234,50
0.449930772185326,100,100,100,100,100,1,56234,50
0.849547049030662,100,100,100,100,100,1,56234,50
0.600614209193736,100,100,100,100,100,1,56234,50
0.126,100,100,100,100.126,99.126,1,56234,50
0.001,100,100,100,100.001,100.001,1,56234,50
0.102179589914158,100,100,100,100,100,1,56234,50
0.001,100,100,100,100.001,100.001,1,56234,50
0.0085,100,100,100,100.0085,100.0085,1,56234,50
0.838128351839259,100,100,100,100,100,1,56234,50
0.002,100,100,100,100.002,100.002,1,56234,50
0.803135358029976,100,100,100,100,100,1,56234,50
0.615059125237167,100,100,100,100,100,1,56234,50
0.666358675574884,100,100,100,100,100,1,56234,50
0.019,100,100,100,100.019,100.019,1,56234,50
