"p","truediv","chaoest","obsD","upper","lower","l","inds","reps"
0.186699372716248,100,100,100,100,100,1,56234,50
0.008,100,100,100,100.008,100.008,1,56234,50
0.0015,100,100,100,100.0015,100.0015,1,56234,50
0.786256913794205,100,100,100,100,100,1,56234,50
0.695680243195966,100,100,100,100,100,1,56234,50
0.140066747553647,100,100,100,100,100,1,56234,50
0.002,100,100,100,100.002,100.002,1,56234,50
0.005,100,100,100,100.005,100.005,1,56234,50
0.333953137043864,100,100,100,100,100,1,56234,50
0.0465,100,100,100,100.0465,99.0465,1,56234,50
0.208677839953452,100,100,100,100,100,1,56234,50
0.27798783662729,100,100,100,100,100,1,56234,50
0.516986286500469,100,100,100,100,100,1,56234,50
0.052,100,100,100,100.052,99.052,1,56234,50
0.908204308478162,100,100,100,100,100,1,56234,50
0.425955030368641,100,100,100,100,100,1,56234,50
0.0165,100,100,100,100.0165,100.0165,1,56234,50
0.544216001871973,100,100,100,100,100,1,56234,50
5e-04,100,100,100,100.0005,100.0005,1,56234,50
0.007,100,100,100,100.007,100.007,1,56234,50
0.304691561497748,100,100,100,100,100,1,56234,50
0.0185,100,100,100,100.0185,100.0185,1,56234,50
0.885014951229095,100,100,100,100,100,1,56234,50
0.0025,100,100,100,100.0025,100.0025,1,56234,50
0.001,100,100,100,100.001,100.001,1,56234,50
0.1325,100,100,100,100.1325,99.1325,1,56234,50
5e-04,100,100,100,100.0005,100.0005,1,56234,50
0.170676255598664,100,100,100,100,100,1,56234,50
0.336983182001859,100,100,100,100,100,1,56234,50
0.9995,100,100,100,99.9997500044457,99.9997500044457,1,56234,50
0.019,100,100,100,100.016000053349,100.016000053349,1,56234,50
5e-04,100,100,100,100.0005,100.0005,1,56234,50
0.546359846834093,100,100,100,100,100,1,56234,50
0.001,100,100,100,100.000750004446,100.000750004446,1,56234,50
0.22842564038001,100,100,100,100,100,1,56234,50
0.259423027047887,100,100,100,100,100,1,56234,50
0.602309284964576,100,100,100,100,100,1,56234,50
0.0025,100,100,100,100.0025,100.0025,1,56234,50
0.001,100,100,100,100.001,100.001,1,56234,50
0.0145,100,100,100,100.0145,100.0145,1,56234,50
0.003,100,100,100,100.003,100.003,1,56234,50
0.0065,100,100,100,100.0065,100.0065,1,56234,50
0.002,100,100,100,100.002,100.002,1,56234,50
0.001,100,100,100,100.001,100.001,1,56234,50
0.436450657667592,100,100,100,100,100,1,56234,50
0.685751349898055,100,100,100,100,100,1,56234,50
5e-04,100,100,100,100.0005,100.0005,1,56234,50
5e-04,100,100,100,100.0005,100.0005,1,56234,50
0.511624049860984,100,100,100,100,100,1,56234,50
0.695941858692095,100,100,100,100,100,1,56234,50
