"p","truediv","chaoest","obsD","upper","lower","l","inds","reps"
0.002,100,100,100,100.002,100.002,1,56234,50
0.829593293834478,100,100,100,100,100,1,56234,50
5e-04,100,100,100,100.0005,100.0005,1,56234,50
0.242286309599876,100,100,100,100,100,1,56234,50
0.727739365072921,100,100,100,100,100,1,56234,50
0.938951318850741,100,100,100,100,100,1,56234,50
0.0858447786886245,100,100,100,100,100,1,56234,50
0.0065,100,100,100,100.0065,100.0065,1,56234,50
0.177479500649497,100,100,100,100,100,1,56234,50
0.883840683847666,100,100,100,100,100,1,56234,50
0.004,100,100,100,100.004,100.004,1,56234,50
0.654263124335557,100,100,100,100,100,1,56234,50
0.002,100,100,100,100.002,100.002,1,56234,50
0.234026744961739,100,100,100,100,100,1,56234,50
0.241469989763573,100,100,100,100,100,1,56234,50
0.006,100,100,100,100.006,100.006,1,56234,50
0.909821710549295,100,100,100,100,100,1,56234,50
0.001,100,100,100,100.001,100.001,1,56234,50
0.748383883619681,100,100,100,100,100,1,56234,50
0.0015,100,100,100,100.0015,100.0015,1,56234,50
0.9995,100,100,100,99.9997500044457,99.9997500044457,1,56234,50
5e-04,100,100,100,100.0005,100.0005,1,56234,50
0.538433138281107,100,100,100,100,100,1,56234,50
0.510630287695676,100,100,100,100,100,1,56234,50
5e-04,100,100,100,100.0005,100.0005,1,56234,50
0.001,100,100,100,100.001,100.001,1,56234,50
0.883837273810059,100,100,100,100,100,1,56234,50
0.286546854767948,100,100,100,100,100,1,56234,50
0.731649457942694,100,100,100,100,100,1,56234,50
5e-04,100,100,100,100.0005,100.0005,1,56234,50
0.0035,100,100,100,100.0035,100.0035,1,56234,50
0.537309431703761,100,100,100,100,100,1,56234,50
0.0894220806658268,100,100,100,100,100,1,56234,50
0.048,100,100,100,100.048,99.048,1,56234,50
0.720398739678785,100,100,100,100,100,1,56234,50
0.693729476071894,100,100,100,100,100,1,56234,50
0.0065,100,100,100,100.0065,100.0065,1,56234,50
0.0963460041675717,100,100,100,100,100,1,56234,50
5e-04,100,100,100,100.0005,100.0005,1,56234,50
0.001,100,100,100,100.001,100.001,1,56234,50
0.472362130181864,100,100,100,100,100,1,56234,50
0.358197848778218,100,100,100,100,100,1,56234,50
0.004,100,100,100,100.004,100.004,1,56234,50
0.009,100,100,100,100.009,100.009,1,56234,50
5e-04,100,100,100,100.0005,100.0005,1,56234,50
0.01,100,100,100,100.009500008891,100.009500008891,1,56234,50
0.0205,100,100,100,100.0205,100.0205,1,56234,50
0.003,100,100,100,100.003,100.003,1,56234,50
0.846178514650092,100,100,100,100,100,1,56234,50
0.0618306747637689,100,100,100,100,100,1,56234,50
