"p","truediv","chaoest","obsD","upper","lower","l","inds","reps"
5e-04,100,100,100,100.0005,100.0005,1,56234,50
5e-04,100,100,100,100.0005,100.0005,1,56234,50
0.942392197670415,100,100,100,100,100,1,56234,50
0.004,100,100,100,100.004,100.004,1,56234,50
0.914364196825773,100,100,100,100,100,1,56234,50
5e-04,100,100,100,100.0005,100.0005,1,56234,50
0.474707774817944,100,100,100,100,100,1,56234,50
0.7233870041091,100,100,100,100,100,1,56234,50
0.248604050604627,100,100,100,100,100,1,56234,50
0.008,100,100,100,100.006750022229,100.006750022229,1,56234,50
5e-04,100,100,100,100.0005,100.0005,1,56234,50
0.004,100,100,100,100.004,100.004,1,56234,50
0.003,100,100,100,100.003,100.003,1,56234,50
0.357298366725445,100,100,100,100,100,1,56234,50
0.001,100,100,100,100.001,100.001,1,56234,50
0.681684910552576,100,100,100,100,100,1,56234,50
0.840314599685371,100,100,100,100,100,1,56234,50
0.257016417104751,100,100,100,100,100,1,56234,50
0.001,100,100,100,100.001,100.001,1,56234,50
0.773912796517834,100,100,100,100,100,1,56234,50
0.412901932606474,100,100,100,100,100,1,56234,50
0.0540092675946653,100,100,100,100,100,1,56234,50
0.002,100,100,100,100.002,100.002,1,56234,50
5e-04,100,100,100,100.0005,100.0005,1,56234,50
0.10787251079455,100,100,100,100,100,1,56234,50
0.979197423672304,100,100,100,100,100,1,56234,50
0.0015,100,100,100,100.0015,100.0015,1,56234,50
5e-04,100,100,100,100.0005,100.0005,1,56234,50
5e-04,100,100,100,100.0005,100.0005,1,56234,50
0.00719608319923282,100,100,100,100,100,1,56234,50
0.838742705760524,100,100,100,100,100,1,56234,50
5e-04,100,100,100,100.0005,100.0005,1,56234,50
0.765061024809256,100,100,100,100,100,1,56234,50
5e-04,100,100,100,100.0005,100.0005,1,56234,50
0.001,100,100,100,100.001,100.001,1,56234,50
0.0015,100,100,100,100.0015,100.0015,1,56234,50
0.005,100,100,100,100.005,100.005,1,56234,50
0.007,100,100,100,100.007,100.007,1,56234,50
0.0015,100,100,100,100.0015,100.0015,1,56234,50
0.478251822292805,100,100,100,100,100,1,56234,50
0.0465,100,100,100,100.0465,99.0465,1,56234,50
0.0015,100,100,100,100.001250004446,100.001250004446,1,56234,50
0.003,100,100,100,100.003,100.003,1,56234,50
0.0492789431009442,100,100,100,100,100,1,56234,50
0.001,100,100,100,100.001,100.001,1,56234,50
0.213017318863422,100,100,100,100,100,1,56234,50
0.3859810938593,100,100,100,100,100,1,56234,50
0.560218270402402,100,100,100,100,100,1,56234,50
0.591601370600984,100,100,100,100,100,1,56234,50
0.0075,100,100,100,100.0075,100.0075,1,56234,50
