"p","truediv","chaoest","obsD","upper","lower","l","inds","reps"
0.867123335367069,100,100,100,100,100,1,56234,50
0.001,100,100,100,100.001,100.001,1,56234,50
0.796791963977739,100,100,100,100,100,1,56234,50
5e-04,100,100,100,100.0005,100.0005,1,56234,50
0.004,100,100,100,100.004,100.004,1,56234,50
0.706569323083386,100,100,100,100,100,1,56234,50
0.001,100,100,100,100.001,100.001,1,56234,50
0.681611899519339,100,100,100,100,100,1,56234,50
0.595782454591244,100,100,100,100,100,1,56234,50
0.820581786101684,100,100,100,100,100,1,56234,50
5e-04,100,100,100,100.0005,100.0005,1,56234,50
0.002,100,100,100,100.002,100.002,1,56234,50
0.0025,100,100,100,100.0025,100.0025,1,56234,50
0.0475,100,100,100,100.046500017783,99.0465000177828,1,56234,50
0.0085,100,100,100,100.0085,100.0085,1,56234,50
0.002,100,100,100,100.002,100.002,1,56234,50
5e-04,100,100,100,100.0005,100.0005,1,56234,50
0.398268418619409,100,100,100,100,100,1,56234,50
0.871187954908237,100,100,100,100,100,1,56234,50
0.1345,100,100,100,100.1345,99.1345,1,56234,50
0.621512139216065,100,100,100,100,100,1,56234,50
0.001,100,100,100,100.001,100.001,1,56234,50
0.738380264025182,100,100,100,100,100,1,56234,50
0.00926875718869269,100,100,100,100,100,1,56234,50
5e-04,100,100,100,100.0005,100.0005,1,56234,50
0.002,100,100,100,100.002,100.002,1,56234,50
0.219852518057451,100,100,100,100,100,1,56234,50
0.645953220315278,100,100,100,100,100,1,56234,50
0.534442729083821,100,100,100,100,100,1,56234,50
0.008,100,100,100,100.007750004446,100.007750004446,1,56234,50
0.001,100,100,100,100.001,100.001,1,56234,50
0.373673822265118,100,100,100,100,100,1,56234,50
5e-04,100,100,100,100.0005,100.0005,1,56234,50
0.0045,100,100,100,100.0045,100.0045,1,56234,50
5e-04,100,100,100,100.0005,100.0005,1,56234,50
0.255261874524876,100,100,100,100,100,1,56234,50
0.560872422298416,100,100,100,100,100,1,56234,50
0.0971344618592411,100,100,100,100,100,1,56234,50
0.899925318779424,100,100,100,100,100,1,56234,50
0.170758557738736,100,100,100,100,100,1,56234,50
5e-04,100,100,100,100.0005,100.0005,1,56234,50
0.945212104124948,100,100,100,100,100,1,56234,50
0.384527992689982,100,100,100,100,100,1,56234,50
5e-04,100,100,100,100.0005,100.0005,1,56234,50
5e-04,100,100,100,100.0005,100.0005,1,56234,50
0.94112538639456,100,100,100,100,100,1,56234,50
0.949870291166008,100,100,100,100,100,1,56234,50
0.493798492476344,100,100,100,100,100,1,56234,50
0.0015,100,100,100,100.0015,100.0015,1,56234,50
0.773472035303712,100,100,100,100,100,1,56234,50
