"p","truediv","chaoest","obsD","upper","lower","l","inds","reps"
0.0095,100,100,100,100.0095,100.0095,1,56234,50
0.213213216047734,100,100,100,100,100,1,56234,50
5e-04,100,100,100,100.0005,100.0005,1,56234,50
0.82045135484077,100,100,100,100,100,1,56234,50
5e-04,100,100,100,100.0005,100.0005,1,56234,50
0.0175,100,100,100,100.0175,100.0175,1,56234,50
0.126403774367645,100,100,100,100,100,1,56234,50
0.490103483200073,100,100,100,100,100,1,56234,50
5e-04,100,100,100,100.0005,100.0005,1,56234,50
0.001,100,100,100,100.001,100.001,1,56234,50
0.198447087081149,100,100,100,100,100,1,56234,50
0.302538408432156,100,100,100,100,100,1,56234,50
0.837068538181484,100,100,100,100,100,1,56234,50
0.856432924047112,100,100,100,100,100,1,56234,50
5e-04,100,100,100,100.0005,100.0005,1,56234,50
0.992161513771862,100,100,100,100,100,1,56234,50
0.6389002550859,100,100,100,100,100,1,56234,50
0.386334081878886,100,100,100,100,100,1,56234,50
0.881206650054082,100,100,100,100,100,1,56234,50
0.02,100,100,100,100.02,100.02,1,56234,50
0.780554096214473,100,100,100,100,100,1,56234,50
0.526375085348263,100,100,100,100,100,1,56234,50
0.004,100,100,100,100.003750004446,100.003750004446,1,56234,50
0.613344327080995,100,100,100,100,100,1,56234,50
0.002,100,100,100,100.002,100.002,1,56234,50
0.757518961559981,100,100,100,100,100,1,56234,50
0.0015,100,100,100,100.0015,100.0015,1,56234,50
0.00484689022414386,100,100,100,100,100,1,56234,50
0.0015,100,100,100,100.0015,100.0015,1,56234,50
0.0015,100,100,100,100.0015,100.0015,1,56234,50
0.819927426520735,100,100,100,100,100,1,56234,50
0.760027651675045,100,100,100,100,100,1,56234,50
0.129501145798713,100,100,100,100,100,1,56234,50
0.739508005557582,100,100,100,100,100,1,56234,50
0.007,100,100,100,100.007,100.007,1,56234,50
5e-04,100,100,100,100.0005,100.0005,1,56234,50
0.513983445009217,100,100,100,100,100,1,56234,50
0.0787679550703615,100,100,100,100,100,1,56234,50
0.0763669139705598,100,100,100,100,100,1,56234,50
0.0025,100,100,100,100.0025,100.0025,1,56234,50
0.001,100,100,100,100.001,100.001,1,56234,50
5e-04,100,100,100,100.0005,100.0005,1,56234,50
0.910534438909963,100,100,100,100,100,1,56234,50
0.512168321525678,100,100,100,100,100,1,56234,50
0.001,100,100,100,100.001,100.001,1,56234,50
0.0045,100,100,100,100.0045,100.0045,1,56234,50
0.007,100,100,100,100.007,100.007,1,56234,50
5e-04,100,100,100,100.0005,100.0005,1,56234,50
0.003,100,100,100,100.003,100.003,1,56234,50
5e-04,100,100,100,100.0005,100.0005,1,56234,50
