"p","truediv","chaoest","obsD","upper","lower","l","inds","reps"
0.82886731158942,100,100,100,100,100,1,56234,50
5e-04,100,100,100,100.0005,100.0005,1,56234,50
0.922841669758782,100,100,100,100,100,1,56234,50
0.233534756815061,100,100,100,100,100,1,56234,50
0.0035,100,100,100,100.0035,100.0035,1,56234,50
0.967290529981256,100,100,100,100,100,1,56234,50
0.22691326122731,100,100,100,100,100,1,56234,50
0.174574065720662,100,100,100,100,100,1,56234,50
0.001,100,100,100,100.001,100.001,1,56234,50
5e-04,100,100,100,100.0005,100.0005,1,56234,50
5e-04,100,100,100,100.0005,100.0005,1,56234,50
0.435834214789793,100,100,100,100,100,1,56234,50
0.001,100,100,100,100.001,100.001,1,56234,50
5e-04,100,100,100,100.0005,100.0005,1,56234,50
0.568934196606278,100,100,100,100,100,1,56234,50
5e-04,100,100,100,100.0005,100.0005,1,56234,50
0.28935642214492,100,100,100,100,100,1,56234,50
0.306230666348711,100,100,100,100,100,1,56234,50
0.001,100,100,100,100.001,100.001,1,56234,50
0.194537385599688,100,100,100,100,100,1,56234,50
0.694799340330064,100,100,100,100,100,1,56234,50
0.203271585749462,100,100,100,100,100,1,56234,50
0.002,100,100,100,100.002,100.002,1,56234,50
0.872789588756859,100,100,100,100,100,1,56234,50
5e-04,100,100,100,100.0005,100.0005,1,56234,50
5e-04,100,100,100,100.0005,100.0005,1,56234,50
0.215533071896061,100,100,100,100,100,1,56234,50
0.003,100,100,100,100.003,100.003,1,56234,50
0.023,100,100,100,100.023,100.023,1,56234,50
0.001,100,100,100,100.001,100.001,1,56234,50
0.656800134107471,100,100,100,100,100,1,56234,50
0.003,100,100,100,100.003,100.003,1,56234,50
0.011,100,100,100,100.011,100.011,1,56234,50
0.787948071025312,100,100,100,100,100,1,56234,50
0.37391730141826,100,100,100,100,100,1,56234,50
5e-04,100,100,100,100.0005,100.0005,1,56234,50
5e-04,100,100,100,100.0005,100.0005,1,56234,50
0.0541789969429374,100,100,100,100,100,1,56234,50
0.0535,100,100,100,100.0535,99.0535,1,56234,50
0.325826064916328,100,100,100,100,100,1,56234,50
0.001,100,100,100,100.001,100.001,1,56234,50
0.004,100,100,100,100.004,100.004,1,56234,50
0.792368435068056,100,100,100,100,100,1,56234,50
0.588069034740329,100,100,100,100,100,1,56234,50
0.003,100,100,100,100.003,100.003,1,56234,50
0.0015,100,100,100,100.0015,100.0015,1,56234,50
5e-04,100,100,100,100.0005,100.0005,1,56234,50
0.111717137740925,100,100,100,100,100,1,56234,50
0.0105,100,100,100,100.0105,100.0105,1,56234,50
0.00828350125811994,100,100,100,100,100,1,56234,50
