"p","truediv","chaoest","obsD","upper","lower","l","inds","reps"
0.730739031685516,100,100,100,100,100,1,56234,50
0.411875117104501,100,100,100,100,100,1,56234,50
5e-04,100,100,100,100.0005,100.0005,1,56234,50
0.883212100714445,100,100,100,100,100,1,56234,50
0.0025,100,100,100,100.0025,100.0025,1,56234,50
0.507690763566643,100,100,100,100,100,1,56234,50
0.045,100,100,100,100.045,99.045,1,56234,50
5e-04,100,100,100,100.0005,100.0005,1,56234,50
5e-04,100,100,100,100.0005,100.0005,1,56234,50
0.017,100,100,100,100.017,100.017,1,56234,50
0.0025,100,100,100,100.0025,100.0025,1,56234,50
0.378386797150597,100,100,100,100,100,1,56234,50
0.436850299360231,100,100,100,100,100,1,56234,50
0.336966532515362,100,100,100,100,100,1,56234,50
0.001,100,100,100,100.001,100.001,1,56234,50
0.0735315438359976,100,100,100,100,100,1,56234,50
0.572001391090453,100,100,100,100,100,1,56234,50
5e-04,100,100,100,100.0005,100.0005,1,56234,50
0.014,100,100,100,100.014,100.014,1,56234,50
0.0025,100,100,100,100.0025,100.0025,1,56234,50
0.439147888915613,100,100,100,100,100,1,56234,50
0.003,100,100,100,100.003,100.003,1,56234,50
0.001,100,100,100,100.001,100.001,1,56234,50
0.640979181975126,100,100,100,100,100,1,56234,50
0.217826674692333,100,100,100,100,100,1,56234,50
5e-04,100,100,100,100.0005,100.0005,1,56234,50
0.0195,100,100,100,100.0195,100.0195,1,56234,50
0.832079152110964,100,100,100,100,100,1,56234,50
0.284667986212298,100,100,100,100,100,1,56234,50
0.0025,100,100,100,100.0025,100.0025,1,56234,50
0.001,100,100,100,100.001,100.001,1,56234,50
0.622711984673515,100,100,100,100,100,1,56234,50
0.0045,100,100,100,100.0045,100.0045,1,56234,50
5e-04,100,100,100,100.0005,100.0005,1,56234,50
0.6758669228293,100,100,100,100,100,1,56234,50
0.0391355440951884,100,100,100,100,100,1,56234,50
0.0105,100,100,100,100.0105,100.0105,1,56234,50
0.484319578390568,100,100,100,100,100,1,56234,50
5e-04,100,100,100,100.0005,100.0005,1,56234,50
0.0015,100,100,100,100.0015,100.0015,1,56234,50
0.792008829768747,100,100,100,100,100,1,56234,50
0.0135,100,100,100,100.0135,100.0135,1,56234,50
0.0340108335949481,100,100,100,100,100,1,56234,50
0.00618438399396837,100,100,100,100,100,1,56234,50
0.0456957803107798,100,100,100,100,100,1,56234,50
0.0015,100,100,100,100.0015,100.0015,1,56234,50
0.254957651719451,100,100,100,100,100,1,56234,50
0.135819596238434,100,100,100,100,100,1,56234,50
5e-04,100,100,100,100.0005,100.0005,1,56234,50
0.866502589080483,100,100,100,100,100,1,56234,50
