"p","truediv","chaoest","obsD","upper","lower","l","inds","reps"
5e-04,100,100,100,100.0005,100.0005,1,56234,50
0.0065,100,100,100,100.0065,100.0065,1,56234,50
0.005,100,100,100,100.005,100.005,1,56234,50
0.0045,100,100,100,100.0045,100.0045,1,56234,50
0.178160054143518,100,100,100,100,100,1,56234,50
0.75304324994795,100,100,100,100,100,1,56234,50
0.90635872608982,100,100,100,100,100,1,56234,50
0.0055,100,100,100,100.0055,100.0055,1,56234,50
0.919246604898944,100,100,100,100,100,1,56234,50
0.002,100,100,100,100.002,100.002,1,56234,50
0.004,100,100,100,100.004,100.004,1,56234,50
5e-04,100,100,100,100.0005,100.0005,1,56234,50
0.833712336374447,100,100,100,100,100,1,56234,50
0.0025,100,100,100,100.0025,100.0025,1,56234,50
0.0045,100,100,100,100.0045,100.0045,1,56234,50
0.482524308608845,100,100,100,100,100,1,56234,50
0.319102423265576,100,100,100,100,100,1,56234,50
0.465098957763985,100,100,100,100,100,1,56234,50
0.001,100,100,100,100.001,100.001,1,56234,50
0.412901318632066,100,100,100,100,100,1,56234,50
0.0045,100,100,100,100.0045,100.0045,1,56234,50
0.487882649060339,100,100,100,100,100,1,56234,50
0.499187827808782,100,100,100,100,100,1,56234,50
0.001,100,100,100,100.001,100.001,1,56234,50
5e-04,100,100,100,100.0005,100.0005,1,56234,50
0.913701328914613,100,100,100,100,100,1,56234,50
0.02,100,100,100,100.02,100.02,1,56234,50
0.0015,100,100,100,100.0015,100.0015,1,56234,50
0.002,100,100,100,100.002,100.002,1,56234,50
0.549900317797437,100,100,100,100,100,1,56234,50
0.001,100,100,100,100.001,100.001,1,56234,50
0.007,100,100,100,100.007,100.007,1,56234,50
0.558598127448931,100,100,100,100,100,1,56234,50
0.590935552725568,100,100,100,100,100,1,56234,50
0.703048296971247,100,100,100,100,100,1,56234,50
0.296288777375594,100,100,100,100,100,1,56234,50
5e-04,100,100,100,100.0005,100.0005,1,56234,50
0.0015,100,100,100,100.0015,100.0015,1,56234,50
0.0605,100,100,100,100.0605,99.0605,1,56234,50
0.001,100,100,100,100.001,100.001,1,56234,50
0.452933747321367,100,100,100,100,100,1,56234,50
0.0075,100,100,100,100.0075,100.0075,1,56234,50
0.706119437469169,100,100,100,100,100,1,56234,50
0.047,100,100,100,100.047,99.047,1,56234,50
0.0155,100,100,100,100.0155,100.0155,1,56234,50
0.841392084490508,100,100,100,100,100,1,56234,50
5e-04,100,100,100,100.0005,100.0005,1,56234,50
5e-04,100,100,100,100.0005,100.0005,1,56234,50
0.05,100,100,100,100.05,99.05,1,56234,50
0.572286723414436,100,100,100,100,100,1,56234,50
