"p","truediv","chaoest","obsD","upper","lower","l","inds","reps"
0.002,100,100,100,100.002,100.002,1,56234,50
0.008,100,100,100,100.007500008891,100.007500008891,1,56234,50
0.892689334228635,100,100,100,100,100,1,56234,50
0.0025,100,100,100,100.0025,100.0025,1,56234,50
0.272625448880717,100,100,100,100,100,1,56234,50
0.678848009090871,100,100,100,100,100,1,56234,50
0.67828017170541,100,100,100,100,100,1,56234,50
0.003,100,100,100,100.003,100.003,1,56234,50
0.94107924727723,100,100,100,100,100,1,56234,50
0.001,100,100,100,100.001,100.001,1,56234,50
0.774090265156701,100,100,100,100,100,1,56234,50
0.409527070587501,100,100,100,100,100,1,56234,50
0.362,100,100,100,100.361000017783,99.3610000177828,1,56234,50
0.006,100,100,100,100.006,100.006,1,56234,50
0.160038185305893,100,100,100,100,100,1,56234,50
0.329150590347126,100,100,100,100,100,1,56234,50
0.55270940833725,100,100,100,100,100,1,56234,50
0.001,100,100,100,100.001,100.001,1,56234,50
5e-04,100,100,100,100.0005,100.0005,1,56234,50
5e-04,100,100,100,100.0005,100.0005,1,56234,50
0.630340247880667,100,100,100,100,100,1,56234,50
0.225932401837781,100,100,100,100,100,1,56234,50
5e-04,100,100,100,100.0005,100.0005,1,56234,50
5e-04,100,100,100,100.0005,100.0005,1,56234,50
0.004,100,100,100,100.004,100.004,1,56234,50
0.0085,100,100,100,100.0085,100.0085,1,56234,50
0.409688169602305,100,100,100,100,100,1,56234,50
5e-04,100,100,100,100.0005,100.0005,1,56234,50
0.552511737914756,100,100,100,100,100,1,56234,50
0.0716260122135282,100,100,100,100,100,1,56234,50
0.608190688770264,100,100,100,100,100,1,56234,50
0.153380533447489,100,100,100,100,100,1,56234,50
0.0035,100,100,100,100.0035,100.0035,1,56234,50
0.151624432299286,100,100,100,100,100,1,56234,50
0.830238772323355,100,100,100,100,100,1,56234,50
0.570418921532109,100,100,100,100,100,1,56234,50
0.0035,100,100,100,100.0035,100.0035,1,56234,50
0.692876523593441,100,100,100,100,100,1,56234,50
0.949990434106439,100,100,100,100,100,1,56234,50
0.011,100,100,100,100.010750004446,100.010750004446,1,56234,50
0.616437620483339,100,100,100,100,100,1,56234,50
0.019,100,100,100,100.019,100.019,1,56234,50
5e-04,100,100,100,100.0005,100.0005,1,56234,50
0.049,100,100,100,100.049,99.049,1,56234,50
0.054,100,100,100,100.054,99.054,1,56234,50
0.851056172279641,100,100,100,100,100,1,56234,50
0.897750408621505,100,100,100,100,100,1,56234,50
0.121315257390961,100,100,100,100,100,1,56234,50
0.65513920225203,100,100,100,100,100,1,56234,50
0.123834870057181,100,100,100,100,100,1,56234,50
