"p","truediv","chaoest","obsD","upper","lower","l","inds","reps"
0.535749400965869,100,100,100,100,100,1,56234,50
0.694339256035164,100,100,100,100,100,1,56234,50
0.365359907504171,100,100,100,100,100,1,56234,50
0.220510159619153,100,100,100,100,100,1,56234,50
5e-04,100,100,100,100.0005,100.0005,1,56234,50
0.0900944385211915,100,100,100,100,100,1,56234,50
0.0015,100,100,100,100.0015,100.0015,1,56234,50
0.894390598870814,100,100,100,100,100,1,56234,50
0.004,100,100,100,100.004,100.004,1,56234,50
0.064211503835395,100,100,100,100,100,1,56234,50
0.917929018381983,100,100,100,100,100,1,56234,50
0.486447620438412,100,100,100,100,100,1,56234,50
0.009,100,100,100,100.009,100.009,1,56234,50
0.001,100,100,100,100.001,100.001,1,56234,50
0.734467475907877,100,100,100,100,100,1,56234,50
0.705944826360792,100,100,100,100,100,1,56234,50
0.0232540888246149,100,100,100,100,100,1,56234,50
0.0015,100,100,100,100.0015,100.0015,1,56234,50
0.520040153292939,100,100,100,100,100,1,56234,50
0.001,100,100,100,100.001,100.001,1,56234,50
0.280106124700978,100,100,100,100,100,1,56234,50
0.533128094626591,100,100,100,100,100,1,56234,50
0.77945506782271,100,100,100,100,100,1,56234,50
0.430242767557502,100,100,100,100,100,1,56234,50
0.5671381293796,100,100,100,100,100,1,56234,50
0.001,100,100,100,100.001,100.001,1,56234,50
0.119720470393077,100,100,100,100,100,1,56234,50
0.148568200413138,100,100,100,100,100,1,56234,50
0.252872911281884,100,100,100,100,100,1,56234,50
0.365082947770134,100,100,100,100,100,1,56234,50
0.899592578643933,100,100,100,100,100,1,56234,50
0.002,100,100,100,100.002,100.002,1,56234,50
5e-04,100,100,100,100.0005,100.0005,1,56234,50
0.793612050125375,100,100,100,100,100,1,56234,50
0.297949878266081,100,100,100,100,100,1,56234,50
0.711951126111671,100,100,100,100,100,1,56234,50
0.896321899723262,100,100,100,100,100,1,56234,50
0.520570277236402,100,100,100,100,100,1,56234,50
0.905565149383619,100,100,100,100,100,1,56234,50
0.0035,100,100,100,100.003250004446,100.003250004446,1,56234,50
0.595466893166304,100,100,100,100,100,1,56234,50
0.209668435389176,100,100,100,100,100,1,56234,50
0.0193595113232732,100,100,100,100,100,1,56234,50
0.13957569655031,100,100,100,100,100,1,56234,50
5e-04,100,100,100,100.0005,100.0005,1,56234,50
0.359884985722601,100,100,100,100,100,1,56234,50
0.002,100,100,100,100.002,100.002,1,56234,50
0.736277305753902,100,100,100,100,100,1,56234,50
0.926163790514693,100,100,100,100,100,1,56234,50
0.0025,100,100,100,100.0025,100.0025,1,56234,50
