"p","truediv","chaoest","obsD","upper","lower","l","inds","reps"
0.457456778734922,100,100,100,100,100,1,56234,50
0.258417590288445,100,100,100,100,100,1,56234,50
0.496559407329187,100,100,100,100,100,1,56234,50
0.854118752060458,100,100,100,100,100,1,56234,50
0.533471649046987,100,100,100,100,100,1,56234,50
0.267486184602603,100,100,100,100,100,1,56234,50
0.354141564574093,100,100,100,100,100,1,56234,50
0.502073169220239,100,100,100,100,100,1,56234,50
0.232120079686865,100,100,100,100,100,1,56234,50
0.0155,100,100,100,100.0155,100.0155,1,56234,50
0.019,100,100,100,100.019,100.019,1,56234,50
0.24784960784018,100,100,100,100,100,1,56234,50
0.0465,100,100,100,100.0465,99.0465,1,56234,50
0.119864807464182,100,100,100,100,100,1,56234,50
0.052,100,100,100,100.052,99.052,1,56234,50
0.390036632772535,100,100,100,100,100,1,56234,50
0.705493052024394,100,100,100,100,100,1,56234,50
0.002,100,100,100,100.002,100.002,1,56234,50
0.565275850705802,100,100,100,100,100,1,56234,50
0.055,100,100,100,100.055,99.055,1,56234,50
0.85792866977863,100,100,100,100,100,1,56234,50
5e-04,100,100,100,100.0005,100.0005,1,56234,50
0.0015,100,100,100,100.0015,100.0015,1,56234,50
0.0025,100,100,100,100.0025,100.0025,1,56234,50
0.0055,100,100,100,100.0055,100.0055,1,56234,50
0.158541272161528,100,100,100,100,100,1,56234,50
0.809811279876158,100,100,100,100,100,1,56234,50
0.016,100,100,100,100.016,100.016,1,56234,50
0.0434139976277947,100,100,100,100,100,1,56234,50
0.0025,100,100,100,100.0025,100.0025,1,56234,50
0.0423140169586986,100,100,100,100,100,1,56234,50
0.934438843978569,100,100,100,100,100,1,56234,50
0.0501218778081238,100,100,100,100,100,1,56234,50
0.0205,100,100,100,100.020000008891,100.020000008891,1,56234,50
5e-04,100,100,100,100.0005,100.0005,1,56234,50
0.241246134741232,100,100,100,100,100,1,56234,50
0.001,100,100,100,100.001,100.001,1,56234,50
0.001,100,100,100,100.001,100.001,1,56234,50
5e-04,100,100,100,100.0005,100.0005,1,56234,50
5e-04,100,100,100,100.0005,100.0005,1,56234,50
0.552223317790776,100,100,100,100,100,1,56234,50
0.0253245474305004,100,100,100,100,100,1,56234,50
0.0412643803283572,100,100,100,100,100,1,56234,50
0.001,100,100,100,100.001,100.001,1,56234,50
0.0575,100,100,100,100.054750048903,99.0547500489028,1,56234,50
5e-04,100,100,100,100.0005,100.0005,1,56234,50
0.579403236275539,100,100,100,100,100,1,56234,50
0.003,100,100,100,100.003,100.003,1,56234,50
0.004,100,100,100,100.004,100.004,1,56234,50
0.0125,100,100,100,100.0125,100.0125,1,56234,50
