"p","truediv","chaoest","obsD","upper","lower","l","inds","reps"
0.410449210787192,100,100,100,100,100,1,56234,50
0.017,100,100,100,100.017,100.017,1,56234,50
5e-04,100,100,100,100.0005,100.0005,1,56234,50
0.0415,100,100,100,100.0415,99.0415,1,56234,50
0.049,100,100,100,100.049,99.049,1,56234,50
0.54287717002444,100,100,100,100,100,1,56234,50
5e-04,100,100,100,100.0005,100.0005,1,56234,50
0.989070760086179,100,100,100,100,100,1,56234,50
0.711980266263708,100,100,100,100,100,1,56234,50
0.0075,100,100,100,100.007250004446,100.007250004446,1,56234,50
0.001,100,100,100,100.001,100.001,1,56234,50
0.405114227673039,100,100,100,100,100,1,56234,50
5e-04,100,100,100,100.0005,100.0005,1,56234,50
0.0015,100,100,100,100.0015,100.0015,1,56234,50
0.689384008524939,100,100,100,100,100,1,56234,50
0.992969123180956,100,100,100,100,100,1,56234,50
0.172237144550309,100,100,100,100,100,1,56234,50
0.215858496027067,100,100,100,100,100,1,56234,50
0.632799098268151,100,100,100,100,100,1,56234,50
0.0228574958164245,100,100,100,100,100,1,56234,50
0.0015,100,100,100,100.0015,100.0015,1,56234,50
0.805562822846696,100,100,100,100,100,1,56234,50
0.442736064782366,100,100,100,100,100,1,56234,50
0.0195,100,100,100,100.0195,100.0195,1,56234,50
0.25539567694068,100,100,100,100,100,1,56234,50
0.624867914011702,100,100,100,100,100,1,56234,50
0.321342143695801,100,100,100,100,100,1,56234,50
0.006,100,100,100,100.006,100.006,1,56234,50
0.0581283392384648,100,100,100,100,100,1,56234,50
0.0065,100,100,100,100.0065,100.0065,1,56234,50
0.001,100,100,100,100.001,100.001,1,56234,50
0.008,100,100,100,100.008,100.008,1,56234,50
0.121,100,100,100,100.120500008891,99.1205000088914,1,56234,50
0.001,100,100,100,100.001,100.001,1,56234,50
0.0858024922199547,100,100,100,100,100,1,56234,50
0.481616551754996,100,100,100,100,100,1,56234,50
0.588385944021866,100,100,100,100,100,1,56234,50
0.006,100,100,100,100.006,100.006,1,56234,50
0.470113628543913,100,100,100,100,100,1,56234,50
0.001,100,100,100,100.001,100.001,1,56234,50
0.429968459298834,100,100,100,100,100,1,56234,50
0.263303686166182,100,100,100,100,100,1,56234,50
5e-04,100,100,100,100.0005,100.0005,1,56234,50
0.001,100,100,100,100.001,100.001,1,56234,50
0.869567791931331,100,100,100,100,100,1,56234,50
0.632555569522083,100,100,100,100,100,1,56234,50
0.412436141399667,100,100,100,100,100,1,56234,50
0.0065,100,100,100,100.0065,100.0065,1,56234,50
5e-04,100,100,100,100.0005,100.0005,1,56234,50
5e-04,100,100,100,100.0005,100.0005,1,56234,50
