"p","truediv","chaoest","obsD","upper","lower","l","inds","reps"
0.964027492096648,100,100,100,100,100,1,56234,50
0.620293352752924,100,100,100,100,100,1,56234,50
0.221116860164329,100,100,100,100,100,1,56234,50
0.907985942438245,100,100,100,100,100,1,56234,50
0.972189389402047,100,100,100,100,100,1,56234,50
0.749301585834473,100,100,100,100,100,1,56234,50
5e-04,100,100,100,100.0005,100.0005,1,56234,50
0.0065,100,100,100,100.0065,100.0065,1,56234,50
0.007,100,100,100,100.007,100.007,1,56234,50
0.017,100,100,100,100.017,100.017,1,56234,50
0.365363662829623,100,100,100,100,100,1,56234,50
0.0035,100,100,100,100.0035,100.0035,1,56234,50
0.003,100,100,100,100.003,100.003,1,56234,50
0.521137273870409,100,100,100,100,100,1,56234,50
0.750675878254697,100,100,100,100,100,1,56234,50
0.02,100,100,100,100.02,100.02,1,56234,50
0.689496156992391,100,100,100,100,100,1,56234,50
5e-04,100,100,100,100.0005,100.0005,1,56234,50
0.0045,100,100,100,100.0045,100.0045,1,56234,50
0.221273746807128,100,100,100,100,100,1,56234,50
0.399334959220141,100,100,100,100,100,1,56234,50
0.873763505835086,100,100,100,100,100,1,56234,50
0.217617012094706,100,100,100,100,100,1,56234,50
0.1319831951987,100,100,100,100,100,1,56234,50
0.80903869913891,100,100,100,100,100,1,56234,50
0.0015,100,100,100,100.0015,100.0015,1,56234,50
0.472872273530811,100,100,100,100,100,1,56234,50
0.044,100,100,100,100.044,99.044,1,56234,50
0.001,100,100,100,100.001,100.001,1,56234,50
0.696632058126852,100,100,100,100,100,1,56234,50
0.435634068679065,100,100,100,100,100,1,56234,50
5e-04,100,100,100,100.0005,100.0005,1,56234,50
0.011,100,100,100,100.010750004446,100.010750004446,1,56234,50
0.0515,100,100,100,100.0515,99.0515,1,56234,50
0.005,100,100,100,100.005,100.005,1,56234,50
0.0669941897504032,100,100,100,100,100,1,56234,50
0.001,100,100,100,100.001,100.001,1,56234,50
0.741199664305896,100,100,100,100,100,1,56234,50
5e-04,100,100,100,100.0005,100.0005,1,56234,50
0.21115821134299,100,100,100,100,100,1,56234,50
0.268353517400101,100,100,100,100,100,1,56234,50
0.564615877810866,100,100,100,100,100,1,56234,50
0.0025,100,100,100,100.002250004446,100.002250004446,1,56234,50
0.336688803043216,100,100,100,100,100,1,56234,50
0.0015,100,100,100,100.0015,100.0015,1,56234,50
5e-04,100,100,100,100.0005,100.0005,1,56234,50
5e-04,100,100,100,100.0005,100.0005,1,56234,50
0.0045,100,100,100,100.004250004446,100.004250004446,1,56234,50
5e-04,100,100,100,100.0005,100.0005,1,56234,50
0.0025,100,100,100,100.0025,100.0025,1,56234,50
