"p","truediv","chaoest","obsD","upper","lower","l","inds","reps"
0.304486453067511,100,100,100,100,100,1,56234,50
5e-04,100,100,100,100.0005,100.0005,1,56234,50
0.012,100,100,100,100.012,100.012,1,56234,50
0.66650366736576,100,100,100,100,100,1,56234,50
0.26017948333174,100,100,100,100,100,1,56234,50
0.1405,100,100,100,100.1405,99.1405,1,56234,50
0.540494457120076,100,100,100,100,100,1,56234,50
0.003,100,100,100,100.003,100.003,1,56234,50
0.02,100,100,100,100.02,100.02,1,56234,50
0.363371361745521,100,100,100,100,100,1,56234,50
0.001,100,100,100,100.001,100.001,1,56234,50
0.614172070519999,100,100,100,100,100,1,56234,50
0.003,100,100,100,100.003,100.003,1,56234,50
0.968010394833982,100,100,100,100,100,1,56234,50
0.094655056251213,100,100,100,100,100,1,56234,50
0.349940882530063,100,100,100,100,100,1,56234,50
0.012,100,100,100,100.012,100.012,1,56234,50
0.94782580435276,100,100,100,100,100,1,56234,50
0.268005473772064,100,100,100,100,100,1,56234,50
0.606711599742994,100,100,100,100,100,1,56234,50
0.0015,100,100,100,100.0015,100.0015,1,56234,50
0.0015,100,100,100,100.0015,100.0015,1,56234,50
0.499371270416304,100,100,100,100,100,1,56234,50
0.61051535513252,100,100,100,100,100,1,56234,50
5e-04,100,100,100,100.0005,100.0005,1,56234,50
0.617175700608641,100,100,100,100,100,1,56234,50
0.797880202531815,100,100,100,100,100,1,56234,50
0.780241525033489,100,100,100,100,100,1,56234,50
0.006,100,100,100,100.006,100.006,1,56234,50
0.161123901838437,100,100,100,100,100,1,56234,50
0.68712408374995,100,100,100,100,100,1,56234,50
0.0165,100,100,100,100.0165,100.0165,1,56234,50
0.001,100,100,100,100.001,100.001,1,56234,50
0.0733541795052588,100,100,100,100,100,1,56234,50
0.001,100,100,100,100.001,100.001,1,56234,50
0.713432057294995,100,100,100,100,100,1,56234,50
0.686729692853987,100,100,100,100,100,1,56234,50
0.525481035932899,100,100,100,100,100,1,56234,50
5e-04,100,100,100,100.0005,100.0005,1,56234,50
0.967034402303398,100,100,100,100,100,1,56234,50
5e-04,100,100,100,100.0005,100.0005,1,56234,50
0.609476970508695,100,100,100,100,100,1,56234,50
0.916744589339942,100,100,100,100,100,1,56234,50
0.001,100,100,100,100.001,100.001,1,56234,50
0.895233777118847,100,100,100,100,100,1,56234,50
0.001,100,100,100,100.001,100.001,1,56234,50
0.001,100,100,100,100.001,100.001,1,56234,50
5e-04,100,100,100,100.0005,100.0005,1,56234,50
0.524520810693502,100,100,100,100,100,1,56234,50
0.909934607567266,100,100,100,100,100,1,56234,50
