"p","truediv","chaoest","obsD","upper","lower","l","inds","reps"
0.288472547428682,100,100,100,100,100,1,1e+05,50
0.001,100,100,100,100.001,100.001,1,1e+05,50
0.671572998864576,100,100,100,100,100,1,1e+05,50
0.286261416040361,100,100,100,100,100,1,1e+05,50
0.0889016895089298,100,100,100,100,100,1,1e+05,50
0.180811946513131,100,100,100,100,100,1,1e+05,50
0.283622779883444,100,100,100,100,100,1,1e+05,50
0.39798885746859,100,100,100,100,100,1,1e+05,50
0.618939845822752,100,100,100,100,100,1,1e+05,50
0.522584676975384,100,100,100,100,100,1,1e+05,50
0.939148706151173,100,100,100,100,100,1,1e+05,50
0.30436821654439,100,100,100,100,100,1,1e+05,50
0.88360507809557,100,100,100,100,100,1,1e+05,50
0.001,100,100,100,100.001,100.001,1,1e+05,50
0.893918932415545,100,100,100,100,100,1,1e+05,50
0.771658771438524,100,100,100,100,100,1,1e+05,50
0.73545980383642,100,100,100,100,100,1,1e+05,50
0.832241057185456,100,100,100,100,100,1,1e+05,50
0.806588216684759,100,100,100,100,100,1,1e+05,50
0.699877128237858,100,100,100,100,100,1,1e+05,50
0.238601866876706,100,100,100,100,100,1,1e+05,50
0.793798726052046,100,100,100,100,100,1,1e+05,50
0.966827516444027,100,100,100,100,100,1,1e+05,50
0.717189761111513,100,100,100,100,100,1,1e+05,50
0.183480334235355,100,100,100,100,100,1,1e+05,50
0.519363418919966,100,100,100,100,100,1,1e+05,50
0.108457980677485,100,100,100,100,100,1,1e+05,50
0.113234362564981,100,100,100,100,100,1,1e+05,50
0.751915454631671,100,100,100,100,100,1,1e+05,50
0.144832888618112,100,100,100,100,100,1,1e+05,50
5e-04,100,100,100,100.0005,100.0005,1,1e+05,50
0.787853475660086,100,100,100,100,100,1,1e+05,50
0.736576304538175,100,100,100,100,100,1,1e+05,50
0.623257808852941,100,100,100,100,100,1,1e+05,50
0.269302868284285,100,100,100,100,100,1,1e+05,50
0.796116556739435,100,100,100,100,100,1,1e+05,50
0.754432658664882,100,100,100,100,100,1,1e+05,50
0.797637056792155,100,100,100,100,100,1,1e+05,50
0.782836884027347,100,100,100,100,100,1,1e+05,50
0.315903038019314,100,100,100,100,100,1,1e+05,50
0.230399996275082,100,100,100,100,100,1,1e+05,50
5e-04,100,100,100,100.0005,100.0005,1,1e+05,50
5e-04,100,100,100,100.0005,100.0005,1,1e+05,50
0.456540449988097,100,100,100,100,100,1,1e+05,50
0.379515945911407,100,100,100,100,100,1,1e+05,50
0.523565458366647,100,100,100,100,100,1,1e+05,50
0.739293115446344,100,100,100,100,100,1,1e+05,50
0.640529279829934,100,100,100,100,100,1,1e+05,50
0.840747089358047,100,100,100,100,100,1,1e+05,50
0.11472376412712,100,100,100,100,100,1,1e+05,50
