"p","truediv","chaoest","obsD","upper","lower","l","inds","reps"
5e-04,100,100,100,100.0005,100.0005,1,56234,50
0.0247018162626773,100,100,100,100,100,1,56234,50
0.394284863257781,100,100,100,100,100,1,56234,50
0.0015,100,100,100,100.0015,100.0015,1,56234,50
0.005,100,100,100,100.005,100.005,1,56234,50
0.001,100,100,100,100.001,100.001,1,56234,50
0.468804271658882,100,100,100,100,100,1,56234,50
0.910746971145272,100,100,100,100,100,1,56234,50
0.0025,100,100,100,100.0025,100.0025,1,56234,50
0.372822015080601,100,100,100,100,100,1,56234,50
0.0015,100,100,100,100.0015,100.0015,1,56234,50
5e-04,100,100,100,100.0005,100.0005,1,56234,50
5e-04,100,100,100,100.0005,100.0005,1,56234,50
0.906828766921535,100,100,100,100,100,1,56234,50
0.861481483792886,100,100,100,100,100,1,56234,50
0.791445637820289,100,100,100,100,100,1,56234,50
0.006,100,100,100,100.006,100.006,1,56234,50
5e-04,100,100,100,100.0005,100.0005,1,56234,50
0.570019111037254,100,100,100,100,100,1,56234,50
0.0015,100,100,100,100.0015,100.0015,1,56234,50
0.376800261437893,100,100,100,100,100,1,56234,50
0.001,100,100,100,100.001,100.001,1,56234,50
0.0055,100,100,100,100.0055,100.0055,1,56234,50
0.671704594278708,100,100,100,100,100,1,56234,50
0.935956152854487,100,100,100,100,100,1,56234,50
0.666316231479868,100,100,100,100,100,1,56234,50
0.709223811514676,100,100,100,100,100,1,56234,50
0.002,100,100,100,100.002,100.002,1,56234,50
0.0065,100,100,100,100.006250004446,100.006250004446,1,56234,50
0.952205292414874,100,100,100,100,100,1,56234,50
0.854859018698335,100,100,100,100,100,1,56234,50
0.002,100,100,100,100.002,100.002,1,56234,50
5e-04,100,100,100,100.0005,100.0005,1,56234,50
0.0965705700218678,100,100,100,100,100,1,56234,50
0.299174724845216,100,100,100,100,100,1,56234,50
0.96375915966928,100,100,100,100,100,1,56234,50
0.41264750645496,100,100,100,100,100,1,56234,50
0.63954414287582,100,100,100,100,100,1,56234,50
0.461651459801942,100,100,100,100,100,1,56234,50
0.730919423513114,100,100,100,100,100,1,56234,50
0.704424863448367,100,100,100,100,100,1,56234,50
0.001,100,100,100,100.001,100.001,1,56234,50
5e-04,100,100,100,100.0005,100.0005,1,56234,50
0.0015,100,100,100,100.0015,100.0015,1,56234,50
0.734880381030962,100,100,100,100,100,1,56234,50
0.634811240946874,100,100,100,100,100,1,56234,50
0.848575911251828,100,100,100,100,100,1,56234,50
0.0525,100,100,100,100.0525,99.0525,1,56234,50
0.309510596329346,100,100,100,100,100,1,56234,50
0.219803394284099,100,100,100,100,100,1,56234,50
