"p","truediv","chaoest","obsD","upper","lower","l","inds","reps"
0.0428914974909276,100,100,100,100,100,1,56234,50
5e-04,100,100,100,100.0005,100.0005,1,56234,50
0.001,100,100,100,100.001,100.001,1,56234,50
0.005,100,100,100,100.005,100.005,1,56234,50
0.858825703151524,100,100,100,100,100,1,56234,50
0.004,100,100,100,100.004,100.004,1,56234,50
0.002,100,100,100,100.002,100.002,1,56234,50
5e-04,100,100,100,100.0005,100.0005,1,56234,50
0.001,100,100,100,100.000500008891,100.000500008891,1,56234,50
0.138323858613148,100,100,100,100,100,1,56234,50
0.151337353512645,100,100,100,100,100,1,56234,50
0.534205376636237,100,100,100,100,100,1,56234,50
0.397007260238752,100,100,100,100,100,1,56234,50
0.001,100,100,100,100.001,100.001,1,56234,50
0.345366996712983,100,100,100,100,100,1,56234,50
5e-04,100,100,100,100.0005,100.0005,1,56234,50
5e-04,100,100,100,100.0005,100.0005,1,56234,50
0.008,100,100,100,100.008,100.008,1,56234,50
0.001,100,100,100,100.001,100.001,1,56234,50
0.74248323449865,100,100,100,100,100,1,56234,50
0.005,100,100,100,100.004750004446,100.004750004446,1,56234,50
0.002,100,100,100,100.002,100.002,1,56234,50
0.135,100,100,100,100.135,99.135,1,56234,50
0.663801229791716,100,100,100,100,100,1,56234,50
0.006,100,100,100,100.006,100.006,1,56234,50
0.152273207670078,100,100,100,100,100,1,56234,50
5e-04,100,100,100,100.0005,100.0005,1,56234,50
0.126,100,100,100,100.126,99.126,1,56234,50
5e-04,100,100,100,100.0005,100.0005,1,56234,50
5e-04,100,100,100,100.0005,100.0005,1,56234,50
5e-04,100,100,100,100.0005,100.0005,1,56234,50
0.789567792089656,100,100,100,100,100,1,56234,50
0.824893614742905,100,100,100,100,100,1,56234,50
0.001,100,100,100,100.001,100.001,1,56234,50
0.750795122236013,100,100,100,100,100,1,56234,50
0.991861938498914,100,100,100,100,100,1,56234,50
5e-04,100,100,100,100.0005,100.0005,1,56234,50
0.709769000764936,100,100,100,100,100,1,56234,50
0.018,100,100,100,100.018,100.018,1,56234,50
0.0045,100,100,100,100.0045,100.0045,1,56234,50
0.644909857306629,100,100,100,100,100,1,56234,50
0.001,100,100,100,100.001,100.001,1,56234,50
0.319859783397987,100,100,100,100,100,1,56234,50
0.558999316766858,100,100,100,100,100,1,56234,50
0.892154707340524,100,100,100,100,100,1,56234,50
0.796906625851989,100,100,100,100,100,1,56234,50
0.0025,100,100,100,100.0025,100.0025,1,56234,50
5e-04,100,100,100,100.0005,100.0005,1,56234,50
0.28094825707376,100,100,100,100,100,1,56234,50
0.784359321929514,100,100,100,100,100,1,56234,50
