"p","truediv","chaoest","obsD","upper","lower","l","inds","reps"
0.0545,100,100,100,100.0545,99.0545,1,56234,50
0.754239490255713,100,100,100,100,100,1,56234,50
0.363524382468313,100,100,100,100,100,1,56234,50
5e-04,100,100,100,100.0005,100.0005,1,56234,50
0.671838622074574,100,100,100,100,100,1,56234,50
0.114915397251025,100,100,100,100,100,1,56234,50
0.001,100,100,100,100.001,100.001,1,56234,50
5e-04,100,100,100,100.0005,100.0005,1,56234,50
0.969213596312329,100,100,100,100,100,1,56234,50
0.918162472080439,100,100,100,100,100,1,56234,50
0.219421713380143,100,100,100,100,100,1,56234,50
0.630725733703002,100,100,100,100,100,1,56234,50
0.0015,100,100,100,100.0015,100.0015,1,56234,50
5e-04,100,100,100,100.0005,100.0005,1,56234,50
5e-04,100,100,100,100.0005,100.0005,1,56234,50
5e-04,100,100,100,100.0005,100.0005,1,56234,50
0.434758950490505,100,100,100,100,100,1,56234,50
0.0185,100,100,100,100.0185,100.0185,1,56234,50
5e-04,100,100,100,100.0005,100.0005,1,56234,50
0.863512084353715,100,100,100,100,100,1,56234,50
0.932481394847855,100,100,100,100,100,1,56234,50
0.018,100,100,100,100.016750022229,100.016750022229,1,56234,50
5e-04,100,100,100,100.0005,100.0005,1,56234,50
0.004,100,100,100,100.004,100.004,1,56234,50
0.940045055001974,100,100,100,100,100,1,56234,50
0.0725123828742653,100,100,100,100,100,1,56234,50
0.0735045969486237,100,100,100,100,100,1,56234,50
0.001,100,100,100,100.001,100.001,1,56234,50
0.283050478668883,100,100,100,100,100,1,56234,50
0.0165,100,100,100,100.0165,100.0165,1,56234,50
0.001,100,100,100,100.001,100.001,1,56234,50
0.192228835541755,100,100,100,100,100,1,56234,50
0.347299491986632,100,100,100,100,100,1,56234,50
0.212330789072439,100,100,100,100,100,1,56234,50
0.338470997987315,100,100,100,100,100,1,56234,50
0.0015,100,100,100,100.0015,100.0015,1,56234,50
0.946691738208756,100,100,100,100,100,1,56234,50
0.0085,100,100,100,100.0085,100.0085,1,56234,50
0.132,100,100,100,100.132,99.132,1,56234,50
0.0045,100,100,100,100.0045,100.0045,1,56234,50
0.582625496666878,100,100,100,100,100,1,56234,50
0.231436911970377,100,100,100,100,100,1,56234,50
5e-04,100,100,100,100.0005,100.0005,1,56234,50
0.0761816604062915,100,100,100,100,100,1,56234,50
0.601594219915569,100,100,100,100,100,1,56234,50
5e-04,100,100,100,100.0005,100.0005,1,56234,50
0.001,100,100,100,100.001,100.001,1,56234,50
5e-04,100,100,100,100.0005,100.0005,1,56234,50
5e-04,100,100,100,100.0005,100.0005,1,56234,50
1,100,99,99,99,99,1,56234,50
