"p","truediv","chaoest","obsD","upper","lower","l","inds","reps"
5e-04,100,100,100,100.0005,100.0005,1,56234,50
0.772886369610205,100,100,100,100,100,1,56234,50
0.001,100,100,100,100.001,100.001,1,56234,50
0.0115,100,100,100,100.0115,100.0115,1,56234,50
0.847274873172864,100,100,100,100,100,1,56234,50
0.127272847807035,100,100,100,100,100,1,56234,50
0.280743499053642,100,100,100,100,100,1,56234,50
0.629452347755432,100,100,100,100,100,1,56234,50
5e-04,100,100,100,100.0005,100.0005,1,56234,50
0.893763612024486,100,100,100,100,100,1,56234,50
0.513638669624925,100,100,100,100,100,1,56234,50
0.016,100,100,100,100.015500008891,100.015500008891,1,56234,50
0.0045,100,100,100,100.0045,100.0045,1,56234,50
0.104000620543957,100,100,100,100,100,1,56234,50
0.93441349058412,100,100,100,100,100,1,56234,50
0.011,100,100,100,100.011,100.011,1,56234,50
0.922758409986272,100,100,100,100,100,1,56234,50
0.680761921219528,100,100,100,100,100,1,56234,50
0.755410138284788,100,100,100,100,100,1,56234,50
0.108399212360382,100,100,100,100,100,1,56234,50
0.001,100,100,100,100.001,100.001,1,56234,50
0.213820342905819,100,100,100,100,100,1,56234,50
0.914881908334792,100,100,100,100,100,1,56234,50
0.0015,100,100,100,100.0015,100.0015,1,56234,50
0.005,100,100,100,100.005,100.005,1,56234,50
0.160108097363263,100,100,100,100,100,1,56234,50
0.002,100,100,100,100.002,100.002,1,56234,50
0.93615902448073,100,100,100,100,100,1,56234,50
0.001,100,100,100,100.001,100.001,1,56234,50
0.412959950277582,100,100,100,100,100,1,56234,50
0.72201108885929,100,100,100,100,100,1,56234,50
0.0015,100,100,100,100.0015,100.0015,1,56234,50
0.001,100,100,100,100.001,100.001,1,56234,50
5e-04,100,100,100,100.0005,100.0005,1,56234,50
0.002,100,100,100,100.002,100.002,1,56234,50
0.0015,100,100,100,100.0015,100.0015,1,56234,50
0.005,100,100,100,100.005,100.005,1,56234,50
0.001,100,100,100,100.001,100.001,1,56234,50
0.254415194736794,100,100,100,100,100,1,56234,50
0.270601546159014,100,100,100,100,100,1,56234,50
0.0015,100,100,100,100.0015,100.0015,1,56234,50
0.865335153415799,100,100,100,100,100,1,56234,50
0.007,100,100,100,100.007,100.007,1,56234,50
5e-04,100,100,100,100.0005,100.0005,1,56234,50
5e-04,100,100,100,100.0005,100.0005,1,56234,50
0.116900892462581,100,100,100,100,100,1,56234,50
0.894167781341821,100,100,100,100,100,1,56234,50
0.00953391497023404,100,100,100,100,100,1,56234,50
0.458586253225803,100,100,100,100,100,1,56234,50
0.0165,100,100,100,100.0165,100.0165,1,56234,50
