"p","truediv","chaoest","obsD","upper","lower","l","inds","reps"
5e-04,100,100,100,100.0005,100.0005,1,1e+05,50
0.523742828285322,100,100,100,100,100,1,1e+05,50
0.469694016734138,100,100,100,100,100,1,1e+05,50
0.258850479032844,100,100,100,100,100,1,1e+05,50
0.639453030191362,100,100,100,100,100,1,1e+05,50
0.903291881084442,100,100,100,100,100,1,1e+05,50
0.718349903356284,100,100,100,100,100,1,1e+05,50
0.49727607681416,100,100,100,100,100,1,1e+05,50
0.223690452985466,100,100,100,100,100,1,1e+05,50
0.292287666816264,100,100,100,100,100,1,1e+05,50
0.14654025924392,100,100,100,100,100,1,1e+05,50
0.688646350521594,100,100,100,100,100,1,1e+05,50
0.0387352935504168,100,100,100,100,100,1,1e+05,50
0.322181691415608,100,100,100,100,100,1,1e+05,50
0.158886426826939,100,100,100,100,100,1,1e+05,50
0.307060967432335,100,100,100,100,100,1,1e+05,50
0.0748844223562628,100,100,100,100,100,1,1e+05,50
0.371224922826514,100,100,100,100,100,1,1e+05,50
0.693724614800885,100,100,100,100,100,1,1e+05,50
0.475909350207075,100,100,100,100,100,1,1e+05,50
0.495669538388029,100,100,100,100,100,1,1e+05,50
0.2993597057648,100,100,100,100,100,1,1e+05,50
5e-04,100,100,100,100.0005,100.0005,1,1e+05,50
0.552625740878284,100,100,100,100,100,1,1e+05,50
0.965310354949906,100,100,100,100,100,1,1e+05,50
0.549540459644049,100,100,100,100,100,1,1e+05,50
0.385640341322869,100,100,100,100,100,1,1e+05,50
0.357355220941827,100,100,100,100,100,1,1e+05,50
0.577662809053436,100,100,100,100,100,1,1e+05,50
0.880494486540556,100,100,100,100,100,1,1e+05,50
0.514488956891,100,100,100,100,100,1,1e+05,50
0.139862249605358,100,100,100,100,100,1,1e+05,50
0.403963409829885,100,100,100,100,100,1,1e+05,50
0.117680475115776,100,100,100,100,100,1,1e+05,50
0.930922667030245,100,100,100,100,100,1,1e+05,50
0.042200114345178,100,100,100,100,100,1,1e+05,50
0.420411575352773,100,100,100,100,100,1,1e+05,50
0.58062439924106,100,100,100,100,100,1,1e+05,50
0.319002630654722,100,100,100,100,100,1,1e+05,50
0.885111499577761,100,100,100,100,100,1,1e+05,50
0.388505352428183,100,100,100,100,100,1,1e+05,50
5e-04,100,100,100,100.0005,100.0005,1,1e+05,50
0.149394692154601,100,100,100,100,100,1,1e+05,50
0.206316179595888,100,100,100,100,100,1,1e+05,50
0.531584584387019,100,100,100,100,100,1,1e+05,50
0.171152228023857,100,100,100,100,100,1,1e+05,50
0.379717497387901,100,100,100,100,100,1,1e+05,50
0.001,100,100,100,100.001,100.001,1,1e+05,50
0.35702624428086,100,100,100,100,100,1,1e+05,50
0.927911780774593,100,100,100,100,100,1,1e+05,50
