"p","truediv","chaoest","obsD","upper","lower","l","inds","reps"
0.006,100,100,100,100.006,100.006,1,56234,50
0.0286823785863817,100,100,100,100,100,1,56234,50
0.94380719633773,100,100,100,100,100,1,56234,50
0.0155,100,100,100,100.0155,100.0155,1,56234,50
0.0075,100,100,100,100.0075,100.0075,1,56234,50
0.002,100,100,100,100.002,100.002,1,56234,50
0.594853164162487,100,100,100,100,100,1,56234,50
0.0101453736424446,100,100,100,100,100,1,56234,50
0.003,100,100,100,100.003,100.003,1,56234,50
0.001,100,100,100,100.001,100.001,1,56234,50
0.236154557205737,100,100,100,100,100,1,56234,50
0.397868426982313,100,100,100,100,100,1,56234,50
0.0483798093628138,100,100,100,100,100,1,56234,50
5e-04,100,100,100,100.0005,100.0005,1,56234,50
0.846602841513231,100,100,100,100,100,1,56234,50
0.0122935296967626,100,100,100,100,100,1,56234,50
0.002,100,100,100,100.002,100.002,1,56234,50
0.0897269661072642,100,100,100,100,100,1,56234,50
0.891763914143667,100,100,100,100,100,1,56234,50
0.0015,100,100,100,100.0015,100.0015,1,56234,50
0.0015,100,100,100,100.0015,100.0015,1,56234,50
0.146077319979668,100,100,100,100,100,1,56234,50
0.792063710512593,100,100,100,100,100,1,56234,50
0.004,100,100,100,100.002750022229,100.002750022229,1,56234,50
0.112378371413797,100,100,100,100,100,1,56234,50
0.007,100,100,100,100.007,100.007,1,56234,50
0.0015,100,100,100,100.0015,100.0015,1,56234,50
0.0215,100,100,100,100.0215,100.0215,1,56234,50
0.416763268876821,100,100,100,100,100,1,56234,50
0.0065,100,100,100,100.0065,100.0065,1,56234,50
0.358885081950575,100,100,100,100,100,1,56234,50
5e-04,100,100,100,100.0005,100.0005,1,56234,50
0.004,100,100,100,100.004,100.004,1,56234,50
5e-04,100,100,100,100.0005,100.0005,1,56234,50
0.0345900445245206,100,100,100,100,100,1,56234,50
0.0295057066250592,100,100,100,100,100,1,56234,50
5e-04,100,100,100,100.0005,100.0005,1,56234,50
0.0015,100,100,100,100.0015,100.0015,1,56234,50
0.0015,100,100,100,100.0015,100.0015,1,56234,50
5e-04,100,100,100,100.0005,100.0005,1,56234,50
0.565549612045288,100,100,100,100,100,1,56234,50
0.001,100,100,100,100.001,100.001,1,56234,50
0.0747507843188941,100,100,100,100,100,1,56234,50
5e-04,100,100,100,100.0005,100.0005,1,56234,50
0.468421154655516,100,100,100,100,100,1,56234,50
0.599868604447693,100,100,100,100,100,1,56234,50
0.0085,100,100,100,100.0085,100.0085,1,56234,50
0.0065,100,100,100,100.0065,100.0065,1,56234,50
0.523064516717568,100,100,100,100,100,1,56234,50
0.340549956308678,100,100,100,100,100,1,56234,50
