"p","truediv","chaoest","obsD","upper","lower","l","inds","reps"
0.0025,100,100,100,100.0025,100.0025,1,56234,50
0.504181254655123,100,100,100,100,100,1,56234,50
0.0015,100,100,100,100.0015,100.0015,1,56234,50
0.002,100,100,100,100.002,100.002,1,56234,50
0.001,100,100,100,100.001,100.001,1,56234,50
0.319895499153063,100,100,100,100,100,1,56234,50
5e-04,100,100,100,100.0005,100.0005,1,56234,50
0.798579527530819,100,100,100,100,100,1,56234,50
0.001,100,100,100,100.001,100.001,1,56234,50
0.0195,100,100,100,100.0195,100.0195,1,56234,50
5e-04,100,100,100,100.0005,100.0005,1,56234,50
0.001,100,100,100,100.001,100.001,1,56234,50
0.29613178386353,100,100,100,100,100,1,56234,50
0.415355512173846,100,100,100,100,100,1,56234,50
0.051,100,100,100,100.050750004446,99.0507500044457,1,56234,50
0.008,100,100,100,100.008,100.008,1,56234,50
0.003,100,100,100,100.003,100.003,1,56234,50
0.002,100,100,100,100.002,100.002,1,56234,50
0.368542663753033,100,100,100,100,100,1,56234,50
0.123330680653453,100,100,100,100,100,1,56234,50
5e-04,100,100,100,100.0005,100.0005,1,56234,50
0.019,100,100,100,100.018750004446,100.018750004446,1,56234,50
0.001,100,100,100,100.001,100.001,1,56234,50
0.499644740950316,100,100,100,100,100,1,56234,50
0.004,100,100,100,100.004,100.004,1,56234,50
0.001,100,100,100,100.001,100.001,1,56234,50
0.002,100,100,100,100.002,100.002,1,56234,50
0.64217070536688,100,100,100,100,100,1,56234,50
0.015,100,100,100,100.015,100.015,1,56234,50
0.101787824649364,100,100,100,100,100,1,56234,50
0.906932458514348,100,100,100,100,100,1,56234,50
0.357590980362147,100,100,100,100,100,1,56234,50
0.823366657132283,100,100,100,100,100,1,56234,50
0.312946179648861,100,100,100,100,100,1,56234,50
5e-04,100,100,100,100.0005,100.0005,1,56234,50
0.844272523652762,100,100,100,100,100,1,56234,50
0.215856260387227,100,100,100,100,100,1,56234,50
0.008,100,100,100,100.008,100.008,1,56234,50
0.432560447603464,100,100,100,100,100,1,56234,50
0.003,100,100,100,100.003,100.003,1,56234,50
0.006,100,100,100,100.006,100.006,1,56234,50
0.0035,100,100,100,100.0035,100.0035,1,56234,50
5e-04,100,100,100,100.0005,100.0005,1,56234,50
0.0015,100,100,100,100.0015,100.0015,1,56234,50
0.68076277943328,100,100,100,100,100,1,56234,50
0.902698694728315,100,100,100,100,100,1,56234,50
0.513210407225415,100,100,100,100,100,1,56234,50
5e-04,100,100,100,100.0005,100.0005,1,56234,50
0.006,100,100,100,100.006,100.006,1,56234,50
0.952337947208434,100,100,100,100,100,1,56234,50
