"p","truediv","chaoest","obsD","upper","lower","l","inds","reps"
0.991502492455766,100,100,100,100,100,1,56234,50
0.0025,100,100,100,100.0025,100.0025,1,56234,50
0.0095,100,100,100,100.0095,100.0095,1,56234,50
5e-04,100,100,100,100.0005,100.0005,1,56234,50
0.0775719401426613,100,100,100,100,100,1,56234,50
0.804103068076074,100,100,100,100,100,1,56234,50
5e-04,100,100,100,100.0005,100.0005,1,56234,50
0.732703735586256,100,100,100,100,100,1,56234,50
5e-04,100,100,100,100.0005,100.0005,1,56234,50
5e-04,100,100,100,100.0005,100.0005,1,56234,50
0.231855296064168,100,100,100,100,100,1,56234,50
0.0015,100,100,100,100.0015,100.0015,1,56234,50
0.409043478546664,100,100,100,100,100,1,56234,50
0.624028187710792,100,100,100,100,100,1,56234,50
0.259642106946558,100,100,100,100,100,1,56234,50
0.513997889822349,100,100,100,100,100,1,56234,50
0.747259792406112,100,100,100,100,100,1,56234,50
0.0015,100,100,100,100.0015,100.0015,1,56234,50
0.0513702896423638,100,100,100,100,100,1,56234,50
0.0511481647845358,100,100,100,100,100,1,56234,50
0.0015,100,100,100,100.0015,100.0015,1,56234,50
0.404764366801828,100,100,100,100,100,1,56234,50
0.534527629148215,100,100,100,100,100,1,56234,50
0.266683759866282,100,100,100,100,100,1,56234,50
0.003,100,100,100,100.003,100.003,1,56234,50
0.779721647500992,100,100,100,100,100,1,56234,50
0.909840143751353,100,100,100,100,100,1,56234,50
5e-04,100,100,100,100.0005,100.0005,1,56234,50
0.54323013452813,100,100,100,100,100,1,56234,50
0.001,100,100,100,100.001,100.001,1,56234,50
0.0171771883033216,100,100,100,100,100,1,56234,50
0.851225957041606,100,100,100,100,100,1,56234,50
0.364,100,100,100,100.364,99.364,1,56234,50
0.39973384863697,100,100,100,100,100,1,56234,50
5e-04,100,100,100,100.0005,100.0005,1,56234,50
0.017,100,100,100,100.017,100.017,1,56234,50
0.0045,100,100,100,100.0045,100.0045,1,56234,50
0.526085176737979,100,100,100,100,100,1,56234,50
0.001,100,100,100,100.001,100.001,1,56234,50
0.654372693970799,100,100,100,100,100,1,56234,50
0.001,100,100,100,100.001,100.001,1,56234,50
5e-04,100,100,100,100.0005,100.0005,1,56234,50
5e-04,100,100,100,100.0005,100.0005,1,56234,50
0.16911280201748,100,100,100,100,100,1,56234,50
0.0525,100,100,100,100.0525,99.0525,1,56234,50
0.405529560521245,100,100,100,100,100,1,56234,50
0.202168211573735,100,100,100,100,100,1,56234,50
0.005,100,100,100,100.005,100.005,1,56234,50
0.709242685465142,100,100,100,100,100,1,56234,50
0.423346213297918,100,100,100,100,100,1,56234,50
