"p","truediv","chaoest","obsD","upper","lower","l","inds","reps"
0.05,100,100,100,100.05,99.05,1,56234,50
0.687335172668099,100,100,100,100,100,1,56234,50
0.003,100,100,100,100.003,100.003,1,56234,50
0.540903692133725,100,100,100,100,100,1,56234,50
5e-04,100,100,100,100.0005,100.0005,1,56234,50
0.002,100,100,100,100.002,100.002,1,56234,50
0.001,100,100,100,100.001,100.001,1,56234,50
0.0055,100,100,100,100.0055,100.0055,1,56234,50
0.005,100,100,100,100.005,100.005,1,56234,50
5e-04,100,100,100,100.0005,100.0005,1,56234,50
0.006,100,100,100,100.006,100.006,1,56234,50
0.163888923823833,100,100,100,100,100,1,56234,50
0.357112961588427,100,100,100,100,100,1,56234,50
0.82089062826708,100,100,100,100,100,1,56234,50
0.0775,100,100,100,100.548991633176,99.0490005245937,1,56234,50
0.843866455601528,100,100,100,100,100,1,56234,50
5e-04,100,100,100,100.0005,100.0005,1,56234,50
5e-04,100,100,100,100.0005,100.0005,1,56234,50
0.003,100,100,100,100.003,100.003,1,56234,50
0.0945865176618099,100,100,100,100,100,1,56234,50
0.930268966592848,100,100,100,100,100,1,56234,50
0.955104921944439,100,100,100,100,100,1,56234,50
0.258478242903948,100,100,100,100,100,1,56234,50
0.001,100,100,100,100.001,100.001,1,56234,50
0.428869936848059,100,100,100,100,100,1,56234,50
5e-04,100,100,100,100.0005,100.0005,1,56234,50
0.883818275062367,100,100,100,100,100,1,56234,50
0.01,100,100,100,100.01,100.01,1,56234,50
0.632499433355406,100,100,100,100,100,1,56234,50
0.0025,100,100,100,100.0025,100.0025,1,56234,50
0.001,100,100,100,100.001,100.001,1,56234,50
0.245027605909854,100,100,100,100,100,1,56234,50
0.154,100,100,100,100.154,99.154,1,56234,50
0.444113029865548,100,100,100,100,100,1,56234,50
5e-04,100,100,100,100.0005,100.0005,1,56234,50
0.478500140365213,100,100,100,100,100,1,56234,50
0.001,100,100,100,100.001,100.001,1,56234,50
0.001,100,100,100,100.001,100.001,1,56234,50
0.216836825478822,100,100,100,100,100,1,56234,50
0.001,100,100,100,100.001,100.001,1,56234,50
0.001,100,100,100,100.001,100.001,1,56234,50
0.842228072462603,100,100,100,100,100,1,56234,50
0.0175,100,100,100,100.0175,100.0175,1,56234,50
0.003,100,100,100,100.003,100.003,1,56234,50
5e-04,100,100,100,100.0005,100.0005,1,56234,50
0.0015,100,100,100,100.0015,100.0015,1,56234,50
0.400776506634429,100,100,100,100,100,1,56234,50
0.768772731302306,100,100,100,100,100,1,56234,50
0.520722271408886,100,100,100,100,100,1,56234,50
0.528362452983856,100,100,100,100,100,1,56234,50
