"p","truediv","chaoest","obsD","upper","lower","l","inds","reps"
5e-04,100,100,100,100.0005,100.0005,1,56234,50
0.353118110215291,100,100,100,100,100,1,56234,50
0.994765042327344,100,100,100,100,100,1,56234,50
0.0696864027995616,100,100,100,100,100,1,56234,50
0.003,100,100,100,100.003,100.003,1,56234,50
0.345586927840486,100,100,100,100,100,1,56234,50
0.198767669731751,100,100,100,100,100,1,56234,50
5e-04,100,100,100,100.0005,100.0005,1,56234,50
0.78560663969256,100,100,100,100,100,1,56234,50
0.248849959345534,100,100,100,100,100,1,56234,50
0.001,100,100,100,100.001,100.001,1,56234,50
0.0015,100,100,100,100.0015,100.0015,1,56234,50
0.595530402380973,100,100,100,100,100,1,56234,50
0.479488531127572,100,100,100,100,100,1,56234,50
0.949505776166916,100,100,100,100,100,1,56234,50
0.0025,100,100,100,100.0025,100.0025,1,56234,50
0.564704295713454,100,100,100,100,100,1,56234,50
0.003,100,100,100,100.003,100.003,1,56234,50
0.0095,100,100,100,100.009250004446,100.009250004446,1,56234,50
0.99740626802668,100,100,100,100,100,1,56234,50
0.87901413673535,100,100,100,100,100,1,56234,50
0.003,100,100,100,100.003,100.003,1,56234,50
0.007,100,100,100,100.007,100.007,1,56234,50
0.244146514683962,100,100,100,100,100,1,56234,50
0.149709835881367,100,100,100,100,100,1,56234,50
5e-04,100,100,100,100.0005,100.0005,1,56234,50
0.050375513266772,100,100,100,100,100,1,56234,50
5e-04,100,100,100,100.0005,100.0005,1,56234,50
5e-04,100,100,100,100.0005,100.0005,1,56234,50
0.0585,100,100,100,100.058250004446,99.0582500044457,1,56234,50
5e-04,100,100,100,100.0005,100.0005,1,56234,50
5e-04,100,100,100,100.0005,100.0005,1,56234,50
0.200518453493714,100,100,100,100,100,1,56234,50
5e-04,100,100,100,100.0005,100.0005,1,56234,50
0.0065,100,100,100,100.0065,100.0065,1,56234,50
0.86639520782046,100,100,100,100,100,1,56234,50
0.547936351271346,100,100,100,100,100,1,56234,50
0.0015,100,100,100,100.0015,100.0015,1,56234,50
0.0015,100,100,100,100.0015,100.0015,1,56234,50
5e-04,100,100,100,100.0005,100.0005,1,56234,50
0.0045,100,100,100,100.0045,100.0045,1,56234,50
0.0015,100,100,100,100.0015,100.0015,1,56234,50
0.004,100,100,100,100.003500008891,100.003500008891,1,56234,50
0.001,100,100,100,100.001,100.001,1,56234,50
0.02,100,100,100,100.02,100.02,1,56234,50
0.092063169227913,100,100,100,100,100,1,56234,50
0.014,100,100,100,100.014,100.014,1,56234,50
0.0065,100,100,100,100.0065,100.0065,1,56234,50
0.933620271040127,100,100,100,100,100,1,56234,50
0.001,100,100,100,100.001,100.001,1,56234,50
