"p","truediv","chaoest","obsD","upper","lower","l","inds","reps"
0.2478179957252,100,100,100,100,100,1,56234,50
0.003,100,100,100,100.003,100.003,1,56234,50
0.002,100,100,100,100.002,100.002,1,56234,50
0.597978930687532,100,100,100,100,100,1,56234,50
0.69810937368311,100,100,100,100,100,1,56234,50
0.0045,100,100,100,100.0045,100.0045,1,56234,50
0.026,100,100,100,100.026,99.026,1,56234,50
0.751195606542751,100,100,100,100,100,1,56234,50
0.019,100,100,100,100.019,100.019,1,56234,50
0.202360782539472,100,100,100,100,100,1,56234,50
5e-04,100,100,100,100.0005,100.0005,1,56234,50
0.450106420787051,100,100,100,100,100,1,56234,50
0.1305,100,100,100,100.127750048903,99.1277500489028,1,56234,50
5e-04,100,100,100,100.0005,100.0005,1,56234,50
0.906135172350332,100,100,100,100,100,1,56234,50
0.272051961394027,100,100,100,100,100,1,56234,50
0.544466690858826,100,100,100,100,100,1,56234,50
5e-04,100,100,100,100.0005,100.0005,1,56234,50
0.417154025519267,100,100,100,100,100,1,56234,50
0.83882367820479,100,100,100,100,100,1,56234,50
0.0015,100,100,100,100.0015,100.0015,1,56234,50
0.112501763505861,100,100,100,100,100,1,56234,50
0.960411802399904,100,100,100,100,100,1,56234,50
0.0305002299137414,100,100,100,100,100,1,56234,50
0.0025,100,100,100,100.0025,100.0025,1,56234,50
0.896893322933465,100,100,100,100,100,1,56234,50
0.007,100,100,100,100.007,100.007,1,56234,50
0.0165,100,100,100,100.0165,100.0165,1,56234,50
0.0015,100,100,100,100.0015,100.0015,1,56234,50
5e-04,100,100,100,100.000250004446,100.000250004446,1,56234,50
0.001,100,100,100,100.001,100.001,1,56234,50
0.0115,100,100,100,100.0115,100.0115,1,56234,50
0.213523413287476,100,100,100,100,100,1,56234,50
0.423829270293936,100,100,100,100,100,1,56234,50
5e-04,100,100,100,100.0005,100.0005,1,56234,50
0.0015,100,100,100,100.0015,100.0015,1,56234,50
0.0015,100,100,100,100.0015,100.0015,1,56234,50
5e-04,100,100,100,100.0005,100.0005,1,56234,50
0.006,100,100,100,100.006,100.006,1,56234,50
0.237767661456019,100,100,100,100,100,1,56234,50
5e-04,100,100,100,100.0005,100.0005,1,56234,50
0.581175084924325,100,100,100,100,100,1,56234,50
5e-04,100,100,100,100.0005,100.0005,1,56234,50
5e-04,100,100,100,100.0005,100.0005,1,56234,50
0.976542433723807,100,100,100,100,100,1,56234,50
0.0025,100,100,100,100.0025,100.0025,1,56234,50
0.001,100,100,100,100.001,100.001,1,56234,50
0.0035,100,100,100,100.0035,100.0035,1,56234,50
0.900264599593356,100,100,100,100,100,1,56234,50
0.003,100,100,100,100.003,100.003,1,56234,50
