"p","truediv","chaoest","obsD","upper","lower","l","inds","reps"
0.262440577615052,100,100,100,100,100,1,56234,50
5e-04,100,100,100,100.0005,100.0005,1,56234,50
0.003,100,100,100,100.003,100.003,1,56234,50
0.832398046739399,100,100,100,100,100,1,56234,50
0.659632432740182,100,100,100,100,100,1,56234,50
0.894544083625078,100,100,100,100,100,1,56234,50
5e-04,100,100,100,100.0005,100.0005,1,56234,50
0.43003464024514,100,100,100,100,100,1,56234,50
0.393685986287892,100,100,100,100,100,1,56234,50
0.0015,100,100,100,100.0015,100.0015,1,56234,50
0.046,100,100,100,100.045750004446,99.0457500044457,1,56234,50
0.566891723079607,100,100,100,100,100,1,56234,50
0.001,100,100,100,100.001,100.001,1,56234,50
0.007,100,100,100,100.007,100.007,1,56234,50
0.005,100,100,100,100.005,100.005,1,56234,50
0.910076535306871,100,100,100,100,100,1,56234,50
0.0015,100,100,100,100.0015,100.0015,1,56234,50
0.0025,100,100,100,100.0025,100.0025,1,56234,50
0.545921817887574,100,100,100,100,100,1,56234,50
0.470893848221749,100,100,100,100,100,1,56234,50
0.001,100,100,100,100.001,100.001,1,56234,50
0.576347725233063,100,100,100,100,100,1,56234,50
0.001,100,100,100,100.001,100.001,1,56234,50
5e-04,100,100,100,100.0005,100.0005,1,56234,50
0.001,100,100,100,100.001,100.001,1,56234,50
0.0195,100,100,100,100.0195,100.0195,1,56234,50
0.0045,100,100,100,100.0045,100.0045,1,56234,50
0.0055,100,100,100,100.0055,100.0055,1,56234,50
0.0917630847543478,100,100,100,100,100,1,56234,50
0.209690403658897,100,100,100,100,100,1,56234,50
0.186540855560452,100,100,100,100,100,1,56234,50
0.0376297712791711,100,100,100,100,100,1,56234,50
0.0015,100,100,100,100.0015,100.0015,1,56234,50
0.0196923338808119,100,100,100,100,100,1,56234,50
0.669490831205621,100,100,100,100,100,1,56234,50
0.0965885175392032,100,100,100,100,100,1,56234,50
5e-04,100,100,100,100.0005,100.0005,1,56234,50
5e-04,100,100,100,100.0005,100.0005,1,56234,50
5e-04,100,100,100,100.0005,100.0005,1,56234,50
0.952293595299125,100,100,100,100,100,1,56234,50
0.866883144248277,100,100,100,100,100,1,56234,50
0.173154209973291,100,100,100,100,100,1,56234,50
0.348268375266343,100,100,100,100,100,1,56234,50
0.002,100,100,100,100.002,100.002,1,56234,50
0.0565386640373617,100,100,100,100,100,1,56234,50
0.825931000057608,100,100,100,100,100,1,56234,50
0.480436219600961,100,100,100,100,100,1,56234,50
0.0412092774640769,100,100,100,100,100,1,56234,50
0.001,100,100,100,100.001,100.001,1,56234,50
0.222308796597645,100,100,100,100,100,1,56234,50
