"p","truediv","chaoest","obsD","upper","lower","l","inds","reps"
0.21427433937788,100,100,100,100,100,1,56234,50
0.006,100,100,100,100.006,100.006,1,56234,50
0.044,100,100,100,100.044,99.044,1,56234,50
0.0055,100,100,100,100.0055,100.0055,1,56234,50
0.492880800273269,100,100,100,100,100,1,56234,50
0.001,100,100,100,100.001,100.001,1,56234,50
0.001,100,100,100,100.001,100.001,1,56234,50
5e-04,100,100,100,100.0005,100.0005,1,56234,50
0.951959412079304,100,100,100,100,100,1,56234,50
0.0025,100,100,100,100.0025,100.0025,1,56234,50
0.0045,100,100,100,100.0045,100.0045,1,56234,50
0.980984249617904,100,100,100,100,100,1,56234,50
0.97090184292756,100,100,100,100,100,1,56234,50
0.0015,100,100,100,100.0015,100.0015,1,56234,50
0.6703210468404,100,100,100,100,100,1,56234,50
5e-04,100,100,100,100.0005,100.0005,1,56234,50
0.896148514933884,100,100,100,100,100,1,56234,50
0.0015,100,100,100,100.0015,100.0015,1,56234,50
0.76114256773144,100,100,100,100,100,1,56234,50
0.0045,100,100,100,100.0045,100.0045,1,56234,50
0.636581340106204,100,100,100,100,100,1,56234,50
0.416541412472725,100,100,100,100,100,1,56234,50
0.899350226391107,100,100,100,100,100,1,56234,50
5e-04,100,100,100,100.0005,100.0005,1,56234,50
5e-04,100,100,100,100.0005,100.0005,1,56234,50
0.0015,100,100,100,100.0015,100.0015,1,56234,50
0.655609932728112,100,100,100,100,100,1,56234,50
0.13685127790086,100,100,100,100,100,1,56234,50
0.887148671085015,100,100,100,100,100,1,56234,50
0.875234834384173,100,100,100,100,100,1,56234,50
5e-04,100,100,100,100.0005,100.0005,1,56234,50
0.685756957158446,100,100,100,100,100,1,56234,50
0.270186909008771,100,100,100,100,100,1,56234,50
0.005,100,100,100,100.005,100.005,1,56234,50
0.023,100,100,100,100.023,100.023,1,56234,50
0.0025,100,100,100,100.0025,100.0025,1,56234,50
0.009,100,100,100,100.007000035566,100.007000035566,1,56234,50
5e-04,100,100,100,100.0005,100.0005,1,56234,50
0.682444027857855,100,100,100,100,100,1,56234,50
0.0525,100,100,100,100.0525,99.0525,1,56234,50
0.156018524663523,100,100,100,100,100,1,56234,50
0.775248311925679,100,100,100,100,100,1,56234,50
0.0075,100,100,100,100.0075,100.0075,1,56234,50
0.541823511244729,100,100,100,100,100,1,56234,50
0.836951755685732,100,100,100,100,100,1,56234,50
0.001,100,100,100,100.001,100.001,1,56234,50
0.290491336025298,100,100,100,100,100,1,56234,50
0.001,100,100,100,100.001,100.001,1,56234,50
0.001,100,100,100,100.001,100.001,1,56234,50
5e-04,100,100,100,100.0005,100.0005,1,56234,50
