"p","truediv","chaoest","obsD","upper","lower","l","inds","reps"
0.0015,100,100,100,100.0015,100.0015,1,56234,50
0.001,100,100,100,100.001,100.001,1,56234,50
0.0015,100,100,100,100.0015,100.0015,1,56234,50
0.0827103604096919,100,100,100,100,100,1,56234,50
0.135740951169282,100,100,100,100,100,1,56234,50
0.0025,100,100,100,100.0025,100.0025,1,56234,50
0.002,100,100,100,100.002,100.002,1,56234,50
5e-04,100,100,100,100.0005,100.0005,1,56234,50
0.729902564315125,100,100,100,100,100,1,56234,50
0.001,100,100,100,100.001,100.001,1,56234,50
0.1365,100,100,100,100.135500017783,99.1355000177828,1,56234,50
0.911420076852664,100,100,100,100,100,1,56234,50
0.600183150265366,100,100,100,100,100,1,56234,50
0.0015,100,100,100,100.0015,100.0015,1,56234,50
0.005,100,100,100,100.005,100.005,1,56234,50
5e-04,100,100,100,100.0005,100.0005,1,56234,50
5e-04,100,100,100,100.0005,100.0005,1,56234,50
0.788198336027563,100,100,100,100,100,1,56234,50
0.008,100,100,100,100.008,100.008,1,56234,50
5e-04,100,100,100,100.0005,100.0005,1,56234,50
0.408389090327546,100,100,100,100,100,1,56234,50
0.0292666852474213,100,100,100,100,100,1,56234,50
0.148939407430589,100,100,100,100,100,1,56234,50
0.0025,100,100,100,100.0025,100.0025,1,56234,50
0.625181228388101,100,100,100,100,100,1,56234,50
0.90563978580758,100,100,100,100,100,1,56234,50
0.018,100,100,100,100.018,100.018,1,56234,50
0.0025,100,100,100,100.0025,100.0025,1,56234,50
0.001,100,100,100,100.001,100.001,1,56234,50
0.37819947488606,100,100,100,100,100,1,56234,50
0.006,100,100,100,100.006,100.006,1,56234,50
0.011,100,100,100,100.008500044457,100.008500044457,1,56234,50
5e-04,100,100,100,100.0005,100.0005,1,56234,50
0.0765043734572828,100,100,100,100,100,1,56234,50
0.0838993473444134,100,100,100,100,100,1,56234,50
0.001,100,100,100,100.001,100.001,1,56234,50
0.0465,100,100,100,100.0465,99.0465,1,56234,50
0.0015,100,100,100,100.0015,100.0015,1,56234,50
0.459164008731022,100,100,100,100,100,1,56234,50
0.0105,100,100,100,100.0105,100.0105,1,56234,50
0.001,100,100,100,100.001,100.001,1,56234,50
0.805374614195898,100,100,100,100,100,1,56234,50
5e-04,100,100,100,100.0005,100.0005,1,56234,50
0.001,100,100,100,100.001,100.001,1,56234,50
0.615108657628298,100,100,100,100,100,1,56234,50
0.87289023399353,100,100,100,100,100,1,56234,50
0.0145,100,100,100,100.0145,100.0145,1,56234,50
5e-04,100,100,100,100.0005,100.0005,1,56234,50
0.0535,100,100,100,100.0535,99.0535,1,56234,50
0.018,100,100,100,100.018,100.018,1,56234,50
