"p","truediv","chaoest","obsD","upper","lower","l","inds","reps"
0.001,100,100,100,100.001,100.001,1,56234,50
0.001,100,100,100,100.001,100.001,1,56234,50
0.719267582520843,100,100,100,100,100,1,56234,50
0.001,100,100,100,100.001,100.001,1,56234,50
0.001,100,100,100,100.001,100.001,1,56234,50
5e-04,100,100,100,100.0005,100.0005,1,56234,50
0.510349886026233,100,100,100,100,100,1,56234,50
0.38366982806474,100,100,100,100,100,1,56234,50
0.00588575121946633,100,100,100,100,100,1,56234,50
0.695332989096642,100,100,100,100,100,1,56234,50
0.001,100,100,100,100.001,100.001,1,56234,50
5e-04,100,100,100,100.0005,100.0005,1,56234,50
0.805612974101678,100,100,100,100,100,1,56234,50
0.890769790392369,100,100,100,100,100,1,56234,50
0.503695320338011,100,100,100,100,100,1,56234,50
0.0025,100,100,100,100.0025,100.0025,1,56234,50
0.718920595943928,100,100,100,100,100,1,56234,50
0.001,100,100,100,100.001,100.001,1,56234,50
0.104237253777683,100,100,100,100,100,1,56234,50
0.392839504638687,100,100,100,100,100,1,56234,50
0.175145438639447,100,100,100,100,100,1,56234,50
0.393094577360898,100,100,100,100,100,1,56234,50
0.004,100,100,100,100.003750004446,100.003750004446,1,56234,50
0.805656604235992,100,100,100,100,100,1,56234,50
0.412378828739747,100,100,100,100,100,1,56234,50
0.158,100,100,100,101.10448319522,99.104500978056,1,56234,50
5e-04,100,100,100,100.0005,100.0005,1,56234,50
0.204406531061977,100,100,100,100,100,1,56234,50
0.338093641912565,100,100,100,100,100,1,56234,50
5e-04,100,100,100,100.0005,100.0005,1,56234,50
5e-04,100,100,100,100.0005,100.0005,1,56234,50
0.709335505729541,100,100,100,100,100,1,56234,50
5e-04,100,100,100,100.0005,100.0005,1,56234,50
5e-04,100,100,100,100.0005,100.0005,1,56234,50
5e-04,100,100,100,100.0005,100.0005,1,56234,50
0.430805147159845,100,100,100,100,100,1,56234,50
0.717043982353061,100,100,100,100,100,1,56234,50
5e-04,100,100,100,100.0005,100.0005,1,56234,50
0.0940788660664111,100,100,100,100,100,1,56234,50
0.004,100,100,100,100.004,100.004,1,56234,50
0.131,100,100,100,100.131,99.131,1,56234,50
0.003,100,100,100,100.003,100.003,1,56234,50
0.557739636860788,100,100,100,100,100,1,56234,50
0.905664515448734,100,100,100,100,100,1,56234,50
0.329593401635066,100,100,100,100,100,1,56234,50
0.0035,100,100,100,100.0035,100.0035,1,56234,50
0.0055,100,100,100,100.0055,100.0055,1,56234,50
0.01,100,100,100,100.01,100.01,1,56234,50
0.019,100,100,100,100.019,100.019,1,56234,50
0.433673170860857,100,100,100,100,100,1,56234,50
