"p","truediv","chaoest","obsD","upper","lower","l","inds","reps"
5e-04,100,100,100,100.0005,100.0005,1,56234,50
0.0015,100,100,100,100.0015,100.0015,1,56234,50
0.184712721733376,100,100,100,100,100,1,56234,50
0.559160480741411,100,100,100,100,100,1,56234,50
0.004,100,100,100,100.004,100.004,1,56234,50
0.006,100,100,100,100.006,100.006,1,56234,50
5e-04,100,100,100,100.0005,100.0005,1,56234,50
0.001,100,100,100,100.001,100.001,1,56234,50
0.007,100,100,100,100.007,100.007,1,56234,50
5e-04,100,100,100,100.0005,100.0005,1,56234,50
5e-04,100,100,100,100.0005,100.0005,1,56234,50
5e-04,100,100,100,100.0005,100.0005,1,56234,50
0.0785477817989886,100,100,100,100,100,1,56234,50
0.0015,100,100,100,100.0015,100.0015,1,56234,50
0.0495,100,100,100,100.0495,99.0495,1,56234,50
0.0145,100,100,100,100.0145,100.0145,1,56234,50
0.0025,100,100,100,100.0025,100.0025,1,56234,50
0.0115,100,100,100,100.0115,100.0115,1,56234,50
5e-04,100,100,100,100.0005,100.0005,1,56234,50
5e-04,100,100,100,100.0005,100.0005,1,56234,50
0.0025,100,100,100,100.0025,100.0025,1,56234,50
0.468666499247774,100,100,100,100,100,1,56234,50
5e-04,100,100,100,100.0005,100.0005,1,56234,50
0.864542559022084,100,100,100,100,100,1,56234,50
0.0395863708108664,100,100,100,100,100,1,56234,50
0.702379205962643,100,100,100,100,100,1,56234,50
0.378973639104515,100,100,100,100,100,1,56234,50
0.16143850539811,100,100,100,100,100,1,56234,50
0.0015,100,100,100,100.0015,100.0015,1,56234,50
0.0095,100,100,100,100.0095,100.0095,1,56234,50
5e-04,100,100,100,100.0005,100.0005,1,56234,50
0.011,100,100,100,100.011,100.011,1,56234,50
0.680019889958203,100,100,100,100,100,1,56234,50
0.003,100,100,100,100.003,100.003,1,56234,50
0.0485,100,100,100,100.0485,99.0485,1,56234,50
0.250565660884604,100,100,100,100,100,1,56234,50
0.004,100,100,100,100.004,100.004,1,56234,50
0.0015,100,100,100,100.0015,100.0015,1,56234,50
0.82519326871261,100,100,100,100,100,1,56234,50
0.642370018409565,100,100,100,100,100,1,56234,50
0.537712440360337,100,100,100,100,100,1,56234,50
0.0586552063468844,100,100,100,100,100,1,56234,50
0.942618075991049,100,100,100,100,100,1,56234,50
5e-04,100,100,100,100.0005,100.0005,1,56234,50
0.415792056592181,100,100,100,100,100,1,56234,50
0.463112111669034,100,100,100,100,100,1,56234,50
0.002,100,100,100,100.002,100.002,1,56234,50
0.0025,100,100,100,100.0025,100.0025,1,56234,50
0.1345,100,100,100,100.134250004446,99.1342500044457,1,56234,50
5e-04,100,100,100,100.0005,100.0005,1,56234,50
