"p","truediv","chaoest","obsD","upper","lower","l","inds","reps"
5e-04,100,100,100,100.0005,100.0005,1,56234,50
0.191174199804664,100,100,100,100,100,1,56234,50
0.86634058970958,100,100,100,100,100,1,56234,50
0.0035,100,100,100,100.0035,100.0035,1,56234,50
0.5659022226464,100,100,100,100,100,1,56234,50
0.844902432756498,100,100,100,100,100,1,56234,50
0.0015,100,100,100,100.0015,100.0015,1,56234,50
0.386236341902986,100,100,100,100,100,1,56234,50
0.044,100,100,100,100.044,99.044,1,56234,50
0.0015,100,100,100,100.0015,100.0015,1,56234,50
0.0281076498795301,100,100,100,100,100,1,56234,50
0.532484457828104,100,100,100,100,100,1,56234,50
0.006,100,100,100,100.006,100.006,1,56234,50
0.119485147297382,100,100,100,100,100,1,56234,50
0.0015,100,100,100,100.0015,100.0015,1,56234,50
0.0936512663029134,100,100,100,100,100,1,56234,50
0.577231373172253,100,100,100,100,100,1,56234,50
0.879272260703146,100,100,100,100,100,1,56234,50
0.001,100,100,100,100.001,100.001,1,56234,50
5e-04,100,100,100,100.0005,100.0005,1,56234,50
0.279545850120485,100,100,100,100,100,1,56234,50
5e-04,100,100,100,100.0005,100.0005,1,56234,50
0.005,100,100,100,100.005,100.005,1,56234,50
0.551059762947261,100,100,100,100,100,1,56234,50
0.793488509021699,100,100,100,100,100,1,56234,50
0.639791012741625,100,100,100,100,100,1,56234,50
0.208732495084405,100,100,100,100,100,1,56234,50
0.383458414813504,100,100,100,100,100,1,56234,50
0.0085,100,100,100,100.0085,100.0085,1,56234,50
0.510792619548738,100,100,100,100,100,1,56234,50
0.0417332963552326,100,100,100,100,100,1,56234,50
0.008,100,100,100,100.008,100.008,1,56234,50
0.001,100,100,100,100.001,100.001,1,56234,50
0.978996373713017,100,100,100,100,100,1,56234,50
0.423057582695037,100,100,100,100,100,1,56234,50
0.0015,100,100,100,100.0015,100.0015,1,56234,50
0.001,100,100,100,100.001,100.001,1,56234,50
5e-04,100,100,100,100.0005,100.0005,1,56234,50
0.001,100,100,100,100.001,100.001,1,56234,50
0.001,100,100,100,100.001,100.001,1,56234,50
0.0888480567373335,100,100,100,100,100,1,56234,50
0.540643808199093,100,100,100,100,100,1,56234,50
0.658614623593166,100,100,100,100,100,1,56234,50
0.0025,100,100,100,100.0025,100.0025,1,56234,50
0.003,100,100,100,100.003,100.003,1,56234,50
0.697563911788166,100,100,100,100,100,1,56234,50
0.837953238980845,100,100,100,100,100,1,56234,50
0.234410623088479,100,100,100,100,100,1,56234,50
5e-04,100,100,100,100.0005,100.0005,1,56234,50
5e-04,100,100,100,100.0005,100.0005,1,56234,50
