"p","truediv","chaoest","obsD","upper","lower","l","inds","reps"
0.001,100,100,100,100.001,100.001,1,1e+05,50
0.913734591798857,100,100,100,100,100,1,1e+05,50
0.433542599901557,100,100,100,100,100,1,1e+05,50
0.919705970678478,100,100,100,100,100,1,1e+05,50
0.678917954443023,100,100,100,100,100,1,1e+05,50
0.964013241231441,100,100,100,100,100,1,1e+05,50
0.987864503636956,100,100,100,100,100,1,1e+05,50
0.0253307071980089,100,100,100,100,100,1,1e+05,50
0.268534747650847,100,100,100,100,100,1,1e+05,50
5e-04,100,100,100,100.0005,100.0005,1,1e+05,50
0.655589491827413,100,100,100,100,100,1,1e+05,50
0.209112861193717,100,100,100,100,100,1,1e+05,50
0.22766118356958,100,100,100,100,100,1,1e+05,50
0.365013333270326,100,100,100,100,100,1,1e+05,50
5e-04,100,100,100,100.0005,100.0005,1,1e+05,50
0.744481530273333,100,100,100,100,100,1,1e+05,50
0.247957361862063,100,100,100,100,100,1,1e+05,50
0.006,100,100,100,100.006,100.006,1,1e+05,50
0.759599142242223,100,100,100,100,100,1,1e+05,50
0.981472589541227,100,100,100,100,100,1,1e+05,50
0.38773203920573,100,100,100,100,100,1,1e+05,50
0.326969872694463,100,100,100,100,100,1,1e+05,50
0.599830718245357,100,100,100,100,100,1,1e+05,50
5e-04,100,100,100,100.0005,100.0005,1,1e+05,50
0.879239531699568,100,100,100,100,100,1,1e+05,50
0.450353733031079,100,100,100,100,100,1,1e+05,50
0.569050087360665,100,100,100,100,100,1,1e+05,50
0.86614922597073,100,100,100,100,100,1,1e+05,50
0.400365906069055,100,100,100,100,100,1,1e+05,50
0.865506960079074,100,100,100,100,100,1,1e+05,50
0.029833926120773,100,100,100,100,100,1,1e+05,50
0.128542507300153,100,100,100,100,100,1,1e+05,50
0.347607456380501,100,100,100,100,100,1,1e+05,50
0.99712436250411,100,100,100,100,100,1,1e+05,50
0.160833323607221,100,100,100,100,100,1,1e+05,50
0.388486633077264,100,100,100,100,100,1,1e+05,50
5e-04,100,100,100,100.0005,100.0005,1,1e+05,50
0.891366438008845,100,100,100,100,100,1,1e+05,50
0.550427064066753,100,100,100,100,100,1,1e+05,50
0.113947280216962,100,100,100,100,100,1,1e+05,50
0.440149316098541,100,100,100,100,100,1,1e+05,50
0.113876904593781,100,100,100,100,100,1,1e+05,50
0.629711317829788,100,100,100,100,100,1,1e+05,50
0.344379288842902,100,100,100,100,100,1,1e+05,50
0.00867762742564082,100,100,100,100,100,1,1e+05,50
0.711902683833614,100,100,100,100,100,1,1e+05,50
0.268633151892573,100,100,100,100,100,1,1e+05,50
0.396066184854135,100,100,100,100,100,1,1e+05,50
0.940057777334005,100,100,100,100,100,1,1e+05,50
0.14100287668407,100,100,100,100,100,1,1e+05,50
