"p","truediv","chaoest","obsD","upper","lower","l","inds","reps"
5e-04,100,100,100,100.0005,100.0005,1,56234,50
0.05,100,100,100,100.05,99.05,1,56234,50
0.007,100,100,100,100.007,100.007,1,56234,50
0.001,100,100,100,100.001,100.001,1,56234,50
0.002,100,100,100,100.002,100.002,1,56234,50
0.002,100,100,100,100.002,100.002,1,56234,50
0.285200291313231,100,100,100,100,100,1,56234,50
0.001,100,100,100,100.001,100.001,1,56234,50
0.0015,100,100,100,100.0015,100.0015,1,56234,50
5e-04,100,100,100,100.0005,100.0005,1,56234,50
0.743566905613989,100,100,100,100,100,1,56234,50
0.191157732158899,100,100,100,100,100,1,56234,50
0.331585375359282,100,100,100,100,100,1,56234,50
0.002,100,100,100,100.002,100.002,1,56234,50
0.0045,100,100,100,100.0045,100.0045,1,56234,50
0.996284654131159,100,100,100,100,100,1,56234,50
0.306566386017948,100,100,100,100,100,1,56234,50
0.715907719917595,100,100,100,100,100,1,56234,50
0.005,100,100,100,100.005,100.005,1,56234,50
0.004,100,100,100,100.004,100.004,1,56234,50
0.0055,100,100,100,100.0055,100.0055,1,56234,50
0.537251868518069,100,100,100,100,100,1,56234,50
0.85898574325256,100,100,100,100,100,1,56234,50
0.001,100,100,100,100.001,100.001,1,56234,50
0.0065,100,100,100,100.0065,100.0065,1,56234,50
5e-04,100,100,100,100.0005,100.0005,1,56234,50
0.336501706624404,100,100,100,100,100,1,56234,50
0.48607618175447,100,100,100,100,100,1,56234,50
0.001,100,100,100,100.001,100.001,1,56234,50
0.926945955958217,100,100,100,100,100,1,56234,50
5e-04,100,100,100,100.0005,100.0005,1,56234,50
0.412731332937256,100,100,100,100,100,1,56234,50
5e-04,100,100,100,100.0005,100.0005,1,56234,50
5e-04,100,100,100,100.0005,100.0005,1,56234,50
0.376399930100888,100,100,100,100,100,1,56234,50
0.002,100,100,100,100.002,100.002,1,56234,50
0.758146369596943,100,100,100,100,100,1,56234,50
0.005,100,100,100,100.005,100.005,1,56234,50
0.001,100,100,100,100.001,100.001,1,56234,50
0.219063527649269,100,100,100,100,100,1,56234,50
0.0025,100,100,100,100.0025,100.0025,1,56234,50
0.645349475555122,100,100,100,100,100,1,56234,50
0.0075,100,100,100,100.0075,100.0075,1,56234,50
0.004,100,100,100,100.004,100.004,1,56234,50
0.641806782223284,100,100,100,100,100,1,56234,50
5e-04,100,100,100,100.0005,100.0005,1,56234,50
5e-04,100,100,100,100.0005,100.0005,1,56234,50
0.0025,100,100,100,100.0025,100.0025,1,56234,50
0.0025,100,100,100,100.0025,100.0025,1,56234,50
0.0025,100,100,100,100.0025,100.0025,1,56234,50
