"p","truediv","chaoest","obsD","upper","lower","l","inds","reps"
5e-04,100,100,100,100.0005,100.0005,1,56234,50
0.0155,100,100,100,100.0155,100.0155,1,56234,50
0.0115,100,100,100,100.0115,100.0115,1,56234,50
5e-04,100,100,100,100.0005,100.0005,1,56234,50
0.936919412575662,100,100,100,100,100,1,56234,50
5e-04,100,100,100,100.0005,100.0005,1,56234,50
5e-04,100,100,100,100.0005,100.0005,1,56234,50
5e-04,100,100,100,100.0005,100.0005,1,56234,50
0.751187086105347,100,100,100,100,100,1,56234,50
0.203508802223951,100,100,100,100,100,1,56234,50
0.287871899548918,100,100,100,100,100,1,56234,50
5e-04,100,100,100,100.0005,100.0005,1,56234,50
0.008,100,100,100,100.008,100.008,1,56234,50
0.0215,100,100,100,100.0215,100.0215,1,56234,50
5e-04,100,100,100,100.0005,100.0005,1,56234,50
0.0025,100,100,100,100.0025,100.0025,1,56234,50
0.362902044318616,100,100,100,100,100,1,56234,50
0.873175996821374,100,100,100,100,100,1,56234,50
0.0035,100,100,100,100.0035,100.0035,1,56234,50
0.0015,100,100,100,100.0015,100.0015,1,56234,50
0.508941704872996,100,100,100,100,100,1,56234,50
0.704288336914033,100,100,100,100,100,1,56234,50
0.536786248441786,100,100,100,100,100,1,56234,50
0.804073645733297,100,100,100,100,100,1,56234,50
0.993988470407203,100,100,100,100,100,1,56234,50
0.01,100,100,100,100.009750004446,100.009750004446,1,56234,50
0.015,100,100,100,100.015,100.015,1,56234,50
0.412269519409165,100,100,100,100,100,1,56234,50
0.751564948353916,100,100,100,100,100,1,56234,50
0.870648985728621,100,100,100,100,100,1,56234,50
0.0035,100,100,100,100.0035,100.0035,1,56234,50
0.0055,100,100,100,100.0055,100.0055,1,56234,50
0.001,100,100,100,100.001,100.001,1,56234,50
0.608612571144477,100,100,100,100,100,1,56234,50
0.592085165670142,100,100,100,100,100,1,56234,50
0.247950857272372,100,100,100,100,100,1,56234,50
0.980215942021459,100,100,100,100,100,1,56234,50
0.803607744397596,100,100,100,100,100,1,56234,50
0.0015,100,100,100,100.0015,100.0015,1,56234,50
0.575544497696683,100,100,100,100,100,1,56234,50
5e-04,100,100,100,100.0005,100.0005,1,56234,50
0.685784899163991,100,100,100,100,100,1,56234,50
0.587819593260065,100,100,100,100,100,1,56234,50
0.017,100,100,100,100.017,100.017,1,56234,50
0.019,100,100,100,100.018500008891,100.018500008891,1,56234,50
0.0015,100,100,100,100.0015,100.0015,1,56234,50
0.902702811406925,100,100,100,100,100,1,56234,50
0.0245,100,100,100,100.0245,100.0245,1,56234,50
0.463064880808815,100,100,100,100,100,1,56234,50
0.745213304180652,100,100,100,100,100,1,56234,50
