"p","truediv","chaoest","obsD","upper","lower","l","inds","reps"
0.45577227906324,100,100,100,100,100,1,56234,50
0.0937629241961986,100,100,100,100,100,1,56234,50
0.798455094685778,100,100,100,100,100,1,56234,50
0.779950055526569,100,100,100,100,100,1,56234,50
0.113800591323525,100,100,100,100,100,1,56234,50
0.003,100,100,100,100.003,100.003,1,56234,50
0.0165,100,100,100,100.0165,100.0165,1,56234,50
0.007,100,100,100,100.007,100.007,1,56234,50
0.212629402987659,100,100,100,100,100,1,56234,50
0.004,100,100,100,100.004,100.004,1,56234,50
0.1345,100,100,100,100.1345,99.1345,1,56234,50
0.127114581177011,100,100,100,100,100,1,56234,50
0.0225,100,100,100,100.021250022229,100.021250022229,1,56234,50
0.951144928112626,100,100,100,100,100,1,56234,50
0.001,100,100,100,100.001,100.001,1,56234,50
5e-04,100,100,100,100.0005,100.0005,1,56234,50
0.319465368753299,100,100,100,100,100,1,56234,50
0.939693335443735,100,100,100,100,100,1,56234,50
0.008,100,100,100,100.008,100.008,1,56234,50
0.001,100,100,100,100.001,100.001,1,56234,50
0.0222987420856953,100,100,100,100,100,1,56234,50
0.360679996199906,100,100,100,100,100,1,56234,50
0.0177153595723212,100,100,100,100,100,1,56234,50
0.0733155442867428,100,100,100,100,100,1,56234,50
0.485362452222034,100,100,100,100,100,1,56234,50
0.242644269485027,100,100,100,100,100,1,56234,50
0.0035,100,100,100,100.0035,100.0035,1,56234,50
5e-04,100,100,100,100.0005,100.0005,1,56234,50
5e-04,100,100,100,100.0005,100.0005,1,56234,50
0.547297704964876,100,100,100,100,100,1,56234,50
5e-04,100,100,100,100.0005,100.0005,1,56234,50
0.001,100,100,100,100.001,100.001,1,56234,50
0.343831034842879,100,100,100,100,100,1,56234,50
0.339018163504079,100,100,100,100,100,1,56234,50
0.004,100,100,100,100.004,100.004,1,56234,50
0.140144047793001,100,100,100,100,100,1,56234,50
0.0065,100,100,100,100.0065,100.0065,1,56234,50
0.650210761465132,100,100,100,100,100,1,56234,50
0.351732859620824,100,100,100,100,100,1,56234,50
0.570514221442863,100,100,100,100,100,1,56234,50
5e-04,100,100,100,100.0005,100.0005,1,56234,50
0.217131091514602,100,100,100,100,100,1,56234,50
0.223793053766713,100,100,100,100,100,1,56234,50
0.980677763698623,100,100,100,100,100,1,56234,50
0.0235,100,100,100,100.0235,100.0235,1,56234,50
0.915882697328925,100,100,100,100,100,1,56234,50
0.665520199807361,100,100,100,100,100,1,56234,50
0.0015,100,100,100,100.0015,100.0015,1,56234,50
0.004,100,100,100,100.004,100.004,1,56234,50
0.280910057248548,100,100,100,100,100,1,56234,50
