"p","truediv","chaoest","obsD","upper","lower","l","inds","reps"
0.009,100,100,100,100.009,100.009,1,56234,50
0.0065,100,100,100,100.0065,100.0065,1,56234,50
0.0015,100,100,100,100.0015,100.0015,1,56234,50
0.001,100,100,100,100.001,100.001,1,56234,50
0.705055650323629,100,100,100,100,100,1,56234,50
0.00740616815164685,100,100,100,100,100,1,56234,50
0.865142182912678,100,100,100,100,100,1,56234,50
0.0511504118330777,100,100,100,100,100,1,56234,50
0.0045,100,100,100,100.0045,100.0045,1,56234,50
0.198692231439054,100,100,100,100,100,1,56234,50
0.001,100,100,100,100.001,100.001,1,56234,50
0.0035,100,100,100,100.0035,100.0035,1,56234,50
0.3635,100,100,100,100.3635,99.3635,1,56234,50
0.002,100,100,100,100.002,100.002,1,56234,50
0.058,100,100,100,100.05625003112,99.05625003112,1,56234,50
0.15056961379014,100,100,100,100,100,1,56234,50
0.523401146987453,100,100,100,100,100,1,56234,50
0.257708081044257,100,100,100,100,100,1,56234,50
0.411514796782285,100,100,100,100,100,1,56234,50
0.703383095562458,100,100,100,100,100,1,56234,50
0.0045,100,100,100,100.0045,100.0045,1,56234,50
0.0015,100,100,100,100.0015,100.0015,1,56234,50
0.590185085311532,100,100,100,100,100,1,56234,50
0.129030274460092,100,100,100,100,100,1,56234,50
0.170810529496521,100,100,100,100,100,1,56234,50
0.001,100,100,100,100.001,100.001,1,56234,50
0.002,100,100,100,100.002,100.002,1,56234,50
0.525754336733371,100,100,100,100,100,1,56234,50
0.003,100,100,100,100.003,100.003,1,56234,50
0.65375122288242,100,100,100,100,100,1,56234,50
0.0025,100,100,100,100.0025,100.0025,1,56234,50
0.828134010545909,100,100,100,100,100,1,56234,50
0.635470025707036,100,100,100,100,100,1,56234,50
0.160652033984661,100,100,100,100,100,1,56234,50
0.05,100,100,100,100.05,99.05,1,56234,50
0.0214914705138654,100,100,100,100,100,1,56234,50
0.261835063109174,100,100,100,100,100,1,56234,50
0.221088384510949,100,100,100,100,100,1,56234,50
0.004,100,100,100,100.004,100.004,1,56234,50
0.807503735413775,100,100,100,100,100,1,56234,50
0.479357676813379,100,100,100,100,100,1,56234,50
0.001,100,100,100,100.001,100.001,1,56234,50
0.631592204095796,100,100,100,100,100,1,56234,50
0.003,100,100,100,100.003,100.003,1,56234,50
0.0035,100,100,100,100.0035,100.0035,1,56234,50
0.0015,100,100,100,100.0015,100.0015,1,56234,50
0.36221988662146,100,100,100,100,100,1,56234,50
0.928910540184006,100,100,100,100,100,1,56234,50
0.005,100,100,100,100.005,100.005,1,56234,50
0.0075,100,100,100,100.007250004446,100.007250004446,1,56234,50
