"p","truediv","chaoest","obsD","upper","lower","l","inds","reps"
0.672610595356673,100,100,100,100,100,1,56234,50
0.0075,100,100,100,100.0075,100.0075,1,56234,50
0.958789132302627,100,100,100,100,100,1,56234,50
5e-04,100,100,100,100.0005,100.0005,1,56234,50
5e-04,100,100,100,100.0005,100.0005,1,56234,50
5e-04,100,100,100,100.0005,100.0005,1,56234,50
0.337440355680883,100,100,100,100,100,1,56234,50
0.243239231640473,100,100,100,100,100,1,56234,50
0.0025,100,100,100,100.0025,100.0025,1,56234,50
0.836821113014594,100,100,100,100,100,1,56234,50
0.513113896828145,100,100,100,100,100,1,56234,50
0.325152005534619,100,100,100,100,100,1,56234,50
0.991280333371833,100,100,100,100,100,1,56234,50
0.001,100,100,100,100.001,100.001,1,56234,50
5e-04,100,100,100,100.0005,100.0005,1,56234,50
0.42960769077763,100,100,100,100,100,1,56234,50
5e-04,100,100,100,100.0005,100.0005,1,56234,50
0.054,100,100,100,100.054,99.054,1,56234,50
0.760883945040405,100,100,100,100,100,1,56234,50
5e-04,100,100,100,100.0005,100.0005,1,56234,50
0.003,100,100,100,100.003,100.003,1,56234,50
0.859251399291679,100,100,100,100,100,1,56234,50
0.0025,100,100,100,100.001500017783,100.001500017783,1,56234,50
0.907070354092866,100,100,100,100,100,1,56234,50
5e-04,100,100,100,100.0005,100.0005,1,56234,50
0.929363129194826,100,100,100,100,100,1,56234,50
0.279012277489528,100,100,100,100,100,1,56234,50
0.46781680569984,100,100,100,100,100,1,56234,50
0.0195,100,100,100,100.0195,100.0195,1,56234,50
0.023,100,100,100,100.023,100.023,1,56234,50
0.924319066107273,100,100,100,100,100,1,56234,50
0.0035,100,100,100,100.0035,100.0035,1,56234,50
5e-04,100,100,100,100.0005,100.0005,1,56234,50
0.0781575837172568,100,100,100,100,100,1,56234,50
0.0015,100,100,100,100.0015,100.0015,1,56234,50
0.528417567024007,100,100,100,100,100,1,56234,50
0.0105,100,100,100,100.0105,100.0105,1,56234,50
0.001,100,100,100,100.001,100.001,1,56234,50
0.402028428390622,100,100,100,100,100,1,56234,50
5e-04,100,100,100,100.0005,100.0005,1,56234,50
0.564158627763391,100,100,100,100,100,1,56234,50
0.0015,100,100,100,100.0015,100.0015,1,56234,50
0.0045,100,100,100,100.0045,100.0045,1,56234,50
0.45827914471738,100,100,100,100,100,1,56234,50
0.369528494309634,100,100,100,100,100,1,56234,50
0.213022836716846,100,100,100,100,100,1,56234,50
0.0015,100,100,100,100.0015,100.0015,1,56234,50
0.974207314895466,100,100,100,100,100,1,56234,50
0.002,100,100,100,100.002,100.002,1,56234,50
0.0804816111922264,100,100,100,100,100,1,56234,50
