"p","truediv","chaoest","obsD","upper","lower","l","inds","reps"
0.126,100,100,100,100.126,99.126,1,56234,50
0.424067043466493,100,100,100,100,100,1,56234,50
0.624822737183422,100,100,100,100,100,1,56234,50
0.021,100,100,100,100.020750004446,100.020750004446,1,56234,50
0.333972776541486,100,100,100,100,100,1,56234,50
0.394195588538423,100,100,100,100,100,1,56234,50
0.198658980429173,100,100,100,100,100,1,56234,50
0.797300287755206,100,100,100,100,100,1,56234,50
0.688592876773328,100,100,100,100,100,1,56234,50
0.762536936439574,100,100,100,100,100,1,56234,50
0.683486094465479,100,100,100,100,100,1,56234,50
5e-04,100,100,100,100.0005,100.0005,1,56234,50
0.574418108444661,100,100,100,100,100,1,56234,50
0.514052100479603,100,100,100,100,100,1,56234,50
5e-04,100,100,100,100.0005,100.0005,1,56234,50
0.1245,100,100,100,100.1245,99.1245,1,56234,50
0.048,100,100,100,100.048,99.048,1,56234,50
0.568183396942914,100,100,100,100,100,1,56234,50
0.437170091317967,100,100,100,100,100,1,56234,50
0.0155,100,100,100,100.0155,100.0155,1,56234,50
0.0821907045319676,100,100,100,100,100,1,56234,50
0.516795135568827,100,100,100,100,100,1,56234,50
5e-04,100,100,100,100.0005,100.0005,1,56234,50
0.135,100,100,100,100.135,99.135,1,56234,50
0.0045,100,100,100,100.0045,100.0045,1,56234,50
0.576423411024734,100,100,100,100,100,1,56234,50
5e-04,100,100,100,100.0005,100.0005,1,56234,50
0.307181368116289,100,100,100,100,100,1,56234,50
0.963063918286934,100,100,100,100,100,1,56234,50
5e-04,100,100,100,100.0005,100.0005,1,56234,50
0.82785253925249,100,100,100,100,100,1,56234,50
0.0045,100,100,100,100.0045,100.0045,1,56234,50
5e-04,100,100,100,100.0005,100.0005,1,56234,50
0.909204698633403,100,100,100,100,100,1,56234,50
0.006,100,100,100,100.006,100.006,1,56234,50
0.0225,100,100,100,100.0225,100.0225,1,56234,50
5e-04,100,100,100,100.0005,100.0005,1,56234,50
0.567155158612877,100,100,100,100,100,1,56234,50
5e-04,100,100,100,100.0005,100.0005,1,56234,50
0.87457134691067,100,100,100,100,100,1,56234,50
0.85175558575429,100,100,100,100,100,1,56234,50
0.608587815193459,100,100,100,100,100,1,56234,50
5e-04,100,100,100,100.0005,100.0005,1,56234,50
0.0195,100,100,100,100.0195,100.0195,1,56234,50
0.0607406529597938,100,100,100,100,100,1,56234,50
0.0015,100,100,100,100.0015,100.0015,1,56234,50
0.556206576293334,100,100,100,100,100,1,56234,50
5e-04,100,100,100,100.0005,100.0005,1,56234,50
0.221667293692008,100,100,100,100,100,1,56234,50
0.340760612627491,100,100,100,100,100,1,56234,50
