"p","truediv","chaoest","obsD","upper","lower","l","inds","reps"
5e-04,100,100,100,100.0005,100.0005,1,56234,50
5e-04,100,100,100,100.0005,100.0005,1,56234,50
5e-04,100,100,100,100.0005,100.0005,1,56234,50
0.886920830234885,100,100,100,100,100,1,56234,50
0.393431368283927,100,100,100,100,100,1,56234,50
0.763270382303745,100,100,100,100,100,1,56234,50
0.93060217355378,100,100,100,100,100,1,56234,50
0.0015,100,100,100,100.0015,100.0015,1,56234,50
0.693552661221474,100,100,100,100,100,1,56234,50
0.648503535892814,100,100,100,100,100,1,56234,50
0.874784302664921,100,100,100,100,100,1,56234,50
0.199578487547114,100,100,100,100,100,1,56234,50
0.236574941314757,100,100,100,100,100,1,56234,50
5e-04,100,100,100,100.0005,100.0005,1,56234,50
0.0015,100,100,100,100.0015,100.0015,1,56234,50
0.0075,100,100,100,100.0075,100.0075,1,56234,50
5e-04,100,100,100,100.0005,100.0005,1,56234,50
0.694375562714413,100,100,100,100,100,1,56234,50
0.472418006276712,100,100,100,100,100,1,56234,50
0.567956906976178,100,100,100,100,100,1,56234,50
0.80961817339994,100,100,100,100,100,1,56234,50
0.297945672180504,100,100,100,100,100,1,56234,50
5e-04,100,100,100,100.0005,100.0005,1,56234,50
5e-04,100,100,100,100.0005,100.0005,1,56234,50
0.390446613309905,100,100,100,100,100,1,56234,50
0.634801684180275,100,100,100,100,100,1,56234,50
0.769108421402052,100,100,100,100,100,1,56234,50
0.001,100,100,100,100.001,100.001,1,56234,50
0.0015,100,100,100,100.0015,100.0015,1,56234,50
0.276407257653773,100,100,100,100,100,1,56234,50
0.822164791403338,100,100,100,100,100,1,56234,50
0.006,100,100,100,100.006,100.006,1,56234,50
0.001,100,100,100,100.001,100.001,1,56234,50
0.0025,100,100,100,100.0025,100.0025,1,56234,50
0.0055,100,100,100,100.0055,100.0055,1,56234,50
0.0035,100,100,100,100.0035,100.0035,1,56234,50
0.999015924986452,100,100,100,100,100,1,56234,50
0.0185,100,100,100,100.0185,100.0185,1,56234,50
0.375399236101657,100,100,100,100,100,1,56234,50
0.0015,100,100,100,100.0015,100.0015,1,56234,50
0.003,100,100,100,100.002250013337,100.002250013337,1,56234,50
0.004,100,100,100,100.004,100.004,1,56234,50
0.38284315331839,100,100,100,100,100,1,56234,50
0.819164899876341,100,100,100,100,100,1,56234,50
0.96688609290868,100,100,100,100,100,1,56234,50
0.0055,100,100,100,100.0055,100.0055,1,56234,50
0.828584153670818,100,100,100,100,100,1,56234,50
0.42927967547439,100,100,100,100,100,1,56234,50
5e-04,100,100,100,100.0005,100.0005,1,56234,50
5e-04,100,100,100,100.0005,100.0005,1,56234,50
