"p","truediv","chaoest","obsD","upper","lower","l","inds","reps"
0.416606975952163,100,100,100,100,100,1,56234,50
0.007,100,100,100,100.007,100.007,1,56234,50
0.001,100,100,100,100.001,100.001,1,56234,50
0.0045,100,100,100,100.0045,100.0045,1,56234,50
0.0075,100,100,100,100.0075,100.0075,1,56234,50
0.201908974442631,100,100,100,100,100,1,56234,50
0.0025,100,100,100,100.0025,100.0025,1,56234,50
5e-04,100,100,100,100.0005,100.0005,1,56234,50
0.321723002707586,100,100,100,100,100,1,56234,50
0.0025,100,100,100,100.0025,100.0025,1,56234,50
0.005,100,100,100,100.005,100.005,1,56234,50
0.647936955792829,100,100,100,100,100,1,56234,50
0.269021173706278,100,100,100,100,100,1,56234,50
5e-04,100,100,100,100.0005,100.0005,1,56234,50
0.912647722754627,100,100,100,100,100,1,56234,50
5e-04,100,100,100,100.0005,100.0005,1,56234,50
0.0485,100,100,100,100.0485,99.0485,1,56234,50
0.671875551342964,100,100,100,100,100,1,56234,50
0.0545,100,100,100,100.0545,99.0545,1,56234,50
0.0743848967831582,100,100,100,100,100,1,56234,50
0.0224854846019298,100,100,100,100,100,1,56234,50
5e-04,100,100,100,100.0005,100.0005,1,56234,50
0.566868716850877,100,100,100,100,100,1,56234,50
0.0015,100,100,100,100.0015,100.0015,1,56234,50
0.0015,100,100,100,100.0015,100.0015,1,56234,50
0.009,100,100,100,100.009,100.009,1,56234,50
0.0015,100,100,100,100.0015,100.0015,1,56234,50
5e-04,100,100,100,100.0005,100.0005,1,56234,50
0.899394625565037,100,100,100,100,100,1,56234,50
0.932932595023885,100,100,100,100,100,1,56234,50
0.0065,100,100,100,100.0065,100.0065,1,56234,50
0.0890421962831169,100,100,100,100,100,1,56234,50
0.528565788874403,100,100,100,100,100,1,56234,50
0.016,100,100,100,100.016,100.016,1,56234,50
0.0215,100,100,100,100.0215,100.0215,1,56234,50
0.820981374941766,100,100,100,100,100,1,56234,50
0.005,100,100,100,100.005,100.005,1,56234,50
0.048,100,100,100,100.048,99.048,1,56234,50
0.008,100,100,100,100.008,100.008,1,56234,50
0.0065,100,100,100,100.0065,100.0065,1,56234,50
0.01,100,100,100,100.01,100.01,1,56234,50
0.871354857925326,100,100,100,100,100,1,56234,50
0.0165,100,100,100,100.0165,100.0165,1,56234,50
0.0144935145508498,100,100,100,100,100,1,56234,50
0.428997820010409,100,100,100,100,100,1,56234,50
5e-04,100,100,100,100.0005,100.0005,1,56234,50
5e-04,100,100,100,100.0005,100.0005,1,56234,50
0.493770213797688,100,100,100,100,100,1,56234,50
0.0025,100,100,100,100.0025,100.0025,1,56234,50
0.762154223863035,100,100,100,100,100,1,56234,50
