"p","truediv","chaoest","obsD","upper","lower","l","inds","reps"
0.701995201408863,100,100,100,100,100,1,56234,50
0.005,100,100,100,100.005,100.005,1,56234,50
0.002,100,100,100,100.002,100.002,1,56234,50
0.748576137237251,100,100,100,100,100,1,56234,50
0.126,100,100,100,100.125750004446,99.1257500044457,1,56234,50
5e-04,100,100,100,100.0005,100.0005,1,56234,50
0.786691881483421,100,100,100,100,100,1,56234,50
0.0205,100,100,100,100.0205,100.0205,1,56234,50
0.0015,100,100,100,100.0015,100.0015,1,56234,50
0.0696261005941778,100,100,100,100,100,1,56234,50
0.251051256898791,100,100,100,100,100,1,56234,50
0.912749033188447,100,100,100,100,100,1,56234,50
5e-04,100,100,100,100.0005,100.0005,1,56234,50
0.431013407651335,100,100,100,100,100,1,56234,50
0.001,100,100,100,100.001,100.001,1,56234,50
5e-04,100,100,100,100.0005,100.0005,1,56234,50
0.400422292295843,100,100,100,100,100,1,56234,50
0.001,100,100,100,100.001,100.001,1,56234,50
0.008,100,100,100,100.008,100.008,1,56234,50
0.0025,100,100,100,100.0025,100.0025,1,56234,50
0.0155,100,100,100,100.0155,100.0155,1,56234,50
0.751314149936661,100,100,100,100,100,1,56234,50
5e-04,100,100,100,100.0005,100.0005,1,56234,50
0.877879594219849,100,100,100,100,100,1,56234,50
0.465646559372544,100,100,100,100,100,1,56234,50
0.007,100,100,100,100.007,100.007,1,56234,50
0.004,100,100,100,100.004,100.004,1,56234,50
0.689942191587761,100,100,100,100,100,1,56234,50
0.003,100,100,100,100.003,100.003,1,56234,50
0.815992743009701,100,100,100,100,100,1,56234,50
0.021601235261187,100,100,100,100,100,1,56234,50
0.593602569308132,100,100,100,100,100,1,56234,50
0.996075204806402,100,100,100,100,100,1,56234,50
0.755853462498635,100,100,100,100,100,1,56234,50
0.986587051069364,100,100,100,100,100,1,56234,50
0.502549313474447,100,100,100,100,100,1,56234,50
0.001,100,100,100,100.001,100.001,1,56234,50
0.0065,100,100,100,100.0065,100.0065,1,56234,50
0.9995,100,100,100,99.9997500044457,99.9997500044457,1,56234,50
0.819154071388766,100,100,100,100,100,1,56234,50
0.654831749387085,100,100,100,100,100,1,56234,50
0.0997349820099771,100,100,100,100,100,1,56234,50
5e-04,100,100,100,100.0005,100.0005,1,56234,50
0.005,100,100,100,100.005,100.005,1,56234,50
0.058,100,100,100,100.058,99.058,1,56234,50
0.729647466680035,100,100,100,100,100,1,56234,50
0.536798923509195,100,100,100,100,100,1,56234,50
0.172198136337101,100,100,100,100,100,1,56234,50
5e-04,100,100,100,100.0005,100.0005,1,56234,50
0.375342740910128,100,100,100,100,100,1,56234,50
