"p","truediv","chaoest","obsD","upper","lower","l","inds","reps"
5e-04,100,100,100,100.0005,100.0005,1,56234,50
0.0045,100,100,100,100.0045,100.0045,1,56234,50
0.0055,100,100,100,100.0055,100.0055,1,56234,50
0.017,100,100,100,100.017,100.017,1,56234,50
0.174053014721721,100,100,100,100,100,1,56234,50
0.001,100,100,100,100.001,100.001,1,56234,50
0.015,100,100,100,100.015,100.015,1,56234,50
0.447533196303993,100,100,100,100,100,1,56234,50
0.890361583791673,100,100,100,100,100,1,56234,50
0.0065,100,100,100,100.0065,100.0065,1,56234,50
0.746463247807696,100,100,100,100,100,1,56234,50
0.285657684784383,100,100,100,100,100,1,56234,50
0.413283316418529,100,100,100,100,100,1,56234,50
0.001,100,100,100,100.001,100.001,1,56234,50
0.001,100,100,100,100.001,100.001,1,56234,50
5e-04,100,100,100,100.0005,100.0005,1,56234,50
0.339313990669325,100,100,100,100,100,1,56234,50
5e-04,100,100,100,100.0005,100.0005,1,56234,50
0.02,100,100,100,100.02,100.02,1,56234,50
5e-04,100,100,100,100.0005,100.0005,1,56234,50
0.925142468418926,100,100,100,100,100,1,56234,50
0.37099769548513,100,100,100,100,100,1,56234,50
0.940623122965917,100,100,100,100,100,1,56234,50
5e-04,100,100,100,100.0005,100.0005,1,56234,50
0.579668912105262,100,100,100,100,100,1,56234,50
0.0015,100,100,100,100.0015,100.0015,1,56234,50
0.0035,100,100,100,100.0035,100.0035,1,56234,50
5e-04,100,100,100,100.0005,100.0005,1,56234,50
5e-04,100,100,100,100.0005,100.0005,1,56234,50
0.437064908910543,100,100,100,100,100,1,56234,50
5e-04,100,100,100,100.0005,100.0005,1,56234,50
0.001,100,100,100,100.001,100.001,1,56234,50
0.887314479332417,100,100,100,100,100,1,56234,50
0.834916164400056,100,100,100,100,100,1,56234,50
0.501350954873487,100,100,100,100,100,1,56234,50
0.333982479060069,100,100,100,100,100,1,56234,50
0.004,100,100,100,100.004,100.004,1,56234,50
0.002,100,100,100,100.002,100.002,1,56234,50
5e-04,100,100,100,100.0005,100.0005,1,56234,50
5e-04,100,100,100,100.0005,100.0005,1,56234,50
5e-04,100,100,100,100.0005,100.0005,1,56234,50
0.004,100,100,100,100.004,100.004,1,56234,50
0.257834317395464,100,100,100,100,100,1,56234,50
0.126,100,100,100,100.126,99.126,1,56234,50
5e-04,100,100,100,100.0005,100.0005,1,56234,50
0.757632887223735,100,100,100,100,100,1,56234,50
0.756168031133711,100,100,100,100,100,1,56234,50
0.001,100,100,100,100.001,100.001,1,56234,50
0.0545,100,100,100,100.0545,99.0545,1,56234,50
0.864471711916849,100,100,100,100,100,1,56234,50
