"p","truediv","chaoest","obsD","upper","lower","l","inds","reps"
0.906547431834042,100,100,100,100,100,1,56234,50
0.855242774123326,100,100,100,100,100,1,56234,50
0.587516993284225,100,100,100,100,100,1,56234,50
0.001,100,100,100,100.001,100.001,1,56234,50
0.580121745588258,100,100,100,100,100,1,56234,50
0.212693416047841,100,100,100,100,100,1,56234,50
5e-04,100,100,100,100.0005,100.0005,1,56234,50
0.543430789373815,100,100,100,100,100,1,56234,50
5e-04,100,100,100,100.0005,100.0005,1,56234,50
0.00828488916158676,100,100,100,100,100,1,56234,50
0.812232381897047,100,100,100,100,100,1,56234,50
0.889653838472441,100,100,100,100,100,1,56234,50
0.482172633754089,100,100,100,100,100,1,56234,50
0.0015,100,100,100,100.0015,100.0015,1,56234,50
0.001,100,100,100,100.001,100.001,1,56234,50
0.013158114394173,100,100,100,100,100,1,56234,50
0.002,100,100,100,100.002,100.002,1,56234,50
0.265759406145662,100,100,100,100,100,1,56234,50
5e-04,100,100,100,100.0005,100.0005,1,56234,50
0.592587156454101,100,100,100,100,100,1,56234,50
0.315673585515469,100,100,100,100,100,1,56234,50
0.840120405657217,100,100,100,100,100,1,56234,50
0.018,100,100,100,100.018,100.018,1,56234,50
0.344006202882156,100,100,100,100,100,1,56234,50
5e-04,100,100,100,100.0005,100.0005,1,56234,50
0.248907908098772,100,100,100,100,100,1,56234,50
0.0298758838325739,100,100,100,100,100,1,56234,50
0.530775167746469,100,100,100,100,100,1,56234,50
0.004,100,100,100,100.004,100.004,1,56234,50
0.001,100,100,100,100.001,100.001,1,56234,50
0.391758864279836,100,100,100,100,100,1,56234,50
0.209388642106205,100,100,100,100,100,1,56234,50
0.0015,100,100,100,100.0015,100.0015,1,56234,50
0.935272448463365,100,100,100,100,100,1,56234,50
0.003,100,100,100,100.003,100.003,1,56234,50
0.948311368236318,100,100,100,100,100,1,56234,50
5e-04,100,100,100,100.0005,100.0005,1,56234,50
0.001,100,100,100,100.001,100.001,1,56234,50
0.484025032958016,100,100,100,100,100,1,56234,50
0.0145,100,100,100,100.014250004446,100.014250004446,1,56234,50
0.724954802077264,100,100,100,100,100,1,56234,50
0.959983645239845,100,100,100,100,100,1,56234,50
0.929184939945117,100,100,100,100,100,1,56234,50
0.001,100,100,100,100.001,100.001,1,56234,50
0.648490438703448,100,100,100,100,100,1,56234,50
0.562257038196549,100,100,100,100,100,1,56234,50
5e-04,100,100,100,100.0005,100.0005,1,56234,50
0.958702952601016,100,100,100,100,100,1,56234,50
5e-04,100,100,100,100.0005,100.0005,1,56234,50
0.661103929160163,100,100,100,100,100,1,56234,50
