"p","truediv","chaoest","obsD","upper","lower","l","inds","reps"
0.142703283112496,100,100,100,100,100,1,56234,50
0.0025,100,100,100,100.0025,100.0025,1,56234,50
0.767264763824642,100,100,100,100,100,1,56234,50
0.0095,100,100,100,100.0095,100.0095,1,56234,50
0.473607500083745,100,100,100,100,100,1,56234,50
0.001,100,100,100,100.001,100.001,1,56234,50
0.002,100,100,100,100.002,100.002,1,56234,50
0.0963748020585626,100,100,100,100,100,1,56234,50
0.0085,100,100,100,100.0085,100.0085,1,56234,50
0.002,100,100,100,100.002,100.002,1,56234,50
0.0045,100,100,100,100.0045,100.0045,1,56234,50
0.677089723758399,100,100,100,100,100,1,56234,50
0.00391688174568117,100,100,100,100,100,1,56234,50
5e-04,100,100,100,100.0005,100.0005,1,56234,50
5e-04,100,100,100,100.0005,100.0005,1,56234,50
0.402880548499525,100,100,100,100,100,1,56234,50
0.133746756473556,100,100,100,100,100,1,56234,50
5e-04,100,100,100,100.0005,100.0005,1,56234,50
0.606283333851025,100,100,100,100,100,1,56234,50
0.658608635654673,100,100,100,100,100,1,56234,50
0.607096309540793,100,100,100,100,100,1,56234,50
0.0055,100,100,100,100.0055,100.0055,1,56234,50
0.0225,100,100,100,100.022000008891,100.022000008891,1,56234,50
5e-04,100,100,100,100.0005,100.0005,1,56234,50
0.720350512536243,100,100,100,100,100,1,56234,50
0.307494163513184,100,100,100,100,100,1,56234,50
0.0035,100,100,100,100.0035,100.0035,1,56234,50
0.0465,100,100,100,100.0465,99.0465,1,56234,50
5e-04,100,100,100,100.0005,100.0005,1,56234,50
0.0175,100,100,100,100.0175,100.0175,1,56234,50
0.001,100,100,100,100.001,100.001,1,56234,50
5e-04,100,100,100,100.0005,100.0005,1,56234,50
0.019,100,100,100,100.019,100.019,1,56234,50
0.818453930085525,100,100,100,100,100,1,56234,50
0.246633865404874,100,100,100,100,100,1,56234,50
0.024,100,100,100,100.024,100.024,1,56234,50
0.535687201889232,100,100,100,100,100,1,56234,50
0.297851051203907,100,100,100,100,100,1,56234,50
0.961680321954191,100,100,100,100,100,1,56234,50
0.892235939390957,100,100,100,100,100,1,56234,50
0.441241079941392,100,100,100,100,100,1,56234,50
0.987477405462414,100,100,100,100,100,1,56234,50
0.899447320494801,100,100,100,100,100,1,56234,50
0.355348033132032,100,100,100,100,100,1,56234,50
0.0809738831594586,100,100,100,100,100,1,56234,50
0.007,100,100,100,100.007,100.007,1,56234,50
0.249081116635352,100,100,100,100,100,1,56234,50
5e-04,100,100,100,100.0005,100.0005,1,56234,50
0.321779202437028,100,100,100,100,100,1,56234,50
0.248880460159853,100,100,100,100,100,1,56234,50
