"p","truediv","chaoest","obsD","upper","lower","l","inds","reps"
0.002,100,100,100,100.002,100.002,1,56234,50
5e-04,100,100,100,100.0005,100.0005,1,56234,50
0.516539799515158,100,100,100,100,100,1,56234,50
0.971427500946447,100,100,100,100,100,1,56234,50
0.169897119980305,100,100,100,100,100,1,56234,50
0.967154791112989,100,100,100,100,100,1,56234,50
5e-04,100,100,100,100.0005,100.0005,1,56234,50
0.935450186487287,100,100,100,100,100,1,56234,50
0.001,100,100,100,100.001,100.001,1,56234,50
0.002,100,100,100,100.002,100.002,1,56234,50
0.0105,100,100,100,100.0105,100.0105,1,56234,50
0.002,100,100,100,100.002,100.002,1,56234,50
0.0025,100,100,100,100.0025,100.0025,1,56234,50
5e-04,100,100,100,100.0005,100.0005,1,56234,50
0.0526822011452168,100,100,100,100,100,1,56234,50
0.553649969166145,100,100,100,100,100,1,56234,50
5e-04,100,100,100,100.0005,100.0005,1,56234,50
0.0065,100,100,100,100.0065,100.0065,1,56234,50
0.662928535370156,100,100,100,100,100,1,56234,50
0.42145910160616,100,100,100,100,100,1,56234,50
0.595228170510381,100,100,100,100,100,1,56234,50
0.342134233331308,100,100,100,100,100,1,56234,50
0.0085,100,100,100,100.0085,100.0085,1,56234,50
0.001,100,100,100,100.001,100.001,1,56234,50
0.008,100,100,100,100.008,100.008,1,56234,50
0.524717359570786,100,100,100,100,100,1,56234,50
0.507045653881505,100,100,100,100,100,1,56234,50
0.706359068164602,100,100,100,100,100,1,56234,50
0.18865260691382,100,100,100,100,100,1,56234,50
0.0025,100,100,100,100.0025,100.0025,1,56234,50
5e-04,100,100,100,100.0005,100.0005,1,56234,50
0.255107717355713,100,100,100,100,100,1,56234,50
0.0065,100,100,100,100.0065,100.0065,1,56234,50
0.001,100,100,100,100.001,100.001,1,56234,50
0.716062159044668,100,100,100,100,100,1,56234,50
0.003,100,100,100,100.003,100.003,1,56234,50
0.001,100,100,100,100.001,100.001,1,56234,50
0.003,100,100,100,100.003,100.003,1,56234,50
0.001,100,100,100,100.001,100.001,1,56234,50
0.455122534418479,100,100,100,100,100,1,56234,50
0.002,100,100,100,100.002,100.002,1,56234,50
0.310070437146351,100,100,100,100,100,1,56234,50
0.826351755298674,100,100,100,100,100,1,56234,50
0.001,100,100,100,100.001,100.001,1,56234,50
0.676237304927781,100,100,100,100,100,1,56234,50
0.0951184758450836,100,100,100,100,100,1,56234,50
0.001,100,100,100,100.001,100.001,1,56234,50
5e-04,100,100,100,100.0005,100.0005,1,56234,50
0.0015,100,100,100,100.0015,100.0015,1,56234,50
0.432736792368814,100,100,100,100,100,1,56234,50
