"p","truediv","chaoest","obsD","upper","lower","l","inds","reps"
0.385862979572266,100,100,100,100,100,1,56234,50
5e-04,100,100,100,100.0005,100.0005,1,56234,50
0.002,100,100,100,100.002,100.002,1,56234,50
0.263478021603078,100,100,100,100,100,1,56234,50
0.60380356782116,100,100,100,100,100,1,56234,50
5e-04,100,100,100,100.0005,100.0005,1,56234,50
0.0025,100,100,100,100.0025,100.0025,1,56234,50
0.8661902716849,100,100,100,100,100,1,56234,50
0.966417541960254,100,100,100,100,100,1,56234,50
0.0025,100,100,100,100.0025,100.0025,1,56234,50
5e-04,100,100,100,100.0005,100.0005,1,56234,50
0.895049166399986,100,100,100,100,100,1,56234,50
0.535000429721549,100,100,100,100,100,1,56234,50
0.70359607017599,100,100,100,100,100,1,56234,50
0.053552137920633,100,100,100,100,100,1,56234,50
0.0015,100,100,100,100.0015,100.0015,1,56234,50
0.502257341984659,100,100,100,100,100,1,56234,50
5e-04,100,100,100,100.0005,100.0005,1,56234,50
0.438833095366135,100,100,100,100,100,1,56234,50
5e-04,100,100,100,100.0005,100.0005,1,56234,50
0.875306316185743,100,100,100,100,100,1,56234,50
0.166308187879622,100,100,100,100,100,1,56234,50
0.484729266259819,100,100,100,100,100,1,56234,50
0.002,100,100,100,100.002,100.002,1,56234,50
0.741778195369989,100,100,100,100,100,1,56234,50
0.323432671604678,100,100,100,100,100,1,56234,50
0.001,100,100,100,100.001,100.001,1,56234,50
0.786432600347325,100,100,100,100,100,1,56234,50
0.539027298102155,100,100,100,100,100,1,56234,50
0.859497713856399,100,100,100,100,100,1,56234,50
5e-04,100,100,100,100.0005,100.0005,1,56234,50
0.982880775816739,100,100,100,100,100,1,56234,50
0.223794684046879,100,100,100,100,100,1,56234,50
0.34737806674093,100,100,100,100,100,1,56234,50
0.957031604833901,100,100,100,100,100,1,56234,50
0.833989721024409,100,100,100,100,100,1,56234,50
0.0055,100,100,100,100.0055,100.0055,1,56234,50
0.975369886728004,100,100,100,100,100,1,56234,50
0.0420829704962671,100,100,100,100,100,1,56234,50
0.007,100,100,100,100.007,100.007,1,56234,50
5e-04,100,100,100,100.0005,100.0005,1,56234,50
5e-04,100,100,100,100.0005,100.0005,1,56234,50
0.205876410240307,100,100,100,100,100,1,56234,50
0.234954400919378,100,100,100,100,100,1,56234,50
5e-04,100,100,100,100.0005,100.0005,1,56234,50
0.199642713414505,100,100,100,100,100,1,56234,50
0.860775155713782,100,100,100,100,100,1,56234,50
0.006,100,100,100,100.006,100.006,1,56234,50
0.128614397486672,100,100,100,100,100,1,56234,50
0.702990241814405,100,100,100,100,100,1,56234,50
