"p","truediv","chaoest","obsD","upper","lower","l","inds","reps"
0.007,100,100,100,100.007,100.007,1,56234,50
0.0687809258233756,100,100,100,100,100,1,56234,50
0.0085,100,100,100,100.0085,100.0085,1,56234,50
0.817073883255944,100,100,100,100,100,1,56234,50
0.0065,100,100,100,100.0065,100.0065,1,56234,50
5e-04,100,100,100,100.0005,100.0005,1,56234,50
0.66075368784368,100,100,100,100,100,1,56234,50
0.26536335865967,100,100,100,100,100,1,56234,50
0.001,100,100,100,100.001,100.001,1,56234,50
0.002,100,100,100,100.001750004446,100.001750004446,1,56234,50
0.0015,100,100,100,100.0015,100.0015,1,56234,50
0.234574516071007,100,100,100,100,100,1,56234,50
0.743739327182993,100,100,100,100,100,1,56234,50
5e-04,100,100,100,100.0005,100.0005,1,56234,50
0.008,100,100,100,100.008,100.008,1,56234,50
0.995191506110132,100,100,100,100,100,1,56234,50
0.248093362199143,100,100,100,100,100,1,56234,50
5e-04,100,100,100,100.0005,100.0005,1,56234,50
0.0929057020694017,100,100,100,100,100,1,56234,50
0.018,100,100,100,100.018,100.018,1,56234,50
0.612368963193148,100,100,100,100,100,1,56234,50
5e-04,100,100,100,100.0005,100.0005,1,56234,50
0.0105,100,100,100,100.0105,100.0105,1,56234,50
5e-04,100,100,100,100.0005,100.0005,1,56234,50
0.532907801447436,100,100,100,100,100,1,56234,50
0.631381048588082,100,100,100,100,100,1,56234,50
5e-04,100,100,100,100.0005,100.0005,1,56234,50
0.386029525659978,100,100,100,100,100,1,56234,50
0.601816958980635,100,100,100,100,100,1,56234,50
0.649925502482802,100,100,100,100,100,1,56234,50
0.267354779643938,100,100,100,100,100,1,56234,50
0.812851527705789,100,100,100,100,100,1,56234,50
0.665302216075361,100,100,100,100,100,1,56234,50
0.004,100,100,100,100.003500008891,100.003500008891,1,56234,50
5e-04,100,100,100,100.0005,100.0005,1,56234,50
0.754715764895082,100,100,100,100,100,1,56234,50
5e-04,100,100,100,100.0005,100.0005,1,56234,50
0.001,100,100,100,100.001,100.001,1,56234,50
0.647142056142911,100,100,100,100,100,1,56234,50
0.002,100,100,100,100.002,100.002,1,56234,50
0.0025,100,100,100,100.0025,100.0025,1,56234,50
0.866808488965034,100,100,100,100,100,1,56234,50
0.0015,100,100,100,100.0015,100.0015,1,56234,50
0.379902645945549,100,100,100,100,100,1,56234,50
0.0015,100,100,100,100.0015,100.0015,1,56234,50
0.950546505162492,100,100,100,100,100,1,56234,50
0.845066767884418,100,100,100,100,100,1,56234,50
0.684872393729165,100,100,100,100,100,1,56234,50
0.008,100,100,100,100.008,100.008,1,56234,50
0.313454606803134,100,100,100,100,100,1,56234,50
