"p","truediv","chaoest","obsD","upper","lower","l","inds","reps"
0.167394826654345,100,100,100,100,100,1,56234,50
0.390568245667964,100,100,100,100,100,1,56234,50
5e-04,100,100,100,100.0005,100.0005,1,56234,50
0.003,100,100,100,100.003,100.003,1,56234,50
0.24232347891666,100,100,100,100,100,1,56234,50
5e-04,100,100,100,100.0005,100.0005,1,56234,50
0.1455,100,100,100,100.1455,99.1455,1,56234,50
0.402764806058258,100,100,100,100,100,1,56234,50
0.368355083046481,100,100,100,100,100,1,56234,50
0.597603878472,100,100,100,100,100,1,56234,50
0.737690173555166,100,100,100,100,100,1,56234,50
0.0185,100,100,100,100.0185,100.0185,1,56234,50
0.0015,100,100,100,100.0015,100.0015,1,56234,50
0.436391226947308,100,100,100,100,100,1,56234,50
0.0035,100,100,100,100.0035,100.0035,1,56234,50
0.316272801719606,100,100,100,100,100,1,56234,50
5e-04,100,100,100,100.0005,100.0005,1,56234,50
0.008,100,100,100,100.008,100.008,1,56234,50
5e-04,100,100,100,100.0005,100.0005,1,56234,50
0.407179148169234,100,100,100,100,100,1,56234,50
0.210322215687484,100,100,100,100,100,1,56234,50
0.008,100,100,100,100.008,100.008,1,56234,50
0.198236972559243,100,100,100,100,100,1,56234,50
0.463972581550479,100,100,100,100,100,1,56234,50
0.838486218359321,100,100,100,100,100,1,56234,50
5e-04,100,100,100,100.0005,100.0005,1,56234,50
5e-04,100,100,100,100.0005,100.0005,1,56234,50
5e-04,100,100,100,100.0005,100.0005,1,56234,50
0.046,100,100,100,100.046,99.046,1,56234,50
0.430194337852299,100,100,100,100,100,1,56234,50
0.990533536300063,100,100,100,100,100,1,56234,50
0.001,100,100,100,100.001,100.001,1,56234,50
0.714186452096328,100,100,100,100,100,1,56234,50
0.806479105493054,100,100,100,100,100,1,56234,50
0.0105,100,100,100,100.0105,100.0105,1,56234,50
0.569886707467958,100,100,100,100,100,1,56234,50
0.983634302625433,100,100,100,100,100,1,56234,50
0.0045,100,100,100,100.0045,100.0045,1,56234,50
0.003,100,100,100,100.003,100.003,1,56234,50
0.139,100,100,100,100.139,99.139,1,56234,50
0.343852223595604,100,100,100,100,100,1,56234,50
0.0015,100,100,100,100.0015,100.0015,1,56234,50
0.1435,100,100,100,100.1435,99.1435,1,56234,50
5e-04,100,100,100,100.0005,100.0005,1,56234,50
0.004,100,100,100,100.004,100.004,1,56234,50
5e-04,100,100,100,100.0005,100.0005,1,56234,50
0.389726187102497,100,100,100,100,100,1,56234,50
0.002,100,100,100,100.002,100.002,1,56234,50
0.001,100,100,100,100.001,100.001,1,56234,50
0.756350321695209,100,100,100,100,100,1,56234,50
