"p","truediv","chaoest","obsD","upper","lower","l","inds","reps"
0.00694021978415549,100,100,100,100,100,1,56234,50
0.543988229474053,100,100,100,100,100,1,56234,50
0.48457580129616,100,100,100,100,100,1,56234,50
0.0025,100,100,100,100.0025,100.0025,1,56234,50
0.803547194227576,100,100,100,100,100,1,56234,50
0.3261603936553,100,100,100,100,100,1,56234,50
0.588694310979918,100,100,100,100,100,1,56234,50
5e-04,100,100,100,100.0005,100.0005,1,56234,50
0.224921209970489,100,100,100,100,100,1,56234,50
5e-04,100,100,100,100.0005,100.0005,1,56234,50
0.851534772431478,100,100,100,100,100,1,56234,50
0.447910524439067,100,100,100,100,100,1,56234,50
5e-04,100,100,100,100.0005,100.0005,1,56234,50
0.001,100,100,100,100.001,100.001,1,56234,50
0.73699497571215,100,100,100,100,100,1,56234,50
0.0025,100,100,100,100.0025,100.0025,1,56234,50
5e-04,100,100,100,100.0005,100.0005,1,56234,50
0.104370025219396,100,100,100,100,100,1,56234,50
0.0045,100,100,100,100.0045,100.0045,1,56234,50
0.0698443707078695,100,100,100,100,100,1,56234,50
0.508327775867656,100,100,100,100,100,1,56234,50
0.0025,100,100,100,100.0025,100.0025,1,56234,50
0.319579171948135,100,100,100,100,100,1,56234,50
5e-04,100,100,100,100.0005,100.0005,1,56234,50
0.017,100,100,100,100.017,100.017,1,56234,50
0.311792268184945,100,100,100,100,100,1,56234,50
0.0118154953233898,100,100,100,100,100,1,56234,50
0.1375,100,100,100,100.1375,99.1375,1,56234,50
0.0745220340322703,100,100,100,100,100,1,56234,50
0.0015,100,100,100,100.0015,100.0015,1,56234,50
0.125577852595598,100,100,100,100,100,1,56234,50
0.0015,100,100,100,100.0015,100.0015,1,56234,50
0.0015,100,100,100,100.001000008891,100.001000008891,1,56234,50
0.001,100,100,100,100.001,100.001,1,56234,50
0.218375900294632,100,100,100,100,100,1,56234,50
0.002,100,100,100,100.002,100.002,1,56234,50
0.014,100,100,100,100.014,100.014,1,56234,50
0.177758503705263,100,100,100,100,100,1,56234,50
0.054,100,100,100,100.054,99.054,1,56234,50
0.055,100,100,100,100.055,99.055,1,56234,50
0.167238554917276,100,100,100,100,100,1,56234,50
0.0015,100,100,100,100.0015,100.0015,1,56234,50
0.370918847853318,100,100,100,100,100,1,56234,50
0.467533675720915,100,100,100,100,100,1,56234,50
0.621682962635532,100,100,100,100,100,1,56234,50
5e-04,100,100,100,100.0005,100.0005,1,56234,50
0.001,100,100,100,100.001,100.001,1,56234,50
0.0145,100,100,100,100.0145,100.0145,1,56234,50
0.0035,100,100,100,100.003250004446,100.003250004446,1,56234,50
0.95328134438023,100,100,100,100,100,1,56234,50
