"p","truediv","chaoest","obsD","upper","lower","l","inds","reps"
0.0035,100,100,100,100.0035,100.0035,1,56234,50
0.857683425303549,100,100,100,100,100,1,56234,50
0.001,100,100,100,100.001,100.001,1,56234,50
5e-04,100,100,100,100.0005,100.0005,1,56234,50
5e-04,100,100,100,100.0005,100.0005,1,56234,50
0.171671960735694,100,100,100,100,100,1,56234,50
0.362327628303319,100,100,100,100,100,1,56234,50
0.002,100,100,100,100.002,100.002,1,56234,50
0.272470116149634,100,100,100,100,100,1,56234,50
0.0035,100,100,100,100.0035,100.0035,1,56234,50
0.0085,100,100,100,100.0085,100.0085,1,56234,50
0.36188090662472,100,100,100,100,100,1,56234,50
0.40625518723391,100,100,100,100,100,1,56234,50
0.0145,100,100,100,100.0145,100.0145,1,56234,50
5e-04,100,100,100,100.0005,100.0005,1,56234,50
0.846932118060067,100,100,100,100,100,1,56234,50
0.219761089188978,100,100,100,100,100,1,56234,50
0.130018833559006,100,100,100,100,100,1,56234,50
0.849966492969543,100,100,100,100,100,1,56234,50
0.19325274694711,100,100,100,100,100,1,56234,50
0.84536390309222,100,100,100,100,100,1,56234,50
0.510305488249287,100,100,100,100,100,1,56234,50
5e-04,100,100,100,100.0005,100.0005,1,56234,50
0.0015,100,100,100,100.0015,100.0015,1,56234,50
0.965711926110089,100,100,100,100,100,1,56234,50
0.77784052840434,100,100,100,100,100,1,56234,50
0.825669102370739,100,100,100,100,100,1,56234,50
0.633063160581514,100,100,100,100,100,1,56234,50
0.0075,100,100,100,100.0075,100.0075,1,56234,50
0.002,100,100,100,100.002,100.002,1,56234,50
0.0035,100,100,100,100.0035,100.0035,1,56234,50
0.001,100,100,100,100.001,100.001,1,56234,50
5e-04,100,100,100,100.0005,100.0005,1,56234,50
0.244606320047751,100,100,100,100,100,1,56234,50
0.609986963681877,100,100,100,100,100,1,56234,50
0.0015,100,100,100,100.0015,100.0015,1,56234,50
0.004,100,100,100,100.004,100.004,1,56234,50
0.0065,100,100,100,100.0065,100.0065,1,56234,50
0.135844208067283,100,100,100,100,100,1,56234,50
0.999884602613747,100,100,100,100,100,1,56234,50
0.193955393973738,100,100,100,100,100,1,56234,50
0.002,100,100,100,100.002,100.002,1,56234,50
0.630519941449165,100,100,100,100,100,1,56234,50
0.0025,100,100,100,100.0025,100.0025,1,56234,50
0.0085,100,100,100,100.0085,100.0085,1,56234,50
0.0065,100,100,100,100.0065,100.0065,1,56234,50
0.304636067012325,100,100,100,100,100,1,56234,50
0.569786867126822,100,100,100,100,100,1,56234,50
5e-04,100,100,100,100.0005,100.0005,1,56234,50
0.001,100,100,100,100.000500008891,100.000500008891,1,56234,50
