"p","truediv","chaoest","obsD","upper","lower","l","inds","reps"
0.728537703631446,100,100,100,100,100,1,56234,50
0.0085,100,100,100,100.0085,100.0085,1,56234,50
0.876250124769285,100,100,100,100,100,1,56234,50
0.569134785793722,100,100,100,100,100,1,56234,50
0.176862035878003,100,100,100,100,100,1,56234,50
5e-04,100,100,100,100.0005,100.0005,1,56234,50
0.001,100,100,100,100.001,100.001,1,56234,50
0.016,100,100,100,100.016,100.016,1,56234,50
0.0055,100,100,100,100.0055,100.0055,1,56234,50
0.0015,100,100,100,100.0015,100.0015,1,56234,50
0.946335148764774,100,100,100,100,100,1,56234,50
0.002,100,100,100,100.002,100.002,1,56234,50
0.527815583627671,100,100,100,100,100,1,56234,50
0.622447074390948,100,100,100,100,100,1,56234,50
5e-04,100,100,100,100.0005,100.0005,1,56234,50
0.72281941678375,100,100,100,100,100,1,56234,50
0.0587630616500974,100,100,100,100,100,1,56234,50
0.940677394624799,100,100,100,100,100,1,56234,50
0.008,100,100,100,100.008,100.008,1,56234,50
0.02,100,100,100,100.02,100.02,1,56234,50
5e-04,100,100,100,100.0005,100.0005,1,56234,50
0.750297444639727,100,100,100,100,100,1,56234,50
0.001,100,100,100,100.001,100.001,1,56234,50
0.0045,100,100,100,100.0045,100.0045,1,56234,50
0.001,100,100,100,100.000750004446,100.000750004446,1,56234,50
0.896031393203884,100,100,100,100,100,1,56234,50
0.885546198580414,100,100,100,100,100,1,56234,50
0.001,100,100,100,100.001,100.001,1,56234,50
0.0465,100,100,100,100.045750013337,99.0457500133371,1,56234,50
5e-04,100,100,100,100.0005,100.0005,1,56234,50
0.0085,100,100,100,100.0085,100.0085,1,56234,50
0.001,100,100,100,100.001,100.001,1,56234,50
0.007,100,100,100,100.007,100.007,1,56234,50
0.412036498775706,100,100,100,100,100,1,56234,50
0.011,100,100,100,100.011,100.011,1,56234,50
0.368314902065322,100,100,100,100,100,1,56234,50
0.821601569652557,100,100,100,100,100,1,56234,50
0.001,100,100,100,100.001,100.001,1,56234,50
0.0015,100,100,100,100.0015,100.0015,1,56234,50
0.611898603849113,100,100,100,100,100,1,56234,50
0.358963030157611,100,100,100,100,100,1,56234,50
5e-04,100,100,100,100.0005,100.0005,1,56234,50
0.83482552273199,100,100,100,100,100,1,56234,50
5e-04,100,100,100,100.0005,100.0005,1,56234,50
0.003,100,100,100,100.003,100.003,1,56234,50
0.73632413870655,100,100,100,100,100,1,56234,50
0.001,100,100,100,100.001,100.001,1,56234,50
5e-04,100,100,100,100.0005,100.0005,1,56234,50
0.155583111103624,100,100,100,100,100,1,56234,50
0.555293752579018,100,100,100,100,100,1,56234,50
