"p","truediv","chaoest","obsD","upper","lower","l","inds","reps"
0.193447055993602,100,100,100,100,100,1,56234,50
0.002,100,100,100,100.002,100.002,1,56234,50
0.792383234249428,100,100,100,100,100,1,56234,50
0.507695928681642,100,100,100,100,100,1,56234,50
0.0387772570829839,100,100,100,100,100,1,56234,50
0.789232846582308,100,100,100,100,100,1,56234,50
5e-04,100,100,100,100.0005,100.0005,1,56234,50
0.0025,100,100,100,100.0025,100.0025,1,56234,50
0.58783647348173,100,100,100,100,100,1,56234,50
0.001,100,100,100,100.001,100.001,1,56234,50
0.0025,100,100,100,100.0025,100.0025,1,56234,50
0.26990458345972,100,100,100,100,100,1,56234,50
0.109915473731235,100,100,100,100,100,1,56234,50
0.0055,100,100,100,100.005250004446,100.005250004446,1,56234,50
5e-04,100,100,100,100.0005,100.0005,1,56234,50
0.0045,100,100,100,100.0045,100.0045,1,56234,50
0.0025,100,100,100,100.0025,100.0025,1,56234,50
0.577941844239831,100,100,100,100,100,1,56234,50
5e-04,100,100,100,100.0005,100.0005,1,56234,50
0.848998467437923,100,100,100,100,100,1,56234,50
0.67862744955346,100,100,100,100,100,1,56234,50
0.001,100,100,100,100.001,100.001,1,56234,50
0.0227869369555265,100,100,100,100,100,1,56234,50
0.360835697269067,100,100,100,100,100,1,56234,50
0.703027215553448,100,100,100,100,100,1,56234,50
0.266672130441293,100,100,100,100,100,1,56234,50
0.001,100,100,100,100.001,100.001,1,56234,50
0.918278220575303,100,100,100,100,100,1,56234,50
5e-04,100,100,100,100.0005,100.0005,1,56234,50
0.911187840858474,100,100,100,100,100,1,56234,50
0.002,100,100,100,100.002,100.002,1,56234,50
0.0015,100,100,100,100.0015,100.0015,1,56234,50
0.304736743913963,100,100,100,100,100,1,56234,50
5e-04,100,100,100,100.0005,100.0005,1,56234,50
0.884046418592334,100,100,100,100,100,1,56234,50
5e-04,100,100,100,100.0005,100.0005,1,56234,50
0.892139130970463,100,100,100,100,100,1,56234,50
0.003,100,100,100,100.003,100.003,1,56234,50
0.003,100,100,100,100.003,100.003,1,56234,50
0.868826301535591,100,100,100,100,100,1,56234,50
0.273223118390888,100,100,100,100,100,1,56234,50
0.007,100,100,100,100.007,100.007,1,56234,50
0.834259775700048,100,100,100,100,100,1,56234,50
5e-04,100,100,100,100.0005,100.0005,1,56234,50
5e-04,100,100,100,100.0005,100.0005,1,56234,50
5e-04,100,100,100,100.0005,100.0005,1,56234,50
0.136887864675373,100,100,100,100,100,1,56234,50
0.363056602887809,100,100,100,100,100,1,56234,50
0.001,100,100,100,100.001,100.001,1,56234,50
0.001,100,100,100,100.001,100.001,1,56234,50
