"p","truediv","chaoest","obsD","upper","lower","l","inds","reps"
0.0015,100,100,100,100.0015,100.0015,1,56234,50
0.0716796168126166,100,100,100,100,100,1,56234,50
0.808772536925972,100,100,100,100,100,1,56234,50
0.220425148261711,100,100,100,100,100,1,56234,50
0.0204380459617823,100,100,100,100,100,1,56234,50
5e-04,100,100,100,100.0005,100.0005,1,56234,50
5e-04,100,100,100,100.0005,100.0005,1,56234,50
0.150426786160097,100,100,100,100,100,1,56234,50
0.01,100,100,100,100.009250013337,100.009250013337,1,56234,50
0.0495,100,100,100,100.0495,99.0495,1,56234,50
0.048,100,100,100,100.048,99.048,1,56234,50
0.82343456428498,100,100,100,100,100,1,56234,50
0.644072693074122,100,100,100,100,100,1,56234,50
0.879642062122002,100,100,100,100,100,1,56234,50
0.002,100,100,100,100.001250013337,100.001250013337,1,56234,50
0.0268223877064884,100,100,100,100,100,1,56234,50
5e-04,100,100,100,100.0005,100.0005,1,56234,50
0.002,100,100,100,100.002,100.002,1,56234,50
0.670979274902493,100,100,100,100,100,1,56234,50
0.001,100,100,100,100.001,100.001,1,56234,50
0.911582176340744,100,100,100,100,100,1,56234,50
0.0025,100,100,100,100.0025,100.0025,1,56234,50
0.684697223128751,100,100,100,100,100,1,56234,50
0.615543659543619,100,100,100,100,100,1,56234,50
0.131,100,100,100,100.130750004446,99.1307500044457,1,56234,50
0.002,100,100,100,100.002,100.002,1,56234,50
0.779023546958342,100,100,100,100,100,1,56234,50
0.002,100,100,100,100.002,100.002,1,56234,50
0.003,100,100,100,100.003,100.003,1,56234,50
5e-04,100,100,100,100.0005,100.0005,1,56234,50
0.126266219653189,100,100,100,100,100,1,56234,50
0.586578286718577,100,100,100,100,100,1,56234,50
0.001,100,100,100,100.001,100.001,1,56234,50
0.0720713618211448,100,100,100,100,100,1,56234,50
0.191391671774909,100,100,100,100,100,1,56234,50
5e-04,100,100,100,100.0005,100.0005,1,56234,50
0.348526483168826,100,100,100,100,100,1,56234,50
0.181507626082748,100,100,100,100,100,1,56234,50
0.369854364544153,100,100,100,100,100,1,56234,50
5e-04,100,100,100,100.0005,100.0005,1,56234,50
0.896949569927529,100,100,100,100,100,1,56234,50
5e-04,100,100,100,100.0005,100.0005,1,56234,50
5e-04,100,100,100,100.0005,100.0005,1,56234,50
5e-04,100,100,100,100.0005,100.0005,1,56234,50
0.005,100,100,100,100.005,100.005,1,56234,50
0.190472547197714,100,100,100,100,100,1,56234,50
0.280261874198914,100,100,100,100,100,1,56234,50
0.496203461661935,100,100,100,100,100,1,56234,50
0.019,100,100,100,100.019,100.019,1,56234,50
0.708551692310721,100,100,100,100,100,1,56234,50
