"p","truediv","chaoest","obsD","upper","lower","l","inds","reps"
0.0015,100,100,100,100.0015,100.0015,1,56234,50
0.0035,100,100,100,100.0035,100.0035,1,56234,50
0.304644056595862,100,100,100,100,100,1,56234,50
0.743267768993974,100,100,100,100,100,1,56234,50
0.949022515211254,100,100,100,100,100,1,56234,50
0.687153839273378,100,100,100,100,100,1,56234,50
0.94821468484588,100,100,100,100,100,1,56234,50
0.002,100,100,100,100.002,100.002,1,56234,50
0.531453229254112,100,100,100,100,100,1,56234,50
0.765441054245457,100,100,100,100,100,1,56234,50
0.859496614197269,100,100,100,100,100,1,56234,50
0.008,100,100,100,100.008,100.008,1,56234,50
0.326787592843175,100,100,100,100,100,1,56234,50
5e-04,100,100,100,100.0005,100.0005,1,56234,50
0.001,100,100,100,100.001,100.001,1,56234,50
0.002,100,100,100,100.002,100.002,1,56234,50
0.243077479768544,100,100,100,100,100,1,56234,50
0.524036262650043,100,100,100,100,100,1,56234,50
0.907592071220279,100,100,100,100,100,1,56234,50
0.597383898450062,100,100,100,100,100,1,56234,50
0.001,100,100,100,100.001,100.001,1,56234,50
0.016,100,100,100,100.016,100.016,1,56234,50
0.0243187774904072,100,100,100,100,100,1,56234,50
0.0045,100,100,100,100.0045,100.0045,1,56234,50
0.0025,100,100,100,100.0025,100.0025,1,56234,50
0.336144829634577,100,100,100,100,100,1,56234,50
0.799141346942633,100,100,100,100,100,1,56234,50
0.981619236990809,100,100,100,100,100,1,56234,50
0.521461030468345,100,100,100,100,100,1,56234,50
0.0713506429456174,100,100,100,100,100,1,56234,50
5e-04,100,100,100,100.0005,100.0005,1,56234,50
0.327977527864277,100,100,100,100,100,1,56234,50
0.001,100,100,100,100.001,100.001,1,56234,50
0.886087946593761,100,100,100,100,100,1,56234,50
0.180080753052607,100,100,100,100,100,1,56234,50
0.006,100,100,100,100.006,100.006,1,56234,50
0.0015,100,100,100,100.0015,100.0015,1,56234,50
5e-04,100,100,100,100.0005,100.0005,1,56234,50
0.538410026114434,100,100,100,100,100,1,56234,50
0.684190591564402,100,100,100,100,100,1,56234,50
5e-04,100,100,100,100.0005,100.0005,1,56234,50
0.019,100,100,100,100.019,100.019,1,56234,50
0.823795535834506,100,100,100,100,100,1,56234,50
0.963658477878198,100,100,100,100,100,1,56234,50
0.001,100,100,100,100.001,100.001,1,56234,50
0.910273725865409,100,100,100,100,100,1,56234,50
5e-04,100,100,100,100.0005,100.0005,1,56234,50
0.002,100,100,100,100.002,100.002,1,56234,50
0.645481302635744,100,100,100,100,100,1,56234,50
0.001,100,100,100,100.001,100.001,1,56234,50
