"p","truediv","chaoest","obsD","upper","lower","l","inds","reps"
0.203452173853293,100,100,100,100,100,1,56234,50
0.009,100,100,100,100.009,100.009,1,56234,50
0.717297323280945,100,100,100,100,100,1,56234,50
0.02,100,100,100,100.02,100.02,1,56234,50
0.002,100,100,100,100.002,100.002,1,56234,50
0.327079123584554,100,100,100,100,100,1,56234,50
5e-04,100,100,100,100.0005,100.0005,1,56234,50
0.005,100,100,100,100.005,100.005,1,56234,50
0.0065,100,100,100,100.0065,100.0065,1,56234,50
0.0142123512923717,100,100,100,100,100,1,56234,50
0.125,100,100,100,100.125,99.125,1,56234,50
5e-04,100,100,100,100.0005,100.0005,1,56234,50
0.0366766373626888,100,100,100,100,100,1,56234,50
0.410192873096094,100,100,100,100,100,1,56234,50
5e-04,100,100,100,100.0005,100.0005,1,56234,50
0.131648444803432,100,100,100,100,100,1,56234,50
0.001,100,100,100,100.001,100.001,1,56234,50
0.0624991653021425,100,100,100,100,100,1,56234,50
0.422737639863044,100,100,100,100,100,1,56234,50
0.001,100,100,100,100.001,100.001,1,56234,50
0.002,100,100,100,100.002,100.002,1,56234,50
5e-04,100,100,100,100.0005,100.0005,1,56234,50
0.904255919856951,100,100,100,100,100,1,56234,50
0.003,100,100,100,100.003,100.003,1,56234,50
0.102050606394187,100,100,100,100,100,1,56234,50
0.045,100,100,100,100.045,99.045,1,56234,50
0.100895870709792,100,100,100,100,100,1,56234,50
0.112887809518725,100,100,100,100,100,1,56234,50
0.232493809657171,100,100,100,100,100,1,56234,50
0.930116400355473,100,100,100,100,100,1,56234,50
0.265069932909682,100,100,100,100,100,1,56234,50
0.0132033149711788,100,100,100,100,100,1,56234,50
0.0465,100,100,100,100.0465,99.0465,1,56234,50
5e-04,100,100,100,100.0005,100.0005,1,56234,50
0.506802398012951,100,100,100,100,100,1,56234,50
0.001,100,100,100,100.001,100.001,1,56234,50
0.0308209946379066,100,100,100,100,100,1,56234,50
5e-04,100,100,100,100.0005,100.0005,1,56234,50
5e-04,100,100,100,100.0005,100.0005,1,56234,50
0.337660625344142,100,100,100,100,100,1,56234,50
0.836363996611908,100,100,100,100,100,1,56234,50
0.585782391484827,100,100,100,100,100,1,56234,50
0.348843073938042,100,100,100,100,100,1,56234,50
0.0245,100,100,100,100.0245,100.0245,1,56234,50
0.773283402668312,100,100,100,100,100,1,56234,50
0.828402757411823,100,100,100,100,100,1,56234,50
0.0025,100,100,100,100.002250004446,100.002250004446,1,56234,50
0.0015,100,100,100,100.0015,100.0015,1,56234,50
0.0118374719750136,100,100,100,100,100,1,56234,50
0.0025,100,100,100,100.0025,100.0025,1,56234,50
