"p","truediv","chaoest","obsD","upper","lower","l","inds","reps"
0.547820467501879,100,100,100,100,100,1,56234,50
0.006,100,100,100,100.006,100.006,1,56234,50
0.0555,100,100,100,100.0555,99.0555,1,56234,50
0.977463789284229,100,100,100,100,100,1,56234,50
0.0065,100,100,100,100.0065,100.0065,1,56234,50
5e-04,100,100,100,100.0005,100.0005,1,56234,50
0.001,100,100,100,100.001,100.001,1,56234,50
0.641127871582285,100,100,100,100,100,1,56234,50
0.0525014421436936,100,100,100,100,100,1,56234,50
0.05,100,100,100,100.05,99.05,1,56234,50
0.602655046852306,100,100,100,100,100,1,56234,50
5e-04,100,100,100,100.0005,100.0005,1,56234,50
0.085124927572906,100,100,100,100,100,1,56234,50
0.514067745301872,100,100,100,100,100,1,56234,50
0.001,100,100,100,100.001,100.001,1,56234,50
0.003,100,100,100,100.002750004446,100.002750004446,1,56234,50
0.0294293097686023,100,100,100,100,100,1,56234,50
0.61338479584083,100,100,100,100,100,1,56234,50
0.696189301554114,100,100,100,100,100,1,56234,50
0.001,100,100,100,100.001,100.001,1,56234,50
0.001,100,100,100,100.001,100.001,1,56234,50
0.121238861931488,100,100,100,100,100,1,56234,50
0.0025,100,100,100,100.0025,100.0025,1,56234,50
0.021,100,100,100,100.021,100.021,1,56234,50
0.554980901069939,100,100,100,100,100,1,56234,50
0.639442642452195,100,100,100,100,100,1,56234,50
5e-04,100,100,100,100.0005,100.0005,1,56234,50
5e-04,100,100,100,100.0005,100.0005,1,56234,50
0.0247196841519326,100,100,100,100,100,1,56234,50
0.0045,100,100,100,100.0045,100.0045,1,56234,50
0.004,100,100,100,100.004,100.004,1,56234,50
0.0435,100,100,100,100.0435,99.0435,1,56234,50
0.057,100,100,100,100.057,99.057,1,56234,50
0.001,100,100,100,100.001,100.001,1,56234,50
0.328498100861907,100,100,100,100,100,1,56234,50
0.600063831079751,100,100,100,100,100,1,56234,50
0.951752297114581,100,100,100,100,100,1,56234,50
0.947551047895104,100,100,100,100,100,1,56234,50
5e-04,100,100,100,100.0005,100.0005,1,56234,50
0.001,100,100,100,100.001,100.001,1,56234,50
0.16078839590773,100,100,100,100,100,1,56234,50
0.711142620304599,100,100,100,100,100,1,56234,50
5e-04,100,100,100,100.0005,100.0005,1,56234,50
0.809327854309231,100,100,100,100,100,1,56234,50
0.004,100,100,100,100.004,100.004,1,56234,50
0.009,100,100,100,100.009,100.009,1,56234,50
0.016,100,100,100,100.016,100.016,1,56234,50
0.623322057072073,100,100,100,100,100,1,56234,50
0.096403325907886,100,100,100,100,100,1,56234,50
0.0205,100,100,100,100.0205,100.0205,1,56234,50
