"p","truediv","chaoest","obsD","upper","lower","l","inds","reps"
5e-04,100,100,100,100.0005,100.0005,1,56234,50
0.005,100,100,100,100.005,100.005,1,56234,50
0.0015,100,100,100,100.0015,100.0015,1,56234,50
0.003,100,100,100,100.003,100.003,1,56234,50
0.001,100,100,100,100.001,100.001,1,56234,50
0.0417321072891355,100,100,100,100,100,1,56234,50
0.610016029793769,100,100,100,100,100,1,56234,50
0.002,100,100,100,100.002,100.002,1,56234,50
0.002,100,100,100,100.002,100.002,1,56234,50
0.767496915766969,100,100,100,100,100,1,56234,50
0.0205,100,100,100,100.0205,100.0205,1,56234,50
0.001,100,100,100,100.001,100.001,1,56234,50
0.0495517328381538,100,100,100,100,100,1,56234,50
0.558314393972978,100,100,100,100,100,1,56234,50
0.001,100,100,100,100.001,100.001,1,56234,50
0.927817643620074,100,100,100,100,100,1,56234,50
0.63620776985772,100,100,100,100,100,1,56234,50
0.848395470064133,100,100,100,100,100,1,56234,50
0.05,100,100,100,100.05,99.05,1,56234,50
0.631509661441669,100,100,100,100,100,1,56234,50
0.0195,100,100,100,100.0195,100.0195,1,56234,50
0.217641036957502,100,100,100,100,100,1,56234,50
0.146192191867158,100,100,100,100,100,1,56234,50
0.138105009449646,100,100,100,100,100,1,56234,50
0.69182663038373,100,100,100,100,100,1,56234,50
5e-04,100,100,100,100.0005,100.0005,1,56234,50
0.981319580227137,100,100,100,100,100,1,56234,50
0.0015,100,100,100,100.0015,100.0015,1,56234,50
0.254719038959593,100,100,100,100,100,1,56234,50
0.303736098343506,100,100,100,100,100,1,56234,50
0.809948866255581,100,100,100,100,100,1,56234,50
5e-04,100,100,100,100.0005,100.0005,1,56234,50
0.015560818137601,100,100,100,100,100,1,56234,50
5e-04,100,100,100,100.0005,100.0005,1,56234,50
5e-04,100,100,100,100.0005,100.0005,1,56234,50
0.002,100,100,100,100.002,100.002,1,56234,50
0.422399133211002,100,100,100,100,100,1,56234,50
0.842868213076144,100,100,100,100,100,1,56234,50
0.0075,100,100,100,100.0075,100.0075,1,56234,50
0.007,100,100,100,100.007,100.007,1,56234,50
0.0015,100,100,100,100.0015,100.0015,1,56234,50
0.750577716389671,100,100,100,100,100,1,56234,50
0.002,100,100,100,100.002,100.002,1,56234,50
0.958485298790038,100,100,100,100,100,1,56234,50
0.002,100,100,100,100.002,100.002,1,56234,50
0.002,100,100,100,100.002,100.002,1,56234,50
5e-04,100,100,100,100.0005,100.0005,1,56234,50
0.0035,100,100,100,100.0035,100.0035,1,56234,50
0.01,100,100,100,100.01,100.01,1,56234,50
0.836944479728118,100,100,100,100,100,1,56234,50
