"p","truediv","chaoest","obsD","upper","lower","l","inds","reps"
0.161056510871276,100,100,100,100,100,1,56234,50
0.0829560055863112,100,100,100,100,100,1,56234,50
0.940942116081715,100,100,100,100,100,1,56234,50
5e-04,100,100,100,100.0005,100.0005,1,56234,50
0.0566661909688264,100,100,100,100,100,1,56234,50
0.403137327870354,100,100,100,100,100,1,56234,50
0.003,100,100,100,100.003,100.003,1,56234,50
0.502197595546022,100,100,100,100,100,1,56234,50
0.0475,100,100,100,100.047250004446,99.0472500044457,1,56234,50
0.001,100,100,100,100.001,100.001,1,56234,50
0.532908641267568,100,100,100,100,100,1,56234,50
0.66033850540407,100,100,100,100,100,1,56234,50
5e-04,100,100,100,100.0005,100.0005,1,56234,50
0.257244039559737,100,100,100,100,100,1,56234,50
0.215805907268077,100,100,100,100,100,1,56234,50
0.001,100,100,100,100.001,100.001,1,56234,50
0.0025,100,100,100,100.0025,100.0025,1,56234,50
0.0065,100,100,100,100.0065,100.0065,1,56234,50
0.001,100,100,100,100.001,100.001,1,56234,50
0.001,100,100,100,100.001,100.001,1,56234,50
5e-04,100,100,100,100.0005,100.0005,1,56234,50
0.0035,100,100,100,100.0035,100.0035,1,56234,50
5e-04,100,100,100,100.0005,100.0005,1,56234,50
0.0108006461523473,100,100,100,100,100,1,56234,50
0.002,100,100,100,100.002,100.002,1,56234,50
0.0015,100,100,100,100.0015,100.0015,1,56234,50
0.0035,100,100,100,100.0035,100.0035,1,56234,50
0.001,100,100,100,100.001,100.001,1,56234,50
0.482256317976862,100,100,100,100,100,1,56234,50
0.01,100,100,100,100.01,100.01,1,56234,50
5e-04,100,100,100,100.0005,100.0005,1,56234,50
5e-04,100,100,100,100.0005,100.0005,1,56234,50
0.872270852560177,100,100,100,100,100,1,56234,50
5e-04,100,100,100,100.0005,100.0005,1,56234,50
0.011,100,100,100,100.011,100.011,1,56234,50
5e-04,100,100,100,100.0005,100.0005,1,56234,50
0.779998629586771,100,100,100,100,100,1,56234,50
0.0520560778677464,100,100,100,100,100,1,56234,50
0.0055,100,100,100,100.0055,100.0055,1,56234,50
5e-04,100,100,100,100.0005,100.0005,1,56234,50
0.462921567261219,100,100,100,100,100,1,56234,50
0.002,100,100,100,100.002,100.002,1,56234,50
0.408310657599941,100,100,100,100,100,1,56234,50
0.161453051725402,100,100,100,100,100,1,56234,50
0.496749046025798,100,100,100,100,100,1,56234,50
0.742533775046468,100,100,100,100,100,1,56234,50
0.996527701849118,100,100,100,100,100,1,56234,50
0.0095,100,100,100,100.0095,100.0095,1,56234,50
0.148173309396952,100,100,100,100,100,1,56234,50
0.255024359561503,100,100,100,100,100,1,56234,50
