"p","truediv","chaoest","obsD","upper","lower","l","inds","reps"
0.824564247857779,100,100,100,100,100,1,56234,50
5e-04,100,100,100,100.0005,100.0005,1,56234,50
5e-04,100,100,100,100.0005,100.0005,1,56234,50
5e-04,100,100,100,100.0005,100.0005,1,56234,50
0.003,100,100,100,100.003,100.003,1,56234,50
0.844792063813657,100,100,100,100,100,1,56234,50
0.0045,100,100,100,100.0045,100.0045,1,56234,50
5e-04,100,100,100,100.0005,100.0005,1,56234,50
5e-04,100,100,100,100.0005,100.0005,1,56234,50
5e-04,100,100,100,100.0005,100.0005,1,56234,50
0.001,100,100,100,100.001,100.001,1,56234,50
0.0015,100,100,100,100.0015,100.0015,1,56234,50
0.0571862733922899,100,100,100,100,100,1,56234,50
0.551221145316958,100,100,100,100,100,1,56234,50
0.22547157225199,100,100,100,100,100,1,56234,50
0.365,100,100,100,100.365,99.365,1,56234,50
0.741389885544777,100,100,100,100,100,1,56234,50
0.528839159756899,100,100,100,100,100,1,56234,50
0.939934785710648,100,100,100,100,100,1,56234,50
0.946325267432258,100,100,100,100,100,1,56234,50
0.492880753939971,100,100,100,100,100,1,56234,50
0.001,100,100,100,100.001,100.001,1,56234,50
0.0015,100,100,100,100.0015,100.0015,1,56234,50
0.0653561181388795,100,100,100,100,100,1,56234,50
0.0085,100,100,100,100.0085,100.0085,1,56234,50
0.46198656805791,100,100,100,100,100,1,56234,50
5e-04,100,100,100,100.0005,100.0005,1,56234,50
0.815198099240661,100,100,100,100,100,1,56234,50
0.003,100,100,100,100.003,100.003,1,56234,50
0.0045,100,100,100,100.0045,100.0045,1,56234,50
0.979416815098375,100,100,100,100,100,1,56234,50
0.001,100,100,100,100.001,100.001,1,56234,50
0.017,100,100,100,100.017,100.017,1,56234,50
0.5873694694601,100,100,100,100,100,1,56234,50
5e-04,100,100,100,100.0005,100.0005,1,56234,50
0.0015,100,100,100,100.0015,100.0015,1,56234,50
0.928125257370993,100,100,100,100,100,1,56234,50
0.029638695763424,100,100,100,100,100,1,56234,50
5e-04,100,100,100,100.0005,100.0005,1,56234,50
0.002,100,100,100,100.002,100.002,1,56234,50
5e-04,100,100,100,100.0005,100.0005,1,56234,50
0.673777760704979,100,100,100,100,100,1,56234,50
0.368321218993515,100,100,100,100,100,1,56234,50
0.125632280251011,100,100,100,100,100,1,56234,50
0.549386474303901,100,100,100,100,100,1,56234,50
0.506057576974854,100,100,100,100,100,1,56234,50
0.889171580318362,100,100,100,100,100,1,56234,50
0.0470088035799563,100,100,100,100,100,1,56234,50
0.248181228060275,100,100,100,100,100,1,56234,50
5e-04,100,100,100,100.0005,100.0005,1,56234,50
