"p","truediv","chaoest","obsD","upper","lower","l","inds","reps"
5e-04,100,100,100,100.0005,100.0005,1,56234,50
0.98496604571119,100,100,100,100,100,1,56234,50
5e-04,100,100,100,100.0005,100.0005,1,56234,50
5e-04,100,100,100,100.0005,100.0005,1,56234,50
5e-04,100,100,100,100.0005,100.0005,1,56234,50
0.823007718427107,100,100,100,100,100,1,56234,50
0.01,100,100,100,100.01,100.01,1,56234,50
0.217622438678518,100,100,100,100,100,1,56234,50
0.81888443720527,100,100,100,100,100,1,56234,50
0.406898062676191,100,100,100,100,100,1,56234,50
5e-04,100,100,100,100.0005,100.0005,1,56234,50
0.323764243395999,100,100,100,100,100,1,56234,50
0.0025,100,100,100,100.0025,100.0025,1,56234,50
0.292269933735952,100,100,100,100,100,1,56234,50
0.990329048829153,100,100,100,100,100,1,56234,50
0.0025,100,100,100,100.0025,100.0025,1,56234,50
5e-04,100,100,100,100.0005,100.0005,1,56234,50
0.0045,100,100,100,100.0045,100.0045,1,56234,50
0.417824103729799,100,100,100,100,100,1,56234,50
0.842520490754396,100,100,100,100,100,1,56234,50
0.0055,100,100,100,100.0055,100.0055,1,56234,50
0.291751746321097,100,100,100,100,100,1,56234,50
0.317858372582123,100,100,100,100,100,1,56234,50
5e-04,100,100,100,100.0005,100.0005,1,56234,50
0.021,100,100,100,100.021,100.021,1,56234,50
0.001,100,100,100,100.001,100.001,1,56234,50
0.0015,100,100,100,100.0015,100.0015,1,56234,50
0.0475626913830638,100,100,100,100,100,1,56234,50
0.001,100,100,100,100.001,100.001,1,56234,50
5e-04,100,100,100,100.0005,100.0005,1,56234,50
0.269492256455123,100,100,100,100,100,1,56234,50
0.305881329579279,100,100,100,100,100,1,56234,50
0.0489520612172782,100,100,100,100,100,1,56234,50
0.0015,100,100,100,100.0015,100.0015,1,56234,50
0.738298332551494,100,100,100,100,100,1,56234,50
0.0035,100,100,100,100.0035,100.0035,1,56234,50
0.0055,100,100,100,100.0055,100.0055,1,56234,50
0.620409374358132,100,100,100,100,100,1,56234,50
0.949607581598684,100,100,100,100,100,1,56234,50
0.0365789893548936,100,100,100,100,100,1,56234,50
0.802994101773947,100,100,100,100,100,1,56234,50
0.18444048659876,100,100,100,100,100,1,56234,50
5e-04,100,100,100,100.0005,100.0005,1,56234,50
0.0015,100,100,100,100.0015,100.0015,1,56234,50
0.0525,100,100,100,100.046000115588,99.0460001155884,1,56234,50
5e-04,100,100,100,100.0005,100.0005,1,56234,50
0.390465273754671,100,100,100,100,100,1,56234,50
0.876549989683554,100,100,100,100,100,1,56234,50
0.015,100,100,100,100.015,100.015,1,56234,50
0.130581814562902,100,100,100,100,100,1,56234,50
