"p","truediv","chaoest","obsD","upper","lower","l","inds","reps"
0.314795677084476,100,100,100,100,100,1,56234,50
0.9598768055439,100,100,100,100,100,1,56234,50
0.0055,100,100,100,100.0055,100.0055,1,56234,50
0.514951221644878,100,100,100,100,100,1,56234,50
0.865305027924478,100,100,100,100,100,1,56234,50
0.204394507221878,100,100,100,100,100,1,56234,50
0.0195,100,100,100,100.0195,100.0195,1,56234,50
0.724662827793509,100,100,100,100,100,1,56234,50
0.530832462012768,100,100,100,100,100,1,56234,50
0.864829382160679,100,100,100,100,100,1,56234,50
0.644361632876098,100,100,100,100,100,1,56234,50
0.0015,100,100,100,100.0015,100.0015,1,56234,50
0.846895898459479,100,100,100,100,100,1,56234,50
0.001,100,100,100,100.001,100.001,1,56234,50
0.0513782133348286,100,100,100,100,100,1,56234,50
0.804512887494639,100,100,100,100,100,1,56234,50
0.0045,100,100,100,100.0045,100.0045,1,56234,50
0.0535,100,100,100,100.045000151154,99.0450001511541,1,56234,50
0.001,100,100,100,100.001,100.001,1,56234,50
0.0025,100,100,100,100.0025,100.0025,1,56234,50
0.386521247215569,100,100,100,100,100,1,56234,50
0.663489582249895,100,100,100,100,100,1,56234,50
0.45756304031238,100,100,100,100,100,1,56234,50
0.769822183065116,100,100,100,100,100,1,56234,50
0.001,100,100,100,100.001,100.001,1,56234,50
0.780213792109862,100,100,100,100,100,1,56234,50
0.0015,100,100,100,100.0015,100.0015,1,56234,50
0.0065,100,100,100,100.0065,100.0065,1,56234,50
0.237371013965458,100,100,100,100,100,1,56234,50
5e-04,100,100,100,100.0005,100.0005,1,56234,50
0.001,100,100,100,100.001,100.001,1,56234,50
5e-04,100,100,100,100.0005,100.0005,1,56234,50
0.333095056936145,100,100,100,100,100,1,56234,50
0.228816149989143,100,100,100,100,100,1,56234,50
0.887549414532259,100,100,100,100,100,1,56234,50
0.317268096841872,100,100,100,100,100,1,56234,50
0.0473925773985684,100,100,100,100,100,1,56234,50
0.004,100,100,100,100.004,100.004,1,56234,50
0.565242271171883,100,100,100,100,100,1,56234,50
0.808706320822239,100,100,100,100,100,1,56234,50
0.014,100,100,100,100.014,100.014,1,56234,50
5e-04,100,100,100,100.0005,100.0005,1,56234,50
0.007,100,100,100,100.007,100.007,1,56234,50
0.002,100,100,100,100.002,100.002,1,56234,50
0.0195,100,100,100,100.0195,100.0195,1,56234,50
0.783201505662873,100,100,100,100,100,1,56234,50
0.741557958768681,100,100,100,100,100,1,56234,50
0.002,100,100,100,100.002,100.002,1,56234,50
0.649146352894604,100,100,100,100,100,1,56234,50
5e-04,100,100,100,100.0005,100.0005,1,56234,50
