"p","truediv","chaoest","obsD","upper","lower","l","inds","reps"
0.019,100,100,100,100.019,100.019,1,56234,50
5e-04,100,100,100,100.0005,100.0005,1,56234,50
0.317908028373495,100,100,100,100,100,1,56234,50
0.003,100,100,100,100.003,100.003,1,56234,50
0.9801403474994,100,100,100,100,100,1,56234,50
0.331578247249126,100,100,100,100,100,1,56234,50
5e-04,100,100,100,100.0005,100.0005,1,56234,50
5e-04,100,100,100,100.0005,100.0005,1,56234,50
0.613944086013362,100,100,100,100,100,1,56234,50
0.26008940115571,100,100,100,100,100,1,56234,50
0.0278147531207651,100,100,100,100,100,1,56234,50
0.510549368569627,100,100,100,100,100,1,56234,50
0.0105,100,100,100,100.0105,100.0105,1,56234,50
0.882906584301963,100,100,100,100,100,1,56234,50
0.977463050978258,100,100,100,100,100,1,56234,50
0.017,100,100,100,100.017,100.017,1,56234,50
0.0015,100,100,100,100.0015,100.0015,1,56234,50
5e-04,100,100,100,100.0005,100.0005,1,56234,50
0.27395258215256,100,100,100,100,100,1,56234,50
0.819124430185184,100,100,100,100,100,1,56234,50
0.002,100,100,100,100.002,100.002,1,56234,50
0.790277184685692,100,100,100,100,100,1,56234,50
0.904345638584346,100,100,100,100,100,1,56234,50
0.005,100,100,100,100.005,100.005,1,56234,50
0.699524608440697,100,100,100,100,100,1,56234,50
0.578538211761042,100,100,100,100,100,1,56234,50
0.758301682537422,100,100,100,100,100,1,56234,50
0.336839617462829,100,100,100,100,100,1,56234,50
5e-04,100,100,100,100.0005,100.0005,1,56234,50
0.001,100,100,100,100.001,100.001,1,56234,50
0.329310413217172,100,100,100,100,100,1,56234,50
0.646237306063995,100,100,100,100,100,1,56234,50
5e-04,100,100,100,100.0005,100.0005,1,56234,50
5e-04,100,100,100,100.0005,100.0005,1,56234,50
0.0045,100,100,100,100.0045,100.0045,1,56234,50
0.001,100,100,100,100.001,100.001,1,56234,50
0.034716340713203,100,100,100,100,100,1,56234,50
5e-04,100,100,100,100.0005,100.0005,1,56234,50
0.0015,100,100,100,100.0015,100.0015,1,56234,50
0.690422488143668,100,100,100,100,100,1,56234,50
0.817227557068691,100,100,100,100,100,1,56234,50
0.499109769472852,100,100,100,100,100,1,56234,50
0.394701472716406,100,100,100,100,100,1,56234,50
0.786780894966796,100,100,100,100,100,1,56234,50
0.0549351500812918,100,100,100,100,100,1,56234,50
0.71928842831403,100,100,100,100,100,1,56234,50
0.188577230088413,100,100,100,100,100,1,56234,50
0.248959223041311,100,100,100,100,100,1,56234,50
0.676681543700397,100,100,100,100,100,1,56234,50
0.001,100,100,100,100.001,100.001,1,56234,50
