"p","truediv","chaoest","obsD","upper","lower","l","inds","reps"
0.193349045701325,100,100,100,100,100,1,56234,50
5e-04,100,100,100,100.0005,100.0005,1,56234,50
0.626948553370312,100,100,100,100,100,1,56234,50
0.0075,100,100,100,100.0075,100.0075,1,56234,50
5e-04,100,100,100,100.0005,100.0005,1,56234,50
0.842996642459184,100,100,100,100,100,1,56234,50
0.003,100,100,100,100.003,100.003,1,56234,50
0.001,100,100,100,100.001,100.001,1,56234,50
0.001,100,100,100,100.001,100.001,1,56234,50
0.781135468510911,100,100,100,100,100,1,56234,50
0.0035,100,100,100,100.0035,100.0035,1,56234,50
0.0015,100,100,100,100.0015,100.0015,1,56234,50
0.0045,100,100,100,100.0045,100.0045,1,56234,50
5e-04,100,100,100,100.0005,100.0005,1,56234,50
0.516326011158526,100,100,100,100,100,1,56234,50
5e-04,100,100,100,100.0005,100.0005,1,56234,50
0.049,100,100,100,100.049,99.049,1,56234,50
0.0015,100,100,100,100.0015,100.0015,1,56234,50
0.554321774980053,100,100,100,100,100,1,56234,50
0.549339816439897,100,100,100,100,100,1,56234,50
0.054,100,100,100,100.054,99.054,1,56234,50
0.750819629756734,100,100,100,100,100,1,56234,50
0.96983033278957,100,100,100,100,100,1,56234,50
0.0045,100,100,100,100.0045,100.0045,1,56234,50
0.489335453836247,100,100,100,100,100,1,56234,50
0.001,100,100,100,100.000500008891,100.000500008891,1,56234,50
0.0186336603946984,100,100,100,100,100,1,56234,50
0.0215,100,100,100,100.0215,100.0215,1,56234,50
0.685056342277676,100,100,100,100,100,1,56234,50
5e-04,100,100,100,100.0005,100.0005,1,56234,50
0.0065,100,100,100,100.0065,100.0065,1,56234,50
0.640321783488616,100,100,100,100,100,1,56234,50
0.471678654896095,100,100,100,100,100,1,56234,50
0.003,100,100,100,100.003,100.003,1,56234,50
0.57761204848066,100,100,100,100,100,1,56234,50
0.606464638840407,100,100,100,100,100,1,56234,50
0.001,100,100,100,100.001,100.001,1,56234,50
0.0025,100,100,100,100.0025,100.0025,1,56234,50
0.0025,100,100,100,100.0025,100.0025,1,56234,50
0.260271780658513,100,100,100,100,100,1,56234,50
0.118582483846694,100,100,100,100,100,1,56234,50
0.05,100,100,100,100.049500008891,99.0495000088914,1,56234,50
0.0065,100,100,100,100.0065,100.0065,1,56234,50
0.001,100,100,100,100.001,100.001,1,56234,50
5e-04,100,100,100,100.0005,100.0005,1,56234,50
5e-04,100,100,100,100.0005,100.0005,1,56234,50
0.001,100,100,100,100.000750004446,100.000750004446,1,56234,50
0.182513273321092,100,100,100,100,100,1,56234,50
0.002,100,100,100,100.002,100.002,1,56234,50
0.002,100,100,100,100.002,100.002,1,56234,50
