"p","truediv","chaoest","obsD","upper","lower","l","inds","reps"
0.0015,100,100,100,100.0015,100.0015,1,56234,50
0.213285585166886,100,100,100,100,100,1,56234,50
0.0055,100,100,100,100.0055,100.0055,1,56234,50
0.001,100,100,100,100.001,100.001,1,56234,50
0.019,100,100,100,100.019,100.019,1,56234,50
0.895393411163241,100,100,100,100,100,1,56234,50
0.0025,100,100,100,100.0025,100.0025,1,56234,50
0.006,100,100,100,100.006,100.006,1,56234,50
0.005,100,100,100,100.005,100.005,1,56234,50
0.90893063088879,100,100,100,100,100,1,56234,50
0.471480760723352,100,100,100,100,100,1,56234,50
0.003,100,100,100,100.003,100.003,1,56234,50
0.0869859668891877,100,100,100,100,100,1,56234,50
0.120933199999854,100,100,100,100,100,1,56234,50
5e-04,100,100,100,100.0005,100.0005,1,56234,50
0.0135,100,100,100,100.0135,100.0135,1,56234,50
5e-04,100,100,100,100.0005,100.0005,1,56234,50
0.834455312229693,100,100,100,100,100,1,56234,50
0.0055,100,100,100,100.0055,100.0055,1,56234,50
5e-04,100,100,100,100.0005,100.0005,1,56234,50
0.0025,100,100,100,100.0025,100.0025,1,56234,50
0.864716598298401,100,100,100,100,100,1,56234,50
0.0175,100,100,100,100.0175,100.0175,1,56234,50
5e-04,100,100,100,100.0005,100.0005,1,56234,50
5e-04,100,100,100,100.0005,100.0005,1,56234,50
0.011,100,100,100,100.011,100.011,1,56234,50
0.972000591224059,100,100,100,100,100,1,56234,50
0.056,100,100,100,100.054750022229,99.0547500222285,1,56234,50
0.839947707019746,100,100,100,100,100,1,56234,50
0.177004576660693,100,100,100,100,100,1,56234,50
0.002,100,100,100,100.002,100.002,1,56234,50
0.001,100,100,100,100.001,100.001,1,56234,50
0.0015,100,100,100,100.0015,100.0015,1,56234,50
0.828165811253712,100,100,100,100,100,1,56234,50
0.29067657305859,100,100,100,100,100,1,56234,50
0.0055,100,100,100,100.0055,100.0055,1,56234,50
5e-04,100,100,100,100.0005,100.0005,1,56234,50
0.246243310393766,100,100,100,100,100,1,56234,50
0.216747369151562,100,100,100,100,100,1,56234,50
0.989897737046704,100,100,100,100,100,1,56234,50
0.0185,100,100,100,100.0185,100.0185,1,56234,50
5e-04,100,100,100,100.0005,100.0005,1,56234,50
0.791500776540488,100,100,100,100,100,1,56234,50
0.221981554990634,100,100,100,100,100,1,56234,50
0.459341582143679,100,100,100,100,100,1,56234,50
0.911688931286335,100,100,100,100,100,1,56234,50
0.351497301831841,100,100,100,100,100,1,56234,50
0.241113340016454,100,100,100,100,100,1,56234,50
0.0025,100,100,100,100.0025,100.0025,1,56234,50
0.001,100,100,100,100.001,100.001,1,56234,50
