"p","truediv","chaoest","obsD","upper","lower","l","inds","reps"
5e-04,100,100,100,100.0005,100.0005,1,56234,50
0.843732558656484,100,100,100,100,100,1,56234,50
0.053,100,100,100,100.053,99.053,1,56234,50
5e-04,100,100,100,100.0005,100.0005,1,56234,50
0.014,100,100,100,100.013750004446,100.013750004446,1,56234,50
5e-04,100,100,100,100.0005,100.0005,1,56234,50
5e-04,100,100,100,100.0005,100.0005,1,56234,50
0.935087801422924,100,100,100,100,100,1,56234,50
0.346160368761048,100,100,100,100,100,1,56234,50
0.0205,100,100,100,100.0205,100.0205,1,56234,50
0.654902463313192,100,100,100,100,100,1,56234,50
5e-04,100,100,100,100.0005,100.0005,1,56234,50
0.0015,100,100,100,100.0015,100.0015,1,56234,50
0.0145,100,100,100,100.0145,100.0145,1,56234,50
5e-04,100,100,100,100.0005,100.0005,1,56234,50
0.140209054807201,100,100,100,100,100,1,56234,50
0.001,100,100,100,100.001,100.001,1,56234,50
0.019,100,100,100,100.019,100.019,1,56234,50
0.922163827111945,100,100,100,100,100,1,56234,50
0.360170668223873,100,100,100,100,100,1,56234,50
0.0015,100,100,100,100.0015,100.0015,1,56234,50
0.001,100,100,100,100.001,100.001,1,56234,50
5e-04,100,100,100,100.0005,100.0005,1,56234,50
0.353409358067438,100,100,100,100,100,1,56234,50
0.327110860496759,100,100,100,100,100,1,56234,50
0.629417337244377,100,100,100,100,100,1,56234,50
5e-04,100,100,100,100.0005,100.0005,1,56234,50
0.307598962914199,100,100,100,100,100,1,56234,50
5e-04,100,100,100,100.0005,100.0005,1,56234,50
0.007,100,100,100,100.007,100.007,1,56234,50
0.356916008982807,100,100,100,100,100,1,56234,50
0.002,100,100,100,100.002,100.002,1,56234,50
5e-04,100,100,100,100.0005,100.0005,1,56234,50
0.0035,100,100,100,100.0035,100.0035,1,56234,50
5e-04,100,100,100,100.0005,100.0005,1,56234,50
0.0015,100,100,100,100.0015,100.0015,1,56234,50
0.0278753349557519,100,100,100,100,100,1,56234,50
0.134790988638997,100,100,100,100,100,1,56234,50
0.001,100,100,100,100.001,100.001,1,56234,50
5e-04,100,100,100,100.0005,100.0005,1,56234,50
0.170656105969101,100,100,100,100,100,1,56234,50
0.259389488957822,100,100,100,100,100,1,56234,50
0.657905969303101,100,100,100,100,100,1,56234,50
0.0025,100,100,100,100.0025,100.0025,1,56234,50
0.299783032853156,100,100,100,100,100,1,56234,50
0.0035,100,100,100,100.0035,100.0035,1,56234,50
5e-04,100,100,100,100.0005,100.0005,1,56234,50
0.990043800091371,100,100,100,100,100,1,56234,50
0.001,100,100,100,100.001,100.001,1,56234,50
0.658047960372642,100,100,100,100,100,1,56234,50
