"p","truediv","chaoest","obsD","upper","lower","l","inds","reps"
0.322021897882223,100,100,100,100,100,1,56234,50
5e-04,100,100,100,100.0005,100.0005,1,56234,50
0.313696937868372,100,100,100,100,100,1,56234,50
5e-04,100,100,100,100.0005,100.0005,1,56234,50
0.0015,100,100,100,100.0015,100.0015,1,56234,50
0.0145,100,100,100,100.0145,100.0145,1,56234,50
0.0045,100,100,100,100.0045,100.0045,1,56234,50
0.021,100,100,100,100.021,100.021,1,56234,50
0.003,100,100,100,100.003,100.003,1,56234,50
0.004,100,100,100,100.004,100.004,1,56234,50
0.833290931303054,100,100,100,100,100,1,56234,50
5e-04,100,100,100,100.0005,100.0005,1,56234,50
5e-04,100,100,100,100.0005,100.0005,1,56234,50
0.007,100,100,100,100.007,100.007,1,56234,50
0.132823702646419,100,100,100,100,100,1,56234,50
0.0182110543828458,100,100,100,100,100,1,56234,50
0.943076620809734,100,100,100,100,100,1,56234,50
0.452582211466506,100,100,100,100,100,1,56234,50
0.001,100,100,100,100.001,100.001,1,56234,50
0.430697042960674,100,100,100,100,100,1,56234,50
0.001,100,100,100,100.001,100.001,1,56234,50
0.891607511322945,100,100,100,100,100,1,56234,50
5e-04,100,100,100,100.0005,100.0005,1,56234,50
0.407841227715835,100,100,100,100,100,1,56234,50
0.454675515415147,100,100,100,100,100,1,56234,50
0.456548380665481,100,100,100,100,100,1,56234,50
0.309389804955572,100,100,100,100,100,1,56234,50
5e-04,100,100,100,100.0005,100.0005,1,56234,50
5e-04,100,100,100,100.0005,100.0005,1,56234,50
0.379269551951438,100,100,100,100,100,1,56234,50
0.002,100,100,100,100.002,100.002,1,56234,50
0.149043573532254,100,100,100,100,100,1,56234,50
0.952033607987687,100,100,100,100,100,1,56234,50
0.006,100,100,100,100.006,100.006,1,56234,50
0.778400184120983,100,100,100,100,100,1,56234,50
0.016,100,100,100,100.016,100.016,1,56234,50
0.181834727758542,100,100,100,100,100,1,56234,50
0.0065,100,100,100,100.0065,100.0065,1,56234,50
0.018,100,100,100,100.017000017783,100.017000017783,1,56234,50
0.855892493389547,100,100,100,100,100,1,56234,50
0.207955868681893,100,100,100,100,100,1,56234,50
0.047,100,100,100,100.047,99.047,1,56234,50
0.002,100,100,100,100.002,100.002,1,56234,50
0.72180050634779,100,100,100,100,100,1,56234,50
0.750679224263877,100,100,100,100,100,1,56234,50
0.0015,100,100,100,100.0015,100.0015,1,56234,50
5e-04,100,100,100,100.0005,100.0005,1,56234,50
0.978875958360732,100,100,100,100,100,1,56234,50
5e-04,100,100,100,100.0005,100.0005,1,56234,50
5e-04,100,100,100,100.0005,100.0005,1,56234,50
