"p","truediv","chaoest","obsD","upper","lower","l","inds","reps"
0.232169289607555,100,100,100,100,100,1,56234,50
0.821904855314642,100,100,100,100,100,1,56234,50
0.585687468294054,100,100,100,100,100,1,56234,50
5e-04,100,100,100,100.0005,100.0005,1,56234,50
0.052,100,100,100,100.052,99.052,1,56234,50
0.006,100,100,100,100.005500008891,100.005500008891,1,56234,50
0.536817929008976,100,100,100,100,100,1,56234,50
5e-04,100,100,100,100.0005,100.0005,1,56234,50
0.0269014311488718,100,100,100,100,100,1,56234,50
0.31414915365167,100,100,100,100,100,1,56234,50
0.0425,100,100,100,100.0425,99.0425,1,56234,50
0.575048997532576,100,100,100,100,100,1,56234,50
0.258171729743481,100,100,100,100,100,1,56234,50
0.813592178979889,100,100,100,100,100,1,56234,50
5e-04,100,100,100,100.0005,100.0005,1,56234,50
0.21011407324113,100,100,100,100,100,1,56234,50
0.0035,100,100,100,100.0035,100.0035,1,56234,50
0.560756753198802,100,100,100,100,100,1,56234,50
0.1325,100,100,100,100.1325,99.1325,1,56234,50
0.995568148558959,100,100,100,100,100,1,56234,50
0.0518638074863702,100,100,100,100,100,1,56234,50
0.356971390778199,100,100,100,100,100,1,56234,50
0.003,100,100,100,100.003,100.003,1,56234,50
0.003,100,100,100,100.003,100.003,1,56234,50
5e-04,100,100,100,100.0005,100.0005,1,56234,50
0.83702205773443,100,100,100,100,100,1,56234,50
5e-04,100,100,100,100.0005,100.0005,1,56234,50
0.019,100,100,100,100.019,100.019,1,56234,50
5e-04,100,100,100,100.0005,100.0005,1,56234,50
5e-04,100,100,100,100.0005,100.0005,1,56234,50
0.829352909699082,100,100,100,100,100,1,56234,50
0.990003307117149,100,100,100,100,100,1,56234,50
0.0015,100,100,100,100.0015,100.0015,1,56234,50
0.670444691088051,100,100,100,100,100,1,56234,50
0.027495005633682,100,100,100,100,100,1,56234,50
0.391325927339494,100,100,100,100,100,1,56234,50
0.1215,100,100,100,100.1215,99.1215,1,56234,50
0.125,100,100,100,100.125,99.125,1,56234,50
0.003,100,100,100,100.003,100.003,1,56234,50
0.0025,100,100,100,100.0025,100.0025,1,56234,50
0.80364338029176,100,100,100,100,100,1,56234,50
0.001,100,100,100,100.001,100.001,1,56234,50
0.148119019111618,100,100,100,100,100,1,56234,50
0.847718080738559,100,100,100,100,100,1,56234,50
0.001,100,100,100,100.001,100.001,1,56234,50
0.0015,100,100,100,100.001000008891,100.001000008891,1,56234,50
0.24713822058402,100,100,100,100,100,1,56234,50
0.13333531236276,100,100,100,100,100,1,56234,50
0.346251362236217,100,100,100,100,100,1,56234,50
0.129953834461048,100,100,100,100,100,1,56234,50
