"p","truediv","chaoest","obsD","upper","lower","l","inds","reps"
0.508131918031722,100,100,100,100,100,1,56234,50
0.003,100,100,100,100.003,100.003,1,56234,50
0.001,100,100,100,100.001,100.001,1,56234,50
0.0215,100,100,100,100.0215,100.0215,1,56234,50
0.0025,100,100,100,100.0025,100.0025,1,56234,50
0.0025,100,100,100,100.0025,100.0025,1,56234,50
5e-04,100,100,100,100.0005,100.0005,1,56234,50
5e-04,100,100,100,100.0005,100.0005,1,56234,50
0.0045,100,100,100,100.0045,100.0045,1,56234,50
0.014,100,100,100,100.014,100.014,1,56234,50
0.823343357536942,100,100,100,100,100,1,56234,50
0.402379559120163,100,100,100,100,100,1,56234,50
5e-04,100,100,100,100.0005,100.0005,1,56234,50
0.852996797766536,100,100,100,100,100,1,56234,50
0.578627230599523,100,100,100,100,100,1,56234,50
0.265558388317004,100,100,100,100,100,1,56234,50
0.004,100,100,100,100.004,100.004,1,56234,50
0.0105,100,100,100,100.0105,100.0105,1,56234,50
0.900200891774148,100,100,100,100,100,1,56234,50
0.894441416487098,100,100,100,100,100,1,56234,50
0.0585407980252057,100,100,100,100,100,1,56234,50
0.391021109418944,100,100,100,100,100,1,56234,50
0.003,100,100,100,100.003,100.003,1,56234,50
0.331148940138519,100,100,100,100,100,1,56234,50
0.394411660032347,100,100,100,100,100,1,56234,50
0.126241951948032,100,100,100,100,100,1,56234,50
0.271662067621946,100,100,100,100,100,1,56234,50
5e-04,100,100,100,100.0005,100.0005,1,56234,50
0.835901528131217,100,100,100,100,100,1,56234,50
0.002,100,100,100,100.002,100.002,1,56234,50
0.21492571849376,100,100,100,100,100,1,56234,50
0.045,100,100,100,100.045,99.045,1,56234,50
0.828878943808377,100,100,100,100,100,1,56234,50
0.0085,100,100,100,100.00675003112,100.00675003112,1,56234,50
0.767910812515765,100,100,100,100,100,1,56234,50
0.003,100,100,100,100.003,100.003,1,56234,50
0.019,100,100,100,100.019,100.019,1,56234,50
5e-04,100,100,100,100.0005,100.0005,1,56234,50
5e-04,100,100,100,100.0005,100.0005,1,56234,50
0.0222001948859543,100,100,100,100,100,1,56234,50
0.88464219472371,100,100,100,100,100,1,56234,50
0.780170791782439,100,100,100,100,100,1,56234,50
0.9995,100,100,100,99.9995000088914,99.9995000088914,1,56234,50
5e-04,100,100,100,100.0005,100.0005,1,56234,50
0.924167332239449,100,100,100,100,100,1,56234,50
5e-04,100,100,100,100.0005,100.0005,1,56234,50
0.002,100,100,100,100.002,100.002,1,56234,50
0.001,100,100,100,100.001,100.001,1,56234,50
0.0015,100,100,100,100.0015,100.0015,1,56234,50
0.0075,100,100,100,100.0075,100.0075,1,56234,50
