"p","truediv","chaoest","obsD","upper","lower","l","inds","reps"
0.537408853881061,100,100,100,100,100,1,56234,50
0.0035,100,100,100,100.0035,100.0035,1,56234,50
0.005,100,100,100,100.005,100.005,1,56234,50
0.172748953802511,100,100,100,100,100,1,56234,50
0.004,100,100,100,100.004,100.004,1,56234,50
0.007,100,100,100,100.007,100.007,1,56234,50
0.0075,100,100,100,100.0075,100.0075,1,56234,50
0.0485,100,100,100,100.0485,99.0485,1,56234,50
0.464943852042779,100,100,100,100,100,1,56234,50
0.397272048750892,100,100,100,100,100,1,56234,50
0.221404861891642,100,100,100,100,100,1,56234,50
0.001,100,100,100,100.001,100.001,1,56234,50
0.198024802142754,100,100,100,100,100,1,56234,50
0.882799523416907,100,100,100,100,100,1,56234,50
0.0333983371965587,100,100,100,100,100,1,56234,50
0.603027287404984,100,100,100,100,100,1,56234,50
0.314096648944542,100,100,100,100,100,1,56234,50
0.3625,100,100,100,100.3625,99.3625,1,56234,50
5e-04,100,100,100,100.0005,100.0005,1,56234,50
0.0015,100,100,100,100.0015,100.0015,1,56234,50
0.0055,100,100,100,100.005250004446,100.005250004446,1,56234,50
0.0065,100,100,100,100.0065,100.0065,1,56234,50
0.242373758228496,100,100,100,100,100,1,56234,50
0.920021118130535,100,100,100,100,100,1,56234,50
0.0499512339010835,100,100,100,100,100,1,56234,50
0.0015,100,100,100,100.0015,100.0015,1,56234,50
5e-04,100,100,100,100.0005,100.0005,1,56234,50
0.755619980860502,100,100,100,100,100,1,56234,50
0.0195,100,100,100,100.0195,100.0195,1,56234,50
0.603686436312273,100,100,100,100,100,1,56234,50
0.55511460849084,100,100,100,100,100,1,56234,50
0.001,100,100,100,100.001,100.001,1,56234,50
0.001,100,100,100,100.001,100.001,1,56234,50
0.004,100,100,100,100.003750004446,100.003750004446,1,56234,50
0.0533875874243677,100,100,100,100,100,1,56234,50
0.162259004544467,100,100,100,100,100,1,56234,50
0.794793882174417,100,100,100,100,100,1,56234,50
0.1730578369461,100,100,100,100,100,1,56234,50
0.0478934890124947,100,100,100,100,100,1,56234,50
0.0035,100,100,100,100.0035,100.0035,1,56234,50
0.003,100,100,100,100.003,100.003,1,56234,50
0.007,100,100,100,100.007,100.007,1,56234,50
0.0035,100,100,100,100.0035,100.0035,1,56234,50
0.0644001660402864,100,100,100,100,100,1,56234,50
0.227629319299012,100,100,100,100,100,1,56234,50
0.0015,100,100,100,100.0015,100.0015,1,56234,50
0.425571074010804,100,100,100,100,100,1,56234,50
0.0065,100,100,100,100.0065,100.0065,1,56234,50
0.451322621898726,100,100,100,100,100,1,56234,50
0.008,100,100,100,100.008,100.008,1,56234,50
