"p","truediv","chaoest","obsD","upper","lower","l","inds","reps"
0.252646591281518,100,100,100,100,100,1,56234,50
0.27047288720496,100,100,100,100,100,1,56234,50
0.0015,100,100,100,100.0015,100.0015,1,56234,50
0.95757049205713,100,100,100,100,100,1,56234,50
0.32694601896219,100,100,100,100,100,1,56234,50
0.0725684410426766,100,100,100,100,100,1,56234,50
0.558481555897743,100,100,100,100,100,1,56234,50
0.0025,100,100,100,100.0025,100.0025,1,56234,50
0.263476741267368,100,100,100,100,100,1,56234,50
0.0485,100,100,100,100.0485,99.0485,1,56234,50
0.863501998363063,100,100,100,100,100,1,56234,50
0.750225402181968,100,100,100,100,100,1,56234,50
0.0025,100,100,100,100.0025,100.0025,1,56234,50
0.0015,100,100,100,100.0015,100.0015,1,56234,50
0.017,100,100,100,100.015750022229,100.015750022229,1,56234,50
0.939578066114336,100,100,100,100,100,1,56234,50
5e-04,100,100,100,100.0005,100.0005,1,56234,50
0.0075,100,100,100,100.0075,100.0075,1,56234,50
0.001,100,100,100,100.001,100.001,1,56234,50
0.0055,100,100,100,100.0055,100.0055,1,56234,50
0.398051630007103,100,100,100,100,100,1,56234,50
5e-04,100,100,100,100.0005,100.0005,1,56234,50
0.603007664205506,100,100,100,100,100,1,56234,50
0.600883884588256,100,100,100,100,100,1,56234,50
0.77833138150163,100,100,100,100,100,1,56234,50
0.004,100,100,100,100.004,100.004,1,56234,50
0.648726845160127,100,100,100,100,100,1,56234,50
0.729008212452754,100,100,100,100,100,1,56234,50
5e-04,100,100,100,100.0005,100.0005,1,56234,50
5e-04,100,100,100,100.0005,100.0005,1,56234,50
0.058,100,100,100,100.058,99.058,1,56234,50
0.870615047635511,100,100,100,100,100,1,56234,50
0.507955067558214,100,100,100,100,100,1,56234,50
0.0423609972931445,100,100,100,100,100,1,56234,50
0.006,100,100,100,100.006,100.006,1,56234,50
0.0015,100,100,100,100.0015,100.0015,1,56234,50
5e-04,100,100,100,100.0005,100.0005,1,56234,50
0.936649524839595,100,100,100,100,100,1,56234,50
0.744850580813363,100,100,100,100,100,1,56234,50
0.0297289553564042,100,100,100,100,100,1,56234,50
0.0679631356615573,100,100,100,100,100,1,56234,50
0.739439858589321,100,100,100,100,100,1,56234,50
0.902237821836025,100,100,100,100,100,1,56234,50
0.154,100,100,100,100.154,99.154,1,56234,50
0.0715249369386584,100,100,100,100,100,1,56234,50
0.009,100,100,100,100.009,100.009,1,56234,50
0.883183579659089,100,100,100,100,100,1,56234,50
0.264998891856521,100,100,100,100,100,1,56234,50
0.0225,100,100,100,100.0225,100.0225,1,56234,50
0.0465604497585446,100,100,100,100,100,1,56234,50
