"p","truediv","chaoest","obsD","upper","lower","l","inds","reps"
0.002,100,100,100,100.002,100.002,1,56234,50
0.901508912909776,100,100,100,100,100,1,56234,50
0.617068922612816,100,100,100,100,100,1,56234,50
0.397149801719934,100,100,100,100,100,1,56234,50
0.309508719947189,100,100,100,100,100,1,56234,50
0.00401939149014652,100,100,100,100,100,1,56234,50
5e-04,100,100,100,100.0005,100.0005,1,56234,50
0.003,100,100,100,100.003,100.003,1,56234,50
5e-04,100,100,100,100.0005,100.0005,1,56234,50
0.002,100,100,100,100.002,100.002,1,56234,50
5e-04,100,100,100,100.0005,100.0005,1,56234,50
0.0055,100,100,100,100.0055,100.0055,1,56234,50
5e-04,100,100,100,100.0005,100.0005,1,56234,50
0.0195,100,100,100,100.0195,100.0195,1,56234,50
0.207675487035885,100,100,100,100,100,1,56234,50
0.1255,100,100,100,100.124500017783,99.1245000177828,1,56234,50
0.240805875044316,100,100,100,100,100,1,56234,50
0.382231071358547,100,100,100,100,100,1,56234,50
0.008,100,100,100,100.008,100.008,1,56234,50
0.0421989532187581,100,100,100,100,100,1,56234,50
0.989828715333715,100,100,100,100,100,1,56234,50
0.467440498294309,100,100,100,100,100,1,56234,50
5e-04,100,100,100,100.0005,100.0005,1,56234,50
0.028,100,100,100,100.028,99.028,1,56234,50
0.228775205556303,100,100,100,100,100,1,56234,50
0.0215,100,100,100,100.0215,100.0215,1,56234,50
0.0055,100,100,100,100.0055,100.0055,1,56234,50
0.00524766277521849,100,100,100,100,100,1,56234,50
0.0055,100,100,100,100.0055,100.0055,1,56234,50
0.98290274431929,100,100,100,100,100,1,56234,50
0.844034887384623,100,100,100,100,100,1,56234,50
0.003,100,100,100,100.003,100.003,1,56234,50
0.161566058173776,100,100,100,100,100,1,56234,50
0.450360361719504,100,100,100,100,100,1,56234,50
0.960081726778299,100,100,100,100,100,1,56234,50
0.0075,100,100,100,100.0075,100.0075,1,56234,50
0.258215581765398,100,100,100,100,100,1,56234,50
0.003,100,100,100,100.003,100.003,1,56234,50
0.189194528851658,100,100,100,100,100,1,56234,50
0.0015,100,100,100,100.0015,100.0015,1,56234,50
5e-04,100,100,100,100.0005,100.0005,1,56234,50
0.0495,100,100,100,100.0495,99.0495,1,56234,50
0.113813797477633,100,100,100,100,100,1,56234,50
0.7511567233596,100,100,100,100,100,1,56234,50
0.5375316075515,100,100,100,100,100,1,56234,50
0.342240518657491,100,100,100,100,100,1,56234,50
0.0085,100,100,100,100.0085,100.0085,1,56234,50
0.001,100,100,100,100.001,100.001,1,56234,50
0.312281590653583,100,100,100,100,100,1,56234,50
0.402672433061525,100,100,100,100,100,1,56234,50
