"p","truediv","chaoest","obsD","upper","lower","l","inds","reps"
0.200832725735381,100,100,100,100,100,1,56234,50
5e-04,100,100,100,100.0005,100.0005,1,56234,50
0.99912310950458,100,100,100,100,100,1,56234,50
5e-04,100,100,100,100.0005,100.0005,1,56234,50
0.0185,100,100,100,100.0185,100.0185,1,56234,50
0.0162945163901895,100,100,100,100,100,1,56234,50
0.9995,100,100,100,99.9997500044457,99.9997500044457,1,56234,50
0.725745232542977,100,100,100,100,100,1,56234,50
0.0065,100,100,100,100.0065,100.0065,1,56234,50
0.639187762746587,100,100,100,100,100,1,56234,50
5e-04,100,100,100,100.0005,100.0005,1,56234,50
0.626334404340014,100,100,100,100,100,1,56234,50
0.002,100,100,100,100.002,100.002,1,56234,50
0.001,100,100,100,100.001,100.001,1,56234,50
0.0622331937775016,100,100,100,100,100,1,56234,50
0.820247498108074,100,100,100,100,100,1,56234,50
0.921982905827463,100,100,100,100,100,1,56234,50
0.407452769810334,100,100,100,100,100,1,56234,50
0.259901497047395,100,100,100,100,100,1,56234,50
5e-04,100,100,100,100.0005,100.0005,1,56234,50
0.0015,100,100,100,100.0015,100.0015,1,56234,50
0.603579691145569,100,100,100,100,100,1,56234,50
0.0111244381405413,100,100,100,100,100,1,56234,50
0.004,100,100,100,100.003500008891,100.003500008891,1,56234,50
0.232772598043084,100,100,100,100,100,1,56234,50
0.104902127757668,100,100,100,100,100,1,56234,50
5e-04,100,100,100,100.0005,100.0005,1,56234,50
0.802620962029323,100,100,100,100,100,1,56234,50
0.403876304626465,100,100,100,100,100,1,56234,50
0.601189570501447,100,100,100,100,100,1,56234,50
0.0055,100,100,100,100.0055,100.0055,1,56234,50
0.793960425071418,100,100,100,100,100,1,56234,50
0.0015,100,100,100,100.0015,100.0015,1,56234,50
5e-04,100,100,100,100.0005,100.0005,1,56234,50
0.996937775285915,100,100,100,100,100,1,56234,50
0.180760188959539,100,100,100,100,100,1,56234,50
0.757329811342061,100,100,100,100,100,1,56234,50
0.006,100,100,100,100.006,100.006,1,56234,50
0.0045,100,100,100,100.0045,100.0045,1,56234,50
0.003,100,100,100,100.003,100.003,1,56234,50
0.505785470828414,100,100,100,100,100,1,56234,50
5e-04,100,100,100,100.0005,100.0005,1,56234,50
0.001,100,100,100,100.001,100.001,1,56234,50
0.87635760800913,100,100,100,100,100,1,56234,50
0.715300583746284,100,100,100,100,100,1,56234,50
0.001,100,100,100,100.001,100.001,1,56234,50
5e-04,100,100,100,100.0005,100.0005,1,56234,50
0.005,100,100,100,100.005,100.005,1,56234,50
0.758934781420976,100,100,100,100,100,1,56234,50
0.049,100,100,100,100.049,99.049,1,56234,50
