"p","truediv","chaoest","obsD","upper","lower","l","inds","reps"
5e-04,100,100,100,100.0005,100.0005,1,56234,50
0.109800257254392,100,100,100,100,100,1,56234,50
0.001,100,100,100,100.001,100.001,1,56234,50
5e-04,100,100,100,100.0005,100.0005,1,56234,50
0.537679656874388,100,100,100,100,100,1,56234,50
5e-04,100,100,100,100.0005,100.0005,1,56234,50
0.519723704550415,100,100,100,100,100,1,56234,50
0.642815419705585,100,100,100,100,100,1,56234,50
0.00970676727592945,100,100,100,100,100,1,56234,50
0.001,100,100,100,100.001,100.001,1,56234,50
0.807265823008493,100,100,100,100,100,1,56234,50
0.546798642957583,100,100,100,100,100,1,56234,50
0.870396398473531,100,100,100,100,100,1,56234,50
0.0095,100,100,100,100.0095,100.0095,1,56234,50
5e-04,100,100,100,100.0005,100.0005,1,56234,50
0.001,100,100,100,100.001,100.001,1,56234,50
5e-04,100,100,100,100.0005,100.0005,1,56234,50
0.221070413012058,100,100,100,100,100,1,56234,50
0.230882601579651,100,100,100,100,100,1,56234,50
0.275379653088748,100,100,100,100,100,1,56234,50
0.003,100,100,100,100.003,100.003,1,56234,50
0.633651443291456,100,100,100,100,100,1,56234,50
0.531536719994619,100,100,100,100,100,1,56234,50
0.0529485419392586,100,100,100,100,100,1,56234,50
0.0494056222960353,100,100,100,100,100,1,56234,50
5e-04,100,100,100,100.0005,100.0005,1,56234,50
0.811897380976006,100,100,100,100,100,1,56234,50
0.0952226938679814,100,100,100,100,100,1,56234,50
0.003,100,100,100,100.003,100.003,1,56234,50
0.001,100,100,100,100.001,100.001,1,56234,50
0.683998250868171,100,100,100,100,100,1,56234,50
0.115704932250082,100,100,100,100,100,1,56234,50
5e-04,100,100,100,100.0005,100.0005,1,56234,50
0.890866943635046,100,100,100,100,100,1,56234,50
0.003,100,100,100,100.003,100.003,1,56234,50
5e-04,100,100,100,100.0005,100.0005,1,56234,50
5e-04,100,100,100,100.0005,100.0005,1,56234,50
0.649547809967771,100,100,100,100,100,1,56234,50
0.346903656376526,100,100,100,100,100,1,56234,50
0.206957812653854,100,100,100,100,100,1,56234,50
0.001,100,100,100,100.001,100.001,1,56234,50
0.34845176152885,100,100,100,100,100,1,56234,50
0.006,100,100,100,100.006,100.006,1,56234,50
0.097659524763003,100,100,100,100,100,1,56234,50
0.039378656540066,100,100,100,100,100,1,56234,50
0.0095,100,100,100,100.009250004446,100.009250004446,1,56234,50
0.0065,100,100,100,100.0065,100.0065,1,56234,50
0.1245,100,100,100,100.1245,99.1245,1,56234,50
0.001,100,100,100,100.001,100.001,1,56234,50
0.555811543017626,100,100,100,100,100,1,56234,50
