"p","truediv","chaoest","obsD","upper","lower","l","inds","reps"
0.988554740790278,100,100,100,100,100,1,1e+05,50
0.655181995593011,100,100,100,100,100,1,1e+05,50
0.809788244310766,100,100,100,100,100,1,1e+05,50
0.238482535816729,100,100,100,100,100,1,1e+05,50
5e-04,100,100,100,100.0005,100.0005,1,1e+05,50
0.406141072977334,100,100,100,100,100,1,1e+05,50
0.15254546678625,100,100,100,100,100,1,1e+05,50
0.569844531128183,100,100,100,100,100,1,1e+05,50
0.719659435329959,100,100,100,100,100,1,1e+05,50
0.001,100,100,100,100.001,100.001,1,1e+05,50
0.362495171139017,100,100,100,100,100,1,1e+05,50
0.28968653245829,100,100,100,100,100,1,1e+05,50
0.940408653812483,100,100,100,100,100,1,1e+05,50
0.85436598979868,100,100,100,100,100,1,1e+05,50
0.230226941406727,100,100,100,100,100,1,1e+05,50
0.0420125625096262,100,100,100,100,100,1,1e+05,50
0.0965037541463971,100,100,100,100,100,1,1e+05,50
0.715246998239309,100,100,100,100,100,1,1e+05,50
0.887530536390841,100,100,100,100,100,1,1e+05,50
0.945265587884933,100,100,100,100,100,1,1e+05,50
0.282264208886772,100,100,100,100,100,1,1e+05,50
0.160118605941534,100,100,100,100,100,1,1e+05,50
0.840441852807999,100,100,100,100,100,1,1e+05,50
0.105332627659664,100,100,100,100,100,1,1e+05,50
0.208972564199939,100,100,100,100,100,1,1e+05,50
0.001,100,100,100,100.001,100.001,1,1e+05,50
0.769187581259757,100,100,100,100,100,1,1e+05,50
0.317368220537901,100,100,100,100,100,1,1e+05,50
0.5567058310844,100,100,100,100,100,1,1e+05,50
5e-04,100,100,100,100.0005,100.0005,1,1e+05,50
0.627615169622004,100,100,100,100,100,1,1e+05,50
0.709522147197276,100,100,100,100,100,1,1e+05,50
0.899849909590557,100,100,100,100,100,1,1e+05,50
5e-04,100,100,100,100.0005,100.0005,1,1e+05,50
0.0617409383412451,100,100,100,100,100,1,1e+05,50
0.51548720872961,100,100,100,100,100,1,1e+05,50
0.956710817757994,100,100,100,100,100,1,1e+05,50
0.359290202846751,100,100,100,100,100,1,1e+05,50
0.78380645532161,100,100,100,100,100,1,1e+05,50
0.637666370486841,100,100,100,100,100,1,1e+05,50
0.157435588305816,100,100,100,100,100,1,1e+05,50
0.875171759631485,100,100,100,100,100,1,1e+05,50
0.963467463152483,100,100,100,100,100,1,1e+05,50
0.879642604850233,100,100,100,100,100,1,1e+05,50
0.335346682695672,100,100,100,100,100,1,1e+05,50
5e-04,100,100,100,100.0005,100.0005,1,1e+05,50
0.624290331965312,100,100,100,100,100,1,1e+05,50
0.925877862842754,100,100,100,100,100,1,1e+05,50
0.71561192930676,100,100,100,100,100,1,1e+05,50
0.369139882503077,100,100,100,100,100,1,1e+05,50
