"p","truediv","chaoest","obsD","upper","lower","l","inds","reps"
0.390482194488868,100,100,100,100,100,1,56234,50
0.042,100,100,100,100.042,99.042,1,56234,50
0.006,100,100,100,100.006,100.006,1,56234,50
0.015,100,100,100,100.014500008891,100.014500008891,1,56234,50
0.82434691558592,100,100,100,100,100,1,56234,50
0.302340244874358,100,100,100,100,100,1,56234,50
0.691670303000137,100,100,100,100,100,1,56234,50
0.894022241933271,100,100,100,100,100,1,56234,50
0.0025,100,100,100,100.0025,100.0025,1,56234,50
0.706722225062549,100,100,100,100,100,1,56234,50
0.75204218737781,100,100,100,100,100,1,56234,50
0.601312106009573,100,100,100,100,100,1,56234,50
5e-04,100,100,100,100.0005,100.0005,1,56234,50
0.112049595452845,100,100,100,100,100,1,56234,50
0.643508481094614,100,100,100,100,100,1,56234,50
0.616637542610988,100,100,100,100,100,1,56234,50
0.955615390324965,100,100,100,100,100,1,56234,50
0.632677255664021,100,100,100,100,100,1,56234,50
0.319910096935928,100,100,100,100,100,1,56234,50
0.491181956604123,100,100,100,100,100,1,56234,50
0.877561246743426,100,100,100,100,100,1,56234,50
5e-04,100,100,100,100.0005,100.0005,1,56234,50
0.0015,100,100,100,100.0015,100.0015,1,56234,50
0.658413712168112,100,100,100,100,100,1,56234,50
0.216630169888958,100,100,100,100,100,1,56234,50
0.0015,100,100,100,100.0015,100.0015,1,56234,50
0.293032915564254,100,100,100,100,100,1,56234,50
5e-04,100,100,100,100.0005,100.0005,1,56234,50
5e-04,100,100,100,100.0005,100.0005,1,56234,50
0.003,100,100,100,100.003,100.003,1,56234,50
0.0505,100,100,100,100.050250004446,99.0502500044457,1,56234,50
5e-04,100,100,100,100.0005,100.0005,1,56234,50
0.585851123789325,100,100,100,100,100,1,56234,50
0.0025,100,100,100,100.0025,100.0025,1,56234,50
0.001,100,100,100,100.001,100.001,1,56234,50
0.0199093176051974,100,100,100,100,100,1,56234,50
0.0025,100,100,100,100.0025,100.0025,1,56234,50
0.003,100,100,100,100.003,100.003,1,56234,50
0.0175,100,100,100,100.0175,100.0175,1,56234,50
0.003,100,100,100,100.003,100.003,1,56234,50
5e-04,100,100,100,100.0005,100.0005,1,56234,50
0.818520364817232,100,100,100,100,100,1,56234,50
0.745916730025783,100,100,100,100,100,1,56234,50
0.001,100,100,100,100.001,100.001,1,56234,50
0.543262103572488,100,100,100,100,100,1,56234,50
0.0485,100,100,100,100.0485,99.0485,1,56234,50
0.002,100,100,100,100.002,100.002,1,56234,50
0.686058487510309,100,100,100,100,100,1,56234,50
0.001,100,100,100,100.001,100.001,1,56234,50
0.0085,100,100,100,100.00675003112,100.00675003112,1,56234,50
