"p","truediv","chaoest","obsD","upper","lower","l","inds","reps"
0.001,100,100,100,100.001,100.001,1,56234,50
0.006,100,100,100,100.006,100.006,1,56234,50
5e-04,100,100,100,100.0005,100.0005,1,56234,50
0.011,100,100,100,100.011,100.011,1,56234,50
0.001,100,100,100,100.001,100.001,1,56234,50
5e-04,100,100,100,100.0005,100.0005,1,56234,50
5e-04,100,100,100,100.0005,100.0005,1,56234,50
0.0015,100,100,100,100.0015,100.0015,1,56234,50
0.001,100,100,100,100.001,100.001,1,56234,50
0.468825864372775,100,100,100,100,100,1,56234,50
0.018,100,100,100,100.018,100.018,1,56234,50
0.0475,100,100,100,100.0475,99.0475,1,56234,50
0.597013715887442,100,100,100,100,100,1,56234,50
0.269297600025311,100,100,100,100,100,1,56234,50
0.008,100,100,100,100.008,100.008,1,56234,50
0.002,100,100,100,100.002,100.002,1,56234,50
0.667911601252854,100,100,100,100,100,1,56234,50
0.265475269174203,100,100,100,100,100,1,56234,50
0.02,100,100,100,100.02,100.02,1,56234,50
5e-04,100,100,100,100.0005,100.0005,1,56234,50
0.61381996772252,100,100,100,100,100,1,56234,50
0.001,100,100,100,100.001,100.001,1,56234,50
0.569284303579479,100,100,100,100,100,1,56234,50
0.565332554047927,100,100,100,100,100,1,56234,50
0.0933545415755361,100,100,100,100,100,1,56234,50
0.014,100,100,100,100.014,100.014,1,56234,50
0.720838479930535,100,100,100,100,100,1,56234,50
5e-04,100,100,100,100.0005,100.0005,1,56234,50
0.0162531291134655,100,100,100,100,100,1,56234,50
5e-04,100,100,100,100.0005,100.0005,1,56234,50
0.0035,100,100,100,100.0035,100.0035,1,56234,50
5e-04,100,100,100,100.0005,100.0005,1,56234,50
0.008,100,100,100,100.008,100.008,1,56234,50
0.017,100,100,100,100.017,100.017,1,56234,50
0.176282144384459,100,100,100,100,100,1,56234,50
0.853391605196521,100,100,100,100,100,1,56234,50
0.179795132484287,100,100,100,100,100,1,56234,50
0.0455,100,100,100,100.0455,99.0455,1,56234,50
5e-04,100,100,100,100.0005,100.0005,1,56234,50
0.134987924946472,100,100,100,100,100,1,56234,50
1.0794261470437e-05,100,100,100,100,100,1,56234,50
5e-04,100,100,100,100.0005,100.0005,1,56234,50
0.750856226310134,100,100,100,100,100,1,56234,50
0.374413520796224,100,100,100,100,100,1,56234,50
0.989065089728683,100,100,100,100,100,1,56234,50
0.0035,100,100,100,100.0035,100.0035,1,56234,50
0.1445,100,100,100,100.1445,99.1445,1,56234,50
0.448640789603814,100,100,100,100,100,1,56234,50
0.0035,100,100,100,100.0035,100.0035,1,56234,50
0.884098709560931,100,100,100,100,100,1,56234,50
