"p","truediv","chaoest","obsD","upper","lower","l","inds","reps"
0.004,100,100,100,100.004,100.004,1,56234,50
0.622096950188279,100,100,100,100,100,1,56234,50
0.0015,100,100,100,100.0015,100.0015,1,56234,50
5e-04,100,100,100,100.0005,100.0005,1,56234,50
0.191866043023765,100,100,100,100,100,1,56234,50
0.0485,100,100,100,100.0485,99.0485,1,56234,50
0.001,100,100,100,100.001,100.001,1,56234,50
0.0260677961632609,100,100,100,100,100,1,56234,50
0.0015,100,100,100,100.0015,100.0015,1,56234,50
0.007,100,100,100,100.007,100.007,1,56234,50
0.426206848118454,100,100,100,100,100,1,56234,50
0.836543639190495,100,100,100,100,100,1,56234,50
0.585912255104631,100,100,100,100,100,1,56234,50
0.13,100,100,100,100.13,99.13,1,56234,50
0.464602068765089,100,100,100,100,100,1,56234,50
5e-04,100,100,100,100.0005,100.0005,1,56234,50
0.001,100,100,100,100.001,100.001,1,56234,50
0.936518682399765,100,100,100,100,100,1,56234,50
0.855803678976372,100,100,100,100,100,1,56234,50
0.968980919802561,100,100,100,100,100,1,56234,50
0.267518137115985,100,100,100,100,100,1,56234,50
0.804355694446713,100,100,100,100,100,1,56234,50
0.54800677485764,100,100,100,100,100,1,56234,50
0.259018721058965,100,100,100,100,100,1,56234,50
0.483347849687561,100,100,100,100,100,1,56234,50
0.67834961367771,100,100,100,100,100,1,56234,50
5e-04,100,100,100,100.0005,100.0005,1,56234,50
0.004,100,100,100,100.004,100.004,1,56234,50
5e-04,100,100,100,100.0005,100.0005,1,56234,50
0.0055,100,100,100,100.0055,100.0055,1,56234,50
0.003,100,100,100,100.003,100.003,1,56234,50
0.294701696839184,100,100,100,100,100,1,56234,50
5e-04,100,100,100,100.0005,100.0005,1,56234,50
0.501141239888966,100,100,100,100,100,1,56234,50
0.051,100,100,100,100.051,99.051,1,56234,50
0.336090258788317,100,100,100,100,100,1,56234,50
0.003,100,100,100,100.003,100.003,1,56234,50
5e-04,100,100,100,100.0005,100.0005,1,56234,50
5e-04,100,100,100,100.0005,100.0005,1,56234,50
0.0045,100,100,100,100.0045,100.0045,1,56234,50
0.846116484841332,100,100,100,100,100,1,56234,50
5e-04,100,100,100,100.0005,100.0005,1,56234,50
0.0474395996425301,100,100,100,100,100,1,56234,50
0.0015,100,100,100,100.0015,100.0015,1,56234,50
0.0025,100,100,100,100.0025,100.0025,1,56234,50
0.156499667093158,100,100,100,100,100,1,56234,50
0.014,100,100,100,100.013750004446,100.013750004446,1,56234,50
0.268722099484876,100,100,100,100,100,1,56234,50
0.0160472129937261,100,100,100,100,100,1,56234,50
0.0281218378804624,100,100,100,100,100,1,56234,50
