"p","truediv","chaoest","obsD","upper","lower","l","inds","reps"
5e-04,100,100,100,100.0005,100.0005,1,56234,50
0.001,100,100,100,100.001,100.001,1,56234,50
0.961223559686914,100,100,100,100,100,1,56234,50
0.216090825852007,100,100,100,100,100,1,56234,50
0.001,100,100,100,100.001,100.001,1,56234,50
0.487100971164182,100,100,100,100,100,1,56234,50
0.653144261799753,100,100,100,100,100,1,56234,50
0.983220748603344,100,100,100,100,100,1,56234,50
0.208424672251567,100,100,100,100,100,1,56234,50
0.215344182681292,100,100,100,100,100,1,56234,50
0.001,100,100,100,100.001,100.001,1,56234,50
0.154382138513029,100,100,100,100,100,1,56234,50
0.086112042888999,100,100,100,100,100,1,56234,50
0.807233075844124,100,100,100,100,100,1,56234,50
0.001,100,100,100,100.001,100.001,1,56234,50
0.0055,100,100,100,100.0055,100.0055,1,56234,50
0.001,100,100,100,100.001,100.001,1,56234,50
0.002,100,100,100,100.002,100.002,1,56234,50
0.0015,100,100,100,100.0015,100.0015,1,56234,50
0.376822976162657,100,100,100,100,100,1,56234,50
0.620729562127963,100,100,100,100,100,1,56234,50
0.973207411821932,100,100,100,100,100,1,56234,50
0.0015,100,100,100,100.0015,100.0015,1,56234,50
0.0425,100,100,100,100.0425,99.0425,1,56234,50
0.637297495268285,100,100,100,100,100,1,56234,50
0.920585406012833,100,100,100,100,100,1,56234,50
0.551067440537736,100,100,100,100,100,1,56234,50
0.007,100,100,100,100.006000017783,100.006000017783,1,56234,50
0.003,100,100,100,100.003,100.003,1,56234,50
0.001,100,100,100,100.001,100.001,1,56234,50
0.001,100,100,100,100.000750004446,100.000750004446,1,56234,50
0.182459556730464,100,100,100,100,100,1,56234,50
0.315356839215383,100,100,100,100,100,1,56234,50
0.284132060594857,100,100,100,100,100,1,56234,50
0.864742656936869,100,100,100,100,100,1,56234,50
0.144654490984976,100,100,100,100,100,1,56234,50
0.683887358987704,100,100,100,100,100,1,56234,50
0.936158566502854,100,100,100,100,100,1,56234,50
0.634580685058609,100,100,100,100,100,1,56234,50
0.0195,100,100,100,100.0195,100.0195,1,56234,50
0.731636034091935,100,100,100,100,100,1,56234,50
0.0055,100,100,100,100.0055,100.0055,1,56234,50
0.931992336874828,100,100,100,100,100,1,56234,50
0.005,100,100,100,100.005,100.005,1,56234,50
0.008,100,100,100,100.008,100.008,1,56234,50
0.22918903036043,100,100,100,100,100,1,56234,50
0.0015,100,100,100,100.0015,100.0015,1,56234,50
0.761237199883908,100,100,100,100,100,1,56234,50
0.480078478343785,100,100,100,100,100,1,56234,50
0.567389917559922,100,100,100,100,100,1,56234,50
