"p","truediv","chaoest","obsD","upper","lower","l","inds","reps"
0.303008571732789,100,100,100,100,100,1,56234,50
0.0015,100,100,100,100.0015,100.0015,1,56234,50
5e-04,100,100,100,100.0005,100.0005,1,56234,50
0.001,100,100,100,100.001,100.001,1,56234,50
0.833332164445892,100,100,100,100,100,1,56234,50
0.004,100,100,100,100.004,100.004,1,56234,50
0.0105,100,100,100,100.0105,100.0105,1,56234,50
0.629977331729606,100,100,100,100,100,1,56234,50
0.279684729641303,100,100,100,100,100,1,56234,50
0.935302740661427,100,100,100,100,100,1,56234,50
5e-04,100,100,100,100.0005,100.0005,1,56234,50
0.0415,100,100,100,100.0415,99.0415,1,56234,50
0.572267560521141,100,100,100,100,100,1,56234,50
0.001,100,100,100,100.001,100.001,1,56234,50
0.256441195961088,100,100,100,100,100,1,56234,50
0.001,100,100,100,100.001,100.001,1,56234,50
0.001,100,100,100,100.001,100.001,1,56234,50
0.003,100,100,100,100.003,100.003,1,56234,50
0.0065,100,100,100,100.0065,100.0065,1,56234,50
0.59837937541306,100,100,100,100,100,1,56234,50
0.001,100,100,100,100.001,100.001,1,56234,50
0.229822816327214,100,100,100,100,100,1,56234,50
0.395822456572205,100,100,100,100,100,1,56234,50
5e-04,100,100,100,100.0005,100.0005,1,56234,50
5e-04,100,100,100,100.0005,100.0005,1,56234,50
0.0015,100,100,100,100.0015,100.0015,1,56234,50
0.32937970967032,100,100,100,100,100,1,56234,50
5e-04,100,100,100,100.0005,100.0005,1,56234,50
0.862409420544282,100,100,100,100,100,1,56234,50
5e-04,100,100,100,100.0005,100.0005,1,56234,50
0.001,100,100,100,100.001,100.001,1,56234,50
0.0015,100,100,100,100.0015,100.0015,1,56234,50
0.754638221813366,100,100,100,100,100,1,56234,50
0.0055,100,100,100,100.0055,100.0055,1,56234,50
0.002,100,100,100,100.002,100.002,1,56234,50
5e-04,100,100,100,100.0005,100.0005,1,56234,50
0.0015,100,100,100,100.0015,100.0015,1,56234,50
5e-04,100,100,100,100.0005,100.0005,1,56234,50
0.000923674087971449,100,100,100,100,100,1,56234,50
0.0015,100,100,100,100.0015,100.0015,1,56234,50
5e-04,100,100,100,100.000250004446,100.000250004446,1,56234,50
0.0025,100,100,100,100.002250004446,100.002250004446,1,56234,50
0.0035,100,100,100,100.0035,100.0035,1,56234,50
0.174231189768761,100,100,100,100,100,1,56234,50
0.001,100,100,100,100.001,100.001,1,56234,50
0.65686103166081,100,100,100,100,100,1,56234,50
0.007,100,100,100,100.007,100.007,1,56234,50
0.899228457128629,100,100,100,100,100,1,56234,50
0.301296911668032,100,100,100,100,100,1,56234,50
0.437480321153998,100,100,100,100,100,1,56234,50
