"p","truediv","chaoest","obsD","upper","lower","l","inds","reps"
0.662225222447887,100,100,100,100,100,1,56234,50
0.676118900533766,100,100,100,100,100,1,56234,50
5e-04,100,100,100,100.0005,100.0005,1,56234,50
0.355735117569566,100,100,100,100,100,1,56234,50
0.153664785670117,100,100,100,100,100,1,56234,50
0.004,100,100,100,100.004,100.004,1,56234,50
0.641469974536449,100,100,100,100,100,1,56234,50
0.001,100,100,100,100.001,100.001,1,56234,50
0.797810714691877,100,100,100,100,100,1,56234,50
0.0095,100,100,100,100.0095,100.0095,1,56234,50
5e-04,100,100,100,100.0005,100.0005,1,56234,50
0.998243380570784,100,100,100,100,100,1,56234,50
0.001,100,100,100,100.001,100.001,1,56234,50
0.842393760336563,100,100,100,100,100,1,56234,50
0.0045,100,100,100,100.0045,100.0045,1,56234,50
0.998907114379108,100,100,100,100,100,1,56234,50
0.0025,100,100,100,100.0025,100.0025,1,56234,50
0.487073383061215,100,100,100,100,100,1,56234,50
0.811546326614916,100,100,100,100,100,1,56234,50
0.568605323322117,100,100,100,100,100,1,56234,50
0.66507953312248,100,100,100,100,100,1,56234,50
0.57437515235506,100,100,100,100,100,1,56234,50
0.376879350747913,100,100,100,100,100,1,56234,50
5e-04,100,100,100,100.0005,100.0005,1,56234,50
0.001,100,100,100,100.001,100.001,1,56234,50
0.0085,100,100,100,100.0085,100.0085,1,56234,50
0.017,100,100,100,100.017,100.017,1,56234,50
0.430673941737041,100,100,100,100,100,1,56234,50
0.110965023282915,100,100,100,100,100,1,56234,50
0.564883895684034,100,100,100,100,100,1,56234,50
0.02,100,100,100,100.019500008891,100.019500008891,1,56234,50
0.57823406229727,100,100,100,100,100,1,56234,50
0.840455169323832,100,100,100,100,100,1,56234,50
0.001,100,100,100,100.001,100.001,1,56234,50
0.0085,100,100,100,100.0085,100.0085,1,56234,50
0.001,100,100,100,100.001,100.001,1,56234,50
0.351577138295397,100,100,100,100,100,1,56234,50
0.839441078715026,100,100,100,100,100,1,56234,50
0.0015,100,100,100,100.0015,100.0015,1,56234,50
0.0045,100,100,100,100.0045,100.0045,1,56234,50
0.446615806780756,100,100,100,100,100,1,56234,50
0.001,100,100,100,100.001,100.001,1,56234,50
0.583582991966978,100,100,100,100,100,1,56234,50
0.179205148248002,100,100,100,100,100,1,56234,50
0.563279589870945,100,100,100,100,100,1,56234,50
0.002,100,100,100,100.002,100.002,1,56234,50
0.47538030683063,100,100,100,100,100,1,56234,50
0.329874061048031,100,100,100,100,100,1,56234,50
0.001,100,100,100,100.001,100.001,1,56234,50
0.755457381252199,100,100,100,100,100,1,56234,50
