"p","truediv","chaoest","obsD","upper","lower","l","inds","reps"
0.42131438292563,100,100,100,100,100,1,56234,50
0.001,100,100,100,100.001,100.001,1,56234,50
5e-04,100,100,100,100.0005,100.0005,1,56234,50
0.433165560942143,100,100,100,100,100,1,56234,50
0.003,100,100,100,100.003,100.003,1,56234,50
0.502270968165249,100,100,100,100,100,1,56234,50
0.001,100,100,100,100.001,100.001,1,56234,50
0.155616043135524,100,100,100,100,100,1,56234,50
5e-04,100,100,100,100.0005,100.0005,1,56234,50
0.0693181273527443,100,100,100,100,100,1,56234,50
0.0015,100,100,100,100.0015,100.0015,1,56234,50
0.0617767004296184,100,100,100,100,100,1,56234,50
0.77696074754931,100,100,100,100,100,1,56234,50
0.004,100,100,100,100.004,100.004,1,56234,50
5e-04,100,100,100,100.0005,100.0005,1,56234,50
0.432003422640264,100,100,100,100,100,1,56234,50
0.0689792241901159,100,100,100,100,100,1,56234,50
0.545366426929832,100,100,100,100,100,1,56234,50
0.348769324598834,100,100,100,100,100,1,56234,50
0.348121780203655,100,100,100,100,100,1,56234,50
5e-04,100,100,100,100.0005,100.0005,1,56234,50
0.011,100,100,100,100.010500008891,100.010500008891,1,56234,50
0.281109414296225,100,100,100,100,100,1,56234,50
0.285189108457416,100,100,100,100,100,1,56234,50
0.0235,100,100,100,100.023000008891,100.023000008891,1,56234,50
0.001,100,100,100,100.001,100.001,1,56234,50
0.253882013028488,100,100,100,100,100,1,56234,50
0.001,100,100,100,100.001,100.001,1,56234,50
0.0455,100,100,100,100.0455,99.0455,1,56234,50
0.003,100,100,100,100.003,100.003,1,56234,50
0.0015,100,100,100,100.0015,100.0015,1,56234,50
0.262571861967444,100,100,100,100,100,1,56234,50
0.002,100,100,100,100.002,100.002,1,56234,50
0.0115,100,100,100,100.0115,100.0115,1,56234,50
5e-04,100,100,100,100.0005,100.0005,1,56234,50
0.0155,100,100,100,100.0155,100.0155,1,56234,50
0.140019254293293,100,100,100,100,100,1,56234,50
0.0055,100,100,100,100.0055,100.0055,1,56234,50
0.801528565818444,100,100,100,100,100,1,56234,50
0.014,100,100,100,100.014,100.014,1,56234,50
0.007,100,100,100,100.007,100.007,1,56234,50
0.743916393024847,100,100,100,100,100,1,56234,50
5e-04,100,100,100,100.0005,100.0005,1,56234,50
0.001,100,100,100,100.001,100.001,1,56234,50
5e-04,100,100,100,100.0005,100.0005,1,56234,50
0.0195,100,100,100,100.0195,100.0195,1,56234,50
0.996903656516224,100,100,100,100,100,1,56234,50
0.0025,100,100,100,100.0025,100.0025,1,56234,50
0.367847855668515,100,100,100,100,100,1,56234,50
0.473372800974175,100,100,100,100,100,1,56234,50
