"p","truediv","chaoest","obsD","upper","lower","l","inds","reps"
0.730840492527932,100,100,100,100,100,1,56234,50
0.0435,100,100,100,100.0435,99.0435,1,56234,50
5e-04,100,100,100,100.0005,100.0005,1,56234,50
0.849726608255878,100,100,100,100,100,1,56234,50
0.0250118253752589,100,100,100,100,100,1,56234,50
5e-04,100,100,100,100.0005,100.0005,1,56234,50
0.001,100,100,100,100.001,100.001,1,56234,50
0.0065,100,100,100,100.0065,100.0065,1,56234,50
5e-04,100,100,100,100.0005,100.0005,1,56234,50
0.002,100,100,100,100.002,100.002,1,56234,50
5e-04,100,100,100,100.0005,100.0005,1,56234,50
0.0015,100,100,100,100.0015,100.0015,1,56234,50
0.0271128851454705,100,100,100,100,100,1,56234,50
0.0015,100,100,100,100.0015,100.0015,1,56234,50
0.774113751715049,100,100,100,100,100,1,56234,50
0.661145927384496,100,100,100,100,100,1,56234,50
0.0703281252644956,100,100,100,100,100,1,56234,50
0.0205,100,100,100,100.0205,100.0205,1,56234,50
0.278656158130616,100,100,100,100,100,1,56234,50
5e-04,100,100,100,100.0005,100.0005,1,56234,50
0.001,100,100,100,100.001,100.001,1,56234,50
5e-04,100,100,100,100.0005,100.0005,1,56234,50
5e-04,100,100,100,100.0005,100.0005,1,56234,50
0.005,100,100,100,100.005,100.005,1,56234,50
0.747176484204829,100,100,100,100,100,1,56234,50
0.0505,100,100,100,100.050250004446,99.0502500044457,1,56234,50
0.001,100,100,100,100.001,100.001,1,56234,50
5e-04,100,100,100,100.0005,100.0005,1,56234,50
0.001,100,100,100,100.001,100.001,1,56234,50
5e-04,100,100,100,100.0005,100.0005,1,56234,50
0.269577241037041,100,100,100,100,100,1,56234,50
0.005,100,100,100,100.005,100.005,1,56234,50
0.001,100,100,100,100.001,100.001,1,56234,50
0.188462941907346,100,100,100,100,100,1,56234,50
0.001,100,100,100,100.001,100.001,1,56234,50
0.0015,100,100,100,100.0015,100.0015,1,56234,50
0.001,100,100,100,100.001,100.001,1,56234,50
0.003,100,100,100,100.003,100.003,1,56234,50
0.261285982793197,100,100,100,100,100,1,56234,50
0.172618482029065,100,100,100,100,100,1,56234,50
0.0065,100,100,100,100.0065,100.0065,1,56234,50
0.188858049688861,100,100,100,100,100,1,56234,50
0.94109745696187,100,100,100,100,100,1,56234,50
0.0075,100,100,100,100.007000008891,100.007000008891,1,56234,50
0.623686576727778,100,100,100,100,100,1,56234,50
0.0585,100,100,100,100.0585,99.0585,1,56234,50
0.02,100,100,100,100.02,100.02,1,56234,50
0.117103396914899,100,100,100,100,100,1,56234,50
0.0015,100,100,100,100.0015,100.0015,1,56234,50
0.0035,100,100,100,100.0035,100.0035,1,56234,50
