"p","truediv","chaoest","obsD","upper","lower","l","inds","reps"
5e-04,100,100,100,100.0005,100.0005,1,56234,50
5e-04,100,100,100,100.0005,100.0005,1,56234,50
0.676642536185682,100,100,100,100,100,1,56234,50
0.0255,100,100,100,100.0255,99.0255,1,56234,50
5e-04,100,100,100,100.0005,100.0005,1,56234,50
0.177108336705714,100,100,100,100,100,1,56234,50
0.002,100,100,100,100.002,100.002,1,56234,50
5e-04,100,100,100,100.0005,100.0005,1,56234,50
0.016,100,100,100,100.016,100.016,1,56234,50
0.306085857097059,100,100,100,100,100,1,56234,50
5e-04,100,100,100,100.0005,100.0005,1,56234,50
0.164010519394651,100,100,100,100,100,1,56234,50
0.0124385620001704,100,100,100,100,100,1,56234,50
0.0065,100,100,100,100.0065,100.0065,1,56234,50
0.971559077501297,100,100,100,100,100,1,56234,50
0.0292123849503696,100,100,100,100,100,1,56234,50
0.928456569090486,100,100,100,100,100,1,56234,50
0.0195,100,100,100,100.0195,100.0195,1,56234,50
0.0015,100,100,100,100.0015,100.0015,1,56234,50
0.677550875814632,100,100,100,100,100,1,56234,50
0.003,100,100,100,100.003,100.003,1,56234,50
0.1632770516444,100,100,100,100,100,1,56234,50
0.001,100,100,100,100.000750004446,100.000750004446,1,56234,50
0.108410661341622,100,100,100,100,100,1,56234,50
0.0015,100,100,100,100.0015,100.0015,1,56234,50
0.001,100,100,100,100.001,100.001,1,56234,50
0.0035,100,100,100,100.003000008891,100.003000008891,1,56234,50
0.1285,100,100,100,100.1285,99.1285,1,56234,50
0.003,100,100,100,100.003,100.003,1,56234,50
0.018,100,100,100,100.018,100.018,1,56234,50
0.008,100,100,100,100.008,100.008,1,56234,50
0.001,100,100,100,100.001,100.001,1,56234,50
0.850528390845284,100,100,100,100,100,1,56234,50
0.416827552486211,100,100,100,100,100,1,56234,50
0.263526610098779,100,100,100,100,100,1,56234,50
5e-04,100,100,100,100.0005,100.0005,1,56234,50
5e-04,100,100,100,100.0005,100.0005,1,56234,50
0.001,100,100,100,100.001,100.001,1,56234,50
0.544054072117433,100,100,100,100,100,1,56234,50
0.001,100,100,100,100.001,100.001,1,56234,50
0.001,100,100,100,100.001,100.001,1,56234,50
0.0035,100,100,100,100.0035,100.0035,1,56234,50
0.0515,100,100,100,100.0515,99.0515,1,56234,50
5e-04,100,100,100,100.0005,100.0005,1,56234,50
5e-04,100,100,100,100.0005,100.0005,1,56234,50
0.727077502757311,100,100,100,100,100,1,56234,50
0.0799899557605386,100,100,100,100,100,1,56234,50
0.450395164312795,100,100,100,100,100,1,56234,50
0.163007499650121,100,100,100,100,100,1,56234,50
0.645133018959314,100,100,100,100,100,1,56234,50
