"p","truediv","chaoest","obsD","upper","lower","l","inds","reps"
0.386602163081989,100,100,100,100,100,1,56234,50
0.107562513556331,100,100,100,100,100,1,56234,50
0.003,100,100,100,100.003,100.003,1,56234,50
0.80939882947132,100,100,100,100,100,1,56234,50
0.0085,100,100,100,100.0085,100.0085,1,56234,50
0.0015,100,100,100,100.0015,100.0015,1,56234,50
0.003,100,100,100,100.002750004446,100.002750004446,1,56234,50
0.981601668987423,100,100,100,100,100,1,56234,50
5e-04,100,100,100,100.0005,100.0005,1,56234,50
0.466996666975319,100,100,100,100,100,1,56234,50
0.1305,100,100,100,100.1305,99.1305,1,56234,50
0.922332996269688,100,100,100,100,100,1,56234,50
0.214624495944008,100,100,100,100,100,1,56234,50
0.240598392672837,100,100,100,100,100,1,56234,50
0.0235,100,100,100,100.0235,100.0235,1,56234,50
0.202622496755794,100,100,100,100,100,1,56234,50
0.0196207023691386,100,100,100,100,100,1,56234,50
0.0015,100,100,100,100.0015,100.0015,1,56234,50
0.001,100,100,100,100.001,100.001,1,56234,50
5e-04,100,100,100,100.0005,100.0005,1,56234,50
0.610089980764315,100,100,100,100,100,1,56234,50
0.697593849617988,100,100,100,100,100,1,56234,50
0.0015,100,100,100,100.0015,100.0015,1,56234,50
0.954695082036778,100,100,100,100,100,1,56234,50
0.335587630746886,100,100,100,100,100,1,56234,50
5e-04,100,100,100,100.0005,100.0005,1,56234,50
0.0065,100,100,100,100.0065,100.0065,1,56234,50
0.635013222694397,100,100,100,100,100,1,56234,50
0.003,100,100,100,100.003,100.003,1,56234,50
0.786727516911924,100,100,100,100,100,1,56234,50
0.90203396929428,100,100,100,100,100,1,56234,50
5e-04,100,100,100,100.0005,100.0005,1,56234,50
0.001,100,100,100,100.001,100.001,1,56234,50
0.002,100,100,100,100.001750004446,100.001750004446,1,56234,50
0.005,100,100,100,100.005,100.005,1,56234,50
0.016,100,100,100,100.016,100.016,1,56234,50
0.0455,100,100,100,100.0455,99.0455,1,56234,50
0.0065,100,100,100,100.0065,100.0065,1,56234,50
0.0426600652281195,100,100,100,100,100,1,56234,50
0.485640715807676,100,100,100,100,100,1,56234,50
0.193088880041614,100,100,100,100,100,1,56234,50
0.0495,100,100,100,100.0495,99.0495,1,56234,50
0.569874393288046,100,100,100,100,100,1,56234,50
0.262900490313768,100,100,100,100,100,1,56234,50
0.551842131651938,100,100,100,100,100,1,56234,50
0.001,100,100,100,100.001,100.001,1,56234,50
0.196729645365849,100,100,100,100,100,1,56234,50
0.93587539717555,100,100,100,100,100,1,56234,50
5e-04,100,100,100,100.0005,100.0005,1,56234,50
0.458973519736901,100,100,100,100,100,1,56234,50
