"p","truediv","chaoest","obsD","upper","lower","l","inds","reps"
0.0165,100,100,100,100.016250004446,100.016250004446,1,56234,50
0.007,100,100,100,100.007,100.007,1,56234,50
0.011,100,100,100,100.011,100.011,1,56234,50
0.0451118203345686,100,100,100,100,100,1,56234,50
0.492988544516265,100,100,100,100,100,1,56234,50
0.019,100,100,100,100.019,100.019,1,56234,50
5e-04,100,100,100,100.0005,100.0005,1,56234,50
5e-04,100,100,100,100.0005,100.0005,1,56234,50
0.853999184910208,100,100,100,100,100,1,56234,50
5e-04,100,100,100,100.0005,100.0005,1,56234,50
0.092953841201961,100,100,100,100,100,1,56234,50
0.0015,100,100,100,100.0015,100.0015,1,56234,50
0.626631319988519,100,100,100,100,100,1,56234,50
0.276002804050222,100,100,100,100,100,1,56234,50
0.338062542956322,100,100,100,100,100,1,56234,50
0.006,100,100,100,100.005750004446,100.005750004446,1,56234,50
0.262510965578258,100,100,100,100,100,1,56234,50
0.140188995283097,100,100,100,100,100,1,56234,50
0.05,100,100,100,100.05,99.05,1,56234,50
0.001,100,100,100,100.001,100.001,1,56234,50
0.003,100,100,100,100.003,100.003,1,56234,50
5e-04,100,100,100,100.0005,100.0005,1,56234,50
0.006,100,100,100,100.006,100.006,1,56234,50
0.996888473397121,100,100,100,100,100,1,56234,50
0.0045,100,100,100,100.0045,100.0045,1,56234,50
0.002,100,100,100,100.002,100.002,1,56234,50
5e-04,100,100,100,100.0005,100.0005,1,56234,50
0.308276526164263,100,100,100,100,100,1,56234,50
0.962711410829797,100,100,100,100,100,1,56234,50
0.0698472175281495,100,100,100,100,100,1,56234,50
0.008,100,100,100,100.008,100.008,1,56234,50
0.415243136929348,100,100,100,100,100,1,56234,50
0.161794553976506,100,100,100,100,100,1,56234,50
0.662107925163582,100,100,100,100,100,1,56234,50
0.30609311722219,100,100,100,100,100,1,56234,50
0.960016299039125,100,100,100,100,100,1,56234,50
0.0035,100,100,100,100.0035,100.0035,1,56234,50
0.005,100,100,100,100.005,100.005,1,56234,50
0.0025,100,100,100,100.0025,100.0025,1,56234,50
0.327008715132251,100,100,100,100,100,1,56234,50
0.398469967767596,100,100,100,100,100,1,56234,50
5e-04,100,100,100,100.0005,100.0005,1,56234,50
0.211789752356708,100,100,100,100,100,1,56234,50
0.0065,100,100,100,100.0065,100.0065,1,56234,50
0.60169690917246,100,100,100,100,100,1,56234,50
0.625421189004555,100,100,100,100,100,1,56234,50
0.562683277064934,100,100,100,100,100,1,56234,50
0.0025,100,100,100,100.0025,100.0025,1,56234,50
0.368766583967954,100,100,100,100,100,1,56234,50
0.772467722883448,100,100,100,100,100,1,56234,50
