"p","truediv","chaoest","obsD","upper","lower","l","inds","reps"
0.310366906225681,100,100,100,100,100,1,56234,50
0.0035,100,100,100,100.0035,100.0035,1,56234,50
0.0015,100,100,100,100.0015,100.0015,1,56234,50
5e-04,100,100,100,100.0005,100.0005,1,56234,50
0.644139081938192,100,100,100,100,100,1,56234,50
0.837703680852428,100,100,100,100,100,1,56234,50
5e-04,100,100,100,100.0005,100.0005,1,56234,50
5e-04,100,100,100,100.0005,100.0005,1,56234,50
0.005,100,100,100,100.005,100.005,1,56234,50
0.00190859520807862,100,100,100,100,100,1,56234,50
0.0547547137830406,100,100,100,100,100,1,56234,50
0.0364340723026544,100,100,100,100,100,1,56234,50
0.955725620267913,100,100,100,100,100,1,56234,50
0.095776927890256,100,100,100,100,100,1,56234,50
0.278522394830361,100,100,100,100,100,1,56234,50
5e-04,100,100,100,100.0005,100.0005,1,56234,50
5e-04,100,100,100,100.0005,100.0005,1,56234,50
0.778866031439975,100,100,100,100,100,1,56234,50
0.0145244593732059,100,100,100,100,100,1,56234,50
0.0095,100,100,100,100.006500053349,100.006500053349,1,56234,50
5e-04,100,100,100,100.0005,100.0005,1,56234,50
0.803974729264155,100,100,100,100,100,1,56234,50
0.001,100,100,100,100.001,100.001,1,56234,50
0.234578880015761,100,100,100,100,100,1,56234,50
0.001,100,100,100,100.001,100.001,1,56234,50
0.941675766604021,100,100,100,100,100,1,56234,50
0.121477681910619,100,100,100,100,100,1,56234,50
0.979369103210047,100,100,100,100,100,1,56234,50
5e-04,100,100,100,100.0005,100.0005,1,56234,50
0.648727875901386,100,100,100,100,100,1,56234,50
0.861143092159182,100,100,100,100,100,1,56234,50
5e-04,100,100,100,100.0005,100.0005,1,56234,50
0.001,100,100,100,100.001,100.001,1,56234,50
0.671667400980368,100,100,100,100,100,1,56234,50
0.489220493007451,100,100,100,100,100,1,56234,50
0.588904778473079,100,100,100,100,100,1,56234,50
0.319240068783984,100,100,100,100,100,1,56234,50
0.0345678352750838,100,100,100,100,100,1,56234,50
0.635703950421885,100,100,100,100,100,1,56234,50
5e-04,100,100,100,100.0005,100.0005,1,56234,50
0.987585751805454,100,100,100,100,100,1,56234,50
0.4754195548594,100,100,100,100,100,1,56234,50
0.0829863522667438,100,100,100,100,100,1,56234,50
0.0928766764700413,100,100,100,100,100,1,56234,50
0.0015,100,100,100,100.0015,100.0015,1,56234,50
0.675353955011815,100,100,100,100,100,1,56234,50
0.972736510215327,100,100,100,100,100,1,56234,50
5e-04,100,100,100,100.0005,100.0005,1,56234,50
0.006,100,100,100,100.006,100.006,1,56234,50
0.892187419114634,100,100,100,100,100,1,56234,50
