"p","truediv","chaoest","obsD","upper","lower","l","inds","reps"
0.987392049282789,100,100,100,100,100,1,56234,50
0.687995796790347,100,100,100,100,100,1,56234,50
0.783673785161227,100,100,100,100,100,1,56234,50
0.327720100292936,100,100,100,100,100,1,56234,50
0.0065,100,100,100,100.0065,100.0065,1,56234,50
0.0095,100,100,100,100.0095,100.0095,1,56234,50
0.600330766988918,100,100,100,100,100,1,56234,50
0.0015,100,100,100,100.0015,100.0015,1,56234,50
0.631200985051692,100,100,100,100,100,1,56234,50
0.182285202899948,100,100,100,100,100,1,56234,50
0.184136277996004,100,100,100,100,100,1,56234,50
0.0356782742310315,100,100,100,100,100,1,56234,50
0.4096271363087,100,100,100,100,100,1,56234,50
5e-04,100,100,100,100.0005,100.0005,1,56234,50
0.672358833951876,100,100,100,100,100,1,56234,50
0.014,100,100,100,100.014,100.014,1,56234,50
0.003,100,100,100,100.002750004446,100.002750004446,1,56234,50
5e-04,100,100,100,100.0005,100.0005,1,56234,50
0.912188329035416,100,100,100,100,100,1,56234,50
0.943729147315025,100,100,100,100,100,1,56234,50
0.934257518965751,100,100,100,100,100,1,56234,50
0.0085,100,100,100,100.0085,100.0085,1,56234,50
0.200566579122096,100,100,100,100,100,1,56234,50
0.652891702018678,100,100,100,100,100,1,56234,50
0.0055,100,100,100,100.0055,100.0055,1,56234,50
0.111741435946897,100,100,100,100,100,1,56234,50
0.363717986037955,100,100,100,100,100,1,56234,50
0.564680638723075,100,100,100,100,100,1,56234,50
0.0205,100,100,100,100.0205,100.0205,1,56234,50
0.003,100,100,100,100.003,100.003,1,56234,50
0.004,100,100,100,100.004,100.004,1,56234,50
5e-04,100,100,100,100.0005,100.0005,1,56234,50
0.015,100,100,100,100.014750004446,100.014750004446,1,56234,50
0.001,100,100,100,100.001,100.001,1,56234,50
0.002,100,100,100,100.002,100.002,1,56234,50
0.226051926845685,100,100,100,100,100,1,56234,50
0.203482355922461,100,100,100,100,100,1,56234,50
0.358784844866022,100,100,100,100,100,1,56234,50
0.006,100,100,100,100.006,100.006,1,56234,50
0.148514807922766,100,100,100,100,100,1,56234,50
0.007,100,100,100,100.007,100.007,1,56234,50
0.179719577310607,100,100,100,100,100,1,56234,50
0.002,100,100,100,100.002,100.002,1,56234,50
0.0095,100,100,100,100.0095,100.0095,1,56234,50
0.952441215515137,100,100,100,100,100,1,56234,50
0.0185,100,100,100,100.0185,100.0185,1,56234,50
0.592743420740589,100,100,100,100,100,1,56234,50
5e-04,100,100,100,100.0005,100.0005,1,56234,50
0.364932782948017,100,100,100,100,100,1,56234,50
0.338135810568929,100,100,100,100,100,1,56234,50
