"p","truediv","chaoest","obsD","upper","lower","l","inds","reps"
0.771877177525312,100,100,100,100,100,1,56234,50
0.224716777680442,100,100,100,100,100,1,56234,50
0.955924082081765,100,100,100,100,100,1,56234,50
0.1495,100,100,100,100.1495,99.1495,1,56234,50
0.0075,100,100,100,100.0075,100.0075,1,56234,50
0.0135,100,100,100,100.0135,100.0135,1,56234,50
0.001,100,100,100,100.001,100.001,1,56234,50
0.49060796154663,100,100,100,100,100,1,56234,50
0.553053734125569,100,100,100,100,100,1,56234,50
0.0619188887067139,100,100,100,100,100,1,56234,50
0.880901524797082,100,100,100,100,100,1,56234,50
5e-04,100,100,100,100.0005,100.0005,1,56234,50
0.04,100,100,100,100.04,99.04,1,56234,50
0.102047599852085,100,100,100,100,100,1,56234,50
5e-04,100,100,100,100.0005,100.0005,1,56234,50
5e-04,100,100,100,100.0005,100.0005,1,56234,50
0.0667874487116933,100,100,100,100,100,1,56234,50
0.811985815642402,100,100,100,100,100,1,56234,50
0.0145,100,100,100,100.012500035566,100.012500035566,1,56234,50
0.102053278125823,100,100,100,100,100,1,56234,50
0.849291592137888,100,100,100,100,100,1,56234,50
5e-04,100,100,100,100.0005,100.0005,1,56234,50
0.99190385825932,100,100,100,100,100,1,56234,50
0.0045,100,100,100,100.0045,100.0045,1,56234,50
5e-04,100,100,100,100.0005,100.0005,1,56234,50
5e-04,100,100,100,100.0005,100.0005,1,56234,50
0.229007055284455,100,100,100,100,100,1,56234,50
0.002,100,100,100,100.002,100.002,1,56234,50
0.0045,100,100,100,100.0045,100.0045,1,56234,50
0.363440586719662,100,100,100,100,100,1,56234,50
5e-04,100,100,100,100.0005,100.0005,1,56234,50
0.0025,100,100,100,100.0025,100.0025,1,56234,50
0.143594872672111,100,100,100,100,100,1,56234,50
0.001,100,100,100,100.001,100.001,1,56234,50
0.995729097397998,100,100,100,100,100,1,56234,50
0.209181537851691,100,100,100,100,100,1,56234,50
0.344531409908086,100,100,100,100,100,1,56234,50
0.0025,100,100,100,100.0025,100.0025,1,56234,50
0.343544870847836,100,100,100,100,100,1,56234,50
0.970381099032238,100,100,100,100,100,1,56234,50
0.957770079607144,100,100,100,100,100,1,56234,50
0.558497846825048,100,100,100,100,100,1,56234,50
0.119756020139903,100,100,100,100,100,1,56234,50
0.006,100,100,100,100.006,100.006,1,56234,50
0.708292768336833,100,100,100,100,100,1,56234,50
0.001,100,100,100,100.001,100.001,1,56234,50
0.907272507669404,100,100,100,100,100,1,56234,50
0.02,100,100,100,100.02,100.02,1,56234,50
0.004,100,100,100,100.004,100.004,1,56234,50
0.045,100,100,100,100.044000017783,99.0440000177828,1,56234,50
