"p","truediv","chaoest","obsD","upper","lower","l","inds","reps"
5e-04,100,100,100,100.0005,100.0005,1,56234,50
0.925305179785937,100,100,100,100,100,1,56234,50
0.018,100,100,100,100.018,100.018,1,56234,50
0.169780764728785,100,100,100,100,100,1,56234,50
0.216544399270788,100,100,100,100,100,1,56234,50
0.0309761015232652,100,100,100,100,100,1,56234,50
0.37525749928318,100,100,100,100,100,1,56234,50
0.002,100,100,100,100.002,100.002,1,56234,50
0.019,100,100,100,100.019,100.019,1,56234,50
0.0135,100,100,100,100.0135,100.0135,1,56234,50
0.0035,100,100,100,100.0035,100.0035,1,56234,50
0.220158419804648,100,100,100,100,100,1,56234,50
0.001,100,100,100,100.001,100.001,1,56234,50
0.0015,100,100,100,100.0015,100.0015,1,56234,50
0.018,100,100,100,100.018,100.018,1,56234,50
0.205807518213987,100,100,100,100,100,1,56234,50
0.0195,100,100,100,100.0195,100.0195,1,56234,50
0.0075,100,100,100,100.0075,100.0075,1,56234,50
5e-04,100,100,100,100.0005,100.0005,1,56234,50
0.980762485414743,100,100,100,100,100,1,56234,50
5e-04,100,100,100,100.0005,100.0005,1,56234,50
0.0893946839496493,100,100,100,100,100,1,56234,50
0.0525,100,100,100,100.0525,99.0525,1,56234,50
0.001,100,100,100,100.001,100.001,1,56234,50
0.105956835439429,100,100,100,100,100,1,56234,50
0.002,100,100,100,100.002,100.002,1,56234,50
0.112223352538422,100,100,100,100,100,1,56234,50
0.583421493181959,100,100,100,100,100,1,56234,50
0.003,100,100,100,100.003,100.003,1,56234,50
0.013,100,100,100,100.013,100.013,1,56234,50
0.0035,100,100,100,100.0035,100.0035,1,56234,50
0.002,100,100,100,100.002,100.002,1,56234,50
0.0015,100,100,100,100.0015,100.0015,1,56234,50
5e-04,100,100,100,100.0005,100.0005,1,56234,50
0.001,100,100,100,100.001,100.001,1,56234,50
0.274556796299294,100,100,100,100,100,1,56234,50
0.002,100,100,100,100.002,100.002,1,56234,50
0.963087551528588,100,100,100,100,100,1,56234,50
5e-04,100,100,100,100.0005,100.0005,1,56234,50
0.648809645324945,100,100,100,100,100,1,56234,50
0.757446254603565,100,100,100,100,100,1,56234,50
0.692064138595015,100,100,100,100,100,1,56234,50
0.213221815181896,100,100,100,100,100,1,56234,50
0.483769821468741,100,100,100,100,100,1,56234,50
0.312772156437859,100,100,100,100,100,1,56234,50
0.049,100,100,100,100.049,99.049,1,56234,50
5e-04,100,100,100,100.0005,100.0005,1,56234,50
0.0815440074075013,100,100,100,100,100,1,56234,50
0.001,100,100,100,100.001,100.001,1,56234,50
5e-04,100,100,100,100.0005,100.0005,1,56234,50
