"p","truediv","chaoest","obsD","upper","lower","l","inds","reps"
5e-04,100,100,100,100.0005,100.0005,1,56234,50
0.001,100,100,100,100.001,100.001,1,56234,50
0.785335840890184,100,100,100,100,100,1,56234,50
0.893996536964551,100,100,100,100,100,1,56234,50
0.0085,100,100,100,100.0085,100.0085,1,56234,50
0.001,100,100,100,100.001,100.001,1,56234,50
0.329533045412973,100,100,100,100,100,1,56234,50
0.002,100,100,100,100.002,100.002,1,56234,50
0.456467954209074,100,100,100,100,100,1,56234,50
0.38215323491022,100,100,100,100,100,1,56234,50
0.00150983780622482,100,100,100,100,100,1,56234,50
0.208182874368504,100,100,100,100,100,1,56234,50
0.002,100,100,100,100.001750004446,100.001750004446,1,56234,50
0.480346576077864,100,100,100,100,100,1,56234,50
0.001,100,100,100,100.001,100.001,1,56234,50
0.898336005862802,100,100,100,100,100,1,56234,50
0.394026840338483,100,100,100,100,100,1,56234,50
0.0055,100,100,100,100.0055,100.0055,1,56234,50
5e-04,100,100,100,100.0005,100.0005,1,56234,50
0.001,100,100,100,100.001,100.001,1,56234,50
0.311898530228063,100,100,100,100,100,1,56234,50
0.683784040156752,100,100,100,100,100,1,56234,50
0.139274102402851,100,100,100,100,100,1,56234,50
0.002,100,100,100,100.002,100.002,1,56234,50
0.0045,100,100,100,100.0045,100.0045,1,56234,50
5e-04,100,100,100,100.0005,100.0005,1,56234,50
0.004,100,100,100,100.004,100.004,1,56234,50
0.909357161493972,100,100,100,100,100,1,56234,50
5e-04,100,100,100,100.0005,100.0005,1,56234,50
0.0015,100,100,100,100.0015,100.0015,1,56234,50
0.0262959024403244,100,100,100,100,100,1,56234,50
0.0446697988081723,100,100,100,100,100,1,56234,50
0.694645104231313,100,100,100,100,100,1,56234,50
0.271869403775781,100,100,100,100,100,1,56234,50
0.244170111836866,100,100,100,100,100,1,56234,50
0.825303598772734,100,100,100,100,100,1,56234,50
0.547958663431928,100,100,100,100,100,1,56234,50
0.916122575756162,100,100,100,100,100,1,56234,50
0.441460649017245,100,100,100,100,100,1,56234,50
0.256136155920103,100,100,100,100,100,1,56234,50
0.159990267362446,100,100,100,100,100,1,56234,50
0.453156710136682,100,100,100,100,100,1,56234,50
0.565334930550307,100,100,100,100,100,1,56234,50
0.702609874773771,100,100,100,100,100,1,56234,50
0.0025,100,100,100,100.0025,100.0025,1,56234,50
0.001,100,100,100,100.001,100.001,1,56234,50
0.729237812571228,100,100,100,100,100,1,56234,50
0.340756849618629,100,100,100,100,100,1,56234,50
0.0175,100,100,100,100.0175,100.0175,1,56234,50
0.138036628253758,100,100,100,100,100,1,56234,50
