"p","truediv","chaoest","obsD","upper","lower","l","inds","reps"
0.0647356507834047,100,100,100,100,100,1,56234,50
0.002,100,100,100,100.002,100.002,1,56234,50
0.699417283758521,100,100,100,100,100,1,56234,50
0.944590119412169,100,100,100,100,100,1,56234,50
5e-04,100,100,100,100.0005,100.0005,1,56234,50
0.0135,100,100,100,100.0135,100.0135,1,56234,50
0.419757007854059,100,100,100,100,100,1,56234,50
5e-04,100,100,100,100.0005,100.0005,1,56234,50
0.0095,100,100,100,100.0095,100.0095,1,56234,50
0.996361634461209,100,100,100,100,100,1,56234,50
0.401264318265021,100,100,100,100,100,1,56234,50
0.008,100,100,100,100.008,100.008,1,56234,50
0.005,100,100,100,100.005,100.005,1,56234,50
0.369713859865442,100,100,100,100,100,1,56234,50
0.772080819820985,100,100,100,100,100,1,56234,50
0.0315236295573413,100,100,100,100,100,1,56234,50
0.0075,100,100,100,100.0075,100.0075,1,56234,50
0.004,100,100,100,100.004,100.004,1,56234,50
5e-04,100,100,100,100.0005,100.0005,1,56234,50
5e-04,100,100,100,100.0005,100.0005,1,56234,50
0.171721975319088,100,100,100,100,100,1,56234,50
0.76231825305149,100,100,100,100,100,1,56234,50
0.0045,100,100,100,100.0045,100.0045,1,56234,50
0.063569555291906,100,100,100,100,100,1,56234,50
0.596253199037164,100,100,100,100,100,1,56234,50
0.002,100,100,100,100.002,100.002,1,56234,50
0.611977251013741,100,100,100,100,100,1,56234,50
0.0638171990867704,100,100,100,100,100,1,56234,50
0.711314810672775,100,100,100,100,100,1,56234,50
0.885777927236632,100,100,100,100,100,1,56234,50
0.0025,100,100,100,100.0025,100.0025,1,56234,50
0.262474439106882,100,100,100,100,100,1,56234,50
0.460856842808425,100,100,100,100,100,1,56234,50
0.986726074712351,100,100,100,100,100,1,56234,50
5e-04,100,100,100,100.0005,100.0005,1,56234,50
0.758497342932969,100,100,100,100,100,1,56234,50
0.403976189903915,100,100,100,100,100,1,56234,50
0.158056517131627,100,100,100,100,100,1,56234,50
0.824224732816219,100,100,100,100,100,1,56234,50
0.0585,100,100,100,100.0585,99.0585,1,56234,50
5e-04,100,100,100,100.000250004446,100.000250004446,1,56234,50
0.668147095944732,100,100,100,100,100,1,56234,50
0.0035,100,100,100,100.0035,100.0035,1,56234,50
5e-04,100,100,100,100.0005,100.0005,1,56234,50
0.0015,100,100,100,100.0015,100.0015,1,56234,50
5e-04,100,100,100,100.0005,100.0005,1,56234,50
0.321311401668936,100,100,100,100,100,1,56234,50
0.0025,100,100,100,100.0025,100.0025,1,56234,50
5e-04,100,100,100,100.0005,100.0005,1,56234,50
0.112860661465675,100,100,100,100,100,1,56234,50
