"p","truediv","chaoest","obsD","upper","lower","l","inds","reps"
0.077785182511434,100,100,100,100,100,1,56234,50
0.0015,100,100,100,100.0015,100.0015,1,56234,50
0.548860488459468,100,100,100,100,100,1,56234,50
0.590961903566495,100,100,100,100,100,1,56234,50
0.004,100,100,100,100.004,100.004,1,56234,50
0.0485,100,100,100,100.0485,99.0485,1,56234,50
0.808203166350722,100,100,100,100,100,1,56234,50
0.169321858789772,100,100,100,100,100,1,56234,50
0.246662032557651,100,100,100,100,100,1,56234,50
0.0602792059071362,100,100,100,100,100,1,56234,50
5e-04,100,100,100,100.0005,100.0005,1,56234,50
0.0947949516121298,100,100,100,100,100,1,56234,50
5e-04,100,100,100,100.0005,100.0005,1,56234,50
5e-04,100,100,100,100.0005,100.0005,1,56234,50
0.573692499427125,100,100,100,100,100,1,56234,50
0.164838470052928,100,100,100,100,100,1,56234,50
0.0045,100,100,100,100.0045,100.0045,1,56234,50
0.635661188978702,100,100,100,100,100,1,56234,50
0.0035,100,100,100,100.0035,100.0035,1,56234,50
0.0578383810352534,100,100,100,100,100,1,56234,50
0.156870061764494,100,100,100,100,100,1,56234,50
0.0055,100,100,100,100.0055,100.0055,1,56234,50
0.222000257344916,100,100,100,100,100,1,56234,50
0.397284304490313,100,100,100,100,100,1,56234,50
0.0945470042061061,100,100,100,100,100,1,56234,50
0.0095,100,100,100,100.0095,100.0095,1,56234,50
0.153468008153141,100,100,100,100,100,1,56234,50
5e-04,100,100,100,100.0005,100.0005,1,56234,50
0.569568492472172,100,100,100,100,100,1,56234,50
5e-04,100,100,100,100.0005,100.0005,1,56234,50
5e-04,100,100,100,100.0005,100.0005,1,56234,50
5e-04,100,100,100,100.0005,100.0005,1,56234,50
0.607569476123899,100,100,100,100,100,1,56234,50
0.779671230586246,100,100,100,100,100,1,56234,50
0.560630427673459,100,100,100,100,100,1,56234,50
0.001,100,100,100,100.001,100.001,1,56234,50
0.006,100,100,100,100.006,100.006,1,56234,50
0.0075,100,100,100,100.0075,100.0075,1,56234,50
0.1355,100,100,100,100.1355,99.1355,1,56234,50
5e-04,100,100,100,100.000250004446,100.000250004446,1,56234,50
0.003,100,100,100,100.003,100.003,1,56234,50
0.0025,100,100,100,100.0025,100.0025,1,56234,50
0.300538337090984,100,100,100,100,100,1,56234,50
5e-04,100,100,100,100.0005,100.0005,1,56234,50
0.0187843549065292,100,100,100,100,100,1,56234,50
0.004,100,100,100,100.004,100.004,1,56234,50
0.00476237968541682,100,100,100,100,100,1,56234,50
0.589647391811013,100,100,100,100,100,1,56234,50
0.053,100,100,100,100.053,99.053,1,56234,50
0.12038967339322,100,100,100,100,100,1,56234,50
