"p","truediv","chaoest","obsD","upper","lower","l","inds","reps"
5e-04,100,100,100,100.0005,100.0005,1,56234,50
5e-04,100,100,100,100.0005,100.0005,1,56234,50
0.001,100,100,100,100.001,100.001,1,56234,50
5e-04,100,100,100,100.0005,100.0005,1,56234,50
0.848125596996397,100,100,100,100,100,1,56234,50
5e-04,100,100,100,100.0005,100.0005,1,56234,50
0.349251318490133,100,100,100,100,100,1,56234,50
0.185049787163734,100,100,100,100,100,1,56234,50
0.017,100,100,100,100.017,100.017,1,56234,50
0.007,100,100,100,100.007,100.007,1,56234,50
0.730124861001968,100,100,100,100,100,1,56234,50
5e-04,100,100,100,100.0005,100.0005,1,56234,50
5e-04,100,100,100,100.0005,100.0005,1,56234,50
0.419861511094496,100,100,100,100,100,1,56234,50
5e-04,100,100,100,100.0005,100.0005,1,56234,50
5e-04,100,100,100,100.0005,100.0005,1,56234,50
0.0055,100,100,100,100.0055,100.0055,1,56234,50
0.979528585681692,100,100,100,100,100,1,56234,50
0.105956254759803,100,100,100,100,100,1,56234,50
0.688814918743446,100,100,100,100,100,1,56234,50
0.021,100,100,100,100.021,100.021,1,56234,50
0.274032772518694,100,100,100,100,100,1,56234,50
0.0155,100,100,100,100.0155,100.0155,1,56234,50
0.828563062241301,100,100,100,100,100,1,56234,50
0.763460238231346,100,100,100,100,100,1,56234,50
0.0065,100,100,100,100.005750013337,100.005750013337,1,56234,50
0.136,100,100,100,100.136,99.136,1,56234,50
0.209648537449539,100,100,100,100,100,1,56234,50
5e-04,100,100,100,100.0005,100.0005,1,56234,50
0.355574908666313,100,100,100,100,100,1,56234,50
0.003,100,100,100,100.003,100.003,1,56234,50
0.276512858457863,100,100,100,100,100,1,56234,50
0.003,100,100,100,100.003,100.003,1,56234,50
0.12941157259047,100,100,100,100,100,1,56234,50
0.483141470933333,100,100,100,100,100,1,56234,50
0.0015,100,100,100,100.0015,100.0015,1,56234,50
0.25771036115475,100,100,100,100,100,1,56234,50
5e-04,100,100,100,100.0005,100.0005,1,56234,50
0.1235,100,100,100,100.1235,99.1235,1,56234,50
0.190411955118179,100,100,100,100,100,1,56234,50
0.0155,100,100,100,100.0155,100.0155,1,56234,50
0.002,100,100,100,100.002,100.002,1,56234,50
5e-04,100,100,100,100.0005,100.0005,1,56234,50
0.255687412340194,100,100,100,100,100,1,56234,50
0.178338035242632,100,100,100,100,100,1,56234,50
0.579277739627287,100,100,100,100,100,1,56234,50
0.886574855772778,100,100,100,100,100,1,56234,50
0.281911558238789,100,100,100,100,100,1,56234,50
0.613529982976615,100,100,100,100,100,1,56234,50
0.963689221069217,100,100,100,100,100,1,56234,50
