"p","truediv","chaoest","obsD","upper","lower","l","inds","reps"
0.818689023843035,100,100,100,100,100,1,56234,50
0.0215543720405549,100,100,100,100,100,1,56234,50
0.001,100,100,100,100.001,100.001,1,56234,50
0.232394942082465,100,100,100,100,100,1,56234,50
0.637930758763105,100,100,100,100,100,1,56234,50
0.524651778163388,100,100,100,100,100,1,56234,50
0.194252428598702,100,100,100,100,100,1,56234,50
0.412259910255671,100,100,100,100,100,1,56234,50
0.924023910425603,100,100,100,100,100,1,56234,50
0.115997839486226,100,100,100,100,100,1,56234,50
0.0015,100,100,100,100.0015,100.0015,1,56234,50
5e-04,100,100,100,100.0005,100.0005,1,56234,50
0.0065,100,100,100,100.0065,100.0065,1,56234,50
0.899206910980865,100,100,100,100,100,1,56234,50
0.0015,100,100,100,100.0015,100.0015,1,56234,50
0.199923164676875,100,100,100,100,100,1,56234,50
0.757855445146561,100,100,100,100,100,1,56234,50
0.0195,100,100,100,100.0195,100.0195,1,56234,50
0.001,100,100,100,100.001,100.001,1,56234,50
0.223638575291261,100,100,100,100,100,1,56234,50
0.006,100,100,100,100.006,100.006,1,56234,50
0.248384040547535,100,100,100,100,100,1,56234,50
0.002,100,100,100,100.002,100.002,1,56234,50
0.444905002135783,100,100,100,100,100,1,56234,50
0.003,100,100,100,100.003,100.003,1,56234,50
0.594030235428363,100,100,100,100,100,1,56234,50
5e-04,100,100,100,100.0005,100.0005,1,56234,50
0.0035,100,100,100,100.0035,100.0035,1,56234,50
5e-04,100,100,100,100.0005,100.0005,1,56234,50
5e-04,100,100,100,100.0005,100.0005,1,56234,50
0.001,100,100,100,100.001,100.001,1,56234,50
0.653499423759058,100,100,100,100,100,1,56234,50
0.807123348349705,100,100,100,100,100,1,56234,50
5e-04,100,100,100,100.0005,100.0005,1,56234,50
0.001,100,100,100,100.001,100.001,1,56234,50
0.585109597072005,100,100,100,100,100,1,56234,50
0.897794723277912,100,100,100,100,100,1,56234,50
0.02,100,100,100,100.02,100.02,1,56234,50
0.0215,100,100,100,100.016750084468,100.016750084468,1,56234,50
0.518551398999989,100,100,100,100,100,1,56234,50
0.851134955417365,100,100,100,100,100,1,56234,50
0.310637516202405,100,100,100,100,100,1,56234,50
0.0025,100,100,100,100.0025,100.0025,1,56234,50
0.0913596730679274,100,100,100,100,100,1,56234,50
0.193264926085249,100,100,100,100,100,1,56234,50
0.869041984900832,100,100,100,100,100,1,56234,50
0.667066749418154,100,100,100,100,100,1,56234,50
5e-04,100,100,100,100.0005,100.0005,1,56234,50
0.002,100,100,100,100.002,100.002,1,56234,50
0.676150181563571,100,100,100,100,100,1,56234,50
