"p","truediv","chaoest","obsD","upper","lower","l","inds","reps"
0.0015,100,100,100,100.0015,100.0015,1,56234,50
0.0145,100,100,100,100.0145,100.0145,1,56234,50
0.001,100,100,100,100.001,100.001,1,56234,50
0.0045,100,100,100,100.0045,100.0045,1,56234,50
0.894126539584249,100,100,100,100,100,1,56234,50
5e-04,100,100,100,100.0005,100.0005,1,56234,50
0.883235810790211,100,100,100,100,100,1,56234,50
0.0714227396529168,100,100,100,100,100,1,56234,50
0.41204402060248,100,100,100,100,100,1,56234,50
0.913305676775053,100,100,100,100,100,1,56234,50
0.780243202112615,100,100,100,100,100,1,56234,50
0.624499731929973,100,100,100,100,100,1,56234,50
5e-04,100,100,100,100.0005,100.0005,1,56234,50
5e-04,100,100,100,100.0005,100.0005,1,56234,50
0.526489090174437,100,100,100,100,100,1,56234,50
5e-04,100,100,100,100.0005,100.0005,1,56234,50
0.0669398386962712,100,100,100,100,100,1,56234,50
5e-04,100,100,100,100.0005,100.0005,1,56234,50
0.0015,100,100,100,100.0015,100.0015,1,56234,50
0.207897026557475,100,100,100,100,100,1,56234,50
0.01,100,100,100,100.01,100.01,1,56234,50
0.847973932512105,100,100,100,100,100,1,56234,50
0.011,100,100,100,100.006500080023,100.006500080023,1,56234,50
0.821228894870728,100,100,100,100,100,1,56234,50
5e-04,100,100,100,100.0005,100.0005,1,56234,50
0.0305758125614375,100,100,100,100,100,1,56234,50
0.003,100,100,100,100.003,100.003,1,56234,50
0.821461820276454,100,100,100,100,100,1,56234,50
0.00514889415353537,100,100,100,100,100,1,56234,50
0.0015,100,100,100,100.0015,100.0015,1,56234,50
0.975249558920041,100,100,100,100,100,1,56234,50
0.316088892985135,100,100,100,100,100,1,56234,50
0.155191449448466,100,100,100,100,100,1,56234,50
0.002,100,100,100,100.001750004446,100.001750004446,1,56234,50
0.113356450106949,100,100,100,100,100,1,56234,50
0.0055,100,100,100,100.0055,100.0055,1,56234,50
0.649819368263707,100,100,100,100,100,1,56234,50
0.003,100,100,100,100.003,100.003,1,56234,50
0.00938096968457103,100,100,100,100,100,1,56234,50
0.143560881493613,100,100,100,100,100,1,56234,50
5e-04,100,100,100,100.0005,100.0005,1,56234,50
0.002,100,100,100,100.002,100.002,1,56234,50
5e-04,100,100,100,100.0005,100.0005,1,56234,50
0.275531307794154,100,100,100,100,100,1,56234,50
5e-04,100,100,100,100.0005,100.0005,1,56234,50
0.723563307430595,100,100,100,100,100,1,56234,50
0.002,100,100,100,100.002,100.002,1,56234,50
0.234116347739473,100,100,100,100,100,1,56234,50
5e-04,100,100,100,100.0005,100.0005,1,56234,50
0.482333813793957,100,100,100,100,100,1,56234,50
