"p","truediv","chaoest","obsD","upper","lower","l","inds","reps"
0.001,100,100,100,100.001,100.001,1,56234,50
5e-04,100,100,100,100.0005,100.0005,1,56234,50
0.541057293536142,100,100,100,100,100,1,56234,50
0.0155,100,100,100,100.0155,100.0155,1,56234,50
0.0055,100,100,100,100.0055,100.0055,1,56234,50
0.006,100,100,100,100.005750004446,100.005750004446,1,56234,50
0.165790663100779,100,100,100,100,100,1,56234,50
5e-04,100,100,100,100.0005,100.0005,1,56234,50
0.425281349336728,100,100,100,100,100,1,56234,50
0.206479771528393,100,100,100,100,100,1,56234,50
0.008,100,100,100,100.008,100.008,1,56234,50
0.0015,100,100,100,100.0015,100.0015,1,56234,50
0.691919031785801,100,100,100,100,100,1,56234,50
0.623173353495076,100,100,100,100,100,1,56234,50
0.0015,100,100,100,100.0015,100.0015,1,56234,50
0.900024115340784,100,100,100,100,100,1,56234,50
0.636430742917582,100,100,100,100,100,1,56234,50
0.535990090575069,100,100,100,100,100,1,56234,50
0.002,100,100,100,100.002,100.002,1,56234,50
0.003,100,100,100,100.003,100.003,1,56234,50
0.002,100,100,100,100.002,100.002,1,56234,50
0.490319092990831,100,100,100,100,100,1,56234,50
0.001,100,100,100,100.001,100.001,1,56234,50
0.0015,100,100,100,100.0015,100.0015,1,56234,50
0.0601678953971714,100,100,100,100,100,1,56234,50
0.998891418334097,100,100,100,100,100,1,56234,50
5e-04,100,100,100,100.0005,100.0005,1,56234,50
5e-04,100,100,100,100.0005,100.0005,1,56234,50
0.001,100,100,100,100.001,100.001,1,56234,50
5e-04,100,100,100,100.0005,100.0005,1,56234,50
0.0025,100,100,100,100.0025,100.0025,1,56234,50
0.904168084263802,100,100,100,100,100,1,56234,50
0.242665991187096,100,100,100,100,100,1,56234,50
0.823578316951171,100,100,100,100,100,1,56234,50
0.304257803130895,100,100,100,100,100,1,56234,50
0.0855795594397932,100,100,100,100,100,1,56234,50
0.003,100,100,100,100.002750004446,100.002750004446,1,56234,50
0.866495951777324,100,100,100,100,100,1,56234,50
0.898789140628651,100,100,100,100,100,1,56234,50
0.866517361951992,100,100,100,100,100,1,56234,50
0.001,100,100,100,100.001,100.001,1,56234,50
0.777003491064534,100,100,100,100,100,1,56234,50
0.279246114194393,100,100,100,100,100,1,56234,50
0.001,100,100,100,100.001,100.001,1,56234,50
5e-04,100,100,100,100.0005,100.0005,1,56234,50
0.804648980731145,100,100,100,100,100,1,56234,50
0.0015,100,100,100,100.0015,100.0015,1,56234,50
0.630783076863736,100,100,100,100,100,1,56234,50
0.0435,100,100,100,100.0435,99.0435,1,56234,50
0.252306163311005,100,100,100,100,100,1,56234,50
