"p","truediv","chaoest","obsD","upper","lower","l","inds","reps"
0.0075,100,100,100,100.0075,100.0075,1,56234,50
0.0065,100,100,100,100.0065,100.0065,1,56234,50
0.019,100,100,100,100.019,100.019,1,56234,50
0.551966651342809,100,100,100,100,100,1,56234,50
0.044,100,100,100,100.044,99.044,1,56234,50
5e-04,100,100,100,100.0005,100.0005,1,56234,50
0.0085,100,100,100,100.0085,100.0085,1,56234,50
0.352,100,100,100,100.352,99.352,1,56234,50
0.021,100,100,100,100.021,100.021,1,56234,50
0.007,100,100,100,100.007,100.007,1,56234,50
5e-04,100,100,100,100.0005,100.0005,1,56234,50
0.797001332510263,100,100,100,100,100,1,56234,50
0.596557409735397,100,100,100,100,100,1,56234,50
0.144,100,100,100,100.144,99.144,1,56234,50
0.589835156220943,100,100,100,100,100,1,56234,50
0.002,100,100,100,100.002,100.002,1,56234,50
0.994830039562657,100,100,100,100,100,1,56234,50
0.642366841668263,100,100,100,100,100,1,56234,50
0.773068261099979,100,100,100,100,100,1,56234,50
0.398010714678094,100,100,100,100,100,1,56234,50
0.971616964554414,100,100,100,100,100,1,56234,50
5e-04,100,100,100,100.0005,100.0005,1,56234,50
0.787528647342697,100,100,100,100,100,1,56234,50
0.740768860559911,100,100,100,100,100,1,56234,50
0.305928675457835,100,100,100,100,100,1,56234,50
5e-04,100,100,100,100.0005,100.0005,1,56234,50
0.001,100,100,100,100.001,100.001,1,56234,50
0.734982651891187,100,100,100,100,100,1,56234,50
0.900907202856615,100,100,100,100,100,1,56234,50
0.0101099768653512,100,100,100,100,100,1,56234,50
0.241872054059058,100,100,100,100,100,1,56234,50
0.602111184038222,100,100,100,100,100,1,56234,50
0.279534111265093,100,100,100,100,100,1,56234,50
0.500644031679258,100,100,100,100,100,1,56234,50
0.329078720882535,100,100,100,100,100,1,56234,50
0.0896473843604326,100,100,100,100,100,1,56234,50
0.958455174928531,100,100,100,100,100,1,56234,50
0.161665333900601,100,100,100,100,100,1,56234,50
0.683790071634576,100,100,100,100,100,1,56234,50
0.388661677250639,100,100,100,100,100,1,56234,50
0.755788377486169,100,100,100,100,100,1,56234,50
0.006,100,100,100,100.006,100.006,1,56234,50
0.0085,100,100,100,100.0085,100.0085,1,56234,50
0.362134465482086,100,100,100,100,100,1,56234,50
0.877800164278597,100,100,100,100,100,1,56234,50
0.655654079513624,100,100,100,100,100,1,56234,50
0.430438571143895,100,100,100,100,100,1,56234,50
0.297471778700128,100,100,100,100,100,1,56234,50
5e-04,100,100,100,100.0005,100.0005,1,56234,50
0.903034853748977,100,100,100,100,100,1,56234,50
