"p","truediv","chaoest","obsD","upper","lower","l","inds","reps"
0.720775627298281,100,100,100,100,100,1,56234,50
0.002,100,100,100,100.002,100.002,1,56234,50
0.0025,100,100,100,100.0025,100.0025,1,56234,50
0.003,100,100,100,100.003,100.003,1,56234,50
0.007,100,100,100,100.007,100.007,1,56234,50
0.580979768652469,100,100,100,100,100,1,56234,50
0.877177866874263,100,100,100,100,100,1,56234,50
0.02,100,100,100,100.02,100.02,1,56234,50
0.529331195866689,100,100,100,100,100,1,56234,50
0.022,100,100,100,100.018250066686,100.018250066686,1,56234,50
0.0585,100,100,100,100.0585,99.0585,1,56234,50
0.909438565373421,100,100,100,100,100,1,56234,50
0.0025,100,100,100,100.0025,100.0025,1,56234,50
0.717120594577864,100,100,100,100,100,1,56234,50
0.0015,100,100,100,100.0015,100.0015,1,56234,50
0.374,100,100,100,100.374,99.374,1,56234,50
0.901994531974196,100,100,100,100,100,1,56234,50
0.0085,100,100,100,100.0085,100.0085,1,56234,50
0.251044045435265,100,100,100,100,100,1,56234,50
0.02,100,100,100,100.02,100.02,1,56234,50
0.788979847216979,100,100,100,100,100,1,56234,50
0.0545,100,100,100,100.0545,99.0545,1,56234,50
0.0015,100,100,100,100.0015,100.0015,1,56234,50
0.25515457149595,100,100,100,100,100,1,56234,50
5e-04,100,100,100,100.0005,100.0005,1,56234,50
0.003,100,100,100,100.003,100.003,1,56234,50
0.806952015729621,100,100,100,100,100,1,56234,50
0.003,100,100,100,100.003,100.003,1,56234,50
0.1355,100,100,100,100.1355,99.1355,1,56234,50
0.004,100,100,100,100.004,100.004,1,56234,50
0.001,100,100,100,100.001,100.001,1,56234,50
0.197940218262374,100,100,100,100,100,1,56234,50
0.663478277623653,100,100,100,100,100,1,56234,50
0.017,100,100,100,100.017,100.017,1,56234,50
0.013,100,100,100,100.013,100.013,1,56234,50
0.475308977533132,100,100,100,100,100,1,56234,50
0.0848101812880486,100,100,100,100,100,1,56234,50
0.218717265175655,100,100,100,100,100,1,56234,50
0.0025,100,100,100,100.0025,100.0025,1,56234,50
0.004,100,100,100,100.004,100.004,1,56234,50
0.851842514472082,100,100,100,100,100,1,56234,50
0.0123325753957033,100,100,100,100,100,1,56234,50
0.536899132886901,100,100,100,100,100,1,56234,50
5e-04,100,100,100,100.0005,100.0005,1,56234,50
5e-04,100,100,100,100.0005,100.0005,1,56234,50
0.207726852968335,100,100,100,100,100,1,56234,50
0.0065,100,100,100,100.0065,100.0065,1,56234,50
0.935838473727927,100,100,100,100,100,1,56234,50
0.436409561894834,100,100,100,100,100,1,56234,50
0.0025,100,100,100,100.0025,100.0025,1,56234,50
