"p","truediv","chaoest","obsD","upper","lower","l","inds","reps"
0.0025,100,100,100,100.0025,100.0025,1,56234,50
5e-04,100,100,100,100.0005,100.0005,1,56234,50
0.415877524064854,100,100,100,100,100,1,56234,50
0.846181607805192,100,100,100,100,100,1,56234,50
0.054,100,100,100,100.538491393107,99.0385002845254,1,56234,50
5e-04,100,100,100,100.0005,100.0005,1,56234,50
0.0085,100,100,100,100.0085,100.0085,1,56234,50
0.86311987019144,100,100,100,100,100,1,56234,50
0.303441991796717,100,100,100,100,100,1,56234,50
0.382254180498421,100,100,100,100,100,1,56234,50
0.562585755484179,100,100,100,100,100,1,56234,50
0.003,100,100,100,100.003,100.003,1,56234,50
0.001,100,100,100,100.001,100.001,1,56234,50
0.491372600896284,100,100,100,100,100,1,56234,50
5e-04,100,100,100,100.0005,100.0005,1,56234,50
0.222876067506149,100,100,100,100,100,1,56234,50
0.01,100,100,100,100.01,100.01,1,56234,50
5e-04,100,100,100,100.0005,100.0005,1,56234,50
0.007,100,100,100,100.007,100.007,1,56234,50
0.966335539473221,100,100,100,100,100,1,56234,50
5e-04,100,100,100,100.0005,100.0005,1,56234,50
0.401111349463463,100,100,100,100,100,1,56234,50
0.0025,100,100,100,100.0025,100.0025,1,56234,50
0.0015,100,100,100,100.0015,100.0015,1,56234,50
0.002,100,100,100,100.002,100.002,1,56234,50
0.889494761358947,100,100,100,100,100,1,56234,50
0.002,100,100,100,100.002,100.002,1,56234,50
5e-04,100,100,100,100.0005,100.0005,1,56234,50
0.008,100,100,100,100.008,100.008,1,56234,50
0.0055,100,100,100,100.0055,100.0055,1,56234,50
0.0045,100,100,100,100.0045,100.0045,1,56234,50
0.003,100,100,100,100.003,100.003,1,56234,50
5e-04,100,100,100,100.0005,100.0005,1,56234,50
5e-04,100,100,100,100.0005,100.0005,1,56234,50
0.1335,100,100,100,100.133250004446,99.1332500044457,1,56234,50
5e-04,100,100,100,100.0005,100.0005,1,56234,50
5e-04,100,100,100,100.0005,100.0005,1,56234,50
5e-04,100,100,100,100.0005,100.0005,1,56234,50
0.819107273826376,100,100,100,100,100,1,56234,50
5e-04,100,100,100,100.0005,100.0005,1,56234,50
0.004,100,100,100,100.004,100.004,1,56234,50
0.55799364624545,100,100,100,100,100,1,56234,50
0.461169648682699,100,100,100,100,100,1,56234,50
0.001,100,100,100,100.001,100.001,1,56234,50
5e-04,100,100,100,100.0005,100.0005,1,56234,50
0.132334479363635,100,100,100,100,100,1,56234,50
0.0095,100,100,100,100.0095,100.0095,1,56234,50
0.122522226301953,100,100,100,100,100,1,56234,50
0.875159011688083,100,100,100,100,100,1,56234,50
0.007,100,100,100,100.006750004446,100.006750004446,1,56234,50
