"p","truediv","chaoest","obsD","upper","lower","l","inds","reps"
0.0035,100,100,100,100.003250004446,100.003250004446,1,56234,50
0.001,100,100,100,100.001,100.001,1,56234,50
0.777023425325751,100,100,100,100,100,1,56234,50
0.0167225946206599,100,100,100,100,100,1,56234,50
0.0025,100,100,100,100.0025,100.0025,1,56234,50
0.002,100,100,100,100.002,100.002,1,56234,50
0.132,100,100,100,100.132,99.132,1,56234,50
0.390993186971173,100,100,100,100,100,1,56234,50
0.457226712489501,100,100,100,100,100,1,56234,50
0.001,100,100,100,100.001,100.001,1,56234,50
5e-04,100,100,100,100.0005,100.0005,1,56234,50
0.113232151139528,100,100,100,100,100,1,56234,50
0.016,100,100,100,100.016,100.016,1,56234,50
0.164396120468155,100,100,100,100,100,1,56234,50
5e-04,100,100,100,100.0005,100.0005,1,56234,50
5e-04,100,100,100,100.0005,100.0005,1,56234,50
0.0913911052048206,100,100,100,100,100,1,56234,50
0.749577079666778,100,100,100,100,100,1,56234,50
5e-04,100,100,100,100.0005,100.0005,1,56234,50
0.001,100,100,100,100.001,100.001,1,56234,50
0.490254328818992,100,100,100,100,100,1,56234,50
0.0015,100,100,100,100.0015,100.0015,1,56234,50
0.0085,100,100,100,100.0085,100.0085,1,56234,50
0.853837667731568,100,100,100,100,100,1,56234,50
0.002,100,100,100,100.002,100.002,1,56234,50
0.001,100,100,100,100.001,100.001,1,56234,50
0.00781131885014474,100,100,100,100,100,1,56234,50
5e-04,100,100,100,100.0005,100.0005,1,56234,50
0.0015,100,100,100,100.0015,100.0015,1,56234,50
0.004,100,100,100,100.004,100.004,1,56234,50
0.0171688257250935,100,100,100,100,100,1,56234,50
0.0015,100,100,100,100.0015,100.0015,1,56234,50
0.0639204101171345,100,100,100,100,100,1,56234,50
0.002,100,100,100,100.002,100.002,1,56234,50
5e-04,100,100,100,100.0005,100.0005,1,56234,50
0.373204014031217,100,100,100,100,100,1,56234,50
0.001,100,100,100,100.001,100.001,1,56234,50
0.202181338798255,100,100,100,100,100,1,56234,50
0.710671274457127,100,100,100,100,100,1,56234,50
0.557629035552964,100,100,100,100,100,1,56234,50
0.970285919494927,100,100,100,100,100,1,56234,50
0.425408317707479,100,100,100,100,100,1,56234,50
0.391376746818423,100,100,100,100,100,1,56234,50
0.508067202288657,100,100,100,100,100,1,56234,50
0.011293810326606,100,100,100,100,100,1,56234,50
0.338690945878625,100,100,100,100,100,1,56234,50
0.808794167591259,100,100,100,100,100,1,56234,50
0.001,100,100,100,100.001,100.001,1,56234,50
5e-04,100,100,100,100.0005,100.0005,1,56234,50
0.540358303114772,100,100,100,100,100,1,56234,50
