"p","truediv","chaoest","obsD","upper","lower","l","inds","reps"
0.479641869897023,100,100,100,100,100,1,56234,50
0.450157256331295,100,100,100,100,100,1,56234,50
0.0349727293942124,100,100,100,100,100,1,56234,50
5e-04,100,100,100,100.0005,100.0005,1,56234,50
0.365178132196888,100,100,100,100,100,1,56234,50
0.001,100,100,100,100.001,100.001,1,56234,50
0.0025,100,100,100,100.0025,100.0025,1,56234,50
0.233359295642003,100,100,100,100,100,1,56234,50
0.006,100,100,100,100.005750004446,100.005750004446,1,56234,50
0.206544003682211,100,100,100,100,100,1,56234,50
5e-04,100,100,100,100.0005,100.0005,1,56234,50
0.0025,100,100,100,100.0025,100.0025,1,56234,50
0.817667541559786,100,100,100,100,100,1,56234,50
0.340912845451385,100,100,100,100,100,1,56234,50
0.001,100,100,100,100.001,100.001,1,56234,50
0.109822686295956,100,100,100,100,100,1,56234,50
0.008,100,100,100,100.008,100.008,1,56234,50
0.0045,100,100,100,100.0045,100.0045,1,56234,50
0.77301693498157,100,100,100,100,100,1,56234,50
0.638135161017999,100,100,100,100,100,1,56234,50
0.019,100,100,100,100.019,100.019,1,56234,50
0.394802041817456,100,100,100,100,100,1,56234,50
5e-04,100,100,100,100.0005,100.0005,1,56234,50
5e-04,100,100,100,100.0005,100.0005,1,56234,50
0.002,100,100,100,100.002,100.002,1,56234,50
0.0025,100,100,100,100.0025,100.0025,1,56234,50
0.002,100,100,100,100.002,100.002,1,56234,50
0.473385270684958,100,100,100,100,100,1,56234,50
0.618365642614663,100,100,100,100,100,1,56234,50
0.313653358258307,100,100,100,100,100,1,56234,50
0.670174940722063,100,100,100,100,100,1,56234,50
0.0015,100,100,100,100.0015,100.0015,1,56234,50
0.001,100,100,100,100.001,100.001,1,56234,50
0.538555770646781,100,100,100,100,100,1,56234,50
0.0908422528300434,100,100,100,100,100,1,56234,50
0.004,100,100,100,100.004,100.004,1,56234,50
0.001,100,100,100,100.001,100.001,1,56234,50
0.008,100,100,100,100.008,100.008,1,56234,50
0.231300728628412,100,100,100,100,100,1,56234,50
0.0045,100,100,100,100.0045,100.0045,1,56234,50
0.001,100,100,100,100.001,100.001,1,56234,50
0.762935894308612,100,100,100,100,100,1,56234,50
0.0015,100,100,100,100.0015,100.0015,1,56234,50
0.958153312560171,100,100,100,100,100,1,56234,50
0.304833301808685,100,100,100,100,100,1,56234,50
0.017,100,100,100,100.017,100.017,1,56234,50
0.0015,100,100,100,100.0015,100.0015,1,56234,50
0.69557112804614,100,100,100,100,100,1,56234,50
0.378815312869847,100,100,100,100,100,1,56234,50
0.111057389527559,100,100,100,100,100,1,56234,50
