"p","truediv","chaoest","obsD","upper","lower","l","inds","reps"
0.777196295792237,100,100,100,100,100,1,56234,50
0.001,100,100,100,100.001,100.001,1,56234,50
0.798615492414683,100,100,100,100,100,1,56234,50
0.615977611392736,100,100,100,100,100,1,56234,50
0.427568344632164,100,100,100,100,100,1,56234,50
5e-04,100,100,100,100.0005,100.0005,1,56234,50
0.701571221463382,100,100,100,100,100,1,56234,50
5e-04,100,100,100,100.0005,100.0005,1,56234,50
0.0955239583272487,100,100,100,100,100,1,56234,50
0.0145927821286023,100,100,100,100,100,1,56234,50
0.701637300197035,100,100,100,100,100,1,56234,50
0.0025,100,100,100,100.0025,100.0025,1,56234,50
0.149588760919869,100,100,100,100,100,1,56234,50
5e-04,100,100,100,100.0005,100.0005,1,56234,50
0.007,100,100,100,100.007,100.007,1,56234,50
0.001,100,100,100,100.001,100.001,1,56234,50
5e-04,100,100,100,100.0005,100.0005,1,56234,50
0.869353098794818,100,100,100,100,100,1,56234,50
5e-04,100,100,100,100.0005,100.0005,1,56234,50
0.0025,100,100,100,100.0025,100.0025,1,56234,50
0.0205,100,100,100,100.0205,100.0205,1,56234,50
0.0505,100,100,100,100.0505,99.0505,1,56234,50
0.0025,100,100,100,100.0025,100.0025,1,56234,50
0.81682008667849,100,100,100,100,100,1,56234,50
0.203785123769194,100,100,100,100,100,1,56234,50
5e-04,100,100,100,100.0005,100.0005,1,56234,50
0.53698768443428,100,100,100,100,100,1,56234,50
0.79606385412626,100,100,100,100,100,1,56234,50
0.127554129576311,100,100,100,100,100,1,56234,50
0.001,100,100,100,100.001,100.001,1,56234,50
0.991882983595133,100,100,100,100,100,1,56234,50
0.001,100,100,100,100.001,100.001,1,56234,50
0.858958220807835,100,100,100,100,100,1,56234,50
0.826773358974606,100,100,100,100,100,1,56234,50
0.239855720661581,100,100,100,100,100,1,56234,50
0.732311983825639,100,100,100,100,100,1,56234,50
0.0015,100,100,100,100.0015,100.0015,1,56234,50
0.203845498617738,100,100,100,100,100,1,56234,50
0.223594968672842,100,100,100,100,100,1,56234,50
0.994386550970376,100,100,100,100,100,1,56234,50
0.0015,100,100,100,100.0015,100.0015,1,56234,50
0.311277131550014,100,100,100,100,100,1,56234,50
0.852123219752684,100,100,100,100,100,1,56234,50
5e-04,100,100,100,100.0005,100.0005,1,56234,50
0.0075,100,100,100,100.0075,100.0075,1,56234,50
0.187428056262434,100,100,100,100,100,1,56234,50
0.831200466491282,100,100,100,100,100,1,56234,50
0.02,100,100,100,100.018000035566,100.018000035566,1,56234,50
0.653470105491579,100,100,100,100,100,1,56234,50
0.0553487832657993,100,100,100,100,100,1,56234,50
