"p","truediv","chaoest","obsD","upper","lower","l","inds","reps"
0.219820006517693,100,100,100,100,100,1,56234,50
0.160985737806186,100,100,100,100,100,1,56234,50
0.001,100,100,100,100.001,100.001,1,56234,50
5e-04,100,100,100,100.0005,100.0005,1,56234,50
0.0015,100,100,100,100.0015,100.0015,1,56234,50
5e-04,100,100,100,100.0005,100.0005,1,56234,50
0.433436731342226,100,100,100,100,100,1,56234,50
0.319779035868123,100,100,100,100,100,1,56234,50
0.0075,100,100,100,100.0075,100.0075,1,56234,50
0.946047083009034,100,100,100,100,100,1,56234,50
0.002,100,100,100,100.002,100.002,1,56234,50
0.885212794877589,100,100,100,100,100,1,56234,50
0.0025,100,100,100,100.0025,100.0025,1,56234,50
0.0525,100,100,100,100.0525,99.0525,1,56234,50
0.003,100,100,100,100.003,100.003,1,56234,50
0.999801289057359,100,100,100,100,100,1,56234,50
0.236765555106103,100,100,100,100,100,1,56234,50
0.014,100,100,100,100.013250013337,100.013250013337,1,56234,50
0.733705088496208,100,100,100,100,100,1,56234,50
5e-04,100,100,100,100.0005,100.0005,1,56234,50
5e-04,100,100,100,100.0005,100.0005,1,56234,50
0.008,100,100,100,100.008,100.008,1,56234,50
0.0195,100,100,100,100.019250004446,100.019250004446,1,56234,50
0.553585047600791,100,100,100,100,100,1,56234,50
0.0095,100,100,100,100.0095,100.0095,1,56234,50
5e-04,100,100,100,100.0005,100.0005,1,56234,50
0.007,100,100,100,100.007,100.007,1,56234,50
0.148070208029822,100,100,100,100,100,1,56234,50
0.269830288365483,100,100,100,100,100,1,56234,50
0.520150014199317,100,100,100,100,100,1,56234,50
0.336048246826977,100,100,100,100,100,1,56234,50
0.346157445339486,100,100,100,100,100,1,56234,50
0.196884096600115,100,100,100,100,100,1,56234,50
0.0941560768987983,100,100,100,100,100,1,56234,50
0.007,100,100,100,100.007,100.007,1,56234,50
0.003,100,100,100,100.003,100.003,1,56234,50
0.004,100,100,100,100.004,100.004,1,56234,50
0.0045,100,100,100,100.0045,100.0045,1,56234,50
0.56652088300325,100,100,100,100,100,1,56234,50
0.850573178380728,100,100,100,100,100,1,56234,50
0.001,100,100,100,100.001,100.001,1,56234,50
0.016,100,100,100,100.016,100.016,1,56234,50
0.007,100,100,100,100.007,100.007,1,56234,50
5e-04,100,100,100,100.0005,100.0005,1,56234,50
0.507744441041723,100,100,100,100,100,1,56234,50
0.0105,100,100,100,100.0105,100.0105,1,56234,50
0.001,100,100,100,100.001,100.001,1,56234,50
0.0714161039795727,100,100,100,100,100,1,56234,50
0.879903238732368,100,100,100,100,100,1,56234,50
0.166518065379933,100,100,100,100,100,1,56234,50
