"p","truediv","chaoest","obsD","upper","lower","l","inds","reps"
0.788525267038494,100,100,100,100,100,1,56234,50
0.221873734146357,100,100,100,100,100,1,56234,50
0.672508201096207,100,100,100,100,100,1,56234,50
0.179654161212966,100,100,100,100,100,1,56234,50
0.003,100,100,100,100.003,100.003,1,56234,50
0.488851644331589,100,100,100,100,100,1,56234,50
5e-04,100,100,100,100.0005,100.0005,1,56234,50
0.758724194020033,100,100,100,100,100,1,56234,50
0.002,100,100,100,100.002,100.002,1,56234,50
0.462196493288502,100,100,100,100,100,1,56234,50
0.533438393846154,100,100,100,100,100,1,56234,50
0.003,100,100,100,100.003,100.003,1,56234,50
0.320557326776907,100,100,100,100,100,1,56234,50
5e-04,100,100,100,100.0005,100.0005,1,56234,50
0.0015,100,100,100,100.0015,100.0015,1,56234,50
0.001,100,100,100,100.001,100.001,1,56234,50
5e-04,100,100,100,100.0005,100.0005,1,56234,50
0.641259719152004,100,100,100,100,100,1,56234,50
0.510152827017009,100,100,100,100,100,1,56234,50
0.973829536233097,100,100,100,100,100,1,56234,50
0.687932742293924,100,100,100,100,100,1,56234,50
0.306745416019112,100,100,100,100,100,1,56234,50
0.003,100,100,100,100.003,100.003,1,56234,50
0.001,100,100,100,100.001,100.001,1,56234,50
0.55771166132763,100,100,100,100,100,1,56234,50
0.31586188217625,100,100,100,100,100,1,56234,50
0.001,100,100,100,100.001,100.001,1,56234,50
0.0035,100,100,100,100.0035,100.0035,1,56234,50
0.396127450512722,100,100,100,100,100,1,56234,50
0.0253556875977665,100,100,100,100,100,1,56234,50
0.003,100,100,100,100.003,100.003,1,56234,50
0.602926947642118,100,100,100,100,100,1,56234,50
0.002,100,100,100,100.002,100.002,1,56234,50
0.0025,100,100,100,100.0025,100.0025,1,56234,50
0.997048965888098,100,100,100,100,100,1,56234,50
0.002,100,100,100,100.002,100.002,1,56234,50
0.052,100,100,100,100.052,99.052,1,56234,50
0.002,100,100,100,100.002,100.002,1,56234,50
0.0065,100,100,100,100.0065,100.0065,1,56234,50
0.614960656268522,100,100,100,100,100,1,56234,50
0.438039048109204,100,100,100,100,100,1,56234,50
0.0015,100,100,100,100.001250004446,100.001250004446,1,56234,50
0.22453991882503,100,100,100,100,100,1,56234,50
0.810423443093896,100,100,100,100,100,1,56234,50
0.001,100,100,100,100.001,100.001,1,56234,50
0.004,100,100,100,100.003500008891,100.003500008891,1,56234,50
0.811245128279552,100,100,100,100,100,1,56234,50
0.868969446280971,100,100,100,100,100,1,56234,50
0.002,100,100,100,100.002,100.002,1,56234,50
0.0055,100,100,100,100.0055,100.0055,1,56234,50
