"p","truediv","chaoest","obsD","upper","lower","l","inds","reps"
0.677823534468189,100,100,100,100,100,1,56234,50
0.849572488339618,100,100,100,100,100,1,56234,50
0.265369062079117,100,100,100,100,100,1,56234,50
0.0821925562340766,100,100,100,100,100,1,56234,50
5e-04,100,100,100,100.0005,100.0005,1,56234,50
0.705116246594116,100,100,100,100,100,1,56234,50
0.948869301239029,100,100,100,100,100,1,56234,50
0.0075,100,100,100,100.0075,100.0075,1,56234,50
0.0085,100,100,100,100.0085,100.0085,1,56234,50
0.001,100,100,100,100.001,100.001,1,56234,50
0.947150324936956,100,100,100,100,100,1,56234,50
0.0015,100,100,100,100.0015,100.0015,1,56234,50
0.001,100,100,100,100.001,100.001,1,56234,50
5e-04,100,100,100,100.0005,100.0005,1,56234,50
0.977088165935129,100,100,100,100,100,1,56234,50
0.549856143770739,100,100,100,100,100,1,56234,50
5e-04,100,100,100,100.0005,100.0005,1,56234,50
0.001,100,100,100,100.001,100.001,1,56234,50
0.599330035271123,100,100,100,100,100,1,56234,50
0.045,100,100,100,100.045,99.045,1,56234,50
0.004,100,100,100,100.004,100.004,1,56234,50
0.638186345808208,100,100,100,100,100,1,56234,50
0.129,100,100,100,100.129,99.129,1,56234,50
0.0035,100,100,100,100.0035,100.0035,1,56234,50
0.455285903532058,100,100,100,100,100,1,56234,50
0.644188351230696,100,100,100,100,100,1,56234,50
0.815464006504044,100,100,100,100,100,1,56234,50
0.002,100,100,100,100.002,100.002,1,56234,50
0.458056789590046,100,100,100,100,100,1,56234,50
0.823865624144673,100,100,100,100,100,1,56234,50
0.0624073040671647,100,100,100,100,100,1,56234,50
0.819580081384629,100,100,100,100,100,1,56234,50
0.001,100,100,100,100.001,100.001,1,56234,50
0.001,100,100,100,100.001,100.001,1,56234,50
0.0015,100,100,100,100.0015,100.0015,1,56234,50
5e-04,100,100,100,100.0005,100.0005,1,56234,50
0.15949784591794,100,100,100,100,100,1,56234,50
0.003,100,100,100,100.003,100.003,1,56234,50
0.001,100,100,100,100.001,100.001,1,56234,50
0.002,100,100,100,100.002,100.002,1,56234,50
0.0495,100,100,100,100.0495,99.0495,1,56234,50
0.003,100,100,100,100.003,100.003,1,56234,50
0.742271436145529,100,100,100,100,100,1,56234,50
0.008,100,100,100,100.008,100.008,1,56234,50
0.183743954170495,100,100,100,100,100,1,56234,50
0.659513486782089,100,100,100,100,100,1,56234,50
0.174909570952877,100,100,100,100,100,1,56234,50
5e-04,100,100,100,100.0005,100.0005,1,56234,50
0.156973919365555,100,100,100,100,100,1,56234,50
0.0015,100,100,100,100.0015,100.0015,1,56234,50
