"p","truediv","chaoest","obsD","upper","lower","l","inds","reps"
0.136957262875512,100,100,100,100,100,1,56234,50
0.76989840879105,100,100,100,100,100,1,56234,50
0.002,100,100,100,100.002,100.002,1,56234,50
0.007,100,100,100,100.007,100.007,1,56234,50
5e-04,100,100,100,100.0005,100.0005,1,56234,50
0.781556226313114,100,100,100,100,100,1,56234,50
0.018,100,100,100,100.018,100.018,1,56234,50
0.931734696263447,100,100,100,100,100,1,56234,50
5e-04,100,100,100,100.0005,100.0005,1,56234,50
0.558881195494905,100,100,100,100,100,1,56234,50
0.0791584339458495,100,100,100,100,100,1,56234,50
0.68525413190946,100,100,100,100,100,1,56234,50
5e-04,100,100,100,100.0005,100.0005,1,56234,50
0.116,100,100,100,100.116,99.116,1,56234,50
0.000995585694909096,100,100,100,100,100,1,56234,50
0.002,100,100,100,100.002,100.002,1,56234,50
0.0326974333729595,100,100,100,100,100,1,56234,50
0.597108855145052,100,100,100,100,100,1,56234,50
5e-04,100,100,100,100.0005,100.0005,1,56234,50
0.00653418060392141,100,100,100,100,100,1,56234,50
0.0155,100,100,100,100.0155,100.0155,1,56234,50
0.693484222982079,100,100,100,100,100,1,56234,50
0.0185,100,100,100,100.0185,100.0185,1,56234,50
0.208093515364453,100,100,100,100,100,1,56234,50
0.0085,100,100,100,100.0085,100.0085,1,56234,50
0.369329231092706,100,100,100,100,100,1,56234,50
0.047,100,100,100,100.047,99.047,1,56234,50
0.720593982608989,100,100,100,100,100,1,56234,50
0.0045,100,100,100,100.0045,100.0045,1,56234,50
0.566008063731715,100,100,100,100,100,1,56234,50
0.63524827780202,100,100,100,100,100,1,56234,50
0.121691413223743,100,100,100,100,100,1,56234,50
0.679605394136161,100,100,100,100,100,1,56234,50
5e-04,100,100,100,100.0005,100.0005,1,56234,50
0.814062304329127,100,100,100,100,100,1,56234,50
0.003,100,100,100,100.003,100.003,1,56234,50
0.0015,100,100,100,100.0015,100.0015,1,56234,50
0.655403869692236,100,100,100,100,100,1,56234,50
0.907608148874715,100,100,100,100,100,1,56234,50
5e-04,100,100,100,100.0005,100.0005,1,56234,50
0.0035,100,100,100,100.0035,100.0035,1,56234,50
0.832930111791939,100,100,100,100,100,1,56234,50
0.651717587606981,100,100,100,100,100,1,56234,50
0.001,100,100,100,100.001,100.001,1,56234,50
0.0065,100,100,100,100.0065,100.0065,1,56234,50
0.1365,100,100,100,100.1365,99.1365,1,56234,50
0.634179459419101,100,100,100,100,100,1,56234,50
5e-04,100,100,100,100.0005,100.0005,1,56234,50
0.330399281345308,100,100,100,100,100,1,56234,50
0.505517713725567,100,100,100,100,100,1,56234,50
