"p","truediv","chaoest","obsD","upper","lower","l","inds","reps"
0.002,100,100,100,100.002,100.002,1,56234,50
0.0980754843913019,100,100,100,100,100,1,56234,50
0.1305,100,100,100,100.1305,99.1305,1,56234,50
0.387379015795887,100,100,100,100,100,1,56234,50
0.89508166606538,100,100,100,100,100,1,56234,50
0.0165,100,100,100,100.0165,100.0165,1,56234,50
5e-04,100,100,100,100.0005,100.0005,1,56234,50
0.0015,100,100,100,100.001250004446,100.001250004446,1,56234,50
5e-04,100,100,100,100.000250004446,100.000250004446,1,56234,50
5e-04,100,100,100,100.0005,100.0005,1,56234,50
0.0065,100,100,100,100.006250004446,100.006250004446,1,56234,50
0.0035,100,100,100,100.0035,100.0035,1,56234,50
0.992038820171729,100,100,100,100,100,1,56234,50
0.2424152684398,100,100,100,100,100,1,56234,50
0.0015,100,100,100,100.0015,100.0015,1,56234,50
5e-04,100,100,100,100.0005,100.0005,1,56234,50
0.001,100,100,100,100.001,100.001,1,56234,50
0.720359497936442,100,100,100,100,100,1,56234,50
0.001,100,100,100,100.001,100.001,1,56234,50
0.003,100,100,100,100.003,100.003,1,56234,50
0.570195395965129,100,100,100,100,100,1,56234,50
0.0025,100,100,100,100.0025,100.0025,1,56234,50
0.933254518778995,100,100,100,100,100,1,56234,50
0.631032007280737,100,100,100,100,100,1,56234,50
0.007,100,100,100,100.007,100.007,1,56234,50
0.0065,100,100,100,100.0065,100.0065,1,56234,50
0.001,100,100,100,100.001,100.001,1,56234,50
5e-04,100,100,100,100.0005,100.0005,1,56234,50
0.0015,100,100,100,100.0015,100.0015,1,56234,50
0.874501592712477,100,100,100,100,100,1,56234,50
0.682821316411719,100,100,100,100,100,1,56234,50
0.747263533528894,100,100,100,100,100,1,56234,50
0.0035,100,100,100,100.0035,100.0035,1,56234,50
0.582438423996791,100,100,100,100,100,1,56234,50
0.006,100,100,100,100.006,100.006,1,56234,50
0.949113745475188,100,100,100,100,100,1,56234,50
0.002,100,100,100,100.002,100.002,1,56234,50
0.616914018522948,100,100,100,100,100,1,56234,50
5e-04,100,100,100,100.0005,100.0005,1,56234,50
0.003,100,100,100,100.003,100.003,1,56234,50
0.439381420379505,100,100,100,100,100,1,56234,50
0.0055,100,100,100,100.0055,100.0055,1,56234,50
0.002,100,100,100,100.002,100.002,1,56234,50
0.625789857469499,100,100,100,100,100,1,56234,50
0.014,100,100,100,100.014,100.014,1,56234,50
0.002,100,100,100,100.002,100.002,1,56234,50
0.144978990312666,100,100,100,100,100,1,56234,50
0.454900057986379,100,100,100,100,100,1,56234,50
5e-04,100,100,100,100.0005,100.0005,1,56234,50
0.43965496099554,100,100,100,100,100,1,56234,50
