"p","truediv","chaoest","obsD","upper","lower","l","inds","reps"
0.0055,100,100,100,100.0055,100.0055,1,56234,50
0.975477911997586,100,100,100,100,100,1,56234,50
0.224854341009632,100,100,100,100,100,1,56234,50
0.752259648172185,100,100,100,100,100,1,56234,50
5e-04,100,100,100,100.0005,100.0005,1,56234,50
0.047,100,100,100,100.047,99.047,1,56234,50
0.002,100,100,100,100.002,100.002,1,56234,50
0.008,100,100,100,100.008,100.008,1,56234,50
5e-04,100,100,100,100.0005,100.0005,1,56234,50
0.950771793955937,100,100,100,100,100,1,56234,50
0.0235,100,100,100,100.0235,100.0235,1,56234,50
0.183761730091646,100,100,100,100,100,1,56234,50
0.041,100,100,100,100.038250048903,99.0382500489028,1,56234,50
5e-04,100,100,100,100.0005,100.0005,1,56234,50
0.778078379109502,100,100,100,100,100,1,56234,50
0.001,100,100,100,100.001,100.001,1,56234,50
0.001,100,100,100,100.001,100.001,1,56234,50
0.0190233651082963,100,100,100,100,100,1,56234,50
0.0015,100,100,100,100.0015,100.0015,1,56234,50
0.025,100,100,100,100.025,99.025,1,56234,50
0.917689627734944,100,100,100,100,100,1,56234,50
0.359798658406362,100,100,100,100,100,1,56234,50
0.534995613852516,100,100,100,100,100,1,56234,50
0.330782562494278,100,100,100,100,100,1,56234,50
0.370730424532667,100,100,100,100,100,1,56234,50
0.01,100,100,100,100.01,100.01,1,56234,50
0.975537059828639,100,100,100,100,100,1,56234,50
0.001,100,100,100,100.001,100.001,1,56234,50
0.0165,100,100,100,100.0165,100.0165,1,56234,50
0.849614485632628,100,100,100,100,100,1,56234,50
0.005,100,100,100,100.005,100.005,1,56234,50
0.476650370284915,100,100,100,100,100,1,56234,50
0.6971325436607,100,100,100,100,100,1,56234,50
0.001,100,100,100,100.001,100.001,1,56234,50
5e-04,100,100,100,100.0005,100.0005,1,56234,50
0.282115025212988,100,100,100,100,100,1,56234,50
0.805599515791982,100,100,100,100,100,1,56234,50
0.167250804370269,100,100,100,100,100,1,56234,50
0.02,100,100,100,100.02,100.02,1,56234,50
0.455355221405625,100,100,100,100,100,1,56234,50
0.112450156360865,100,100,100,100,100,1,56234,50
0.0175,100,100,100,100.0175,100.0175,1,56234,50
0.003,100,100,100,100.003,100.003,1,56234,50
0.403419903246686,100,100,100,100,100,1,56234,50
0.466309981653467,100,100,100,100,100,1,56234,50
0.86482930672355,100,100,100,100,100,1,56234,50
5e-04,100,100,100,100.0005,100.0005,1,56234,50
5e-04,100,100,100,100.0005,100.0005,1,56234,50
0.803952395217493,100,100,100,100,100,1,56234,50
5e-04,100,100,100,100.0005,100.0005,1,56234,50
