"p","truediv","chaoest","obsD","upper","lower","l","inds","reps"
0.002,100,100,100,100.002,100.002,1,56234,50
0.326400313060731,100,100,100,100,100,1,56234,50
0.0889476852025837,100,100,100,100,100,1,56234,50
0.978643547045067,100,100,100,100,100,1,56234,50
0.336924419738352,100,100,100,100,100,1,56234,50
0.242219336796552,100,100,100,100,100,1,56234,50
0.001,100,100,100,100.001,100.001,1,56234,50
0.366601321147755,100,100,100,100,100,1,56234,50
0.0015,100,100,100,100.0015,100.0015,1,56234,50
0.184584244620055,100,100,100,100,100,1,56234,50
5e-04,100,100,100,100.0005,100.0005,1,56234,50
0.854202467482537,100,100,100,100,100,1,56234,50
0.318896267330274,100,100,100,100,100,1,56234,50
0.134463610127568,100,100,100,100,100,1,56234,50
0.57672827760689,100,100,100,100,100,1,56234,50
0.0075,100,100,100,100.0075,100.0075,1,56234,50
0.0055,100,100,100,100.0055,100.0055,1,56234,50
0.002,100,100,100,100.002,100.002,1,56234,50
0.009,100,100,100,100.009,100.009,1,56234,50
0.565177530283108,100,100,100,100,100,1,56234,50
0.374440032988787,100,100,100,100,100,1,56234,50
0.237832596991211,100,100,100,100,100,1,56234,50
0.922594105591998,100,100,100,100,100,1,56234,50
0.954454574268311,100,100,100,100,100,1,56234,50
0.578066437039524,100,100,100,100,100,1,56234,50
5e-04,100,100,100,100.0005,100.0005,1,56234,50
0.606143575161695,100,100,100,100,100,1,56234,50
0.855908363126218,100,100,100,100,100,1,56234,50
0.0025,100,100,100,100.0025,100.0025,1,56234,50
0.0065,100,100,100,100.006000008891,100.006000008891,1,56234,50
0.0025,100,100,100,100.0025,100.0025,1,56234,50
5e-04,100,100,100,100.0005,100.0005,1,56234,50
0.0035,100,100,100,100.0035,100.0035,1,56234,50
0.269927795277908,100,100,100,100,100,1,56234,50
0.406997970538214,100,100,100,100,100,1,56234,50
0.436291906051338,100,100,100,100,100,1,56234,50
0.0185,100,100,100,100.0185,100.0185,1,56234,50
0.670741111505777,100,100,100,100,100,1,56234,50
0.017,100,100,100,100.017,100.017,1,56234,50
0.0025,100,100,100,100.0025,100.0025,1,56234,50
0.141887859208509,100,100,100,100,100,1,56234,50
0.44093474606052,100,100,100,100,100,1,56234,50
0.274134733714163,100,100,100,100,100,1,56234,50
0.001,100,100,100,100.001,100.001,1,56234,50
0.0035,100,100,100,100.0035,100.0035,1,56234,50
5e-04,100,100,100,100.0005,100.0005,1,56234,50
5e-04,100,100,100,100.0005,100.0005,1,56234,50
0.304186401888728,100,100,100,100,100,1,56234,50
0.048,100,100,100,100.048,99.048,1,56234,50
5e-04,100,100,100,100.0005,100.0005,1,56234,50
