"p","truediv","chaoest","obsD","upper","lower","l","inds","reps"
0.858745961682871,100,100,100,100,100,1,56234,50
0.0015,100,100,100,100.0015,100.0015,1,56234,50
5e-04,100,100,100,100.0005,100.0005,1,56234,50
0.894875328987837,100,100,100,100,100,1,56234,50
0.641895649954677,100,100,100,100,100,1,56234,50
0.02,100,100,100,100.019750004446,100.019750004446,1,56234,50
0.40767419221811,100,100,100,100,100,1,56234,50
0.278276023454964,100,100,100,100,100,1,56234,50
0.348761278903112,100,100,100,100,100,1,56234,50
0.805201305309311,100,100,100,100,100,1,56234,50
0.231657863361761,100,100,100,100,100,1,56234,50
0.836525733117014,100,100,100,100,100,1,56234,50
0.009,100,100,100,100.009,100.009,1,56234,50
5e-04,100,100,100,100.0005,100.0005,1,56234,50
0.431120190070942,100,100,100,100,100,1,56234,50
0.874325630720705,100,100,100,100,100,1,56234,50
0.870187216904014,100,100,100,100,100,1,56234,50
0.209025697084144,100,100,100,100,100,1,56234,50
0.049,100,100,100,100.049,99.049,1,56234,50
0.0149715449661016,100,100,100,100,100,1,56234,50
0.969824135769159,100,100,100,100,100,1,56234,50
5e-04,100,100,100,100.0005,100.0005,1,56234,50
5e-04,100,100,100,100.0005,100.0005,1,56234,50
0.154759012162685,100,100,100,100,100,1,56234,50
0.187662708107382,100,100,100,100,100,1,56234,50
0.0343000488355756,100,100,100,100,100,1,56234,50
0.002,100,100,100,100.002,100.002,1,56234,50
0.018,100,100,100,100.018,100.018,1,56234,50
0.70118551584892,100,100,100,100,100,1,56234,50
0.143276237417012,100,100,100,100,100,1,56234,50
0.002,100,100,100,100.002,100.002,1,56234,50
0.170550470240414,100,100,100,100,100,1,56234,50
0.0075,100,100,100,100.0075,100.0075,1,56234,50
5e-04,100,100,100,100.0005,100.0005,1,56234,50
0.489782220683992,100,100,100,100,100,1,56234,50
0.822370030451566,100,100,100,100,100,1,56234,50
0.0175,100,100,100,100.0175,100.0175,1,56234,50
0.842219768557698,100,100,100,100,100,1,56234,50
0.535432379227132,100,100,100,100,100,1,56234,50
0.540238211164251,100,100,100,100,100,1,56234,50
0.0065,100,100,100,100.0065,100.0065,1,56234,50
0.001,100,100,100,100.001,100.001,1,56234,50
0.72540030349046,100,100,100,100,100,1,56234,50
0.002,100,100,100,100.002,100.002,1,56234,50
0.002,100,100,100,100.002,100.002,1,56234,50
0.001,100,100,100,100.000750004446,100.000750004446,1,56234,50
0.501447748858482,100,100,100,100,100,1,56234,50
0.236470589414239,100,100,100,100,100,1,56234,50
0.490781981963664,100,100,100,100,100,1,56234,50
0.826245674630627,100,100,100,100,100,1,56234,50
