"p","truediv","chaoest","obsD","upper","lower","l","inds","reps"
0.659245457965881,100,100,100,100,100,1,56234,50
0.696667433017865,100,100,100,100,100,1,56234,50
0.001,100,100,100,100.001,100.001,1,56234,50
0.0015,100,100,100,100.0015,100.0015,1,56234,50
0.00374555005691946,100,100,100,100,100,1,56234,50
0.001,100,100,100,100.001,100.001,1,56234,50
0.10441885702312,100,100,100,100,100,1,56234,50
0.312205743277445,100,100,100,100,100,1,56234,50
0.425224822480232,100,100,100,100,100,1,56234,50
0.003,100,100,100,100.003,100.003,1,56234,50
0.424409245839342,100,100,100,100,100,1,56234,50
0.003,100,100,100,100.003,100.003,1,56234,50
0.001,100,100,100,100.001,100.001,1,56234,50
0.930533070117235,100,100,100,100,100,1,56234,50
0.0055,100,100,100,100.0055,100.0055,1,56234,50
0.01,100,100,100,100.01,100.01,1,56234,50
0.789945931639522,100,100,100,100,100,1,56234,50
0.614656983874738,100,100,100,100,100,1,56234,50
5e-04,100,100,100,100.0005,100.0005,1,56234,50
0.507376353954896,100,100,100,100,100,1,56234,50
0.0195,100,100,100,100.0195,100.0195,1,56234,50
5e-04,100,100,100,100.0005,100.0005,1,56234,50
0.0353587178979069,100,100,100,100,100,1,56234,50
5e-04,100,100,100,100.0005,100.0005,1,56234,50
5e-04,100,100,100,100.0005,100.0005,1,56234,50
5e-04,100,100,100,100.0005,100.0005,1,56234,50
0.001,100,100,100,100.001,100.001,1,56234,50
0.001,100,100,100,100.001,100.001,1,56234,50
0.006,100,100,100,100.006,100.006,1,56234,50
0.457017281092703,100,100,100,100,100,1,56234,50
0.003,100,100,100,100.003,100.003,1,56234,50
0.002,100,100,100,100.002,100.002,1,56234,50
0.048,100,100,100,100.048,99.048,1,56234,50
0.0956460451707244,100,100,100,100,100,1,56234,50
0.017,100,100,100,100.017,100.017,1,56234,50
0.0545,100,100,100,100.0545,99.0545,1,56234,50
0.490872341440991,100,100,100,100,100,1,56234,50
0.867506763897836,100,100,100,100,100,1,56234,50
0.290273493621498,100,100,100,100,100,1,56234,50
0.133202628931031,100,100,100,100,100,1,56234,50
0.005,100,100,100,100.005,100.005,1,56234,50
0.0065,100,100,100,100.0065,100.0065,1,56234,50
0.533998713595793,100,100,100,100,100,1,56234,50
0.002,100,100,100,100.002,100.002,1,56234,50
0.406898609129712,100,100,100,100,100,1,56234,50
0.001,100,100,100,100.001,100.001,1,56234,50
5e-04,100,100,100,100.0005,100.0005,1,56234,50
0.0255,100,100,100,100.0255,99.0255,1,56234,50
0.544923610286787,100,100,100,100,100,1,56234,50
0.0025,100,100,100,100.0025,100.0025,1,56234,50
