"p","truediv","chaoest","obsD","upper","lower","l","inds","reps"
0.843702422222123,100,100,100,100,100,1,56234,50
0.976349468110129,100,100,100,100,100,1,56234,50
0.001,100,100,100,100.001,100.001,1,56234,50
0.961492064874619,100,100,100,100,100,1,56234,50
0.0065,100,100,100,100.0065,100.0065,1,56234,50
5e-04,100,100,100,100.0005,100.0005,1,56234,50
0.452163616428152,100,100,100,100,100,1,56234,50
0.0065,100,100,100,100.0065,100.0065,1,56234,50
0.001,100,100,100,100.001,100.001,1,56234,50
4.86306380480528e-05,100,100,100,100,100,1,56234,50
0.297292843461037,100,100,100,100,100,1,56234,50
0.001,100,100,100,100.001,100.001,1,56234,50
0.56836444302462,100,100,100,100,100,1,56234,50
0.355854687746614,100,100,100,100,100,1,56234,50
0.265056648990139,100,100,100,100,100,1,56234,50
0.459742701146752,100,100,100,100,100,1,56234,50
0.002,100,100,100,100.002,100.002,1,56234,50
0.0025,100,100,100,100.0025,100.0025,1,56234,50
0.910486248554662,100,100,100,100,100,1,56234,50
5e-04,100,100,100,100.0005,100.0005,1,56234,50
5e-04,100,100,100,100.0005,100.0005,1,56234,50
0.0055,100,100,100,100.0055,100.0055,1,56234,50
0.131084173452109,100,100,100,100,100,1,56234,50
0.006,100,100,100,100.005750004446,100.005750004446,1,56234,50
0.736748038325459,100,100,100,100,100,1,56234,50
0.129032840020955,100,100,100,100,100,1,56234,50
0.0055,100,100,100,100.0055,100.0055,1,56234,50
0.559725128579885,100,100,100,100,100,1,56234,50
0.103088803589344,100,100,100,100,100,1,56234,50
0.0225,100,100,100,100.0225,100.0225,1,56234,50
0.009,100,100,100,100.009,100.009,1,56234,50
0.728532639564946,100,100,100,100,100,1,56234,50
5e-04,100,100,100,100.0005,100.0005,1,56234,50
0.807789464248344,100,100,100,100,100,1,56234,50
0.056,100,100,100,100.056,99.056,1,56234,50
0.0015,100,100,100,100.0015,100.0015,1,56234,50
0.001,100,100,100,100.001,100.001,1,56234,50
0.0025,100,100,100,100.0025,100.0025,1,56234,50
0.002,100,100,100,100.002,100.002,1,56234,50
0.015,100,100,100,100.015,100.015,1,56234,50
0.003,100,100,100,100.003,100.003,1,56234,50
0.016,100,100,100,100.016,100.016,1,56234,50
0.0233475838322192,100,100,100,100,100,1,56234,50
0.0045,100,100,100,100.0045,100.0045,1,56234,50
0.66454756562598,100,100,100,100,100,1,56234,50
0.0065,100,100,100,100.0065,100.0065,1,56234,50
0.887513772584498,100,100,100,100,100,1,56234,50
0.947383567225188,100,100,100,100,100,1,56234,50
0.797513705212623,100,100,100,100,100,1,56234,50
0.232998598134145,100,100,100,100,100,1,56234,50
