"p","truediv","chaoest","obsD","upper","lower","l","inds","reps"
0.001,100,100,100,100.001,100.001,1,56234,50
0.955092635937035,100,100,100,100,100,1,56234,50
5e-04,100,100,100,100.0005,100.0005,1,56234,50
0.0025,100,100,100,100.0025,100.0025,1,56234,50
0.292541587725282,100,100,100,100,100,1,56234,50
0.0235,100,100,100,100.0235,100.0235,1,56234,50
0.001,100,100,100,100.001,100.001,1,56234,50
0.0015,100,100,100,100.0015,100.0015,1,56234,50
0.0215,100,100,100,100.0215,100.0215,1,56234,50
0.002,100,100,100,100.002,100.002,1,56234,50
0.375571043929085,100,100,100,100,100,1,56234,50
0.89413273986429,100,100,100,100,100,1,56234,50
0.765585329616442,100,100,100,100,100,1,56234,50
0.002,100,100,100,100.002,100.002,1,56234,50
0.0065,100,100,100,100.0065,100.0065,1,56234,50
0.006,100,100,100,100.006,100.006,1,56234,50
0.472667030524462,100,100,100,100,100,1,56234,50
0.119872903451324,100,100,100,100,100,1,56234,50
0.939390005776659,100,100,100,100,100,1,56234,50
0.731269931653515,100,100,100,100,100,1,56234,50
0.284664871403947,100,100,100,100,100,1,56234,50
0.965770132374018,100,100,100,100,100,1,56234,50
0.404373549856246,100,100,100,100,100,1,56234,50
0.041,100,100,100,100.041,99.041,1,56234,50
0.0914594996720552,100,100,100,100,100,1,56234,50
0.001,100,100,100,100.001,100.001,1,56234,50
0.002,100,100,100,100.002,100.002,1,56234,50
5e-04,100,100,100,100.0005,100.0005,1,56234,50
0.494002799270675,100,100,100,100,100,1,56234,50
5e-04,100,100,100,100.0005,100.0005,1,56234,50
0.0035,100,100,100,100.003250004446,100.003250004446,1,56234,50
0.054,100,100,100,100.054,99.054,1,56234,50
0.148613805416971,100,100,100,100,100,1,56234,50
0.544114801567048,100,100,100,100,100,1,56234,50
0.001,100,100,100,100.001,100.001,1,56234,50
0.510563432937488,100,100,100,100,100,1,56234,50
0.0225,100,100,100,100.0225,100.0225,1,56234,50
0.198262060061097,100,100,100,100,100,1,56234,50
0.68921020347625,100,100,100,100,100,1,56234,50
0.001,100,100,100,100.001,100.001,1,56234,50
0.62826642091386,100,100,100,100,100,1,56234,50
0.418320898432285,100,100,100,100,100,1,56234,50
5e-04,100,100,100,100.0005,100.0005,1,56234,50
0.004,100,100,100,100.004,100.004,1,56234,50
0.0015,100,100,100,100.0015,100.0015,1,56234,50
0.332626526011154,100,100,100,100,100,1,56234,50
0.768335954751819,100,100,100,100,100,1,56234,50
0.0015,100,100,100,100.0015,100.0015,1,56234,50
0.002,100,100,100,100.002,100.002,1,56234,50
0.846708136843517,100,100,100,100,100,1,56234,50
