"p","truediv","chaoest","obsD","upper","lower","l","inds","reps"
0.856736711924896,100,100,100,100,100,1,56234,50
0.002,100,100,100,100.002,100.002,1,56234,50
0.0505,100,100,100,100.050250004446,99.0502500044457,1,56234,50
0.014,100,100,100,100.013500008891,100.013500008891,1,56234,50
0.0035,100,100,100,100.0035,100.0035,1,56234,50
0.015,100,100,100,100.015,100.015,1,56234,50
0.853994457982481,100,100,100,100,100,1,56234,50
0.476460338337347,100,100,100,100,100,1,56234,50
0.56516747479327,100,100,100,100,100,1,56234,50
0.974085224093869,100,100,100,100,100,1,56234,50
0.002,100,100,100,100.002,100.002,1,56234,50
0.001,100,100,100,100.001,100.001,1,56234,50
0.694212016416714,100,100,100,100,100,1,56234,50
5e-04,100,100,100,100.0005,100.0005,1,56234,50
0.976075298851356,100,100,100,100,100,1,56234,50
0.41945826029405,100,100,100,100,100,1,56234,50
0.0085,100,100,100,100.0085,100.0085,1,56234,50
0.006,100,100,100,100.006,100.006,1,56234,50
0.541941876523197,100,100,100,100,100,1,56234,50
0.568609895184636,100,100,100,100,100,1,56234,50
0.600260647013783,100,100,100,100,100,1,56234,50
0.001,100,100,100,100.001,100.001,1,56234,50
0.883969664108008,100,100,100,100,100,1,56234,50
5e-04,100,100,100,100.0005,100.0005,1,56234,50
0.0859733005054295,100,100,100,100,100,1,56234,50
0.0035,100,100,100,100.0035,100.0035,1,56234,50
5e-04,100,100,100,100.0005,100.0005,1,56234,50
0.52544670086354,100,100,100,100,100,1,56234,50
0.001,100,100,100,100.001,100.001,1,56234,50
5e-04,100,100,100,100.0005,100.0005,1,56234,50
5e-04,100,100,100,100.0005,100.0005,1,56234,50
0.960983702680096,100,100,100,100,100,1,56234,50
0.52411497477442,100,100,100,100,100,1,56234,50
0.159963768208399,100,100,100,100,100,1,56234,50
0.007,100,100,100,100.007,100.007,1,56234,50
0.003,100,100,100,100.003,100.003,1,56234,50
0.0025,100,100,100,100.0025,100.0025,1,56234,50
0.43039415567182,100,100,100,100,100,1,56234,50
0.512279162649065,100,100,100,100,100,1,56234,50
0.0055,100,100,100,100.0055,100.0055,1,56234,50
0.358155105262995,100,100,100,100,100,1,56234,50
0.576483759563416,100,100,100,100,100,1,56234,50
0.0165,100,100,100,100.0165,100.0165,1,56234,50
0.0999250479508191,100,100,100,100,100,1,56234,50
0.0564447855576873,100,100,100,100,100,1,56234,50
0.002,100,100,100,100.002,100.002,1,56234,50
0.431510955793783,100,100,100,100,100,1,56234,50
0.783767809625715,100,100,100,100,100,1,56234,50
0.001,100,100,100,100.001,100.001,1,56234,50
0.234747796319425,100,100,100,100,100,1,56234,50
