"p","truediv","chaoest","obsD","upper","lower","l","inds","reps"
0.436045636422932,100,100,100,100,100,1,56234,50
0.0035,100,100,100,100.0035,100.0035,1,56234,50
0.001,100,100,100,100.001,100.001,1,56234,50
0.0035,100,100,100,100.0035,100.0035,1,56234,50
5e-04,100,100,100,100.0005,100.0005,1,56234,50
0.56560490350239,100,100,100,100,100,1,56234,50
0.159780811518431,100,100,100,100,100,1,56234,50
0.001,100,100,100,100.001,100.001,1,56234,50
0.016,100,100,100,100.016,100.016,1,56234,50
0.92194319027476,100,100,100,100,100,1,56234,50
0.002,100,100,100,100.002,100.002,1,56234,50
0.0615,100,100,100,100.545991384216,99.046000275634,1,56234,50
0.744820813182741,100,100,100,100,100,1,56234,50
0.001,100,100,100,100.001,100.001,1,56234,50
0.002,100,100,100,100.002,100.002,1,56234,50
0.187255788827315,100,100,100,100,100,1,56234,50
0.13457474601455,100,100,100,100,100,1,56234,50
5e-04,100,100,100,100.0005,100.0005,1,56234,50
0.001,100,100,100,100.001,100.001,1,56234,50
0.1295,100,100,100,100.1295,99.1295,1,56234,50
0.196965874405578,100,100,100,100,100,1,56234,50
0.490663094446063,100,100,100,100,100,1,56234,50
5e-04,100,100,100,100.0005,100.0005,1,56234,50
0.0015,100,100,100,100.0015,100.0015,1,56234,50
0.0025,100,100,100,100.0025,100.0025,1,56234,50
0.155984434532002,100,100,100,100,100,1,56234,50
0.501509685302153,100,100,100,100,100,1,56234,50
0.866886881180108,100,100,100,100,100,1,56234,50
0.531153241172433,100,100,100,100,100,1,56234,50
0.0025,100,100,100,100.0025,100.0025,1,56234,50
0.165105781517923,100,100,100,100,100,1,56234,50
5e-04,100,100,100,100.0005,100.0005,1,56234,50
0.017,100,100,100,100.017,100.017,1,56234,50
0.0872715972363949,100,100,100,100,100,1,56234,50
0.002,100,100,100,100.002,100.002,1,56234,50
0.0903031600173563,100,100,100,100,100,1,56234,50
0.015,100,100,100,100.015,100.015,1,56234,50
0.737682602833956,100,100,100,100,100,1,56234,50
0.947554546408355,100,100,100,100,100,1,56234,50
0.571224285289645,100,100,100,100,100,1,56234,50
0.266616449225694,100,100,100,100,100,1,56234,50
0.0025,100,100,100,100.0025,100.0025,1,56234,50
0.002,100,100,100,100.002,100.002,1,56234,50
0.0105,100,100,100,100.010250004446,100.010250004446,1,56234,50
0.277523540658876,100,100,100,100,100,1,56234,50
0.410289520630613,100,100,100,100,100,1,56234,50
0.169855730608106,100,100,100,100,100,1,56234,50
0.002,100,100,100,100.002,100.002,1,56234,50
0.0900800602976233,100,100,100,100,100,1,56234,50
0.005,100,100,100,100.005,100.005,1,56234,50
