"p","truediv","chaoest","obsD","upper","lower","l","inds","reps"
0.0025,100,100,100,100.0025,100.0025,1,56234,50
0.0065,100,100,100,100.0065,100.0065,1,56234,50
0.00613893149420619,100,100,100,100,100,1,56234,50
0.84471456380561,100,100,100,100,100,1,56234,50
0.521242631133646,100,100,100,100,100,1,56234,50
5e-04,100,100,100,100.0005,100.0005,1,56234,50
5e-04,100,100,100,100.0005,100.0005,1,56234,50
0.155901768943295,100,100,100,100,100,1,56234,50
0.139632508158684,100,100,100,100,100,1,56234,50
5e-04,100,100,100,100.0005,100.0005,1,56234,50
0.0799927373882383,100,100,100,100,100,1,56234,50
0.844669819343835,100,100,100,100,100,1,56234,50
0.007,100,100,100,100.007,100.007,1,56234,50
0.007,100,100,100,100.007,100.007,1,56234,50
0.409319209866226,100,100,100,100,100,1,56234,50
0.237292240606621,100,100,100,100,100,1,56234,50
0.045,100,100,100,100.045,99.045,1,56234,50
5e-04,100,100,100,100.0005,100.0005,1,56234,50
0.633777322713286,100,100,100,100,100,1,56234,50
0.001,100,100,100,100.001,100.001,1,56234,50
0.775851248530671,100,100,100,100,100,1,56234,50
0.992347029037774,100,100,100,100,100,1,56234,50
0.423988624941558,100,100,100,100,100,1,56234,50
0.20215552020818,100,100,100,100,100,1,56234,50
0.993659681174904,100,100,100,100,100,1,56234,50
0.0025,100,100,100,100.0025,100.0025,1,56234,50
0.0515,100,100,100,100.0515,99.0515,1,56234,50
0.0015,100,100,100,100.0015,100.0015,1,56234,50
0.749151833122596,100,100,100,100,100,1,56234,50
0.002,100,100,100,100.002,100.002,1,56234,50
0.0871189953759313,100,100,100,100,100,1,56234,50
5e-04,100,100,100,100.0005,100.0005,1,56234,50
0.0015,100,100,100,100.0015,100.0015,1,56234,50
5e-04,100,100,100,100.0005,100.0005,1,56234,50
0.589569308329374,100,100,100,100,100,1,56234,50
0.440598601475358,100,100,100,100,100,1,56234,50
0.001,100,100,100,100.001,100.001,1,56234,50
0.0065,100,100,100,100.0065,100.0065,1,56234,50
5e-04,100,100,100,100.0005,100.0005,1,56234,50
0.002,100,100,100,100.002,100.002,1,56234,50
5e-04,100,100,100,100.0005,100.0005,1,56234,50
0.343370123300701,100,100,100,100,100,1,56234,50
0.510446979198605,100,100,100,100,100,1,56234,50
5e-04,100,100,100,100.0005,100.0005,1,56234,50
0.0605,100,100,100,100.0605,99.0605,1,56234,50
0.630417456384748,100,100,100,100,100,1,56234,50
0.0925940400920808,100,100,100,100,100,1,56234,50
0.026,100,100,100,100.026,99.026,1,56234,50
0.001,100,100,100,100.001,100.001,1,56234,50
0.0025,100,100,100,100.0025,100.0025,1,56234,50
