"p","truediv","chaoest","obsD","upper","lower","l","inds","reps"
0.0035,100,100,100,100.0035,100.0035,1,56234,50
0.450661028269678,100,100,100,100,100,1,56234,50
0.973671869141981,100,100,100,100,100,1,56234,50
0.580388902919367,100,100,100,100,100,1,56234,50
0.782326779095456,100,100,100,100,100,1,56234,50
0.630776444450021,100,100,100,100,100,1,56234,50
0.002,100,100,100,100.002,100.002,1,56234,50
0.006,100,100,100,100.006,100.006,1,56234,50
0.001,100,100,100,100.001,100.001,1,56234,50
0.0065,100,100,100,100.0065,100.0065,1,56234,50
5e-04,100,100,100,100.0005,100.0005,1,56234,50
0.017,100,100,100,100.017,100.017,1,56234,50
0.78189834812656,100,100,100,100,100,1,56234,50
5e-04,100,100,100,100.0005,100.0005,1,56234,50
0.806542680598795,100,100,100,100,100,1,56234,50
0.690613821847364,100,100,100,100,100,1,56234,50
0.0185,100,100,100,100.0185,100.0185,1,56234,50
0.001,100,100,100,100.001,100.001,1,56234,50
5e-04,100,100,100,100.0005,100.0005,1,56234,50
0.46659916290082,100,100,100,100,100,1,56234,50
0.231141908094287,100,100,100,100,100,1,56234,50
0.0025,100,100,100,100.0025,100.0025,1,56234,50
0.997723581502214,100,100,100,100,100,1,56234,50
0.79013601783663,100,100,100,100,100,1,56234,50
0.29206672613509,100,100,100,100,100,1,56234,50
0.997064372291788,100,100,100,100,100,1,56234,50
0.973137923981994,100,100,100,100,100,1,56234,50
0.995249952189624,100,100,100,100,100,1,56234,50
0.0380910723470151,100,100,100,100,100,1,56234,50
0.707368121249601,100,100,100,100,100,1,56234,50
0.001,100,100,100,100.001,100.001,1,56234,50
0.494834263110533,100,100,100,100,100,1,56234,50
0.002,100,100,100,100.002,100.002,1,56234,50
0.005,100,100,100,100.005,100.005,1,56234,50
0.845649911556393,100,100,100,100,100,1,56234,50
0.73587009543553,100,100,100,100,100,1,56234,50
0.0165,100,100,100,100.0165,100.0165,1,56234,50
0.017,100,100,100,100.017,100.017,1,56234,50
0.226697961101308,100,100,100,100,100,1,56234,50
0.0181595049798489,100,100,100,100,100,1,56234,50
0.0045,100,100,100,100.0045,100.0045,1,56234,50
0.001,100,100,100,100.001,100.001,1,56234,50
0.0015,100,100,100,100.0015,100.0015,1,56234,50
0.0015,100,100,100,100.0015,100.0015,1,56234,50
0.316327347420156,100,100,100,100,100,1,56234,50
0.0035,100,100,100,100.0035,100.0035,1,56234,50
0.005,100,100,100,100.005,100.005,1,56234,50
0.014,100,100,100,100.014,100.014,1,56234,50
5e-04,100,100,100,100.0005,100.0005,1,56234,50
0.0025,100,100,100,100.002250004446,100.002250004446,1,56234,50
