"p","truediv","chaoest","obsD","upper","lower","l","inds","reps"
0.484914008062333,100,100,100,100,100,1,17783,50
5e-04,100,100,100,100.0005,100.0005,1,17783,50
0.745738442521542,100,100,100,100,100,1,17783,50
0.273063498549163,100,100,100,100,100,1,17783,50
0.0112793948501348,100,100,100,100,100,1,17783,50
0.0015,100,100,100,100.0015,100.0015,1,17783,50
0.928906482411548,100,100,100,100,100,1,17783,50
0.335225999588147,100,100,100,100,100,1,17783,50
0.442236897768453,100,100,100,100,100,1,17783,50
0.114850473823026,100,100,100,100,100,1,17783,50
0.489306449890137,100,100,100,100,100,1,17783,50
0.527119582518935,100,100,100,100,100,1,17783,50
0.581374236149713,100,100,100,100,100,1,17783,50
0.714705047430471,100,100,100,100,100,1,17783,50
0.315252162516117,100,100,100,100,100,1,17783,50
0.435569786000997,100,100,100,100,100,1,17783,50
0.0035,100,100,100,100.0035,100.0035,1,17783,50
0.0921002710238099,100,100,100,100,100,1,17783,50
0.001,100,100,100,100.001,100.001,1,17783,50
0.702667592093349,100,100,100,100,100,1,17783,50
0.820705889724195,100,100,100,100,100,1,17783,50
0.568966476479545,100,100,100,100,100,1,17783,50
0.945879990933463,100,100,100,100,100,1,17783,50
0.806097881868482,100,100,100,100,100,1,17783,50
5e-04,100,100,100,100.0005,100.0005,1,17783,50
0.276963833021,100,100,100,100,100,1,17783,50
0.774337026523426,100,100,100,100,100,1,17783,50
0.043570802314207,100,100,100,100,100,1,17783,50
0.774133855709806,100,100,100,100,100,1,17783,50
5e-04,100,100,100,100.0005,100.0005,1,17783,50
0.450771085685119,100,100,100,100,100,1,17783,50
0.640328565845266,100,100,100,100,100,1,17783,50
0.0796442502178252,100,100,100,100,100,1,17783,50
0.0221383201424032,100,100,100,100,100,1,17783,50
0.142103467369452,100,100,100,100,100,1,17783,50
0.453701266320422,100,100,100,100,100,1,17783,50
0.606013402575627,100,100,100,100,100,1,17783,50
0.14073252514936,100,100,100,100,100,1,17783,50
5e-04,100,100,100,100.0005,100.0005,1,17783,50
0.318807585164905,100,100,100,100,100,1,17783,50
0.471488874405622,100,100,100,100,100,1,17783,50
0.674682959448546,100,100,100,100,100,1,17783,50
0.102031970396638,100,100,100,100,100,1,17783,50
0.540905977832153,100,100,100,100,100,1,17783,50
0.671422750689089,100,100,100,100,100,1,17783,50
0.169519379036501,100,100,100,100,100,1,17783,50
0.952811906579882,100,100,100,100,100,1,17783,50
0.278057871386409,100,100,100,100,100,1,17783,50
0.16518718493171,100,100,100,100,100,1,17783,50
0.003,100,100,100,100.003,100.003,1,17783,50
