"p","truediv","chaoest","obsD","upper","lower","l","inds","reps"
5e-04,100,100,100,100.0005,100.0005,1,17783,50
0.292990898247808,100,100,100,100,100,1,17783,50
0.138083684490994,100,100,100,100,100,1,17783,50
0.871966525213793,100,100,100,100,100,1,17783,50
0.66781439143233,100,100,100,100,100,1,17783,50
0.0015,100,100,100,100.0015,100.0015,1,17783,50
0.799468773417175,100,100,100,100,100,1,17783,50
0.920732082799077,100,100,100,100,100,1,17783,50
0.45124440593645,100,100,100,100,100,1,17783,50
0.303264177404344,100,100,100,100,100,1,17783,50
0.437409568810835,100,100,100,100,100,1,17783,50
0.349699648562819,100,100,100,100,100,1,17783,50
0.119517714716494,100,100,100,100,100,1,17783,50
0.842307754559442,100,100,100,100,100,1,17783,50
5e-04,100,100,100,100.0005,100.0005,1,17783,50
5e-04,100,100,100,100.0005,100.0005,1,17783,50
0.336965486872941,100,100,100,100,100,1,17783,50
0.391405186848715,100,100,100,100,100,1,17783,50
0.32178874197416,100,100,100,100,100,1,17783,50
0.066719469614327,100,100,100,100,100,1,17783,50
0.320429741637781,100,100,100,100,100,1,17783,50
0.952623916789889,100,100,100,100,100,1,17783,50
0.961424252251163,100,100,100,100,100,1,17783,50
0.696179923834279,100,100,100,100,100,1,17783,50
5e-04,100,100,100,100.0005,100.0005,1,17783,50
0.001,100,100,100,100.001,100.001,1,17783,50
0.827052292181179,100,100,100,100,100,1,17783,50
0.407794599421322,100,100,100,100,100,1,17783,50
0.055539864115417,100,100,100,100,100,1,17783,50
0.818647321080789,100,100,100,100,100,1,17783,50
0.28778254869394,100,100,100,100,100,1,17783,50
0.454324183054268,100,100,100,100,100,1,17783,50
0.324887827970088,100,100,100,100,100,1,17783,50
0.378475275821984,100,100,100,100,100,1,17783,50
0.210489547345787,100,100,100,100,100,1,17783,50
0.867974186781794,100,100,100,100,100,1,17783,50
0.357954342616722,100,100,100,100,100,1,17783,50
0.0337873219978064,100,100,100,100,100,1,17783,50
0.4147436064668,100,100,100,100,100,1,17783,50
0.0682737966999412,100,100,100,100,100,1,17783,50
0.264149070717394,100,100,100,100,100,1,17783,50
0.22909428505227,100,100,100,100,100,1,17783,50
0.758450667839497,100,100,100,100,100,1,17783,50
0.406464512227103,100,100,100,100,100,1,17783,50
0.274528674548492,100,100,100,100,100,1,17783,50
0.185818303609267,100,100,100,100,100,1,17783,50
0.75244450266473,100,100,100,100,100,1,17783,50
0.592723855050281,100,100,100,100,100,1,17783,50
0.940286595840007,100,100,100,100,100,1,17783,50
0.399624515092,100,100,100,100,100,1,17783,50
