"p","truediv","chaoest","obsD","upper","lower","l","inds","reps"
0.0045,100,100,100,100.00400005,100.00400005,1,10000,50
0.001,100,100,100,100.001,100.001,1,10000,50
0.022,100,100,100,100.022,100.022,1,10000,50
0.9995,100,100,100,99.99950005,99.99950005,1,10000,50
0.002,100,100,100,100.002,100.002,1,10000,50
0.964486416662112,100,100,100,100,100,1,10000,50
5e-04,100,100,100,100.0005,100.0005,1,10000,50
5e-04,100,100,100,100.0005,100.0005,1,10000,50
0.32298971619457,100,100,100,100,100,1,10000,50
5e-04,100,100,100,100.0005,100.0005,1,10000,50
0.001,100,100,100,100.001,100.001,1,10000,50
0.001,100,100,100,100.001,100.001,1,10000,50
0.200547939632088,100,100,100,100,100,1,10000,50
0.873586641857401,100,100,100,100,100,1,10000,50
0.006,100,100,100,100.006,100.006,1,10000,50
5e-04,100,100,100,100.0005,100.0005,1,10000,50
0.0525,100,100,100,100.052250025,99.052250025,1,10000,50
0.002,100,100,100,100.0010001,100.0010001,1,10000,50
0.005,100,100,100,100.0040001,100.0040001,1,10000,50
5e-04,100,100,100,100.0005,100.0005,1,10000,50
0.56484287022613,100,100,100,100,100,1,10000,50
0.566328685730696,100,100,100,100,100,1,10000,50
5e-04,100,100,100,100.0005,100.0005,1,10000,50
0.056,100,100,100,100.0540002,99.0540002,1,10000,50
0.007,100,100,100,100.007,100.007,1,10000,50
0.136,100,100,100,100.131250475,99.131250475,1,10000,50
5e-04,100,100,100,100.0005,100.0005,1,10000,50
0.0035,100,100,100,100.0035,100.0035,1,10000,50
0.0365689699538052,100,100,100,100,100,1,10000,50
0.0255,100,100,100,100.017750825,99.017750825,1,10000,50
0.0075,100,100,100,100.007250025,100.007250025,1,10000,50
5e-04,100,100,100,100.0005,100.0005,1,10000,50
0.001,100,100,100,100.001,100.001,1,10000,50
0.006,100,100,100,100.006,100.006,1,10000,50
0.0065,100,100,100,100.0065,100.0065,1,10000,50
0.377187749836594,100,100,100,100,100,1,10000,50
0.449515442131087,100,100,100,100,100,1,10000,50
0.0055,100,100,100,100.0055,100.0055,1,10000,50
0.0095,100,100,100,100.0095,100.0095,1,10000,50
0.01,100,100,100,100.01,100.01,1,10000,50
0.015,100,100,100,100.015,100.015,1,10000,50
5e-04,100,100,100,100.0005,100.0005,1,10000,50
0.003,100,100,100,100.002750025,100.002750025,1,10000,50
0.005,100,100,100,100.005,100.005,1,10000,50
0.0015,100,100,100,100.0015,100.0015,1,10000,50
0.004,100,100,100,100.004,100.004,1,10000,50
0.755559543147683,100,100,100,100,100,1,10000,50
0.0015,100,100,100,100.0015,100.0015,1,10000,50
0.002,100,100,100,100.002,100.002,1,10000,50
0.0439918397460133,100,100,100,100,100,1,10000,50
