"p","truediv","chaoest","obsD","upper","lower","l","inds","reps"
0.53101146267727,100,100,100,100,100,1,17783,50
0.198074677959085,100,100,100,100,100,1,17783,50
0.446911713574082,100,100,100,100,100,1,17783,50
0.445445661433041,100,100,100,100,100,1,17783,50
0.607010832522064,100,100,100,100,100,1,17783,50
0.110348796471953,100,100,100,100,100,1,17783,50
0.694703295361251,100,100,100,100,100,1,17783,50
0.335016745375469,100,100,100,100,100,1,17783,50
0.0825171056203544,100,100,100,100,100,1,17783,50
0.782509870827198,100,100,100,100,100,1,17783,50
0.735131859080866,100,100,100,100,100,1,17783,50
0.185613982379436,100,100,100,100,100,1,17783,50
0.894530500518158,100,100,100,100,100,1,17783,50
0.0776132235769182,100,100,100,100,100,1,17783,50
0.002,100,100,100,100.002,100.002,1,17783,50
0.113473812816665,100,100,100,100,100,1,17783,50
0.837796930689365,100,100,100,100,100,1,17783,50
0.798557664267719,100,100,100,100,100,1,17783,50
0.644554950064048,100,100,100,100,100,1,17783,50
0.959276841022074,100,100,100,100,100,1,17783,50
0.82714157551527,100,100,100,100,100,1,17783,50
0.774788906332105,100,100,100,100,100,1,17783,50
0.502026066184044,100,100,100,100,100,1,17783,50
0.30918731354177,100,100,100,100,100,1,17783,50
0.87223789235577,100,100,100,100,100,1,17783,50
0.229615723481402,100,100,100,100,100,1,17783,50
0.002,100,100,100,100.002,100.002,1,17783,50
0.375834028003737,100,100,100,100,100,1,17783,50
0.621509704273194,100,100,100,100,100,1,17783,50
0.847486077575013,100,100,100,100,100,1,17783,50
0.516809800639749,100,100,100,100,100,1,17783,50
0.995612668804824,100,100,100,100,100,1,17783,50
0.606586212525144,100,100,100,100,100,1,17783,50
0.765759130008519,100,100,100,100,100,1,17783,50
5e-04,100,100,100,100.0005,100.0005,1,17783,50
0.925624620635062,100,100,100,100,100,1,17783,50
0.0385143586900085,100,100,100,100,100,1,17783,50
5e-04,100,100,100,100.0005,100.0005,1,17783,50
0.0777060142718256,100,100,100,100,100,1,17783,50
0.001,100,100,100,100.001,100.001,1,17783,50
0.0115,100,100,100,100.0115,100.0115,1,17783,50
0.826681557577103,100,100,100,100,100,1,17783,50
0.0437170476652682,100,100,100,100,100,1,17783,50
0.194731736788526,100,100,100,100,100,1,17783,50
0.746099950978532,100,100,100,100,100,1,17783,50
0.453061558073387,100,100,100,100,100,1,17783,50
0.668114920845255,100,100,100,100,100,1,17783,50
0.285270106978714,100,100,100,100,100,1,17783,50
0.970274372724816,100,100,100,100,100,1,17783,50
0.839905342552811,100,100,100,100,100,1,17783,50
