"p","truediv","chaoest","obsD","upper","lower","l","inds","reps"
0.973170624580234,100,100,100,100,100,1,17783,50
5e-04,100,100,100,100.0005,100.0005,1,17783,50
0.35932688601315,100,100,100,100,100,1,17783,50
0.802646438591182,100,100,100,100,100,1,17783,50
0.722878655185923,100,100,100,100,100,1,17783,50
0.731889690738171,100,100,100,100,100,1,17783,50
0.539510757895187,100,100,100,100,100,1,17783,50
0.982561270240694,100,100,100,100,100,1,17783,50
0.875198723515496,100,100,100,100,100,1,17783,50
0.174597116652876,100,100,100,100,100,1,17783,50
0.18781112972647,100,100,100,100,100,1,17783,50
0.203124862862751,100,100,100,100,100,1,17783,50
0.737187993945554,100,100,100,100,100,1,17783,50
0.856014628661796,100,100,100,100,100,1,17783,50
0.747250698274001,100,100,100,100,100,1,17783,50
0.456719721434638,100,100,100,100,100,1,17783,50
0.299450374674052,100,100,100,100,100,1,17783,50
0.401856883894652,100,100,100,100,100,1,17783,50
0.546040581539273,100,100,100,100,100,1,17783,50
0.001,100,100,100,100.001,100.001,1,17783,50
0.740852682851255,100,100,100,100,100,1,17783,50
0.294294018996879,100,100,100,100,100,1,17783,50
0.110169089166448,100,100,100,100,100,1,17783,50
0.318405734142289,100,100,100,100,100,1,17783,50
0.935300990473479,100,100,100,100,100,1,17783,50
0.773820773232728,100,100,100,100,100,1,17783,50
0.492447645403445,100,100,100,100,100,1,17783,50
0.776548550929874,100,100,100,100,100,1,17783,50
0.844808603171259,100,100,100,100,100,1,17783,50
0.28236138750799,100,100,100,100,100,1,17783,50
0.764055965235457,100,100,100,100,100,1,17783,50
0.061484067235142,100,100,100,100,100,1,17783,50
0.874694597441703,100,100,100,100,100,1,17783,50
0.514119465136901,100,100,100,100,100,1,17783,50
0.179501528386027,100,100,100,100,100,1,17783,50
0.355043103685603,100,100,100,100,100,1,17783,50
0.0754144138190895,100,100,100,100,100,1,17783,50
0.794244793010876,100,100,100,100,100,1,17783,50
0.597990000853315,100,100,100,100,100,1,17783,50
0.517511701909825,100,100,100,100,100,1,17783,50
0.602130707353354,100,100,100,100,100,1,17783,50
0.0015,100,100,100,100.0015,100.0015,1,17783,50
0.05,100,100,100,100.05,99.05,1,17783,50
0.598710523219779,100,100,100,100,100,1,17783,50
0.876676893327385,100,100,100,100,100,1,17783,50
0.567129517439753,100,100,100,100,100,1,17783,50
0.184258353896439,100,100,100,100,100,1,17783,50
0.649358452996239,100,100,100,100,100,1,17783,50
0.643180360551924,100,100,100,100,100,1,17783,50
0.148031108314171,100,100,100,100,100,1,17783,50
