"p","truediv","chaoest","obsD","upper","lower","l","inds","reps"
0.0015,100,100,100,100.0015,100.0015,1,17783,50
0.036652926588431,100,100,100,100,100,1,17783,50
0.597350818570703,100,100,100,100,100,1,17783,50
0.151642490178347,100,100,100,100,100,1,17783,50
0.427080014254898,100,100,100,100,100,1,17783,50
0.795989584177732,100,100,100,100,100,1,17783,50
0.873775623040274,100,100,100,100,100,1,17783,50
0.392295738682151,100,100,100,100,100,1,17783,50
0.579496488673612,100,100,100,100,100,1,17783,50
0.213994176127017,100,100,100,100,100,1,17783,50
0.006,100,100,100,100.006,100.006,1,17783,50
0.434874280588701,100,100,100,100,100,1,17783,50
0.60029013059102,100,100,100,100,100,1,17783,50
0.992554446216673,100,100,100,100,100,1,17783,50
0.203899068990722,100,100,100,100,100,1,17783,50
0.001,100,100,100,100.001,100.001,1,17783,50
0.056138759246096,100,100,100,100,100,1,17783,50
0.795547739835456,100,100,100,100,100,1,17783,50
0.847855698782951,100,100,100,100,100,1,17783,50
0.0967151529621333,100,100,100,100,100,1,17783,50
0.440125633962452,100,100,100,100,100,1,17783,50
0.270595298614353,100,100,100,100,100,1,17783,50
0.974884429713711,100,100,100,100,100,1,17783,50
0.128907991573215,100,100,100,100,100,1,17783,50
0.971953681204468,100,100,100,100,100,1,17783,50
0.100953127723187,100,100,100,100,100,1,17783,50
0.501904527656734,100,100,100,100,100,1,17783,50
0.689881969476119,100,100,100,100,100,1,17783,50
0.001,100,100,100,100.001,100.001,1,17783,50
0.423301736358553,100,100,100,100,100,1,17783,50
0.0397276694420725,100,100,100,100,100,1,17783,50
0.002,100,100,100,100.002,100.002,1,17783,50
0.931447354611009,100,100,100,100,100,1,17783,50
0.564182751812041,100,100,100,100,100,1,17783,50
0.413522098679096,100,100,100,100,100,1,17783,50
0.852770727360621,100,100,100,100,100,1,17783,50
0.565838808193803,100,100,100,100,100,1,17783,50
0.0226373265031725,100,100,100,100,100,1,17783,50
0.55575044080615,100,100,100,100,100,1,17783,50
0.327685310505331,100,100,100,100,100,1,17783,50
0.16142650344409,100,100,100,100,100,1,17783,50
0.587172276340425,100,100,100,100,100,1,17783,50
0.960661174263805,100,100,100,100,100,1,17783,50
0.747171474155039,100,100,100,100,100,1,17783,50
0.52748969825916,100,100,100,100,100,1,17783,50
0.236308369785547,100,100,100,100,100,1,17783,50
0.901017774362117,100,100,100,100,100,1,17783,50
0.138486401410773,100,100,100,100,100,1,17783,50
0.464590466115624,100,100,100,100,100,1,17783,50
0.954332761000842,100,100,100,100,100,1,17783,50
