"p","truediv","chaoest","obsD","upper","lower","l","inds","reps"
0.790923048974946,100,100,100,100,100,1,17783,50
0.139996349113062,100,100,100,100,100,1,17783,50
0.679753924719989,100,100,100,100,100,1,17783,50
0.901632526656613,100,100,100,100,100,1,17783,50
0.163146062754095,100,100,100,100,100,1,17783,50
0.395789208589122,100,100,100,100,100,1,17783,50
0.713542905636132,100,100,100,100,100,1,17783,50
0.519039511214942,100,100,100,100,100,1,17783,50
0.001,100,100,100,100.001,100.001,1,17783,50
0.16829226212576,100,100,100,100,100,1,17783,50
0.605113761033863,100,100,100,100,100,1,17783,50
0.29315909743309,100,100,100,100,100,1,17783,50
0.814775355625898,100,100,100,100,100,1,17783,50
0.603027367498726,100,100,100,100,100,1,17783,50
0.880931251915172,100,100,100,100,100,1,17783,50
0.905347659718245,100,100,100,100,100,1,17783,50
0.247730887960643,100,100,100,100,100,1,17783,50
0.73598802741617,100,100,100,100,100,1,17783,50
5e-04,100,100,100,100.0005,100.0005,1,17783,50
5e-04,100,100,100,100.0005,100.0005,1,17783,50
0.971162753179669,100,100,100,100,100,1,17783,50
0.00076185679063201,100,100,100,100,100,1,17783,50
0.169338945066556,100,100,100,100,100,1,17783,50
5e-04,100,100,100,100.0005,100.0005,1,17783,50
0.558521777857095,100,100,100,100,100,1,17783,50
0.112991143018007,100,100,100,100,100,1,17783,50
0.503583430079743,100,100,100,100,100,1,17783,50
0.23055558046326,100,100,100,100,100,1,17783,50
0.85869161807932,100,100,100,100,100,1,17783,50
0.930714664049447,100,100,100,100,100,1,17783,50
0.883580156369135,100,100,100,100,100,1,17783,50
0.573530885623768,100,100,100,100,100,1,17783,50
0.458753265207633,100,100,100,100,100,1,17783,50
0.415527764474973,100,100,100,100,100,1,17783,50
0.884528985247016,100,100,100,100,100,1,17783,50
0.433462948538363,100,100,100,100,100,1,17783,50
0.776874624891207,100,100,100,100,100,1,17783,50
0.001,100,100,100,100.001,100.001,1,17783,50
0.258069611154497,100,100,100,100,100,1,17783,50
0.691445199772716,100,100,100,100,100,1,17783,50
0.53120035212487,100,100,100,100,100,1,17783,50
0.766463593346998,100,100,100,100,100,1,17783,50
0.631396010285243,100,100,100,100,100,1,17783,50
0.240758528234437,100,100,100,100,100,1,17783,50
0.982009334256873,100,100,100,100,100,1,17783,50
0.450110289966688,100,100,100,100,100,1,17783,50
0.37788936891593,100,100,100,100,100,1,17783,50
0.671610722783953,100,100,100,100,100,1,17783,50
0.0475455287378281,100,100,100,100,100,1,17783,50
0.460400560637936,100,100,100,100,100,1,17783,50
