"p","truediv","chaoest","obsD","upper","lower","l","inds","reps"
0.46832081489265,100,100,100,100,100,1,17783,50
0.436143940314651,100,100,100,100,100,1,17783,50
0.131713725626469,100,100,100,100,100,1,17783,50
0.921483484795317,100,100,100,100,100,1,17783,50
0.263786882162094,100,100,100,100,100,1,17783,50
0.161591035546735,100,100,100,100,100,1,17783,50
0.113728117663413,100,100,100,100,100,1,17783,50
0.126479297410697,100,100,100,100,100,1,17783,50
0.001,100,100,100,100.001,100.001,1,17783,50
0.568247410235927,100,100,100,100,100,1,17783,50
0.001,100,100,100,100.001,100.001,1,17783,50
0.764294383348897,100,100,100,100,100,1,17783,50
0.0488032498396933,100,100,100,100,100,1,17783,50
0.865208053030074,100,100,100,100,100,1,17783,50
0.444153567543253,100,100,100,100,100,1,17783,50
0.0015,100,100,100,100.0015,100.0015,1,17783,50
0.394775865832344,100,100,100,100,100,1,17783,50
0.676744251744822,100,100,100,100,100,1,17783,50
5e-04,100,100,100,100.0005,100.0005,1,17783,50
0.408179754391313,100,100,100,100,100,1,17783,50
0.497519213007763,100,100,100,100,100,1,17783,50
0.170605161227286,100,100,100,100,100,1,17783,50
0.554921711329371,100,100,100,100,100,1,17783,50
0.576591223245487,100,100,100,100,100,1,17783,50
0.871063721831888,100,100,100,100,100,1,17783,50
0.635305025381967,100,100,100,100,100,1,17783,50
0.58718623034656,100,100,100,100,100,1,17783,50
0.277855112450197,100,100,100,100,100,1,17783,50
0.683363995747641,100,100,100,100,100,1,17783,50
5e-04,100,100,100,100.0005,100.0005,1,17783,50
0.0208710574079305,100,100,100,100,100,1,17783,50
0.88388873776421,100,100,100,100,100,1,17783,50
0.823457192163914,100,100,100,100,100,1,17783,50
0.324332413962111,100,100,100,100,100,1,17783,50
0.12764808582142,100,100,100,100,100,1,17783,50
0.49556532362476,100,100,100,100,100,1,17783,50
0.711369558470324,100,100,100,100,100,1,17783,50
0.0850492883473635,100,100,100,100,100,1,17783,50
0.17364202812314,100,100,100,100,100,1,17783,50
0.346979619236663,100,100,100,100,100,1,17783,50
0.0238123759627342,100,100,100,100,100,1,17783,50
0.367518524639308,100,100,100,100,100,1,17783,50
0.337351027177647,100,100,100,100,100,1,17783,50
0.686060310341418,100,100,100,100,100,1,17783,50
0.711052553029731,100,100,100,100,100,1,17783,50
0.004,100,100,100,100.004,100.004,1,17783,50
0.484915111679584,100,100,100,100,100,1,17783,50
0.853779496625066,100,100,100,100,100,1,17783,50
0.679489622591063,100,100,100,100,100,1,17783,50
0.51439200527966,100,100,100,100,100,1,17783,50
