"p","truediv","chaoest","obsD","upper","lower","l","inds","reps"
0.257491338299587,100,100,100,100,100,1,17783,50
0.787816782714799,100,100,100,100,100,1,17783,50
5e-04,100,100,100,100.0005,100.0005,1,17783,50
0.400715810013935,100,100,100,100,100,1,17783,50
0.153692940948531,100,100,100,100,100,1,17783,50
0.704928928753361,100,100,100,100,100,1,17783,50
0.214313993463293,100,100,100,100,100,1,17783,50
0.0085,100,100,100,100.0085,100.0085,1,17783,50
0.941531069111079,100,100,100,100,100,1,17783,50
0.725033786380664,100,100,100,100,100,1,17783,50
0.332414374221116,100,100,100,100,100,1,17783,50
0.697345583699644,100,100,100,100,100,1,17783,50
0.249353061430156,100,100,100,100,100,1,17783,50
0.257132327184081,100,100,100,100,100,1,17783,50
0.851953671313822,100,100,100,100,100,1,17783,50
0.302811332978308,100,100,100,100,100,1,17783,50
5e-04,100,100,100,100.0005,100.0005,1,17783,50
0.001,100,100,100,100.001,100.001,1,17783,50
0.414159729611129,100,100,100,100,100,1,17783,50
0.506418796256185,100,100,100,100,100,1,17783,50
0.216187863610685,100,100,100,100,100,1,17783,50
0.001,100,100,100,100.001,100.001,1,17783,50
0.233908453024924,100,100,100,100,100,1,17783,50
0.73453672719188,100,100,100,100,100,1,17783,50
0.001,100,100,100,100.001,100.001,1,17783,50
0.597651126561686,100,100,100,100,100,1,17783,50
0.475385099649429,100,100,100,100,100,1,17783,50
0.469959184294567,100,100,100,100,100,1,17783,50
0.641298728762195,100,100,100,100,100,1,17783,50
0.1485161841847,100,100,100,100,100,1,17783,50
0.133295329287648,100,100,100,100,100,1,17783,50
0.838729577837512,100,100,100,100,100,1,17783,50
0.831385254627094,100,100,100,100,100,1,17783,50
0.114554424770176,100,100,100,100,100,1,17783,50
0.444812981877476,100,100,100,100,100,1,17783,50
0.304528502048925,100,100,100,100,100,1,17783,50
0.206485556205735,100,100,100,100,100,1,17783,50
0.287194192176685,100,100,100,100,100,1,17783,50
0.762992647942156,100,100,100,100,100,1,17783,50
0.392630984541029,100,100,100,100,100,1,17783,50
0.468671695329249,100,100,100,100,100,1,17783,50
0.674737003166229,100,100,100,100,100,1,17783,50
0.469511866103858,100,100,100,100,100,1,17783,50
0.0401749517768621,100,100,100,100,100,1,17783,50
0.975162849994376,100,100,100,100,100,1,17783,50
0.215502564795315,100,100,100,100,100,1,17783,50
0.281233252258971,100,100,100,100,100,1,17783,50
5e-04,100,100,100,100.0005,100.0005,1,17783,50
0.866741271456704,100,100,100,100,100,1,17783,50
0.360336078330874,100,100,100,100,100,1,17783,50
