"p","truediv","chaoest","obsD","upper","lower","l","inds","reps"
0.980861775809899,100,100,100,100,100,1,17783,50
5e-04,100,100,100,100.0005,100.0005,1,17783,50
0.657585349865258,100,100,100,100,100,1,17783,50
0.938856267603114,100,100,100,100,100,1,17783,50
0.816226485883817,100,100,100,100,100,1,17783,50
0.649182397406548,100,100,100,100,100,1,17783,50
0.001,100,100,100,100.001,100.001,1,17783,50
0.303105619736016,100,100,100,100,100,1,17783,50
0.159714129054919,100,100,100,100,100,1,17783,50
0.429889493621886,100,100,100,100,100,1,17783,50
0.286056546494365,100,100,100,100,100,1,17783,50
0.819649647455662,100,100,100,100,100,1,17783,50
0.423156105680391,100,100,100,100,100,1,17783,50
0.518842066871002,100,100,100,100,100,1,17783,50
0.002,100,100,100,100.002,100.002,1,17783,50
0.166770666372031,100,100,100,100,100,1,17783,50
0.557433565845713,100,100,100,100,100,1,17783,50
0.98610296100378,100,100,100,100,100,1,17783,50
0.0343329426832497,100,100,100,100,100,1,17783,50
0.841733006993309,100,100,100,100,100,1,17783,50
0.0716154538094997,100,100,100,100,100,1,17783,50
5e-04,100,100,100,100.0005,100.0005,1,17783,50
0.964459663024172,100,100,100,100,100,1,17783,50
0.664044379023835,100,100,100,100,100,1,17783,50
0.749150274088606,100,100,100,100,100,1,17783,50
0.0843694992363453,100,100,100,100,100,1,17783,50
0.16154606314376,100,100,100,100,100,1,17783,50
0.530029872665182,100,100,100,100,100,1,17783,50
0.348410794744268,100,100,100,100,100,1,17783,50
0.001,100,100,100,100.001,100.001,1,17783,50
0.136691745603457,100,100,100,100,100,1,17783,50
0.929568706313148,100,100,100,100,100,1,17783,50
0.166200369829312,100,100,100,100,100,1,17783,50
0.507927031489089,100,100,100,100,100,1,17783,50
0.0502634046133608,100,100,100,100,100,1,17783,50
0.55969830066897,100,100,100,100,100,1,17783,50
0.205865384312347,100,100,100,100,100,1,17783,50
0.0686118511948735,100,100,100,100,100,1,17783,50
0.374232181115076,100,100,100,100,100,1,17783,50
0.529470603447407,100,100,100,100,100,1,17783,50
0.7339422700461,100,100,100,100,100,1,17783,50
0.771065585548058,100,100,100,100,100,1,17783,50
0.685029310407117,100,100,100,100,100,1,17783,50
0.101987953064963,100,100,100,100,100,1,17783,50
0.0858357031829655,100,100,100,100,100,1,17783,50
0.948322937358171,100,100,100,100,100,1,17783,50
0.52677338081412,100,100,100,100,100,1,17783,50
0.803113714559004,100,100,100,100,100,1,17783,50
0.847753425594419,100,100,100,100,100,1,17783,50
5e-04,100,100,100,100.0005,100.0005,1,17783,50
