"p","truediv","chaoest","obsD","upper","lower","l","inds","reps"
0.772323409095407,100,100,100,100,100,1,17783,50
0.505499484715983,100,100,100,100,100,1,17783,50
0.832486043451354,100,100,100,100,100,1,17783,50
0.899613184388727,100,100,100,100,100,1,17783,50
0.0103874043561518,100,100,100,100,100,1,17783,50
0.913363679079339,100,100,100,100,100,1,17783,50
0.0748139033094049,100,100,100,100,100,1,17783,50
0.0991569901816547,100,100,100,100,100,1,17783,50
0.0682298475876451,100,100,100,100,100,1,17783,50
0.687509645475075,100,100,100,100,100,1,17783,50
0.225272883661091,100,100,100,100,100,1,17783,50
0.719925421988592,100,100,100,100,100,1,17783,50
0.198727946728468,100,100,100,100,100,1,17783,50
0.237456379691139,100,100,100,100,100,1,17783,50
0.989703325554729,100,100,100,100,100,1,17783,50
5e-04,100,100,100,100.0005,100.0005,1,17783,50
0.385179593693465,100,100,100,100,100,1,17783,50
0.988166607916355,100,100,100,100,100,1,17783,50
0.636483549838886,100,100,100,100,100,1,17783,50
0.001,100,100,100,100.001,100.001,1,17783,50
0.235767455771565,100,100,100,100,100,1,17783,50
0.295323849655688,100,100,100,100,100,1,17783,50
0.573258033022285,100,100,100,100,100,1,17783,50
0.73879819503054,100,100,100,100,100,1,17783,50
0.894588443916291,100,100,100,100,100,1,17783,50
0.1773960464634,100,100,100,100,100,1,17783,50
0.430470619583502,100,100,100,100,100,1,17783,50
0.339447076199576,100,100,100,100,100,1,17783,50
0.185312324203551,100,100,100,100,100,1,17783,50
5e-04,100,100,100,100.0005,100.0005,1,17783,50
0.574033388635144,100,100,100,100,100,1,17783,50
0.162278031930327,100,100,100,100,100,1,17783,50
5e-04,100,100,100,100.0005,100.0005,1,17783,50
0.289472332689911,100,100,100,100,100,1,17783,50
0.318650510394946,100,100,100,100,100,1,17783,50
0.954313233029097,100,100,100,100,100,1,17783,50
0.735632844036445,100,100,100,100,100,1,17783,50
0.53755730506964,100,100,100,100,100,1,17783,50
0.318181989248842,100,100,100,100,100,1,17783,50
5e-04,100,100,100,100.0005,100.0005,1,17783,50
0.391826456645504,100,100,100,100,100,1,17783,50
0.250183249590918,100,100,100,100,100,1,17783,50
0.472294308943674,100,100,100,100,100,1,17783,50
0.959673214703798,100,100,100,100,100,1,17783,50
0.216105276020244,100,100,100,100,100,1,17783,50
0.187357248272747,100,100,100,100,100,1,17783,50
5e-04,100,100,100,100.0005,100.0005,1,17783,50
0.937213434139267,100,100,100,100,100,1,17783,50
0.443419908173382,100,100,100,100,100,1,17783,50
0.0025,100,100,100,100.0025,100.0025,1,17783,50
