"p","truediv","chaoest","obsD","upper","lower","l","inds","reps"
0.478225807193667,100,100,100,100,100,1,17783,50
0.548831030027941,100,100,100,100,100,1,17783,50
0.113544414518401,100,100,100,100,100,1,17783,50
0.491756170755252,100,100,100,100,100,1,17783,50
0.467416119994596,100,100,100,100,100,1,17783,50
0.233673434471712,100,100,100,100,100,1,17783,50
0.760133942821994,100,100,100,100,100,1,17783,50
0.357579457806423,100,100,100,100,100,1,17783,50
0.963746479712427,100,100,100,100,100,1,17783,50
0.244823111221194,100,100,100,100,100,1,17783,50
0.294949375791475,100,100,100,100,100,1,17783,50
0.272913259919733,100,100,100,100,100,1,17783,50
0.883953159209341,100,100,100,100,100,1,17783,50
0.001,100,100,100,100.001,100.001,1,17783,50
0.001,100,100,100,100.001,100.001,1,17783,50
0.356264652917162,100,100,100,100,100,1,17783,50
0.518884580116719,100,100,100,100,100,1,17783,50
0.426926345797256,100,100,100,100,100,1,17783,50
0.391017567366362,100,100,100,100,100,1,17783,50
0.60939387883991,100,100,100,100,100,1,17783,50
0.106464023934677,100,100,100,100,100,1,17783,50
0.49867094354704,100,100,100,100,100,1,17783,50
0.05743936332874,100,100,100,100,100,1,17783,50
0.914464622270316,100,100,100,100,100,1,17783,50
0.767210840480402,100,100,100,100,100,1,17783,50
0.0263196444138885,100,100,100,100,100,1,17783,50
0.638739475281909,100,100,100,100,100,1,17783,50
0.802535204216838,100,100,100,100,100,1,17783,50
0.896907980553806,100,100,100,100,100,1,17783,50
0.652165131643414,100,100,100,100,100,1,17783,50
0.001,100,100,100,100.001,100.001,1,17783,50
0.51153189712204,100,100,100,100,100,1,17783,50
0.460302753606811,100,100,100,100,100,1,17783,50
0.907786262221634,100,100,100,100,100,1,17783,50
0.705865605734289,100,100,100,100,100,1,17783,50
0.005,100,100,100,100.005,100.005,1,17783,50
0.287744797533378,100,100,100,100,100,1,17783,50
0.0200022510252893,100,100,100,100,100,1,17783,50
0.511594159528613,100,100,100,100,100,1,17783,50
0.469810103764758,100,100,100,100,100,1,17783,50
0.223026541760191,100,100,100,100,100,1,17783,50
0.984458689345047,100,100,100,100,100,1,17783,50
0.990060124546289,100,100,100,100,100,1,17783,50
0.0955019702669233,100,100,100,100,100,1,17783,50
0.0035,100,100,100,100.0035,100.0035,1,17783,50
5e-04,100,100,100,100.0005,100.0005,1,17783,50
0.001,100,100,100,100.001,100.001,1,17783,50
0.910064021358266,100,100,100,100,100,1,17783,50
0.56698488118127,100,100,100,100,100,1,17783,50
5e-04,100,100,100,100.0005,100.0005,1,17783,50
