"p","truediv","chaoest","obsD","upper","lower","l","inds","reps"
0.614550192374736,100,100,100,100,100,1,17783,50
0.403995838481933,100,100,100,100,100,1,17783,50
0.164859731215984,100,100,100,100,100,1,17783,50
0.387758964672685,100,100,100,100,100,1,17783,50
0.448431064141914,100,100,100,100,100,1,17783,50
0.814285604748875,100,100,100,100,100,1,17783,50
5e-04,100,100,100,100.0005,100.0005,1,17783,50
0.45689382776618,100,100,100,100,100,1,17783,50
0.42615514062345,100,100,100,100,100,1,17783,50
0.651057168375701,100,100,100,100,100,1,17783,50
0.766524185892195,100,100,100,100,100,1,17783,50
0.936679966049269,100,100,100,100,100,1,17783,50
0.668144565308467,100,100,100,100,100,1,17783,50
0.002,100,100,100,100.002,100.002,1,17783,50
0.255993525264785,100,100,100,100,100,1,17783,50
0.920118017122149,100,100,100,100,100,1,17783,50
0.488912854576483,100,100,100,100,100,1,17783,50
0.125606642337516,100,100,100,100,100,1,17783,50
0.704428257187828,100,100,100,100,100,1,17783,50
0.099844160489738,100,100,100,100,100,1,17783,50
0.002,100,100,100,100.002,100.002,1,17783,50
0.732686621835455,100,100,100,100,100,1,17783,50
0.172383182682097,100,100,100,100,100,1,17783,50
0.357384601142257,100,100,100,100,100,1,17783,50
0.825305345002562,100,100,100,100,100,1,17783,50
5e-04,100,100,100,100.0005,100.0005,1,17783,50
0.241915198275819,100,100,100,100,100,1,17783,50
0.407616256037727,100,100,100,100,100,1,17783,50
0.309990219306201,100,100,100,100,100,1,17783,50
0.712225314462557,100,100,100,100,100,1,17783,50
0.277834799373522,100,100,100,100,100,1,17783,50
0.061557847307995,100,100,100,100,100,1,17783,50
0.728548045735806,100,100,100,100,100,1,17783,50
0.605037162546068,100,100,100,100,100,1,17783,50
0.199016182450578,100,100,100,100,100,1,17783,50
0.212632823735476,100,100,100,100,100,1,17783,50
0.676555401645601,100,100,100,100,100,1,17783,50
0.254750464577228,100,100,100,100,100,1,17783,50
0.923678254708648,100,100,100,100,100,1,17783,50
0.597149185836315,100,100,100,100,100,1,17783,50
0.459604786708951,100,100,100,100,100,1,17783,50
5e-04,100,100,100,100.0005,100.0005,1,17783,50
0.411197275854647,100,100,100,100,100,1,17783,50
0.224360315827653,100,100,100,100,100,1,17783,50
0.678301458247006,100,100,100,100,100,1,17783,50
0.225756455678493,100,100,100,100,100,1,17783,50
0.730944745708257,100,100,100,100,100,1,17783,50
0.578677186276764,100,100,100,100,100,1,17783,50
0.710518241161481,100,100,100,100,100,1,17783,50
0.40288136783056,100,100,100,100,100,1,17783,50
