"p","truediv","chaoest","obsD","upper","lower","l","inds","reps"
0.309002172667533,100,100,100,100,100,1,17783,50
5e-04,100,100,100,100.0005,100.0005,1,17783,50
0.819865831173956,100,100,100,100,100,1,17783,50
0.352441174443811,100,100,100,100,100,1,17783,50
0.733162509975955,100,100,100,100,100,1,17783,50
0.307689663721249,100,100,100,100,100,1,17783,50
0.940328686265275,100,100,100,100,100,1,17783,50
0.846090800128877,100,100,100,100,100,1,17783,50
0.612523437710479,100,100,100,100,100,1,17783,50
0.406904443865642,100,100,100,100,100,1,17783,50
0.40459297853522,100,100,100,100,100,1,17783,50
0.0035,100,100,100,100.0035,100.0035,1,17783,50
0.967962266877294,100,100,100,100,100,1,17783,50
0.877651661168784,100,100,100,100,100,1,17783,50
5e-04,100,100,100,100.0005,100.0005,1,17783,50
0.992909872671589,100,100,100,100,100,1,17783,50
0.128061511553824,100,100,100,100,100,1,17783,50
0.282217514934018,100,100,100,100,100,1,17783,50
0.389285965124145,100,100,100,100,100,1,17783,50
0.389210207620636,100,100,100,100,100,1,17783,50
0.322982155717909,100,100,100,100,100,1,17783,50
0.251695605693385,100,100,100,100,100,1,17783,50
0.6815175563097,100,100,100,100,100,1,17783,50
0.941836475627497,100,100,100,100,100,1,17783,50
5e-04,100,100,100,100.0005,100.0005,1,17783,50
0.002,100,100,100,100.002,100.002,1,17783,50
0.902955689234659,100,100,100,100,100,1,17783,50
0.265403147786856,100,100,100,100,100,1,17783,50
0.0144740431569517,100,100,100,100,100,1,17783,50
0.161665255669504,100,100,100,100,100,1,17783,50
0.0108352962415665,100,100,100,100,100,1,17783,50
0.769329742295668,100,100,100,100,100,1,17783,50
0.152884212555364,100,100,100,100,100,1,17783,50
0.729458037996665,100,100,100,100,100,1,17783,50
0.324205599026754,100,100,100,100,100,1,17783,50
0.622330832062289,100,100,100,100,100,1,17783,50
0.60023508197628,100,100,100,100,100,1,17783,50
0.43977484991774,100,100,100,100,100,1,17783,50
0.107395586324856,100,100,100,100,100,1,17783,50
0.719637936213985,100,100,100,100,100,1,17783,50
0.116998063866049,100,100,100,100,100,1,17783,50
0.422359756659716,100,100,100,100,100,1,17783,50
0.596331193111837,100,100,100,100,100,1,17783,50
0.206552600488067,100,100,100,100,100,1,17783,50
0.603222703095526,100,100,100,100,100,1,17783,50
0.333884071558714,100,100,100,100,100,1,17783,50
0.025,100,100,100,100.025,99.025,1,17783,50
5e-04,100,100,100,100.0005,100.0005,1,17783,50
0.68976891413331,100,100,100,100,100,1,17783,50
0.584348703967407,100,100,100,100,100,1,17783,50
