"p","truediv","chaoest","obsD","upper","lower","l","inds","reps"
0.775959678227082,100,100,100,100,100,1,17783,50
0.684121587779373,100,100,100,100,100,1,17783,50
0.120678542647511,100,100,100,100,100,1,17783,50
0.65981076983735,100,100,100,100,100,1,17783,50
0.0651883017271757,100,100,100,100,100,1,17783,50
0.64539454667829,100,100,100,100,100,1,17783,50
0.292160103330389,100,100,100,100,100,1,17783,50
0.559663700405508,100,100,100,100,100,1,17783,50
0.234113873448223,100,100,100,100,100,1,17783,50
0.710234032478184,100,100,100,100,100,1,17783,50
0.00918989605270326,100,100,100,100,100,1,17783,50
0.779040859779343,100,100,100,100,100,1,17783,50
0.38359280792065,100,100,100,100,100,1,17783,50
0.76374524529092,100,100,100,100,100,1,17783,50
0.935755672864616,100,100,100,100,100,1,17783,50
0.192537565715611,100,100,100,100,100,1,17783,50
0.0181157772894949,100,100,100,100,100,1,17783,50
0.549053301801905,100,100,100,100,100,1,17783,50
0.573035232489929,100,100,100,100,100,1,17783,50
0.897832839749753,100,100,100,100,100,1,17783,50
0.034640611615032,100,100,100,100,100,1,17783,50
0.0025,100,100,100,100.0025,100.0025,1,17783,50
0.286980557721108,100,100,100,100,100,1,17783,50
0.961152225034311,100,100,100,100,100,1,17783,50
5e-04,100,100,100,100.0005,100.0005,1,17783,50
0.265970370266587,100,100,100,100,100,1,17783,50
0.003,100,100,100,100.003,100.003,1,17783,50
0.993503161938861,100,100,100,100,100,1,17783,50
0.740643488708884,100,100,100,100,100,1,17783,50
0.824542848858982,100,100,100,100,100,1,17783,50
0.187280879123136,100,100,100,100,100,1,17783,50
0.328392411116511,100,100,100,100,100,1,17783,50
0.0025,100,100,100,100.0025,100.0025,1,17783,50
0.870843855664134,100,100,100,100,100,1,17783,50
0.125430538784713,100,100,100,100,100,1,17783,50
0.621632939670235,100,100,100,100,100,1,17783,50
0.691393643384799,100,100,100,100,100,1,17783,50
0.658775452058762,100,100,100,100,100,1,17783,50
0.404144421219826,100,100,100,100,100,1,17783,50
0.979389581596479,100,100,100,100,100,1,17783,50
0.411703392630443,100,100,100,100,100,1,17783,50
0.42373542394489,100,100,100,100,100,1,17783,50
5e-04,100,100,100,100.0005,100.0005,1,17783,50
0.004,100,100,100,100.004,100.004,1,17783,50
0.487187501508743,100,100,100,100,100,1,17783,50
0.440976722631603,100,100,100,100,100,1,17783,50
0.625055084004998,100,100,100,100,100,1,17783,50
0.484391139587387,100,100,100,100,100,1,17783,50
0.123326411470771,100,100,100,100,100,1,17783,50
0.770913768792525,100,100,100,100,100,1,17783,50
