"p","truediv","chaoest","obsD","upper","lower","l","inds","reps"
0.683835465228185,100,100,100,100,100,1,17783,50
0.747703270055354,100,100,100,100,100,1,17783,50
0.820013320771977,100,100,100,100,100,1,17783,50
0.0123195878695697,100,100,100,100,100,1,17783,50
0.891256753355265,100,100,100,100,100,1,17783,50
0.0800125107634813,100,100,100,100,100,1,17783,50
0.0479782379698008,100,100,100,100,100,1,17783,50
0.0431000178214163,100,100,100,100,100,1,17783,50
0.003,100,100,100,100.003,100.003,1,17783,50
0.000323045533150434,100,100,100,100,100,1,17783,50
5e-04,100,100,100,100.0005,100.0005,1,17783,50
0.499065786367282,100,100,100,100,100,1,17783,50
0.20953045017086,100,100,100,100,100,1,17783,50
0.348511212971061,100,100,100,100,100,1,17783,50
0.200466270325705,100,100,100,100,100,1,17783,50
0.884945928119123,100,100,100,100,100,1,17783,50
0.972485552774742,100,100,100,100,100,1,17783,50
5e-04,100,100,100,100.0005,100.0005,1,17783,50
0.489140024641529,100,100,100,100,100,1,17783,50
0.397648951038718,100,100,100,100,100,1,17783,50
0.910579201066867,100,100,100,100,100,1,17783,50
5e-04,100,100,100,100.0005,100.0005,1,17783,50
0.34878775360994,100,100,100,100,100,1,17783,50
0.908008339582011,100,100,100,100,100,1,17783,50
0.972344049951062,100,100,100,100,100,1,17783,50
0.051,100,100,100,100.051,99.051,1,17783,50
0.81948242103681,100,100,100,100,100,1,17783,50
0.68342114193365,100,100,100,100,100,1,17783,50
0.404265199555084,100,100,100,100,100,1,17783,50
0.868184497114271,100,100,100,100,100,1,17783,50
0.514791087014601,100,100,100,100,100,1,17783,50
5e-04,100,100,100,100.0005,100.0005,1,17783,50
0.380241370294243,100,100,100,100,100,1,17783,50
0.606519642286003,100,100,100,100,100,1,17783,50
0.0983505502808839,100,100,100,100,100,1,17783,50
0.641495239222422,100,100,100,100,100,1,17783,50
0.0332989753223956,100,100,100,100,100,1,17783,50
0.288063865154982,100,100,100,100,100,1,17783,50
5e-04,100,100,100,100.0005,100.0005,1,17783,50
0.0483914269134402,100,100,100,100,100,1,17783,50
0.248031471623108,100,100,100,100,100,1,17783,50
0.65580414654687,100,100,100,100,100,1,17783,50
0.0354627191554755,100,100,100,100,100,1,17783,50
0.001,100,100,100,100.001,100.001,1,17783,50
0.624244841514155,100,100,100,100,100,1,17783,50
0.891560588497669,100,100,100,100,100,1,17783,50
0.625112065812573,100,100,100,100,100,1,17783,50
0.410670500481501,100,100,100,100,100,1,17783,50
0.466372550232336,100,100,100,100,100,1,17783,50
0.518516208976507,100,100,100,100,100,1,17783,50
