"p","truediv","chaoest","obsD","upper","lower","l","inds","reps"
0.880371295846999,100,100,100,100,100,1,17783,50
0.853305376600474,100,100,100,100,100,1,17783,50
0.500244355062023,100,100,100,100,100,1,17783,50
0.959003526018932,100,100,100,100,100,1,17783,50
0.469676758162677,100,100,100,100,100,1,17783,50
0.44711388531141,100,100,100,100,100,1,17783,50
0.875516411382705,100,100,100,100,100,1,17783,50
0.732563843019307,100,100,100,100,100,1,17783,50
0.606953030452132,100,100,100,100,100,1,17783,50
0.380468705436215,100,100,100,100,100,1,17783,50
0.296532151056454,100,100,100,100,100,1,17783,50
0.53273070580326,100,100,100,100,100,1,17783,50
0.627661116886884,100,100,100,100,100,1,17783,50
0.750850388314575,100,100,100,100,100,1,17783,50
0.418019557138905,100,100,100,100,100,1,17783,50
0.16026274044998,100,100,100,100,100,1,17783,50
0.133272535633296,100,100,100,100,100,1,17783,50
0.9443053023424,100,100,100,100,100,1,17783,50
0.555401085875928,100,100,100,100,100,1,17783,50
0.460826456779614,100,100,100,100,100,1,17783,50
5e-04,100,100,100,100.0005,100.0005,1,17783,50
0.836675813188776,100,100,100,100,100,1,17783,50
0.647709349868819,100,100,100,100,100,1,17783,50
0.607875924324617,100,100,100,100,100,1,17783,50
0.0025,100,100,100,100.0025,100.0025,1,17783,50
0.513320416212082,100,100,100,100,100,1,17783,50
0.374304499709979,100,100,100,100,100,1,17783,50
0.729875237680972,100,100,100,100,100,1,17783,50
0.668980416841805,100,100,100,100,100,1,17783,50
0.621766839642078,100,100,100,100,100,1,17783,50
0.0300571846310049,100,100,100,100,100,1,17783,50
0.920089130522683,100,100,100,100,100,1,17783,50
0.147320209303871,100,100,100,100,100,1,17783,50
0.169336240272969,100,100,100,100,100,1,17783,50
0.108363402308896,100,100,100,100,100,1,17783,50
0.432950367219746,100,100,100,100,100,1,17783,50
0.268641068134457,100,100,100,100,100,1,17783,50
0.682219694601372,100,100,100,100,100,1,17783,50
0.001,100,100,100,100.001,100.001,1,17783,50
0.686183193698525,100,100,100,100,100,1,17783,50
0.931680829497054,100,100,100,100,100,1,17783,50
5e-04,100,100,100,100.0005,100.0005,1,17783,50
0.526004975428805,100,100,100,100,100,1,17783,50
0.001,100,100,100,100.001,100.001,1,17783,50
0.853034029481933,100,100,100,100,100,1,17783,50
0.310272820759565,100,100,100,100,100,1,17783,50
0.614505156641826,100,100,100,100,100,1,17783,50
0.659516266314313,100,100,100,100,100,1,17783,50
0.383071951800957,100,100,100,100,100,1,17783,50
0.929361650720239,100,100,100,100,100,1,17783,50
