"p","truediv","chaoest","obsD","upper","lower","l","inds","reps"
0.779084892710671,100,100,100,100,100,1,17783,50
0.001,100,100,100,100.001,100.001,1,17783,50
0.295392316300422,100,100,100,100,100,1,17783,50
0.11821811972186,100,100,100,100,100,1,17783,50
0.242486168397591,100,100,100,100,100,1,17783,50
0.001,100,100,100,100.001,100.001,1,17783,50
0.68556704511866,100,100,100,100,100,1,17783,50
0.298360131680965,100,100,100,100,100,1,17783,50
0.776441269088537,100,100,100,100,100,1,17783,50
0.349564133444801,100,100,100,100,100,1,17783,50
0.583007341017947,100,100,100,100,100,1,17783,50
0.001,100,100,100,100.001,100.001,1,17783,50
5e-04,100,100,100,100.0005,100.0005,1,17783,50
0.880852126982063,100,100,100,100,100,1,17783,50
0.105888085439801,100,100,100,100,100,1,17783,50
0.759937340160832,100,100,100,100,100,1,17783,50
5e-04,100,100,100,100.0005,100.0005,1,17783,50
0.368239484494552,100,100,100,100,100,1,17783,50
0.401704859221354,100,100,100,100,100,1,17783,50
0.136153310770169,100,100,100,100,100,1,17783,50
0.0244763512164354,100,100,100,100,100,1,17783,50
0.196820880984887,100,100,100,100,100,1,17783,50
0.614247841294855,100,100,100,100,100,1,17783,50
0.2120616203174,100,100,100,100,100,1,17783,50
0.448668949306011,100,100,100,100,100,1,17783,50
0.370140775106847,100,100,100,100,100,1,17783,50
0.156386469025165,100,100,100,100,100,1,17783,50
0.241820639930665,100,100,100,100,100,1,17783,50
0.285299531649798,100,100,100,100,100,1,17783,50
0.498572559095919,100,100,100,100,100,1,17783,50
0.144062260631472,100,100,100,100,100,1,17783,50
0.0165,100,100,100,100.0165,100.0165,1,17783,50
0.12345616472885,100,100,100,100,100,1,17783,50
0.669807811500505,100,100,100,100,100,1,17783,50
0.160551584325731,100,100,100,100,100,1,17783,50
5e-04,100,100,100,100.0005,100.0005,1,17783,50
0.0598287780303508,100,100,100,100,100,1,17783,50
0.373213892104104,100,100,100,100,100,1,17783,50
0.0745622608810663,100,100,100,100,100,1,17783,50
0.036071412730962,100,100,100,100,100,1,17783,50
0.872660596854985,100,100,100,100,100,1,17783,50
0.257665267912671,100,100,100,100,100,1,17783,50
0.587663129204884,100,100,100,100,100,1,17783,50
0.642824072856456,100,100,100,100,100,1,17783,50
0.00496201636269689,100,100,100,100,100,1,17783,50
0.510063198162243,100,100,100,100,100,1,17783,50
0.574139983626083,100,100,100,100,100,1,17783,50
0.989568621618673,100,100,100,100,100,1,17783,50
0.0244163847528398,100,100,100,100,100,1,17783,50
0.980264664627612,100,100,100,100,100,1,17783,50
