"p","truediv","chaoest","obsD","upper","lower","l","inds","reps"
0.98223445401527,100,100,100,100,100,1,17783,50
0.523291095625609,100,100,100,100,100,1,17783,50
0.948958151973784,100,100,100,100,100,1,17783,50
0.127847737399861,100,100,100,100,100,1,17783,50
0.875132816610858,100,100,100,100,100,1,17783,50
0.767584153916687,100,100,100,100,100,1,17783,50
0.0681207496672869,100,100,100,100,100,1,17783,50
0.916164258960634,100,100,100,100,100,1,17783,50
0.287126376992092,100,100,100,100,100,1,17783,50
0.0954845349770039,100,100,100,100,100,1,17783,50
0.96599923283793,100,100,100,100,100,1,17783,50
0.0184285817667842,100,100,100,100,100,1,17783,50
0.177567628910765,100,100,100,100,100,1,17783,50
0.347406201763079,100,100,100,100,100,1,17783,50
0.455003896029666,100,100,100,100,100,1,17783,50
5e-04,100,100,100,100.0005,100.0005,1,17783,50
0.478284251410514,100,100,100,100,100,1,17783,50
0.864088289206848,100,100,100,100,100,1,17783,50
0.181699194014072,100,100,100,100,100,1,17783,50
0.0048829335719347,100,100,100,100,100,1,17783,50
0.131066362606362,100,100,100,100,100,1,17783,50
0.393226968124509,100,100,100,100,100,1,17783,50
0.287123732967302,100,100,100,100,100,1,17783,50
5e-04,100,100,100,100.0005,100.0005,1,17783,50
0.710955215152353,100,100,100,100,100,1,17783,50
0.001,100,100,100,100.001,100.001,1,17783,50
0.0025,100,100,100,100.0025,100.0025,1,17783,50
5e-04,100,100,100,100.0005,100.0005,1,17783,50
5e-04,100,100,100,100.0005,100.0005,1,17783,50
0.0250353880692273,100,100,100,100,100,1,17783,50
5e-04,100,100,100,100.0005,100.0005,1,17783,50
0.933732294710353,100,100,100,100,100,1,17783,50
5e-04,100,100,100,100.0005,100.0005,1,17783,50
0.616537205176428,100,100,100,100,100,1,17783,50
0.008,100,100,100,100.008,100.008,1,17783,50
0.10225602472201,100,100,100,100,100,1,17783,50
0.680694193113595,100,100,100,100,100,1,17783,50
0.149317844072357,100,100,100,100,100,1,17783,50
0.763246932066977,100,100,100,100,100,1,17783,50
0.593382948543876,100,100,100,100,100,1,17783,50
0.867715945001692,100,100,100,100,100,1,17783,50
0.321311521809548,100,100,100,100,100,1,17783,50
0.628960155183449,100,100,100,100,100,1,17783,50
0.762100666528568,100,100,100,100,100,1,17783,50
0.679130240343511,100,100,100,100,100,1,17783,50
0.170156419510022,100,100,100,100,100,1,17783,50
0.695535270497203,100,100,100,100,100,1,17783,50
0.557977292686701,100,100,100,100,100,1,17783,50
0.729425056837499,100,100,100,100,100,1,17783,50
0.120160530786961,100,100,100,100,100,1,17783,50
