"p","truediv","chaoest","obsD","upper","lower","l","inds","reps"
0.261002729879692,100,100,100,100,100,1,17783,50
0.00333805731497705,100,100,100,100,100,1,17783,50
0.395391462137923,100,100,100,100,100,1,17783,50
0.599125401116908,100,100,100,100,100,1,17783,50
0.715308348182589,100,100,100,100,100,1,17783,50
0.0999875541310757,100,100,100,100,100,1,17783,50
0.718603641726077,100,100,100,100,100,1,17783,50
0.470989046851173,100,100,100,100,100,1,17783,50
0.0400033104233444,100,100,100,100,100,1,17783,50
0.635488197673112,100,100,100,100,100,1,17783,50
0.179256288334727,100,100,100,100,100,1,17783,50
0.172417425783351,100,100,100,100,100,1,17783,50
0.348280168604106,100,100,100,100,100,1,17783,50
0.261925526894629,100,100,100,100,100,1,17783,50
0.2910191481933,100,100,100,100,100,1,17783,50
0.773996300529689,100,100,100,100,100,1,17783,50
0.609633155167103,100,100,100,100,100,1,17783,50
0.581962106516585,100,100,100,100,100,1,17783,50
0.636883375234902,100,100,100,100,100,1,17783,50
0.137902367161587,100,100,100,100,100,1,17783,50
0.299870673799887,100,100,100,100,100,1,17783,50
0.81029862165451,100,100,100,100,100,1,17783,50
0.399902559351176,100,100,100,100,100,1,17783,50
0.02,100,100,100,100.02,100.02,1,17783,50
0.156073666876182,100,100,100,100,100,1,17783,50
0.0065,100,100,100,100.0065,100.0065,1,17783,50
0.771017216145992,100,100,100,100,100,1,17783,50
0.628955457126722,100,100,100,100,100,1,17783,50
0.002,100,100,100,100.002,100.002,1,17783,50
0.108358964323997,100,100,100,100,100,1,17783,50
0.943229576572776,100,100,100,100,100,1,17783,50
0.001,100,100,100,100.001,100.001,1,17783,50
0.976755656301975,100,100,100,100,100,1,17783,50
0.91138951969333,100,100,100,100,100,1,17783,50
5e-04,100,100,100,100.0005,100.0005,1,17783,50
0.436698516830802,100,100,100,100,100,1,17783,50
0.530902459053323,100,100,100,100,100,1,17783,50
0.546563543146476,100,100,100,100,100,1,17783,50
0.756241430994123,100,100,100,100,100,1,17783,50
5e-04,100,100,100,100.0005,100.0005,1,17783,50
0.512400615261868,100,100,100,100,100,1,17783,50
0.810350195504725,100,100,100,100,100,1,17783,50
0.781412682728842,100,100,100,100,100,1,17783,50
0.967422252288088,100,100,100,100,100,1,17783,50
0.905261236708611,100,100,100,100,100,1,17783,50
0.001,100,100,100,100.001,100.001,1,17783,50
0.804596080677584,100,100,100,100,100,1,17783,50
0.773375548655167,100,100,100,100,100,1,17783,50
0.907475797459483,100,100,100,100,100,1,17783,50
0.523717906093225,100,100,100,100,100,1,17783,50
