"p","truediv","chaoest","obsD","upper","lower","l","inds","reps"
0.577811438590288,100,100,100,100,100,1,17783,50
0.105257436167449,100,100,100,100,100,1,17783,50
0.000647725304588675,100,100,100,100,100,1,17783,50
0.486907527782023,100,100,100,100,100,1,17783,50
0.560649116989225,100,100,100,100,100,1,17783,50
0.71712747705169,100,100,100,100,100,1,17783,50
0.001,100,100,100,100.001,100.001,1,17783,50
0.64258449152112,100,100,100,100,100,1,17783,50
0.0979328900575638,100,100,100,100,100,1,17783,50
0.941834561061114,100,100,100,100,100,1,17783,50
0.199588062707335,100,100,100,100,100,1,17783,50
0.818985386518762,100,100,100,100,100,1,17783,50
0.330942661734298,100,100,100,100,100,1,17783,50
0.001,100,100,100,100.001,100.001,1,17783,50
0.855056518921629,100,100,100,100,100,1,17783,50
0.365449556382373,100,100,100,100,100,1,17783,50
0.0584131337236613,100,100,100,100,100,1,17783,50
0.465374150080606,100,100,100,100,100,1,17783,50
0.780253641307354,100,100,100,100,100,1,17783,50
0.978718496859074,100,100,100,100,100,1,17783,50
0.105245052836835,100,100,100,100,100,1,17783,50
0.399065093370155,100,100,100,100,100,1,17783,50
0.325707120355219,100,100,100,100,100,1,17783,50
0.001,100,100,100,100.001,100.001,1,17783,50
5e-04,100,100,100,100.0005,100.0005,1,17783,50
0.310173986246809,100,100,100,100,100,1,17783,50
0.608275528997183,100,100,100,100,100,1,17783,50
5e-04,100,100,100,100.0005,100.0005,1,17783,50
0.100347511237487,100,100,100,100,100,1,17783,50
0.206420028116554,100,100,100,100,100,1,17783,50
0.977606093510985,100,100,100,100,100,1,17783,50
0.80611530225724,100,100,100,100,100,1,17783,50
0.583924101665616,100,100,100,100,100,1,17783,50
0.199339555809274,100,100,100,100,100,1,17783,50
0.908363541355357,100,100,100,100,100,1,17783,50
0.562326395651326,100,100,100,100,100,1,17783,50
0.37762115104124,100,100,100,100,100,1,17783,50
0.834517634473741,100,100,100,100,100,1,17783,50
0.189338237512857,100,100,100,100,100,1,17783,50
0.165128052001819,100,100,100,100,100,1,17783,50
0.80290511995554,100,100,100,100,100,1,17783,50
0.232191083021462,100,100,100,100,100,1,17783,50
0.602814580313861,100,100,100,100,100,1,17783,50
0.0055,100,100,100,100.0055,100.0055,1,17783,50
0.501947403652593,100,100,100,100,100,1,17783,50
0.446250694105402,100,100,100,100,100,1,17783,50
0.774426202522591,100,100,100,100,100,1,17783,50
0.360432208515704,100,100,100,100,100,1,17783,50
0.428689385764301,100,100,100,100,100,1,17783,50
0.3367989230901,100,100,100,100,100,1,17783,50
