"p","truediv","chaoest","obsD","upper","lower","l","inds","reps"
0.954005029285327,100,100,100,100,100,1,17783,50
0.388007128378376,100,100,100,100,100,1,17783,50
0.560901635559276,100,100,100,100,100,1,17783,50
0.436050376622006,100,100,100,100,100,1,17783,50
5e-04,100,100,100,100.0005,100.0005,1,17783,50
0.579977595480159,100,100,100,100,100,1,17783,50
0.778118063230067,100,100,100,100,100,1,17783,50
0.71140320203267,100,100,100,100,100,1,17783,50
0.0523295970633626,100,100,100,100,100,1,17783,50
0.453240964794531,100,100,100,100,100,1,17783,50
0.0015,100,100,100,100.0015,100.0015,1,17783,50
0.0576003100723028,100,100,100,100,100,1,17783,50
0.519831085111946,100,100,100,100,100,1,17783,50
0.759809468640015,100,100,100,100,100,1,17783,50
0.934277787571773,100,100,100,100,100,1,17783,50
0.777587398188189,100,100,100,100,100,1,17783,50
0.426991232903674,100,100,100,100,100,1,17783,50
0.0593422444071621,100,100,100,100,100,1,17783,50
0.623214995721355,100,100,100,100,100,1,17783,50
0.563571577658877,100,100,100,100,100,1,17783,50
0.125099677592516,100,100,100,100,100,1,17783,50
5e-04,100,100,100,100.0005,100.0005,1,17783,50
0.412110870936885,100,100,100,100,100,1,17783,50
0.904428073205054,100,100,100,100,100,1,17783,50
0.63059745146893,100,100,100,100,100,1,17783,50
0.812412610976025,100,100,100,100,100,1,17783,50
0.690348063828424,100,100,100,100,100,1,17783,50
0.357789857313037,100,100,100,100,100,1,17783,50
0.158283493714407,100,100,100,100,100,1,17783,50
5e-04,100,100,100,100.0005,100.0005,1,17783,50
0.188719144556671,100,100,100,100,100,1,17783,50
0.799546506488696,100,100,100,100,100,1,17783,50
0.610430349363014,100,100,100,100,100,1,17783,50
0.263173696119338,100,100,100,100,100,1,17783,50
0.853530400432646,100,100,100,100,100,1,17783,50
0.333826513728127,100,100,100,100,100,1,17783,50
0.872990940464661,100,100,100,100,100,1,17783,50
0.821879743365571,100,100,100,100,100,1,17783,50
5e-04,100,100,100,100.0005,100.0005,1,17783,50
0.883617004845291,100,100,100,100,100,1,17783,50
0.277908583404496,100,100,100,100,100,1,17783,50
0.402251673629507,100,100,100,100,100,1,17783,50
5e-04,100,100,100,100.0005,100.0005,1,17783,50
0.400737907504663,100,100,100,100,100,1,17783,50
0.448776419973001,100,100,100,100,100,1,17783,50
0.944342857692391,100,100,100,100,100,1,17783,50
0.58827578718774,100,100,100,100,100,1,17783,50
5e-04,100,100,100,100.0005,100.0005,1,17783,50
0.612378174206242,100,100,100,100,100,1,17783,50
5e-04,100,100,100,100.0005,100.0005,1,17783,50
