"p","truediv","chaoest","obsD","upper","lower","l","inds","reps"
5e-04,100,100,100,100.0005,100.0005,1,17783,50
0.929156790720299,100,100,100,100,100,1,17783,50
0.239267038414255,100,100,100,100,100,1,17783,50
0.730285535566509,100,100,100,100,100,1,17783,50
0.372891368810087,100,100,100,100,100,1,17783,50
0.130855971947312,100,100,100,100,100,1,17783,50
0.179488290799782,100,100,100,100,100,1,17783,50
0.219280573539436,100,100,100,100,100,1,17783,50
0.868414436001331,100,100,100,100,100,1,17783,50
0.489253920502961,100,100,100,100,100,1,17783,50
0.956262629013509,100,100,100,100,100,1,17783,50
0.85509657394141,100,100,100,100,100,1,17783,50
0.636355979600921,100,100,100,100,100,1,17783,50
0.78070101630874,100,100,100,100,100,1,17783,50
0.296205818420276,100,100,100,100,100,1,17783,50
0.836482713930309,100,100,100,100,100,1,17783,50
0.254682132275775,100,100,100,100,100,1,17783,50
0.0015,100,100,100,100.0015,100.0015,1,17783,50
0.852052259724587,100,100,100,100,100,1,17783,50
0.266431098803878,100,100,100,100,100,1,17783,50
0.374307887628675,100,100,100,100,100,1,17783,50
0.822869805619121,100,100,100,100,100,1,17783,50
0.0035,100,100,100,100.0035,100.0035,1,17783,50
5e-04,100,100,100,100.0005,100.0005,1,17783,50
0.180555471684784,100,100,100,100,100,1,17783,50
0.392122393473983,100,100,100,100,100,1,17783,50
5e-04,100,100,100,100.0005,100.0005,1,17783,50
0.001,100,100,100,100.001,100.001,1,17783,50
0.363525068154559,100,100,100,100,100,1,17783,50
0.1613710061647,100,100,100,100,100,1,17783,50
5e-04,100,100,100,100.0005,100.0005,1,17783,50
0.733173151733354,100,100,100,100,100,1,17783,50
0.748667742591351,100,100,100,100,100,1,17783,50
0.148973614675924,100,100,100,100,100,1,17783,50
0.331446882570162,100,100,100,100,100,1,17783,50
0.262848191894591,100,100,100,100,100,1,17783,50
0.883035368053243,100,100,100,100,100,1,17783,50
0.453415678115562,100,100,100,100,100,1,17783,50
0.237144816434011,100,100,100,100,100,1,17783,50
0.523594118421897,100,100,100,100,100,1,17783,50
0.324035281548277,100,100,100,100,100,1,17783,50
0.699071946321055,100,100,100,100,100,1,17783,50
5e-04,100,100,100,100.0005,100.0005,1,17783,50
0.499720198102295,100,100,100,100,100,1,17783,50
0.002,100,100,100,100.002,100.002,1,17783,50
0.383691054070368,100,100,100,100,100,1,17783,50
0.00627160421572626,100,100,100,100,100,1,17783,50
0.283224689774215,100,100,100,100,100,1,17783,50
0.0025,100,100,100,100.0025,100.0025,1,17783,50
0.855960748158395,100,100,100,100,100,1,17783,50
