"p","truediv","chaoest","obsD","upper","lower","l","inds","reps"
0.711825898382813,100,100,100,100,100,1,17783,50
0.30290699400939,100,100,100,100,100,1,17783,50
0.470966328633949,100,100,100,100,100,1,17783,50
0.001,100,100,100,100.001,100.001,1,17783,50
0.298534714384004,100,100,100,100,100,1,17783,50
0.152041937923059,100,100,100,100,100,1,17783,50
0.29650151450187,100,100,100,100,100,1,17783,50
0.0342419019434601,100,100,100,100,100,1,17783,50
0.0231394311413169,100,100,100,100,100,1,17783,50
0.986642487812787,100,100,100,100,100,1,17783,50
0.0015,100,100,100,100.0015,100.0015,1,17783,50
0.984410186065361,100,100,100,100,100,1,17783,50
5e-04,100,100,100,100.0005,100.0005,1,17783,50
0.596658846363425,100,100,100,100,100,1,17783,50
0.309953344287351,100,100,100,100,100,1,17783,50
5e-04,100,100,100,100.0005,100.0005,1,17783,50
5e-04,100,100,100,100.0005,100.0005,1,17783,50
0.10615736246109,100,100,100,100,100,1,17783,50
5e-04,100,100,100,100.0005,100.0005,1,17783,50
0.405779917258769,100,100,100,100,100,1,17783,50
0.618826351361349,100,100,100,100,100,1,17783,50
0.0035,100,100,100,100.0035,100.0035,1,17783,50
0.645072696963325,100,100,100,100,100,1,17783,50
0.692370557459071,100,100,100,100,100,1,17783,50
0.218985607614741,100,100,100,100,100,1,17783,50
0.386444659437984,100,100,100,100,100,1,17783,50
0.389133245451376,100,100,100,100,100,1,17783,50
0.971038413932547,100,100,100,100,100,1,17783,50
0.326107424683869,100,100,100,100,100,1,17783,50
0.244315004907548,100,100,100,100,100,1,17783,50
0.970898295752704,100,100,100,100,100,1,17783,50
0.924551979638636,100,100,100,100,100,1,17783,50
0.567320328205824,100,100,100,100,100,1,17783,50
0.750655677402392,100,100,100,100,100,1,17783,50
0.32824711012654,100,100,100,100,100,1,17783,50
5e-04,100,100,100,100.0005,100.0005,1,17783,50
0.629454096080735,100,100,100,100,100,1,17783,50
0.793296191142872,100,100,100,100,100,1,17783,50
0.634784927591681,100,100,100,100,100,1,17783,50
0.822955732932314,100,100,100,100,100,1,17783,50
0.385214182781056,100,100,100,100,100,1,17783,50
5e-04,100,100,100,100.0005,100.0005,1,17783,50
0.207391354488209,100,100,100,100,100,1,17783,50
0.175904145697132,100,100,100,100,100,1,17783,50
0.465306381229311,100,100,100,100,100,1,17783,50
0.939025913365185,100,100,100,100,100,1,17783,50
0.682780211092904,100,100,100,100,100,1,17783,50
0.0095,100,100,100,100.0095,100.0095,1,17783,50
0.863922817399725,100,100,100,100,100,1,17783,50
0.271067973459139,100,100,100,100,100,1,17783,50
