"p","truediv","chaoest","obsD","upper","lower","l","inds","reps"
0.516533570364118,100,100,100,100,100,1,17783,50
0.388670889195055,100,100,100,100,100,1,17783,50
0.739399209851399,100,100,100,100,100,1,17783,50
0.593319375067949,100,100,100,100,100,1,17783,50
0.545830432092771,100,100,100,100,100,1,17783,50
0.608153991634026,100,100,100,100,100,1,17783,50
0.508673249045387,100,100,100,100,100,1,17783,50
0.0365165725816041,100,100,100,100,100,1,17783,50
5e-04,100,100,100,100.0005,100.0005,1,17783,50
0.421026923926547,100,100,100,100,100,1,17783,50
5e-04,100,100,100,100.0005,100.0005,1,17783,50
0.395746602676809,100,100,100,100,100,1,17783,50
0.001,100,100,100,100.001,100.001,1,17783,50
0.306540840305388,100,100,100,100,100,1,17783,50
0.005,100,100,100,100.005,100.005,1,17783,50
0.595408468972892,100,100,100,100,100,1,17783,50
0.15500621823594,100,100,100,100,100,1,17783,50
0.303797126980498,100,100,100,100,100,1,17783,50
0.354405373800546,100,100,100,100,100,1,17783,50
0.644804740091786,100,100,100,100,100,1,17783,50
0.904453568626195,100,100,100,100,100,1,17783,50
0.646936795674264,100,100,100,100,100,1,17783,50
5e-04,100,100,100,100.0005,100.0005,1,17783,50
5e-04,100,100,100,100.0005,100.0005,1,17783,50
5e-04,100,100,100,100.0005,100.0005,1,17783,50
0.703866412397474,100,100,100,100,100,1,17783,50
0.49017864279449,100,100,100,100,100,1,17783,50
0.62949158414267,100,100,100,100,100,1,17783,50
0.62732533691451,100,100,100,100,100,1,17783,50
0.041087110992521,100,100,100,100,100,1,17783,50
0.148715810850263,100,100,100,100,100,1,17783,50
0.468665364664048,100,100,100,100,100,1,17783,50
0.037798652658239,100,100,100,100,100,1,17783,50
0.851600814145058,100,100,100,100,100,1,17783,50
0.736719359178096,100,100,100,100,100,1,17783,50
0.342820508638397,100,100,100,100,100,1,17783,50
0.344384252326563,100,100,100,100,100,1,17783,50
0.001,100,100,100,100.001,100.001,1,17783,50
0.104756695218384,100,100,100,100,100,1,17783,50
0.843402807135135,100,100,100,100,100,1,17783,50
0.334098077146336,100,100,100,100,100,1,17783,50
0.001,100,100,100,100.001,100.001,1,17783,50
0.0554939205758274,100,100,100,100,100,1,17783,50
0.495836097281426,100,100,100,100,100,1,17783,50
0.0616346313618124,100,100,100,100,100,1,17783,50
0.248318515950814,100,100,100,100,100,1,17783,50
0.571111157070845,100,100,100,100,100,1,17783,50
0.544600936351344,100,100,100,100,100,1,17783,50
0.297861659666523,100,100,100,100,100,1,17783,50
0.439481241861358,100,100,100,100,100,1,17783,50
