"p","truediv","chaoest","obsD","upper","lower","l","inds","reps"
0.766195395728573,100,100,100,100,100,1,17783,50
0.542443649377674,100,100,100,100,100,1,17783,50
0.469498536083847,100,100,100,100,100,1,17783,50
0.538611887022853,100,100,100,100,100,1,17783,50
0.645724451169372,100,100,100,100,100,1,17783,50
0.359668725868687,100,100,100,100,100,1,17783,50
0.788852702826262,100,100,100,100,100,1,17783,50
5e-04,100,100,100,100.0005,100.0005,1,17783,50
5e-04,100,100,100,100.0005,100.0005,1,17783,50
0.677451231982559,100,100,100,100,100,1,17783,50
5e-04,100,100,100,100.0005,100.0005,1,17783,50
0.999678910011426,100,100,100,100,100,1,17783,50
0.330457950709388,100,100,100,100,100,1,17783,50
0.001,100,100,100,100.001,100.001,1,17783,50
0.309608903247863,100,100,100,100,100,1,17783,50
0.779122851556167,100,100,100,100,100,1,17783,50
0.176185026299208,100,100,100,100,100,1,17783,50
5e-04,100,100,100,100.0005,100.0005,1,17783,50
0.376320262439549,100,100,100,100,100,1,17783,50
0.0817854939959943,100,100,100,100,100,1,17783,50
0.34757300792262,100,100,100,100,100,1,17783,50
0.466685666004196,100,100,100,100,100,1,17783,50
0.917747548781335,100,100,100,100,100,1,17783,50
0.182892890647054,100,100,100,100,100,1,17783,50
0.583235570928082,100,100,100,100,100,1,17783,50
5e-04,100,100,100,100.0005,100.0005,1,17783,50
0.610812868922949,100,100,100,100,100,1,17783,50
5e-04,100,100,100,100.0005,100.0005,1,17783,50
0.309020231710747,100,100,100,100,100,1,17783,50
0.69225657498464,100,100,100,100,100,1,17783,50
0.886756553081796,100,100,100,100,100,1,17783,50
0.549715839792043,100,100,100,100,100,1,17783,50
0.23227065615356,100,100,100,100,100,1,17783,50
0.628310198662803,100,100,100,100,100,1,17783,50
0.561511971522123,100,100,100,100,100,1,17783,50
0.003,100,100,100,100.003,100.003,1,17783,50
0.76184235769324,100,100,100,100,100,1,17783,50
0.360144135309383,100,100,100,100,100,1,17783,50
0.922996172914281,100,100,100,100,100,1,17783,50
0.715849741362035,100,100,100,100,100,1,17783,50
5e-04,100,100,100,100.0005,100.0005,1,17783,50
0.000861956970766187,100,100,100,100,100,1,17783,50
0.603468706598505,100,100,100,100,100,1,17783,50
0.697742267046124,100,100,100,100,100,1,17783,50
0.85004112846218,100,100,100,100,100,1,17783,50
0.590352888219059,100,100,100,100,100,1,17783,50
5e-04,100,100,100,100.0005,100.0005,1,17783,50
0.252470510080457,100,100,100,100,100,1,17783,50
0.650046908762306,100,100,100,100,100,1,17783,50
0.615525376517326,100,100,100,100,100,1,17783,50
