"p","truediv","chaoest","obsD","upper","lower","l","inds","reps"
0.638394837500528,100,100,100,100,100,1,17783,50
0.539129606215283,100,100,100,100,100,1,17783,50
0.474465453997254,100,100,100,100,100,1,17783,50
0.995454623829573,100,100,100,100,100,1,17783,50
0.247351069236174,100,100,100,100,100,1,17783,50
0.58031830843538,100,100,100,100,100,1,17783,50
0.79483680287376,100,100,100,100,100,1,17783,50
0.017,100,100,100,100.017,100.017,1,17783,50
0.599899351829663,100,100,100,100,100,1,17783,50
0.91861783945933,100,100,100,100,100,1,17783,50
0.440536904847249,100,100,100,100,100,1,17783,50
0.858758767368272,100,100,100,100,100,1,17783,50
0.836396602215245,100,100,100,100,100,1,17783,50
0.368986760964617,100,100,100,100,100,1,17783,50
0.164529621601105,100,100,100,100,100,1,17783,50
0.596332964487374,100,100,100,100,100,1,17783,50
0.649296982446685,100,100,100,100,100,1,17783,50
0.0035,100,100,100,100.0035,100.0035,1,17783,50
0.30513641401194,100,100,100,100,100,1,17783,50
0.805987477768213,100,100,100,100,100,1,17783,50
0.438378943130374,100,100,100,100,100,1,17783,50
0.187308096792549,100,100,100,100,100,1,17783,50
0.0035,100,100,100,100.0035,100.0035,1,17783,50
0.831726736389101,100,100,100,100,100,1,17783,50
0.295352160464972,100,100,100,100,100,1,17783,50
0.002,100,100,100,100.002,100.002,1,17783,50
0.742002370767295,100,100,100,100,100,1,17783,50
0.329943696269765,100,100,100,100,100,1,17783,50
0.128085759235546,100,100,100,100,100,1,17783,50
0.802731515141204,100,100,100,100,100,1,17783,50
0.0113753005862236,100,100,100,100,100,1,17783,50
0.68700968567282,100,100,100,100,100,1,17783,50
0.60746816941537,100,100,100,100,100,1,17783,50
0.999138446990401,100,100,100,100,100,1,17783,50
0.642623689724132,100,100,100,100,100,1,17783,50
5e-04,100,100,100,100.0005,100.0005,1,17783,50
0.509655836969614,100,100,100,100,100,1,17783,50
0.816144865006208,100,100,100,100,100,1,17783,50
0.899357513058931,100,100,100,100,100,1,17783,50
0.845528492704034,100,100,100,100,100,1,17783,50
5e-04,100,100,100,100.0005,100.0005,1,17783,50
0.958417824469507,100,100,100,100,100,1,17783,50
0.817605346208438,100,100,100,100,100,1,17783,50
0.550682472530752,100,100,100,100,100,1,17783,50
0.0679036004003137,100,100,100,100,100,1,17783,50
0.518388970755041,100,100,100,100,100,1,17783,50
0.151745815761387,100,100,100,100,100,1,17783,50
5e-04,100,100,100,100.0005,100.0005,1,17783,50
0.516209013992921,100,100,100,100,100,1,17783,50
0.482333953725174,100,100,100,100,100,1,17783,50
