"p","truediv","chaoest","obsD","upper","lower","l","inds","reps"
0.978540375595912,100,100,100,100,100,1,17783,50
0.118462620768696,100,100,100,100,100,1,17783,50
0.931434944272041,100,100,100,100,100,1,17783,50
0.345375592354685,100,100,100,100,100,1,17783,50
0.402041541179642,100,100,100,100,100,1,17783,50
0.670174490660429,100,100,100,100,100,1,17783,50
0.22011163062416,100,100,100,100,100,1,17783,50
0.707983326166868,100,100,100,100,100,1,17783,50
5e-04,100,100,100,100.0005,100.0005,1,17783,50
0.800559706054628,100,100,100,100,100,1,17783,50
0.772751609794796,100,100,100,100,100,1,17783,50
0.861250565154478,100,100,100,100,100,1,17783,50
0.442721892613918,100,100,100,100,100,1,17783,50
0.0688037627842277,100,100,100,100,100,1,17783,50
0.944178118370473,100,100,100,100,100,1,17783,50
0.402003263588995,100,100,100,100,100,1,17783,50
0.176302457693964,100,100,100,100,100,1,17783,50
0.016,100,100,100,100.016,100.016,1,17783,50
0.830593392718583,100,100,100,100,100,1,17783,50
0.114292356651276,100,100,100,100,100,1,17783,50
0.391299381153658,100,100,100,100,100,1,17783,50
5e-04,100,100,100,100.0005,100.0005,1,17783,50
5e-04,100,100,100,100.0005,100.0005,1,17783,50
0.122295878361911,100,100,100,100,100,1,17783,50
0.816864846507087,100,100,100,100,100,1,17783,50
0.55345471878536,100,100,100,100,100,1,17783,50
0.429496348369867,100,100,100,100,100,1,17783,50
0.124727546935901,100,100,100,100,100,1,17783,50
0.406882586190477,100,100,100,100,100,1,17783,50
0.0015,100,100,100,100.0015,100.0015,1,17783,50
0.658711134456098,100,100,100,100,100,1,17783,50
0.850860089762136,100,100,100,100,100,1,17783,50
0.81052794540301,100,100,100,100,100,1,17783,50
0.637741623679176,100,100,100,100,100,1,17783,50
0.695448750630021,100,100,100,100,100,1,17783,50
0.865133204031736,100,100,100,100,100,1,17783,50
0.76266155182384,100,100,100,100,100,1,17783,50
0.677789367036894,100,100,100,100,100,1,17783,50
0.557042445288971,100,100,100,100,100,1,17783,50
0.178371816175058,100,100,100,100,100,1,17783,50
0.0075,100,100,100,100.0075,100.0075,1,17783,50
0.540025619789958,100,100,100,100,100,1,17783,50
0.633094870951027,100,100,100,100,100,1,17783,50
0.306081369286403,100,100,100,100,100,1,17783,50
0.001,100,100,100,100.001,100.001,1,17783,50
0.826974615920335,100,100,100,100,100,1,17783,50
0.367136468645185,100,100,100,100,100,1,17783,50
0.0397745969239622,100,100,100,100,100,1,17783,50
0.006,100,100,100,100.006,100.006,1,17783,50
0.987229956546798,100,100,100,100,100,1,17783,50
