"p","truediv","chaoest","obsD","upper","lower","l","inds","reps"
0.13112256815657,100,100,100,100,100,1,17783,50
0.774281460093334,100,100,100,100,100,1,17783,50
0.928971457062289,100,100,100,100,100,1,17783,50
0.410425237845629,100,100,100,100,100,1,17783,50
0.651477915700525,100,100,100,100,100,1,17783,50
0.424007770372555,100,100,100,100,100,1,17783,50
0.540698455413803,100,100,100,100,100,1,17783,50
0.620988144539297,100,100,100,100,100,1,17783,50
0.76504080183804,100,100,100,100,100,1,17783,50
0.0434726711828262,100,100,100,100,100,1,17783,50
0.002,100,100,100,100.002,100.002,1,17783,50
0.777926844777539,100,100,100,100,100,1,17783,50
0.974370406242087,100,100,100,100,100,1,17783,50
0.8840379526373,100,100,100,100,100,1,17783,50
0.703496235189959,100,100,100,100,100,1,17783,50
0.450885288883001,100,100,100,100,100,1,17783,50
0.136203182395548,100,100,100,100,100,1,17783,50
5e-04,100,100,100,100.0005,100.0005,1,17783,50
0.0152804492972791,100,100,100,100,100,1,17783,50
0.776102686533704,100,100,100,100,100,1,17783,50
0.985694557195529,100,100,100,100,100,1,17783,50
0.287770279450342,100,100,100,100,100,1,17783,50
0.592750200536102,100,100,100,100,100,1,17783,50
0.800108569208533,100,100,100,100,100,1,17783,50
0.498946152627468,100,100,100,100,100,1,17783,50
5e-04,100,100,100,100.0005,100.0005,1,17783,50
0.71750353788957,100,100,100,100,100,1,17783,50
0.87199611030519,100,100,100,100,100,1,17783,50
0.677640815963969,100,100,100,100,100,1,17783,50
0.525618128478527,100,100,100,100,100,1,17783,50
0.99332085181959,100,100,100,100,100,1,17783,50
0.902611846104264,100,100,100,100,100,1,17783,50
0.120130537077785,100,100,100,100,100,1,17783,50
0.0198105333838612,100,100,100,100,100,1,17783,50
0.013413765700534,100,100,100,100,100,1,17783,50
5e-04,100,100,100,100.0005,100.0005,1,17783,50
0.217783324187621,100,100,100,100,100,1,17783,50
0.426651500165462,100,100,100,100,100,1,17783,50
0.091622484382242,100,100,100,100,100,1,17783,50
0.242464248090982,100,100,100,100,100,1,17783,50
0.725568179041147,100,100,100,100,100,1,17783,50
0.764989629853517,100,100,100,100,100,1,17783,50
0.40987454704009,100,100,100,100,100,1,17783,50
0.283609622623771,100,100,100,100,100,1,17783,50
0.813777532661334,100,100,100,100,100,1,17783,50
0.311684476910159,100,100,100,100,100,1,17783,50
0.456281723687425,100,100,100,100,100,1,17783,50
0.24485389678739,100,100,100,100,100,1,17783,50
0.860795821761712,100,100,100,100,100,1,17783,50
0.977943046716973,100,100,100,100,100,1,17783,50
