"p","truediv","chaoest","obsD","upper","lower","l","inds","reps"
0.321660564513877,100,100,100,100,100,1,17783,50
0.019,100,100,100,100.019,100.019,1,17783,50
0.570789614226669,100,100,100,100,100,1,17783,50
0.148866213392466,100,100,100,100,100,1,17783,50
0.242164161289111,100,100,100,100,100,1,17783,50
0.193396712187678,100,100,100,100,100,1,17783,50
5e-04,100,100,100,100.0005,100.0005,1,17783,50
0.846160780638456,100,100,100,100,100,1,17783,50
0.138672186294571,100,100,100,100,100,1,17783,50
0.764566054567695,100,100,100,100,100,1,17783,50
0.242178604239598,100,100,100,100,100,1,17783,50
0.105755456956103,100,100,100,100,100,1,17783,50
0.86231241398491,100,100,100,100,100,1,17783,50
0.49392607063055,100,100,100,100,100,1,17783,50
0.473083096090704,100,100,100,100,100,1,17783,50
0.367658383445814,100,100,100,100,100,1,17783,50
0.001,100,100,100,100.001,100.001,1,17783,50
0.556842242367566,100,100,100,100,100,1,17783,50
0.432743315817788,100,100,100,100,100,1,17783,50
0.847678764956072,100,100,100,100,100,1,17783,50
0.735635099932551,100,100,100,100,100,1,17783,50
0.694755599834025,100,100,100,100,100,1,17783,50
0.321900445502251,100,100,100,100,100,1,17783,50
0.617530545918271,100,100,100,100,100,1,17783,50
0.564098844770342,100,100,100,100,100,1,17783,50
0.0357786307577044,100,100,100,100,100,1,17783,50
0.333486116258428,100,100,100,100,100,1,17783,50
0.762897650245577,100,100,100,100,100,1,17783,50
0.633080100174993,100,100,100,100,100,1,17783,50
0.0458464547991753,100,100,100,100,100,1,17783,50
0.570184342097491,100,100,100,100,100,1,17783,50
0.0853528478182852,100,100,100,100,100,1,17783,50
0.554061269853264,100,100,100,100,100,1,17783,50
0.9788064181339,100,100,100,100,100,1,17783,50
5e-04,100,100,100,100.0005,100.0005,1,17783,50
0.001,100,100,100,100.001,100.001,1,17783,50
0.471806232118979,100,100,100,100,100,1,17783,50
0.986044278368354,100,100,100,100,100,1,17783,50
0.409254951868206,100,100,100,100,100,1,17783,50
0.319589607184753,100,100,100,100,100,1,17783,50
0.370445277541876,100,100,100,100,100,1,17783,50
0.0035,100,100,100,100.0035,100.0035,1,17783,50
0.241284176940098,100,100,100,100,100,1,17783,50
0.816675855778158,100,100,100,100,100,1,17783,50
0.269513795152307,100,100,100,100,100,1,17783,50
0.964907146990299,100,100,100,100,100,1,17783,50
0.932666387408972,100,100,100,100,100,1,17783,50
0.0711896335706115,100,100,100,100,100,1,17783,50
0.520628285594285,100,100,100,100,100,1,17783,50
0.764055088860914,100,100,100,100,100,1,17783,50
