"p","truediv","chaoest","obsD","upper","lower","l","inds","reps"
0.702301420737058,100,100,100,100,100,1,17783,50
0.885355941485614,100,100,100,100,100,1,17783,50
0.795490676071495,100,100,100,100,100,1,17783,50
0.691429327009246,100,100,100,100,100,1,17783,50
0.002,100,100,100,100.002,100.002,1,17783,50
0.621384084224701,100,100,100,100,100,1,17783,50
0.353200214914978,100,100,100,100,100,1,17783,50
0.442271791165695,100,100,100,100,100,1,17783,50
0.0304872232954949,100,100,100,100,100,1,17783,50
5e-04,100,100,100,100.0005,100.0005,1,17783,50
0.709492879221216,100,100,100,100,100,1,17783,50
0.490426339674741,100,100,100,100,100,1,17783,50
0.330654239980504,100,100,100,100,100,1,17783,50
0.544478215975687,100,100,100,100,100,1,17783,50
0.401634789071977,100,100,100,100,100,1,17783,50
0.604377452051267,100,100,100,100,100,1,17783,50
0.524345041252673,100,100,100,100,100,1,17783,50
0.786264671012759,100,100,100,100,100,1,17783,50
0.855235457187518,100,100,100,100,100,1,17783,50
5e-04,100,100,100,100.0005,100.0005,1,17783,50
0.255374778760597,100,100,100,100,100,1,17783,50
0.0820130992215127,100,100,100,100,100,1,17783,50
0.0015,100,100,100,100.0015,100.0015,1,17783,50
0.739831389859319,100,100,100,100,100,1,17783,50
0.0512001318857074,100,100,100,100,100,1,17783,50
0.52785187587142,100,100,100,100,100,1,17783,50
0.460285891313106,100,100,100,100,100,1,17783,50
0.5824811370112,100,100,100,100,100,1,17783,50
0.214399871183559,100,100,100,100,100,1,17783,50
0.452128767268732,100,100,100,100,100,1,17783,50
0.907706470694393,100,100,100,100,100,1,17783,50
0.189679704606533,100,100,100,100,100,1,17783,50
0.573293291730806,100,100,100,100,100,1,17783,50
0.152472727466375,100,100,100,100,100,1,17783,50
0.137786829611287,100,100,100,100,100,1,17783,50
0.623715446330607,100,100,100,100,100,1,17783,50
0.474235685542226,100,100,100,100,100,1,17783,50
0.322116585215554,100,100,100,100,100,1,17783,50
0.685496712801978,100,100,100,100,100,1,17783,50
0.441470965044573,100,100,100,100,100,1,17783,50
0.723367558792233,100,100,100,100,100,1,17783,50
0.003,100,100,100,100.003,100.003,1,17783,50
0.146554791834205,100,100,100,100,100,1,17783,50
0.860877754166722,100,100,100,100,100,1,17783,50
0.974683902459219,100,100,100,100,100,1,17783,50
0.993168378947303,100,100,100,100,100,1,17783,50
0.71205023676157,100,100,100,100,100,1,17783,50
0.226498023839667,100,100,100,100,100,1,17783,50
0.46594678517431,100,100,100,100,100,1,17783,50
0.934128329623491,100,100,100,100,100,1,17783,50
