"p","truediv","chaoest","obsD","upper","lower","l","inds","reps"
0.302063717506826,100,100,100,100,100,1,17783,50
0.539550283225253,100,100,100,100,100,1,17783,50
0.442624523537233,100,100,100,100,100,1,17783,50
0.72261572140269,100,100,100,100,100,1,17783,50
0.970551948761567,100,100,100,100,100,1,17783,50
0.30154946167022,100,100,100,100,100,1,17783,50
0.782197081716731,100,100,100,100,100,1,17783,50
0.265241189626977,100,100,100,100,100,1,17783,50
0.57073665689677,100,100,100,100,100,1,17783,50
0.257362705655396,100,100,100,100,100,1,17783,50
0.99708378687501,100,100,100,100,100,1,17783,50
0.481275885598734,100,100,100,100,100,1,17783,50
5e-04,100,100,100,100.0005,100.0005,1,17783,50
0.668855235679075,100,100,100,100,100,1,17783,50
0.299046519910917,100,100,100,100,100,1,17783,50
0.664625404402614,100,100,100,100,100,1,17783,50
0.218701800797135,100,100,100,100,100,1,17783,50
0.905079209478572,100,100,100,100,100,1,17783,50
0.120065278606489,100,100,100,100,100,1,17783,50
0.702185655012727,100,100,100,100,100,1,17783,50
0.958986305166036,100,100,100,100,100,1,17783,50
0.14634834555909,100,100,100,100,100,1,17783,50
0.184959723148495,100,100,100,100,100,1,17783,50
0.0386821595020592,100,100,100,100,100,1,17783,50
0.100964716402814,100,100,100,100,100,1,17783,50
0.547142348950729,100,100,100,100,100,1,17783,50
0.240332249319181,100,100,100,100,100,1,17783,50
0.957402415340766,100,100,100,100,100,1,17783,50
0.0015,100,100,100,100.0015,100.0015,1,17783,50
0.433771908981726,100,100,100,100,100,1,17783,50
0.619433799525723,100,100,100,100,100,1,17783,50
0.360090801957995,100,100,100,100,100,1,17783,50
0.0416925703175366,100,100,100,100,100,1,17783,50
0.936440576100722,100,100,100,100,100,1,17783,50
0.58284459868446,100,100,100,100,100,1,17783,50
0.988541635684669,100,100,100,100,100,1,17783,50
0.0064462679438293,100,100,100,100,100,1,17783,50
0.0112745582591742,100,100,100,100,100,1,17783,50
0.18119629425928,100,100,100,100,100,1,17783,50
0.7749225248117,100,100,100,100,100,1,17783,50
0.001,100,100,100,100.001,100.001,1,17783,50
0.14964647591114,100,100,100,100,100,1,17783,50
0.215724221430719,100,100,100,100,100,1,17783,50
0.789785887813196,100,100,100,100,100,1,17783,50
0.687313621398062,100,100,100,100,100,1,17783,50
0.0035,100,100,100,100.0035,100.0035,1,17783,50
0.142126285703853,100,100,100,100,100,1,17783,50
5e-04,100,100,100,100.0005,100.0005,1,17783,50
0.236666212324053,100,100,100,100,100,1,17783,50
0.101592626888305,100,100,100,100,100,1,17783,50
