"p","truediv","chaoest","obsD","upper","lower","l","inds","reps"
5e-04,100,100,100,100.0005,100.0005,1,17783,50
0.715576496440917,100,100,100,100,100,1,17783,50
0.624174746917561,100,100,100,100,100,1,17783,50
0.678954754024744,100,100,100,100,100,1,17783,50
0.115866086445749,100,100,100,100,100,1,17783,50
0.902407721383497,100,100,100,100,100,1,17783,50
0.422990035032853,100,100,100,100,100,1,17783,50
0.169929753988981,100,100,100,100,100,1,17783,50
0.001,100,100,100,100.001,100.001,1,17783,50
0.901496552396566,100,100,100,100,100,1,17783,50
0.570686078630388,100,100,100,100,100,1,17783,50
0.00423721596598625,100,100,100,100,100,1,17783,50
0.531763301696628,100,100,100,100,100,1,17783,50
0.974744332954288,100,100,100,100,100,1,17783,50
0.323225382016972,100,100,100,100,100,1,17783,50
0.807405787985772,100,100,100,100,100,1,17783,50
0.134790102485567,100,100,100,100,100,1,17783,50
0.402350031305104,100,100,100,100,100,1,17783,50
0.3876659902744,100,100,100,100,100,1,17783,50
0.411603891057894,100,100,100,100,100,1,17783,50
0.948379688896239,100,100,100,100,100,1,17783,50
0.570636799093336,100,100,100,100,100,1,17783,50
0.0689235995523632,100,100,100,100,100,1,17783,50
0.900732403388247,100,100,100,100,100,1,17783,50
0.907626336207613,100,100,100,100,100,1,17783,50
0.208994736894965,100,100,100,100,100,1,17783,50
0.338928818469867,100,100,100,100,100,1,17783,50
0.167126546148211,100,100,100,100,100,1,17783,50
5e-04,100,100,100,100.0005,100.0005,1,17783,50
0.198664363706484,100,100,100,100,100,1,17783,50
0.102539202896878,100,100,100,100,100,1,17783,50
0.220371808856726,100,100,100,100,100,1,17783,50
0.007,100,100,100,100.007,100.007,1,17783,50
0.248758348170668,100,100,100,100,100,1,17783,50
0.0341688899789006,100,100,100,100,100,1,17783,50
0.172111389925703,100,100,100,100,100,1,17783,50
0.450168869458139,100,100,100,100,100,1,17783,50
0.0015,100,100,100,100.0015,100.0015,1,17783,50
0.772201320156455,100,100,100,100,100,1,17783,50
0.482323715696111,100,100,100,100,100,1,17783,50
5e-04,100,100,100,100.0005,100.0005,1,17783,50
0.801435748813674,100,100,100,100,100,1,17783,50
0.0654245167970657,100,100,100,100,100,1,17783,50
0.452071409439668,100,100,100,100,100,1,17783,50
0.130236000521109,100,100,100,100,100,1,17783,50
5e-04,100,100,100,100.0005,100.0005,1,17783,50
0.59550751070492,100,100,100,100,100,1,17783,50
0.424464579904452,100,100,100,100,100,1,17783,50
0.613515089731663,100,100,100,100,100,1,17783,50
0.887408399721608,100,100,100,100,100,1,17783,50
