"p","truediv","chaoest","obsD","upper","lower","l","inds","reps"
0.245185110252351,100,100,100,100,100,1,17783,50
0.564554595854133,100,100,100,100,100,1,17783,50
0.38747289753519,100,100,100,100,100,1,17783,50
0.782476295251399,100,100,100,100,100,1,17783,50
0.244750944431871,100,100,100,100,100,1,17783,50
0.869321805657819,100,100,100,100,100,1,17783,50
0.308305934770033,100,100,100,100,100,1,17783,50
0.0015,100,100,100,100.0015,100.0015,1,17783,50
0.807721471181139,100,100,100,100,100,1,17783,50
0.001,100,100,100,100.001,100.001,1,17783,50
0.360219408292323,100,100,100,100,100,1,17783,50
0.933055009692907,100,100,100,100,100,1,17783,50
0.0015,100,100,100,100.0015,100.0015,1,17783,50
0.223600575467572,100,100,100,100,100,1,17783,50
0.200716031715274,100,100,100,100,100,1,17783,50
0.307913087308407,100,100,100,100,100,1,17783,50
0.725110391387716,100,100,100,100,100,1,17783,50
0.140612415503711,100,100,100,100,100,1,17783,50
0.509720483329147,100,100,100,100,100,1,17783,50
0.765219046501443,100,100,100,100,100,1,17783,50
0.451374194119126,100,100,100,100,100,1,17783,50
0.123256194172427,100,100,100,100,100,1,17783,50
0.999323753872886,100,100,100,100,100,1,17783,50
0.533347223885357,100,100,100,100,100,1,17783,50
5e-04,100,100,100,100.0005,100.0005,1,17783,50
0.368188696214929,100,100,100,100,100,1,17783,50
0.001,100,100,100,100.001,100.001,1,17783,50
0.131420890800655,100,100,100,100,100,1,17783,50
0.863530685659498,100,100,100,100,100,1,17783,50
0.949577267747372,100,100,100,100,100,1,17783,50
0.115048471139744,100,100,100,100,100,1,17783,50
0.893323378171772,100,100,100,100,100,1,17783,50
0.181713775033131,100,100,100,100,100,1,17783,50
0.766461307648569,100,100,100,100,100,1,17783,50
0.883673557313159,100,100,100,100,100,1,17783,50
0.141083182534203,100,100,100,100,100,1,17783,50
0.925624527502805,100,100,100,100,100,1,17783,50
0.313845452852547,100,100,100,100,100,1,17783,50
0.0119927951600403,100,100,100,100,100,1,17783,50
0.005,100,100,100,100.005,100.005,1,17783,50
0.1961109705735,100,100,100,100,100,1,17783,50
0.529201843775809,100,100,100,100,100,1,17783,50
0.182013545883819,100,100,100,100,100,1,17783,50
0.515874890144914,100,100,100,100,100,1,17783,50
0.736387520795688,100,100,100,100,100,1,17783,50
5e-04,100,100,100,100.0005,100.0005,1,17783,50
0.624120694585145,100,100,100,100,100,1,17783,50
0.484079450368881,100,100,100,100,100,1,17783,50
0.733849593671039,100,100,100,100,100,1,17783,50
0.996605141554028,100,100,100,100,100,1,17783,50
