"p","truediv","chaoest","obsD","upper","lower","l","inds","reps"
0.873274488374591,100,100,100,100,100,1,17783,50
0.135890634497628,100,100,100,100,100,1,17783,50
0.57036589528434,100,100,100,100,100,1,17783,50
0.563623584574088,100,100,100,100,100,1,17783,50
0.142190119484439,100,100,100,100,100,1,17783,50
0.001,100,100,100,100.001,100.001,1,17783,50
0.034176473505795,100,100,100,100,100,1,17783,50
0.75139790866524,100,100,100,100,100,1,17783,50
0.539986070943996,100,100,100,100,100,1,17783,50
0.590101301204413,100,100,100,100,100,1,17783,50
0.653900551144034,100,100,100,100,100,1,17783,50
0.81313676177524,100,100,100,100,100,1,17783,50
0.181195902172476,100,100,100,100,100,1,17783,50
0.671364418230951,100,100,100,100,100,1,17783,50
0.0931527866050601,100,100,100,100,100,1,17783,50
5e-04,100,100,100,100.0005,100.0005,1,17783,50
0.61236855876632,100,100,100,100,100,1,17783,50
5e-04,100,100,100,100.0005,100.0005,1,17783,50
0.061678197234869,100,100,100,100,100,1,17783,50
0.966585677582771,100,100,100,100,100,1,17783,50
0.135674198158085,100,100,100,100,100,1,17783,50
0.463504946092144,100,100,100,100,100,1,17783,50
0.0015,100,100,100,100.0015,100.0015,1,17783,50
0.463739455677569,100,100,100,100,100,1,17783,50
0.598873812006786,100,100,100,100,100,1,17783,50
0.259918000781909,100,100,100,100,100,1,17783,50
0.683211426250637,100,100,100,100,100,1,17783,50
5e-04,100,100,100,100.0005,100.0005,1,17783,50
0.401044931728393,100,100,100,100,100,1,17783,50
0.423111942131072,100,100,100,100,100,1,17783,50
0.001,100,100,100,100.001,100.001,1,17783,50
0.0833788944873959,100,100,100,100,100,1,17783,50
0.35153333703056,100,100,100,100,100,1,17783,50
0.538400479359552,100,100,100,100,100,1,17783,50
0.369579820893705,100,100,100,100,100,1,17783,50
0.0162061580922455,100,100,100,100,100,1,17783,50
0.213221538811922,100,100,100,100,100,1,17783,50
0.0015,100,100,100,100.0015,100.0015,1,17783,50
5e-04,100,100,100,100.0005,100.0005,1,17783,50
0.992277374723926,100,100,100,100,100,1,17783,50
0.330088565824553,100,100,100,100,100,1,17783,50
0.867286348948255,100,100,100,100,100,1,17783,50
0.331545064924285,100,100,100,100,100,1,17783,50
0.643925025593489,100,100,100,100,100,1,17783,50
0.939316732576117,100,100,100,100,100,1,17783,50
0.001,100,100,100,100.001,100.001,1,17783,50
0.564566416433081,100,100,100,100,100,1,17783,50
0.607212491566315,100,100,100,100,100,1,17783,50
0.456549170659855,100,100,100,100,100,1,17783,50
0.155734964413568,100,100,100,100,100,1,17783,50
