"p","truediv","chaoest","obsD","upper","lower","l","inds","reps"
0.77941593201831,100,100,100,100,100,1,17783,50
0.949646526249126,100,100,100,100,100,1,17783,50
0.601636762265116,100,100,100,100,100,1,17783,50
0.688924035523087,100,100,100,100,100,1,17783,50
0.873235350009054,100,100,100,100,100,1,17783,50
0.378420261666179,100,100,100,100,100,1,17783,50
0.684702102793381,100,100,100,100,100,1,17783,50
5e-04,100,100,100,100.0005,100.0005,1,17783,50
0.799375300528482,100,100,100,100,100,1,17783,50
0.0419528959318995,100,100,100,100,100,1,17783,50
0.53879136336036,100,100,100,100,100,1,17783,50
5e-04,100,100,100,100.0005,100.0005,1,17783,50
0.0015,100,100,100,100.0015,100.0015,1,17783,50
0.857455319492146,100,100,100,100,100,1,17783,50
0.37048821663484,100,100,100,100,100,1,17783,50
5e-04,100,100,100,100.0005,100.0005,1,17783,50
0.274975548731163,100,100,100,100,100,1,17783,50
0.844146836781874,100,100,100,100,100,1,17783,50
5e-04,100,100,100,100.0005,100.0005,1,17783,50
0.483615057310089,100,100,100,100,100,1,17783,50
0.0745021079201251,100,100,100,100,100,1,17783,50
0.140141582116485,100,100,100,100,100,1,17783,50
0.667044655187055,100,100,100,100,100,1,17783,50
0.478451992152259,100,100,100,100,100,1,17783,50
0.959116338985041,100,100,100,100,100,1,17783,50
0.187334233196452,100,100,100,100,100,1,17783,50
0.0015,100,100,100,100.0015,100.0015,1,17783,50
0.873316278215498,100,100,100,100,100,1,17783,50
0.0505,100,100,100,100.0505,99.0505,1,17783,50
0.920501164859161,100,100,100,100,100,1,17783,50
0.771535562351346,100,100,100,100,100,1,17783,50
0.00482263532467186,100,100,100,100,100,1,17783,50
0.941683869343251,100,100,100,100,100,1,17783,50
0.387719647726044,100,100,100,100,100,1,17783,50
0.207933894591406,100,100,100,100,100,1,17783,50
0.462503269314766,100,100,100,100,100,1,17783,50
0.0756985393818468,100,100,100,100,100,1,17783,50
0.533184755360708,100,100,100,100,100,1,17783,50
0.00271698855794966,100,100,100,100,100,1,17783,50
0.416196559555829,100,100,100,100,100,1,17783,50
0.557458385359496,100,100,100,100,100,1,17783,50
0.106624158099294,100,100,100,100,100,1,17783,50
0.947343454463407,100,100,100,100,100,1,17783,50
0.13195798988454,100,100,100,100,100,1,17783,50
0.758967962116003,100,100,100,100,100,1,17783,50
0.003,100,100,100,100.003,100.003,1,17783,50
5e-04,100,100,100,100.0005,100.0005,1,17783,50
0.013996402034536,100,100,100,100,100,1,17783,50
0.19179816916585,100,100,100,100,100,1,17783,50
0.748273470206186,100,100,100,100,100,1,17783,50
