"p","truediv","chaoest","obsD","upper","lower","l","inds","reps"
0.163888703100383,100,100,100,100,100,1,17783,50
0.0977129589300603,100,100,100,100,100,1,17783,50
0.7320124914404,100,100,100,100,100,1,17783,50
0.176583980442956,100,100,100,100,100,1,17783,50
0.431787053355947,100,100,100,100,100,1,17783,50
0.0434401188977063,100,100,100,100,100,1,17783,50
0.729309500195086,100,100,100,100,100,1,17783,50
0.199334164615721,100,100,100,100,100,1,17783,50
0.13456752197817,100,100,100,100,100,1,17783,50
0.307376194745302,100,100,100,100,100,1,17783,50
0.575086896307766,100,100,100,100,100,1,17783,50
0.264774256385863,100,100,100,100,100,1,17783,50
0.377266935538501,100,100,100,100,100,1,17783,50
0.833662738790736,100,100,100,100,100,1,17783,50
0.103253914276138,100,100,100,100,100,1,17783,50
0.785308885853738,100,100,100,100,100,1,17783,50
0.170926214428619,100,100,100,100,100,1,17783,50
0.132579282857478,100,100,100,100,100,1,17783,50
0.610585126560181,100,100,100,100,100,1,17783,50
0.440764863276854,100,100,100,100,100,1,17783,50
0.004,100,100,100,100.004,100.004,1,17783,50
0.754896539729089,100,100,100,100,100,1,17783,50
0.70396840153262,100,100,100,100,100,1,17783,50
0.601016270928085,100,100,100,100,100,1,17783,50
0.0055,100,100,100,100.0055,100.0055,1,17783,50
0.342684790724888,100,100,100,100,100,1,17783,50
0.278295634314418,100,100,100,100,100,1,17783,50
0.0294249274302274,100,100,100,100,100,1,17783,50
0.546311456942931,100,100,100,100,100,1,17783,50
0.5030764893163,100,100,100,100,100,1,17783,50
0.776573561364785,100,100,100,100,100,1,17783,50
0.001,100,100,100,100.001,100.001,1,17783,50
0.911112368572503,100,100,100,100,100,1,17783,50
0.00624321983195841,100,100,100,100,100,1,17783,50
0.834404272958636,100,100,100,100,100,1,17783,50
0.246155405649915,100,100,100,100,100,1,17783,50
0.106075598392636,100,100,100,100,100,1,17783,50
0.388265105197206,100,100,100,100,100,1,17783,50
0.603793841786683,100,100,100,100,100,1,17783,50
0.99883786146529,100,100,100,100,100,1,17783,50
0.003,100,100,100,100.003,100.003,1,17783,50
0.9605627451092,100,100,100,100,100,1,17783,50
0.927780468715355,100,100,100,100,100,1,17783,50
0.63798550516367,100,100,100,100,100,1,17783,50
0.268779975594953,100,100,100,100,100,1,17783,50
0.236345633165911,100,100,100,100,100,1,17783,50
5e-04,100,100,100,100.0005,100.0005,1,17783,50
0.0847606922034174,100,100,100,100,100,1,17783,50
0.154485358856618,100,100,100,100,100,1,17783,50
0.0638824300840497,100,100,100,100,100,1,17783,50
