"p","truediv","chaoest","obsD","upper","lower","l","inds","reps"
0.471339016454294,100,100,100,100,100,1,17783,50
0.0162362635601312,100,100,100,100,100,1,17783,50
0.684546424774453,100,100,100,100,100,1,17783,50
0.532727681333199,100,100,100,100,100,1,17783,50
0.53679629880935,100,100,100,100,100,1,17783,50
0.469815386459231,100,100,100,100,100,1,17783,50
0.352974134963006,100,100,100,100,100,1,17783,50
0.802019642433152,100,100,100,100,100,1,17783,50
0.354878144338727,100,100,100,100,100,1,17783,50
0.354574654251337,100,100,100,100,100,1,17783,50
0.99554446269758,100,100,100,100,100,1,17783,50
5e-04,100,100,100,100.0005,100.0005,1,17783,50
0.806019091978669,100,100,100,100,100,1,17783,50
0.005,100,100,100,100.005,100.005,1,17783,50
0.342519007856026,100,100,100,100,100,1,17783,50
0.340898795751855,100,100,100,100,100,1,17783,50
0.669908026233315,100,100,100,100,100,1,17783,50
5e-04,100,100,100,100.0005,100.0005,1,17783,50
0.214996286435053,100,100,100,100,100,1,17783,50
0.759955317247659,100,100,100,100,100,1,17783,50
0.23891598219052,100,100,100,100,100,1,17783,50
0.260551709216088,100,100,100,100,100,1,17783,50
0.001,100,100,100,100.001,100.001,1,17783,50
0.755985915660858,100,100,100,100,100,1,17783,50
0.875330164562911,100,100,100,100,100,1,17783,50
0.280995835550129,100,100,100,100,100,1,17783,50
0.232522594975308,100,100,100,100,100,1,17783,50
0.371670149033889,100,100,100,100,100,1,17783,50
0.18842307315208,100,100,100,100,100,1,17783,50
0.870422101579607,100,100,100,100,100,1,17783,50
0.648411861853674,100,100,100,100,100,1,17783,50
0.830268033081666,100,100,100,100,100,1,17783,50
0.21785444743,100,100,100,100,100,1,17783,50
0.889305179240182,100,100,100,100,100,1,17783,50
0.926717501599342,100,100,100,100,100,1,17783,50
0.553043798310682,100,100,100,100,100,1,17783,50
0.717548423912376,100,100,100,100,100,1,17783,50
0.269098861841485,100,100,100,100,100,1,17783,50
0.581067643593997,100,100,100,100,100,1,17783,50
0.754691157257184,100,100,100,100,100,1,17783,50
0.0578158099669963,100,100,100,100,100,1,17783,50
0.63568715727888,100,100,100,100,100,1,17783,50
0.370315610663965,100,100,100,100,100,1,17783,50
0.001,100,100,100,100.001,100.001,1,17783,50
5e-04,100,100,100,100.0005,100.0005,1,17783,50
0.454240166116506,100,100,100,100,100,1,17783,50
0.104186674579978,100,100,100,100,100,1,17783,50
0.400084729772061,100,100,100,100,100,1,17783,50
0.579051662934944,100,100,100,100,100,1,17783,50
0.96869684685953,100,100,100,100,100,1,17783,50
