"p","truediv","chaoest","obsD","upper","lower","l","inds","reps"
0.872019687434658,100,100,100,100,100,1,17783,50
0.225991354091093,100,100,100,100,100,1,17783,50
0.0360813564620912,100,100,100,100,100,1,17783,50
0.15305362851359,100,100,100,100,100,1,17783,50
0.380655263084918,100,100,100,100,100,1,17783,50
0.290179360192269,100,100,100,100,100,1,17783,50
0.0035,100,100,100,100.0035,100.0035,1,17783,50
0.316188376164064,100,100,100,100,100,1,17783,50
0.69980996241793,100,100,100,100,100,1,17783,50
0.001,100,100,100,100.001,100.001,1,17783,50
0.9897597709205,100,100,100,100,100,1,17783,50
0.933385749580339,100,100,100,100,100,1,17783,50
0.0025,100,100,100,100.0025,100.0025,1,17783,50
0.766289024148136,100,100,100,100,100,1,17783,50
5e-04,100,100,100,100.0005,100.0005,1,17783,50
0.863065521931276,100,100,100,100,100,1,17783,50
0.268664336530492,100,100,100,100,100,1,17783,50
0.276173420716077,100,100,100,100,100,1,17783,50
0.978721141116694,100,100,100,100,100,1,17783,50
0.675661062821746,100,100,100,100,100,1,17783,50
0.61050351918675,100,100,100,100,100,1,17783,50
0.003,100,100,100,100.003,100.003,1,17783,50
0.601573622785509,100,100,100,100,100,1,17783,50
0.432122014230117,100,100,100,100,100,1,17783,50
0.217753448756412,100,100,100,100,100,1,17783,50
0.184983688872308,100,100,100,100,100,1,17783,50
0.151244342327118,100,100,100,100,100,1,17783,50
0.967949626967311,100,100,100,100,100,1,17783,50
5e-04,100,100,100,100.0005,100.0005,1,17783,50
0.419414980337024,100,100,100,100,100,1,17783,50
0.925092434510589,100,100,100,100,100,1,17783,50
0.435423976741731,100,100,100,100,100,1,17783,50
0.258709649555385,100,100,100,100,100,1,17783,50
0.0280100679956377,100,100,100,100,100,1,17783,50
0.712303871987388,100,100,100,100,100,1,17783,50
0.49457018636167,100,100,100,100,100,1,17783,50
0.900995055446401,100,100,100,100,100,1,17783,50
0.747967662289739,100,100,100,100,100,1,17783,50
0.477611232316121,100,100,100,100,100,1,17783,50
0.247337313136086,100,100,100,100,100,1,17783,50
0.675979579798877,100,100,100,100,100,1,17783,50
0.3177106725052,100,100,100,100,100,1,17783,50
0.811869628494605,100,100,100,100,100,1,17783,50
0.072756928158924,100,100,100,100,100,1,17783,50
0.242009737063199,100,100,100,100,100,1,17783,50
0.0571071137674153,100,100,100,100,100,1,17783,50
0.39106019330211,100,100,100,100,100,1,17783,50
0.674757890868932,100,100,100,100,100,1,17783,50
0.727824770612642,100,100,100,100,100,1,17783,50
0.467375368578359,100,100,100,100,100,1,17783,50
