"p","truediv","chaoest","obsD","upper","lower","l","inds","reps"
0.271784174488857,100,100,100,100,100,1,17783,50
0.823656935943291,100,100,100,100,100,1,17783,50
0.92981097754091,100,100,100,100,100,1,17783,50
0.946739702252671,100,100,100,100,100,1,17783,50
0.003,100,100,100,100.003,100.003,1,17783,50
0.0706094079650939,100,100,100,100,100,1,17783,50
0.111874035093933,100,100,100,100,100,1,17783,50
0.0847334493882954,100,100,100,100,100,1,17783,50
0.002,100,100,100,100.002,100.002,1,17783,50
0.157397320261225,100,100,100,100,100,1,17783,50
0.990794973447919,100,100,100,100,100,1,17783,50
0.0075,100,100,100,100.0075,100.0075,1,17783,50
0.724771985085681,100,100,100,100,100,1,17783,50
0.339713380672038,100,100,100,100,100,1,17783,50
0.278365420177579,100,100,100,100,100,1,17783,50
5e-04,100,100,100,100.0005,100.0005,1,17783,50
0.488479612627998,100,100,100,100,100,1,17783,50
0.0450529539957643,100,100,100,100,100,1,17783,50
0.163894006283954,100,100,100,100,100,1,17783,50
0.822516166372225,100,100,100,100,100,1,17783,50
5e-04,100,100,100,100.0005,100.0005,1,17783,50
0.266134396893904,100,100,100,100,100,1,17783,50
0.0025,100,100,100,100.0025,100.0025,1,17783,50
0.582982941763476,100,100,100,100,100,1,17783,50
0.803530005738139,100,100,100,100,100,1,17783,50
0.0547508175950497,100,100,100,100,100,1,17783,50
0.36916019837372,100,100,100,100,100,1,17783,50
0.770375953055918,100,100,100,100,100,1,17783,50
0.816746938740835,100,100,100,100,100,1,17783,50
0.867245575878769,100,100,100,100,100,1,17783,50
0.942155306227505,100,100,100,100,100,1,17783,50
0.904961639549583,100,100,100,100,100,1,17783,50
0.429041646886617,100,100,100,100,100,1,17783,50
0.608526643598452,100,100,100,100,100,1,17783,50
0.28861400205642,100,100,100,100,100,1,17783,50
0.877981026191264,100,100,100,100,100,1,17783,50
0.802103018155321,100,100,100,100,100,1,17783,50
0.41448612161912,100,100,100,100,100,1,17783,50
0.687806077301502,100,100,100,100,100,1,17783,50
0.606507585616782,100,100,100,100,100,1,17783,50
0.001,100,100,100,100.001,100.001,1,17783,50
0.175458940677345,100,100,100,100,100,1,17783,50
0.856908261077479,100,100,100,100,100,1,17783,50
0.600919600110501,100,100,100,100,100,1,17783,50
0.611886935774237,100,100,100,100,100,1,17783,50
0.963651386788115,100,100,100,100,100,1,17783,50
0.00577476737089455,100,100,100,100,100,1,17783,50
0.66075773560442,100,100,100,100,100,1,17783,50
0.483583935769275,100,100,100,100,100,1,17783,50
0.443983153207228,100,100,100,100,100,1,17783,50
