"p","truediv","chaoest","obsD","upper","lower","l","inds","reps"
0.0035,100,100,100,100.0035,100.0035,1,10000,50
5e-04,100,100,100,100.0005,100.0005,1,10000,50
0.374963436508551,100,100,100,100,100,1,10000,50
5e-04,100,100,100,100.0005,100.0005,1,10000,50
0.001,100,100,100,100.001,100.001,1,10000,50
0.002,100,100,100,100.002,100.002,1,10000,50
0.195162743330002,100,100,100,100,100,1,10000,50
0.001,100,100,100,100.001,100.001,1,10000,50
0.045,100,100,100,100.045,99.045,1,10000,50
0.619765325216576,100,100,100,100,100,1,10000,50
0.232311857165769,100,100,100,100,100,1,10000,50
0.81364490557462,100,100,100,100,100,1,10000,50
0.0015,100,100,100,100.000750075,100.000750075,1,10000,50
0.181010159896687,100,100,100,100,100,1,10000,50
0.135115199256688,100,100,100,100,100,1,10000,50
0.7123654903844,100,100,100,100,100,1,10000,50
0.0015,100,100,100,100.0015,100.0015,1,10000,50
0.771412178408355,100,100,100,100,100,1,10000,50
5e-04,100,100,100,100.0005,100.0005,1,10000,50
0.007,100,100,100,100.00650005,100.00650005,1,10000,50
5e-04,100,100,100,100.0005,100.0005,1,10000,50
5e-04,100,100,100,100.0005,100.0005,1,10000,50
0.0065,100,100,100,100.0065,100.0065,1,10000,50
0.734370161546394,100,100,100,100,100,1,10000,50
0.727336019277573,100,100,100,100,100,1,10000,50
0.049,100,100,100,100.048250075,99.048250075,1,10000,50
5e-04,100,100,100,100.0005,100.0005,1,10000,50
0.910672375001013,100,100,100,100,100,1,10000,50
0.001,100,100,100,100.001,100.001,1,10000,50
5e-04,100,100,100,100.0005,100.0005,1,10000,50
0.0045,100,100,100,100.0045,100.0045,1,10000,50
0.738886967068538,100,100,100,100,100,1,10000,50
5e-04,100,100,100,100.0005,100.0005,1,10000,50
0.001,100,100,100,100.001,100.001,1,10000,50
0.001,100,100,100,100.000750025,100.000750025,1,10000,50
0.0015,100,100,100,100.0015,100.0015,1,10000,50
0.008,100,100,100,100.008,100.008,1,10000,50
0.005,100,100,100,100.005,100.005,1,10000,50
5e-04,100,100,100,100.0005,100.0005,1,10000,50
0.0015,100,100,100,100.0015,100.0015,1,10000,50
0.123,100,100,100,100.11100125,99.11100125,1,10000,50
5e-04,100,100,100,100.0005,100.0005,1,10000,50
0.1315,100,100,100,100.1315,99.1315,1,10000,50
0.90336122433655,100,100,100,100,100,1,10000,50
0.01,100,100,100,100.01,100.01,1,10000,50
5e-04,100,100,100,100.0005,100.0005,1,10000,50
0.002,100,100,100,100.002,100.002,1,10000,50
0.268366421107203,100,100,100,100,100,1,10000,50
0.512348527088761,100,100,100,100,100,1,10000,50
0.0055,100,100,100,100.004750075,100.004750075,1,10000,50
