"p","truediv","chaoest","obsD","upper","lower","l","inds","reps"
0.273981099249795,100,100,100,100,100,1,17783,50
0.211384982103482,100,100,100,100,100,1,17783,50
0.644884730689228,100,100,100,100,100,1,17783,50
0.715910040074959,100,100,100,100,100,1,17783,50
0.349706194829196,100,100,100,100,100,1,17783,50
0.986710651544854,100,100,100,100,100,1,17783,50
0.833026623353362,100,100,100,100,100,1,17783,50
0.205236163455993,100,100,100,100,100,1,17783,50
0.001,100,100,100,100.001,100.001,1,17783,50
0.186588447773829,100,100,100,100,100,1,17783,50
0.40583334537223,100,100,100,100,100,1,17783,50
0.754659534199163,100,100,100,100,100,1,17783,50
0.0455,100,100,100,100.0455,99.0455,1,17783,50
0.0015,100,100,100,100.0015,100.0015,1,17783,50
0.7175983407069,100,100,100,100,100,1,17783,50
0.286358608864248,100,100,100,100,100,1,17783,50
0.368793555535376,100,100,100,100,100,1,17783,50
0.132986903190613,100,100,100,100,100,1,17783,50
0.38740093074739,100,100,100,100,100,1,17783,50
0.803747005295008,100,100,100,100,100,1,17783,50
0.176147323800251,100,100,100,100,100,1,17783,50
0.380844237050042,100,100,100,100,100,1,17783,50
0.380650523584336,100,100,100,100,100,1,17783,50
0.86537338513881,100,100,100,100,100,1,17783,50
0.913669602014124,100,100,100,100,100,1,17783,50
0.0045,100,100,100,100.0045,100.0045,1,17783,50
0.348641406744719,100,100,100,100,100,1,17783,50
0.637943387264386,100,100,100,100,100,1,17783,50
0.003,100,100,100,100.003,100.003,1,17783,50
0.417232198175043,100,100,100,100,100,1,17783,50
0.66672266065143,100,100,100,100,100,1,17783,50
0.204913853434846,100,100,100,100,100,1,17783,50
0.877591056982055,100,100,100,100,100,1,17783,50
0.745183494873345,100,100,100,100,100,1,17783,50
0.34606506372802,100,100,100,100,100,1,17783,50
0.001,100,100,100,100.001,100.001,1,17783,50
0.001,100,100,100,100.001,100.001,1,17783,50
0.257884942460805,100,100,100,100,100,1,17783,50
0.697688453597948,100,100,100,100,100,1,17783,50
0.923814208712429,100,100,100,100,100,1,17783,50
5e-04,100,100,100,100.0005,100.0005,1,17783,50
0.503280634758994,100,100,100,100,100,1,17783,50
0.0710580965969712,100,100,100,100,100,1,17783,50
0.0120310049969703,100,100,100,100,100,1,17783,50
0.816571680363268,100,100,100,100,100,1,17783,50
0.26480865990743,100,100,100,100,100,1,17783,50
0.553816608618945,100,100,100,100,100,1,17783,50
0.978580815251917,100,100,100,100,100,1,17783,50
0.355610106373206,100,100,100,100,100,1,17783,50
0.512494513997808,100,100,100,100,100,1,17783,50
