"p","truediv","chaoest","obsD","upper","lower","l","inds","reps"
0.844042875338346,100,100,100,100,100,1,17783,50
0.814502700231969,100,100,100,100,100,1,17783,50
5e-04,100,100,100,100.0005,100.0005,1,17783,50
0.543495493708178,100,100,100,100,100,1,17783,50
0.453594487626106,100,100,100,100,100,1,17783,50
0.0015,100,100,100,100.0015,100.0015,1,17783,50
0.36284325667657,100,100,100,100,100,1,17783,50
0.549108600011095,100,100,100,100,100,1,17783,50
0.989934843732044,100,100,100,100,100,1,17783,50
0.520745513029397,100,100,100,100,100,1,17783,50
0.648398694815114,100,100,100,100,100,1,17783,50
5e-04,100,100,100,100.0005,100.0005,1,17783,50
0.0351130494382232,100,100,100,100,100,1,17783,50
0.967105844058096,100,100,100,100,100,1,17783,50
0.262239805189893,100,100,100,100,100,1,17783,50
0.568302326602861,100,100,100,100,100,1,17783,50
0.62237507221289,100,100,100,100,100,1,17783,50
0.301549225579947,100,100,100,100,100,1,17783,50
0.793938917806372,100,100,100,100,100,1,17783,50
0.908502244856209,100,100,100,100,100,1,17783,50
0.656965818721801,100,100,100,100,100,1,17783,50
0.462976939743385,100,100,100,100,100,1,17783,50
0.0015,100,100,100,100.0015,100.0015,1,17783,50
0.154899418586865,100,100,100,100,100,1,17783,50
0.774859873112291,100,100,100,100,100,1,17783,50
0.965302578173578,100,100,100,100,100,1,17783,50
5e-04,100,100,100,100.0005,100.0005,1,17783,50
0.173766702413559,100,100,100,100,100,1,17783,50
0.992484939051792,100,100,100,100,100,1,17783,50
0.205107328481972,100,100,100,100,100,1,17783,50
5e-04,100,100,100,100.0005,100.0005,1,17783,50
0.675846086582169,100,100,100,100,100,1,17783,50
0.002,100,100,100,100.002,100.002,1,17783,50
0.0035,100,100,100,100.0035,100.0035,1,17783,50
0.102914224611595,100,100,100,100,100,1,17783,50
0.318096621893346,100,100,100,100,100,1,17783,50
0.055694728391245,100,100,100,100,100,1,17783,50
0.990150888450444,100,100,100,100,100,1,17783,50
0.482909401180223,100,100,100,100,100,1,17783,50
0.550227210158482,100,100,100,100,100,1,17783,50
0.863473016070202,100,100,100,100,100,1,17783,50
0.284081477671862,100,100,100,100,100,1,17783,50
0.445547964191064,100,100,100,100,100,1,17783,50
0.872106454102322,100,100,100,100,100,1,17783,50
0.146012287121266,100,100,100,100,100,1,17783,50
0.951273857615888,100,100,100,100,100,1,17783,50
0.118157541146502,100,100,100,100,100,1,17783,50
0.515668276231736,100,100,100,100,100,1,17783,50
0.607394579099491,100,100,100,100,100,1,17783,50
0.16571930819191,100,100,100,100,100,1,17783,50
