"p","truediv","chaoest","obsD","upper","lower","l","inds","reps"
0.276339049218222,100,100,100,100,100,1,17783,50
0.865969412727281,100,100,100,100,100,1,17783,50
0.433612612076104,100,100,100,100,100,1,17783,50
0.631530857179314,100,100,100,100,100,1,17783,50
0.531319377943873,100,100,100,100,100,1,17783,50
0.48901131353341,100,100,100,100,100,1,17783,50
0.718125071842223,100,100,100,100,100,1,17783,50
0.11164935096167,100,100,100,100,100,1,17783,50
0.50814082659781,100,100,100,100,100,1,17783,50
0.53717403463088,100,100,100,100,100,1,17783,50
0.110276219435036,100,100,100,100,100,1,17783,50
5e-04,100,100,100,100.0005,100.0005,1,17783,50
0.001,100,100,100,100.001,100.001,1,17783,50
0.842611327301711,100,100,100,100,100,1,17783,50
0.230235673720017,100,100,100,100,100,1,17783,50
0.326001878362149,100,100,100,100,100,1,17783,50
0.991029356606305,100,100,100,100,100,1,17783,50
0.381833295570686,100,100,100,100,100,1,17783,50
5e-04,100,100,100,100.0005,100.0005,1,17783,50
0.49014232866466,100,100,100,100,100,1,17783,50
0.0981511056888849,100,100,100,100,100,1,17783,50
0.822086302796379,100,100,100,100,100,1,17783,50
0.118639295455068,100,100,100,100,100,1,17783,50
0.471733005717397,100,100,100,100,100,1,17783,50
0.851924264105037,100,100,100,100,100,1,17783,50
0.132475664140657,100,100,100,100,100,1,17783,50
0.843774558277801,100,100,100,100,100,1,17783,50
0.153556551784277,100,100,100,100,100,1,17783,50
0.631752783665434,100,100,100,100,100,1,17783,50
0.13849397865124,100,100,100,100,100,1,17783,50
5e-04,100,100,100,100.0005,100.0005,1,17783,50
0.479354281676933,100,100,100,100,100,1,17783,50
0.143668390111998,100,100,100,100,100,1,17783,50
0.388786295661703,100,100,100,100,100,1,17783,50
0.982383311958984,100,100,100,100,100,1,17783,50
0.173861307324842,100,100,100,100,100,1,17783,50
0.638057231437415,100,100,100,100,100,1,17783,50
0.825339417671785,100,100,100,100,100,1,17783,50
0.558479497907683,100,100,100,100,100,1,17783,50
0.805958614684641,100,100,100,100,100,1,17783,50
0.685752935241908,100,100,100,100,100,1,17783,50
0.924840263091028,100,100,100,100,100,1,17783,50
5e-04,100,100,100,100.0005,100.0005,1,17783,50
0.432908351533115,100,100,100,100,100,1,17783,50
0.212366357445717,100,100,100,100,100,1,17783,50
0.623257216298953,100,100,100,100,100,1,17783,50
0.41910348390229,100,100,100,100,100,1,17783,50
0.60467718495056,100,100,100,100,100,1,17783,50
0.241945303510875,100,100,100,100,100,1,17783,50
0.633439665194601,100,100,100,100,100,1,17783,50
