"p","truediv","chaoest","obsD","upper","lower","l","inds","reps"
0.153082690667361,100,100,100,100,100,1,17783,50
0.339210423873737,100,100,100,100,100,1,17783,50
0.168980994960293,100,100,100,100,100,1,17783,50
0.854147643316537,100,100,100,100,100,1,17783,50
0.282647229731083,100,100,100,100,100,1,17783,50
0.546184388455003,100,100,100,100,100,1,17783,50
0.898721417644992,100,100,100,100,100,1,17783,50
0.001,100,100,100,100.001,100.001,1,17783,50
0.433351121610031,100,100,100,100,100,1,17783,50
0.119995682733133,100,100,100,100,100,1,17783,50
0.471026674378663,100,100,100,100,100,1,17783,50
0.965106748044491,100,100,100,100,100,1,17783,50
0.340196560136974,100,100,100,100,100,1,17783,50
0.201668940251693,100,100,100,100,100,1,17783,50
0.891552953748032,100,100,100,100,100,1,17783,50
0.608944348758087,100,100,100,100,100,1,17783,50
0.526479452149943,100,100,100,100,100,1,17783,50
0.698819156037644,100,100,100,100,100,1,17783,50
0.0035,100,100,100,100.0035,100.0035,1,17783,50
0.787027369253337,100,100,100,100,100,1,17783,50
0.0900733766611665,100,100,100,100,100,1,17783,50
0.66876569064334,100,100,100,100,100,1,17783,50
0.976887541124597,100,100,100,100,100,1,17783,50
0.2687985135708,100,100,100,100,100,1,17783,50
0.68477609124966,100,100,100,100,100,1,17783,50
0.182861344423145,100,100,100,100,100,1,17783,50
0.280362185556442,100,100,100,100,100,1,17783,50
0.951337951235473,100,100,100,100,100,1,17783,50
0.225874056573957,100,100,100,100,100,1,17783,50
0.286470886087045,100,100,100,100,100,1,17783,50
0.657839153893292,100,100,100,100,100,1,17783,50
0.135042814770713,100,100,100,100,100,1,17783,50
0.633619774598628,100,100,100,100,100,1,17783,50
0.463864068500698,100,100,100,100,100,1,17783,50
0.862449991283938,100,100,100,100,100,1,17783,50
0.59888417320326,100,100,100,100,100,1,17783,50
0.492042189231142,100,100,100,100,100,1,17783,50
0.003,100,100,100,100.003,100.003,1,17783,50
5e-04,100,100,100,100.0005,100.0005,1,17783,50
0.009,100,100,100,100.009,100.009,1,17783,50
0.669288095319644,100,100,100,100,100,1,17783,50
0.166342246811837,100,100,100,100,100,1,17783,50
0.316793865524232,100,100,100,100,100,1,17783,50
0.551854142453521,100,100,100,100,100,1,17783,50
0.633759497664869,100,100,100,100,100,1,17783,50
0.0867950364481658,100,100,100,100,100,1,17783,50
0.85809352202341,100,100,100,100,100,1,17783,50
5e-04,100,100,100,100.0005,100.0005,1,17783,50
0.566643743310124,100,100,100,100,100,1,17783,50
0.141876430716366,100,100,100,100,100,1,17783,50
