"p","truediv","chaoest","obsD","upper","lower","l","inds","reps"
0.651733429171145,100,100,100,100,100,1,17783,50
0.0311421421356499,100,100,100,100,100,1,17783,50
0.0298059366177768,100,100,100,100,100,1,17783,50
0.96178541239351,100,100,100,100,100,1,17783,50
0.51743891229853,100,100,100,100,100,1,17783,50
0.990865750936791,100,100,100,100,100,1,17783,50
0.856495533371344,100,100,100,100,100,1,17783,50
0.106970838969573,100,100,100,100,100,1,17783,50
0.550598284229636,100,100,100,100,100,1,17783,50
0.276039082789794,100,100,100,100,100,1,17783,50
0.813456906238571,100,100,100,100,100,1,17783,50
0.495304032927379,100,100,100,100,100,1,17783,50
0.35062293917872,100,100,100,100,100,1,17783,50
0.540400811238214,100,100,100,100,100,1,17783,50
0.92102351388894,100,100,100,100,100,1,17783,50
0.371473840204999,100,100,100,100,100,1,17783,50
0.72435714607127,100,100,100,100,100,1,17783,50
0.51736911595799,100,100,100,100,100,1,17783,50
0.329091899329796,100,100,100,100,100,1,17783,50
0.328633686061949,100,100,100,100,100,1,17783,50
0.101445279782638,100,100,100,100,100,1,17783,50
0.485347567591816,100,100,100,100,100,1,17783,50
0.432367574889213,100,100,100,100,100,1,17783,50
0.393742226995528,100,100,100,100,100,1,17783,50
5e-04,100,100,100,100.0005,100.0005,1,17783,50
0.0227493117563426,100,100,100,100,100,1,17783,50
0.001,100,100,100,100.001,100.001,1,17783,50
0.238692901330069,100,100,100,100,100,1,17783,50
0.437115098582581,100,100,100,100,100,1,17783,50
0.143883770797402,100,100,100,100,100,1,17783,50
0.969444658374414,100,100,100,100,100,1,17783,50
0.985615186858922,100,100,100,100,100,1,17783,50
0.0545522354077548,100,100,100,100,100,1,17783,50
0.001,100,100,100,100.001,100.001,1,17783,50
0.24528020247817,100,100,100,100,100,1,17783,50
0.516356202540919,100,100,100,100,100,1,17783,50
0.279262176947668,100,100,100,100,100,1,17783,50
5e-04,100,100,100,100.0005,100.0005,1,17783,50
0.271106428699568,100,100,100,100,100,1,17783,50
0.434655124554411,100,100,100,100,100,1,17783,50
0.002,100,100,100,100.002,100.002,1,17783,50
0.743414344964549,100,100,100,100,100,1,17783,50
0.922004907391965,100,100,100,100,100,1,17783,50
0.31686436990276,100,100,100,100,100,1,17783,50
0.108823211863637,100,100,100,100,100,1,17783,50
0.189353092573583,100,100,100,100,100,1,17783,50
0.349542827811092,100,100,100,100,100,1,17783,50
0.544585229596123,100,100,100,100,100,1,17783,50
0.836873185355216,100,100,100,100,100,1,17783,50
5e-04,100,100,100,100.0005,100.0005,1,17783,50
