"p","truediv","chaoest","obsD","upper","lower","l","inds","reps"
0.632881755474955,100,100,100,100,100,1,17783,50
0.493585422169417,100,100,100,100,100,1,17783,50
0.491590697085485,100,100,100,100,100,1,17783,50
0.161549075040966,100,100,100,100,100,1,17783,50
0.345520027913153,100,100,100,100,100,1,17783,50
0.655653077177703,100,100,100,100,100,1,17783,50
0.775620122207329,100,100,100,100,100,1,17783,50
0.898918761871755,100,100,100,100,100,1,17783,50
0.194747917819768,100,100,100,100,100,1,17783,50
0.186801366740838,100,100,100,100,100,1,17783,50
0.91611414658837,100,100,100,100,100,1,17783,50
0.0633256000000983,100,100,100,100,100,1,17783,50
0.37422450282611,100,100,100,100,100,1,17783,50
0.867843641666695,100,100,100,100,100,1,17783,50
0.891098789172247,100,100,100,100,100,1,17783,50
0.8821022992488,100,100,100,100,100,1,17783,50
0.203987496905029,100,100,100,100,100,1,17783,50
0.965531517751515,100,100,100,100,100,1,17783,50
0.770019402261823,100,100,100,100,100,1,17783,50
0.779964630492032,100,100,100,100,100,1,17783,50
0.130858685588464,100,100,100,100,100,1,17783,50
0.499482658458874,100,100,100,100,100,1,17783,50
0.510844229254872,100,100,100,100,100,1,17783,50
0.647965093376115,100,100,100,100,100,1,17783,50
0.980680071981624,100,100,100,100,100,1,17783,50
0.263750094454736,100,100,100,100,100,1,17783,50
0.018,100,100,100,100.018,100.018,1,17783,50
0.641617372399196,100,100,100,100,100,1,17783,50
5e-04,100,100,100,100.0005,100.0005,1,17783,50
0.8936865280848,100,100,100,100,100,1,17783,50
0.174814361846074,100,100,100,100,100,1,17783,50
5e-04,100,100,100,100.0005,100.0005,1,17783,50
0.982447491260245,100,100,100,100,100,1,17783,50
5e-04,100,100,100,100.0005,100.0005,1,17783,50
0.201376378769055,100,100,100,100,100,1,17783,50
5e-04,100,100,100,100.0005,100.0005,1,17783,50
0.359525777865201,100,100,100,100,100,1,17783,50
0.295782112516463,100,100,100,100,100,1,17783,50
0.172896832460538,100,100,100,100,100,1,17783,50
0.504455787362531,100,100,100,100,100,1,17783,50
0.0144278816878796,100,100,100,100,100,1,17783,50
0.117045923369005,100,100,100,100,100,1,17783,50
0.506600909400731,100,100,100,100,100,1,17783,50
0.805591983022168,100,100,100,100,100,1,17783,50
0.509736967040226,100,100,100,100,100,1,17783,50
0.591874777106568,100,100,100,100,100,1,17783,50
0.351016100030392,100,100,100,100,100,1,17783,50
0.223478031810373,100,100,100,100,100,1,17783,50
0.908719905419275,100,100,100,100,100,1,17783,50
0.001,100,100,100,100.001,100.001,1,17783,50
