"p","truediv","chaoest","obsD","upper","lower","l","inds","reps"
0.271091735456139,100,100,100,100,100,1,17783,50
0.363377076340839,100,100,100,100,100,1,17783,50
0.196741894353181,100,100,100,100,100,1,17783,50
0.0673670305404812,100,100,100,100,100,1,17783,50
0.599048307398334,100,100,100,100,100,1,17783,50
5e-04,100,100,100,100.0005,100.0005,1,17783,50
0.298504010774195,100,100,100,100,100,1,17783,50
0.545303637161851,100,100,100,100,100,1,17783,50
0.895735734608024,100,100,100,100,100,1,17783,50
0.0625971655827016,100,100,100,100,100,1,17783,50
0.806454252218828,100,100,100,100,100,1,17783,50
0.931935133878142,100,100,100,100,100,1,17783,50
0.160364635987207,100,100,100,100,100,1,17783,50
0.059282642789185,100,100,100,100,100,1,17783,50
0.518233837094158,100,100,100,100,100,1,17783,50
0.001,100,100,100,100.001,100.001,1,17783,50
0.294600700959563,100,100,100,100,100,1,17783,50
0.768797213444486,100,100,100,100,100,1,17783,50
0.735791155602783,100,100,100,100,100,1,17783,50
0.963854229543358,100,100,100,100,100,1,17783,50
0.684597942978144,100,100,100,100,100,1,17783,50
0.521639304701239,100,100,100,100,100,1,17783,50
0.805743631208315,100,100,100,100,100,1,17783,50
0.719690233003348,100,100,100,100,100,1,17783,50
0.300561820622534,100,100,100,100,100,1,17783,50
0.431424747919664,100,100,100,100,100,1,17783,50
0.348864950006828,100,100,100,100,100,1,17783,50
0.607885049888864,100,100,100,100,100,1,17783,50
0.36217430816032,100,100,100,100,100,1,17783,50
5e-04,100,100,100,100.0005,100.0005,1,17783,50
0.702196872793138,100,100,100,100,100,1,17783,50
0.630703525850549,100,100,100,100,100,1,17783,50
0.938255768967792,100,100,100,100,100,1,17783,50
0.890295122284442,100,100,100,100,100,1,17783,50
0.401553431292996,100,100,100,100,100,1,17783,50
0.544859878020361,100,100,100,100,100,1,17783,50
0.001,100,100,100,100.001,100.001,1,17783,50
0.30253192759119,100,100,100,100,100,1,17783,50
0.003,100,100,100,100.003,100.003,1,17783,50
0.938098212936893,100,100,100,100,100,1,17783,50
0.219095424516127,100,100,100,100,100,1,17783,50
0.201581996399909,100,100,100,100,100,1,17783,50
0.784936902811751,100,100,100,100,100,1,17783,50
0.16615886753425,100,100,100,100,100,1,17783,50
0.704513383796439,100,100,100,100,100,1,17783,50
0.225887902546674,100,100,100,100,100,1,17783,50
0.76009756163694,100,100,100,100,100,1,17783,50
5e-04,100,100,100,100.0005,100.0005,1,17783,50
0.377116176299751,100,100,100,100,100,1,17783,50
0.200826747575775,100,100,100,100,100,1,17783,50
