"p","truediv","chaoest","obsD","upper","lower","l","inds","reps"
0.640332081122324,100,100,100,100,100,1,17783,50
5e-04,100,100,100,100.0005,100.0005,1,17783,50
0.382399726426229,100,100,100,100,100,1,17783,50
0.96794152376242,100,100,100,100,100,1,17783,50
0.975898277247325,100,100,100,100,100,1,17783,50
0.238303244346753,100,100,100,100,100,1,17783,50
0.707937756553292,100,100,100,100,100,1,17783,50
0.518097242573276,100,100,100,100,100,1,17783,50
0.948707254137844,100,100,100,100,100,1,17783,50
0.272602928103879,100,100,100,100,100,1,17783,50
0.514112402219325,100,100,100,100,100,1,17783,50
0.0142967333085835,100,100,100,100,100,1,17783,50
0.376637590117753,100,100,100,100,100,1,17783,50
0.991437554359436,100,100,100,100,100,1,17783,50
0.122342317597941,100,100,100,100,100,1,17783,50
0.651160643436015,100,100,100,100,100,1,17783,50
0.0890926481224597,100,100,100,100,100,1,17783,50
0.861286058090627,100,100,100,100,100,1,17783,50
0.340318587841466,100,100,100,100,100,1,17783,50
0.24524201429449,100,100,100,100,100,1,17783,50
0.228605977958068,100,100,100,100,100,1,17783,50
0.0065,100,100,100,100.0065,100.0065,1,17783,50
0.356605283217505,100,100,100,100,100,1,17783,50
0.579940449213609,100,100,100,100,100,1,17783,50
0.001,100,100,100,100.001,100.001,1,17783,50
0.0642897963989526,100,100,100,100,100,1,17783,50
0.289696289226413,100,100,100,100,100,1,17783,50
0.717552623711526,100,100,100,100,100,1,17783,50
0.7104116238188,100,100,100,100,100,1,17783,50
5e-04,100,100,100,100.0005,100.0005,1,17783,50
0.875439290190116,100,100,100,100,100,1,17783,50
0.250711012165993,100,100,100,100,100,1,17783,50
0.975083702011034,100,100,100,100,100,1,17783,50
0.571414665086195,100,100,100,100,100,1,17783,50
0.275961919687688,100,100,100,100,100,1,17783,50
0.634824233828112,100,100,100,100,100,1,17783,50
0.198843752034009,100,100,100,100,100,1,17783,50
0.505269799614325,100,100,100,100,100,1,17783,50
0.0929510812275112,100,100,100,100,100,1,17783,50
0.819949914468452,100,100,100,100,100,1,17783,50
0.296063929097727,100,100,100,100,100,1,17783,50
0.350224959664047,100,100,100,100,100,1,17783,50
0.800126855960116,100,100,100,100,100,1,17783,50
0.269237898522988,100,100,100,100,100,1,17783,50
0.077926694881171,100,100,100,100,100,1,17783,50
0.110185956582427,100,100,100,100,100,1,17783,50
5e-04,100,100,100,100.0005,100.0005,1,17783,50
0.001,100,100,100,100.001,100.001,1,17783,50
0.598060303600505,100,100,100,100,100,1,17783,50
0.354638720164075,100,100,100,100,100,1,17783,50
