"p","truediv","chaoest","obsD","upper","lower","l","inds","reps"
0.246632897527888,100,100,100,100,100,1,17783,50
0.0788178462535143,100,100,100,100,100,1,17783,50
0.70065363869071,100,100,100,100,100,1,17783,50
0.084779629483819,100,100,100,100,100,1,17783,50
0.396861619316041,100,100,100,100,100,1,17783,50
0.722544674994424,100,100,100,100,100,1,17783,50
0.001,100,100,100,100.001,100.001,1,17783,50
0.980200649704784,100,100,100,100,100,1,17783,50
0.433327614562586,100,100,100,100,100,1,17783,50
0.537668294738978,100,100,100,100,100,1,17783,50
0.849607673240826,100,100,100,100,100,1,17783,50
5e-04,100,100,100,100.0005,100.0005,1,17783,50
5e-04,100,100,100,100.0005,100.0005,1,17783,50
0.266657561762258,100,100,100,100,100,1,17783,50
0.136557662859559,100,100,100,100,100,1,17783,50
0.53371650329791,100,100,100,100,100,1,17783,50
0.635812050197273,100,100,100,100,100,1,17783,50
0.526494539808482,100,100,100,100,100,1,17783,50
0.86516406503506,100,100,100,100,100,1,17783,50
0.517796702915803,100,100,100,100,100,1,17783,50
5e-04,100,100,100,100.0005,100.0005,1,17783,50
0.122780159115791,100,100,100,100,100,1,17783,50
0.31647822400555,100,100,100,100,100,1,17783,50
0.618957479018718,100,100,100,100,100,1,17783,50
0.946092265192419,100,100,100,100,100,1,17783,50
0.296315643005073,100,100,100,100,100,1,17783,50
0.431353968800977,100,100,100,100,100,1,17783,50
0.0381518693175167,100,100,100,100,100,1,17783,50
0.697666873922572,100,100,100,100,100,1,17783,50
0.181874113390222,100,100,100,100,100,1,17783,50
0.968490783125162,100,100,100,100,100,1,17783,50
0.632016219897196,100,100,100,100,100,1,17783,50
5e-04,100,100,100,100.0005,100.0005,1,17783,50
0.249698305036873,100,100,100,100,100,1,17783,50
0.713866336736828,100,100,100,100,100,1,17783,50
0.952249244553968,100,100,100,100,100,1,17783,50
0.975801220862195,100,100,100,100,100,1,17783,50
5e-04,100,100,100,100.0005,100.0005,1,17783,50
0.723249341128394,100,100,100,100,100,1,17783,50
0.0719353298190981,100,100,100,100,100,1,17783,50
0.395396280568093,100,100,100,100,100,1,17783,50
0.026002406841144,100,100,100,100,100,1,17783,50
0.900492944987491,100,100,100,100,100,1,17783,50
5e-04,100,100,100,100.0005,100.0005,1,17783,50
0.603442283114418,100,100,100,100,100,1,17783,50
0.596049035899341,100,100,100,100,100,1,17783,50
0.925712971249595,100,100,100,100,100,1,17783,50
0.137918317923322,100,100,100,100,100,1,17783,50
0.454206535127014,100,100,100,100,100,1,17783,50
5e-04,100,100,100,100.0005,100.0005,1,17783,50
