"p","truediv","chaoest","obsD","upper","lower","l","inds","reps"
0.111928132595494,100,100,100,100,100,1,17783,50
0.738098059082404,100,100,100,100,100,1,17783,50
5e-04,100,100,100,100.0005,100.0005,1,17783,50
0.086113961180672,100,100,100,100,100,1,17783,50
0.001,100,100,100,100.001,100.001,1,17783,50
0.847327961353585,100,100,100,100,100,1,17783,50
0.544909215532243,100,100,100,100,100,1,17783,50
0.969000807963312,100,100,100,100,100,1,17783,50
0.993209683103487,100,100,100,100,100,1,17783,50
0.784913892159238,100,100,100,100,100,1,17783,50
0.566795414779335,100,100,100,100,100,1,17783,50
0.378302057972178,100,100,100,100,100,1,17783,50
0.276329895015806,100,100,100,100,100,1,17783,50
0.820497740991414,100,100,100,100,100,1,17783,50
0.942391768563539,100,100,100,100,100,1,17783,50
0.14904982317239,100,100,100,100,100,1,17783,50
0.00813871738500893,100,100,100,100,100,1,17783,50
0.147324793739244,100,100,100,100,100,1,17783,50
0.19116469216533,100,100,100,100,100,1,17783,50
0.111703834729269,100,100,100,100,100,1,17783,50
0.450786558911204,100,100,100,100,100,1,17783,50
0.306034711655229,100,100,100,100,100,1,17783,50
0.929293785709888,100,100,100,100,100,1,17783,50
0.0015,100,100,100,100.0015,100.0015,1,17783,50
0.708073701709509,100,100,100,100,100,1,17783,50
0.0475332732312381,100,100,100,100,100,1,17783,50
0.391286236001179,100,100,100,100,100,1,17783,50
0.0605196089018136,100,100,100,100,100,1,17783,50
0.499108714284375,100,100,100,100,100,1,17783,50
0.850833910284564,100,100,100,100,100,1,17783,50
0.739079215796664,100,100,100,100,100,1,17783,50
0.601811005035415,100,100,100,100,100,1,17783,50
0.288506732089445,100,100,100,100,100,1,17783,50
0.495710867224261,100,100,100,100,100,1,17783,50
0.961869542254135,100,100,100,100,100,1,17783,50
0.434099690290168,100,100,100,100,100,1,17783,50
0.793687375029549,100,100,100,100,100,1,17783,50
0.650664350716397,100,100,100,100,100,1,17783,50
0.280981817981228,100,100,100,100,100,1,17783,50
0.001,100,100,100,100.001,100.001,1,17783,50
0.0679086563177407,100,100,100,100,100,1,17783,50
0.335536090889946,100,100,100,100,100,1,17783,50
0.228887600824237,100,100,100,100,100,1,17783,50
0.285128040704876,100,100,100,100,100,1,17783,50
5e-04,100,100,100,100.0005,100.0005,1,17783,50
0.835272768512368,100,100,100,100,100,1,17783,50
0.002,100,100,100,100.002,100.002,1,17783,50
0.320501213427633,100,100,100,100,100,1,17783,50
0.67107768333517,100,100,100,100,100,1,17783,50
0.001,100,100,100,100.001,100.001,1,17783,50
