"p","truediv","chaoest","obsD","upper","lower","l","inds","reps"
0.108694458147511,100,100,100,100,100,1,17783,50
0.659440167946741,100,100,100,100,100,1,17783,50
0.719387819524854,100,100,100,100,100,1,17783,50
0.001,100,100,100,100.001,100.001,1,17783,50
0.459948319243267,100,100,100,100,100,1,17783,50
0.0968889985233545,100,100,100,100,100,1,17783,50
0.288116049952805,100,100,100,100,100,1,17783,50
0.297498577507213,100,100,100,100,100,1,17783,50
0.0296833920292556,100,100,100,100,100,1,17783,50
0.649547219043598,100,100,100,100,100,1,17783,50
5e-04,100,100,100,100.0005,100.0005,1,17783,50
0.296456524869427,100,100,100,100,100,1,17783,50
5e-04,100,100,100,100.0005,100.0005,1,17783,50
0.343824383802712,100,100,100,100,100,1,17783,50
0.753043585689738,100,100,100,100,100,1,17783,50
0.715706213610247,100,100,100,100,100,1,17783,50
0.371888071764261,100,100,100,100,100,1,17783,50
0.240674952976406,100,100,100,100,100,1,17783,50
0.858523855451494,100,100,100,100,100,1,17783,50
0.210503461537883,100,100,100,100,100,1,17783,50
0.777917960425839,100,100,100,100,100,1,17783,50
0.606037718476728,100,100,100,100,100,1,17783,50
0.0627402188256383,100,100,100,100,100,1,17783,50
0.330324190901592,100,100,100,100,100,1,17783,50
0.001,100,100,100,100.001,100.001,1,17783,50
0.272235909709707,100,100,100,100,100,1,17783,50
0.413267126306891,100,100,100,100,100,1,17783,50
0.153616902185604,100,100,100,100,100,1,17783,50
5e-04,100,100,100,100.0005,100.0005,1,17783,50
0.299171259393916,100,100,100,100,100,1,17783,50
0.42099893768318,100,100,100,100,100,1,17783,50
0.863779321778566,100,100,100,100,100,1,17783,50
0.165163237834349,100,100,100,100,100,1,17783,50
0.592178996186703,100,100,100,100,100,1,17783,50
0.232853181893006,100,100,100,100,100,1,17783,50
0.175526863196865,100,100,100,100,100,1,17783,50
0.030354866059497,100,100,100,100,100,1,17783,50
0.188928628107533,100,100,100,100,100,1,17783,50
0.868653000332415,100,100,100,100,100,1,17783,50
0.815536799374968,100,100,100,100,100,1,17783,50
0.837462638970464,100,100,100,100,100,1,17783,50
0.498718200949952,100,100,100,100,100,1,17783,50
0.910291138570756,100,100,100,100,100,1,17783,50
0.98077439609915,100,100,100,100,100,1,17783,50
5e-04,100,100,100,100.0005,100.0005,1,17783,50
0.001,100,100,100,100.001,100.001,1,17783,50
0.731020825216547,100,100,100,100,100,1,17783,50
5e-04,100,100,100,100.0005,100.0005,1,17783,50
0.3080611275509,100,100,100,100,100,1,17783,50
0.251917104003951,100,100,100,100,100,1,17783,50
