"p","truediv","chaoest","obsD","upper","lower","l","inds","reps"
0.958061318844557,100,100,100,100,100,1,17783,50
0.308661250397563,100,100,100,100,100,1,17783,50
0.966462278505787,100,100,100,100,100,1,17783,50
0.592643788084388,100,100,100,100,100,1,17783,50
0.001,100,100,100,100.001,100.001,1,17783,50
0.126198792364448,100,100,100,100,100,1,17783,50
0.36290144524537,100,100,100,100,100,1,17783,50
0.401386783923954,100,100,100,100,100,1,17783,50
0.629367827903479,100,100,100,100,100,1,17783,50
0.642763493582606,100,100,100,100,100,1,17783,50
0.381463752593845,100,100,100,100,100,1,17783,50
0.917160555720329,100,100,100,100,100,1,17783,50
0.909909138223156,100,100,100,100,100,1,17783,50
0.500085835810751,100,100,100,100,100,1,17783,50
0.439877436030656,100,100,100,100,100,1,17783,50
0.608374957228079,100,100,100,100,100,1,17783,50
5e-04,100,100,100,100.0005,100.0005,1,17783,50
0.0226637211162597,100,100,100,100,100,1,17783,50
0.629296597559005,100,100,100,100,100,1,17783,50
0.375364975770935,100,100,100,100,100,1,17783,50
0.366728530498222,100,100,100,100,100,1,17783,50
0.523780681891367,100,100,100,100,100,1,17783,50
0.838173315161839,100,100,100,100,100,1,17783,50
5e-04,100,100,100,100.0005,100.0005,1,17783,50
0.001,100,100,100,100.001,100.001,1,17783,50
0.0396098655182868,100,100,100,100,100,1,17783,50
0.71469114953652,100,100,100,100,100,1,17783,50
0.362043612869456,100,100,100,100,100,1,17783,50
0.795641354285181,100,100,100,100,100,1,17783,50
0.794765695696697,100,100,100,100,100,1,17783,50
5e-04,100,100,100,100.0005,100.0005,1,17783,50
0.758994308765978,100,100,100,100,100,1,17783,50
0.769954812480137,100,100,100,100,100,1,17783,50
0.866956395097077,100,100,100,100,100,1,17783,50
0.552253434667364,100,100,100,100,100,1,17783,50
5e-04,100,100,100,100.0005,100.0005,1,17783,50
0.926833448698744,100,100,100,100,100,1,17783,50
0.152428793953732,100,100,100,100,100,1,17783,50
0.299805423477665,100,100,100,100,100,1,17783,50
5e-04,100,100,100,100.0005,100.0005,1,17783,50
0.894515042193234,100,100,100,100,100,1,17783,50
0.1837240064051,100,100,100,100,100,1,17783,50
0.006,100,100,100,100.006,100.006,1,17783,50
0.680571892764419,100,100,100,100,100,1,17783,50
0.001,100,100,100,100.001,100.001,1,17783,50
0.001,100,100,100,100.001,100.001,1,17783,50
0.865018354495987,100,100,100,100,100,1,17783,50
0.334114707773551,100,100,100,100,100,1,17783,50
0.642462687101215,100,100,100,100,100,1,17783,50
0.420779003761709,100,100,100,100,100,1,17783,50
