"p","truediv","chaoest","obsD","upper","lower","l","inds","reps"
5e-04,100,100,100,100.0005,100.0005,1,17783,50
0.982556782197207,100,100,100,100,100,1,17783,50
0.238419492030516,100,100,100,100,100,1,17783,50
0.524471203098074,100,100,100,100,100,1,17783,50
0.903916037408635,100,100,100,100,100,1,17783,50
0.135679825907573,100,100,100,100,100,1,17783,50
0.214881732361391,100,100,100,100,100,1,17783,50
0.832286601420492,100,100,100,100,100,1,17783,50
0.90014329040423,100,100,100,100,100,1,17783,50
0.210175241576508,100,100,100,100,100,1,17783,50
0.235599134583026,100,100,100,100,100,1,17783,50
0.538524774601683,100,100,100,100,100,1,17783,50
0.58143277396448,100,100,100,100,100,1,17783,50
0.4936901666224,100,100,100,100,100,1,17783,50
0.387890100711957,100,100,100,100,100,1,17783,50
5e-04,100,100,100,100.0005,100.0005,1,17783,50
0.532275172416121,100,100,100,100,100,1,17783,50
0.93397089629434,100,100,100,100,100,1,17783,50
0.915243824711069,100,100,100,100,100,1,17783,50
0.887742795515805,100,100,100,100,100,1,17783,50
0.846605612430722,100,100,100,100,100,1,17783,50
0.947780584217981,100,100,100,100,100,1,17783,50
0.794536731671542,100,100,100,100,100,1,17783,50
0.285112499026582,100,100,100,100,100,1,17783,50
0.960712982341647,100,100,100,100,100,1,17783,50
0.538899771170691,100,100,100,100,100,1,17783,50
0.844737826613709,100,100,100,100,100,1,17783,50
0.034089248161763,100,100,100,100,100,1,17783,50
0.676547581795603,100,100,100,100,100,1,17783,50
0.205277449451387,100,100,100,100,100,1,17783,50
0.737826119409874,100,100,100,100,100,1,17783,50
0.521264606621116,100,100,100,100,100,1,17783,50
0.0015,100,100,100,100.0015,100.0015,1,17783,50
0.001,100,100,100,100.001,100.001,1,17783,50
0.278898427030072,100,100,100,100,100,1,17783,50
0.562007360858843,100,100,100,100,100,1,17783,50
5e-04,100,100,100,100.0005,100.0005,1,17783,50
0.322738630464301,100,100,100,100,100,1,17783,50
0.886553907068446,100,100,100,100,100,1,17783,50
0.444217932643369,100,100,100,100,100,1,17783,50
0.798579784343019,100,100,100,100,100,1,17783,50
0.894600740866736,100,100,100,100,100,1,17783,50
0.678214143496007,100,100,100,100,100,1,17783,50
0.453039038227871,100,100,100,100,100,1,17783,50
0.918867895379663,100,100,100,100,100,1,17783,50
0.782052057329565,100,100,100,100,100,1,17783,50
0.313336800551042,100,100,100,100,100,1,17783,50
0.37045085686259,100,100,100,100,100,1,17783,50
0.753749520052224,100,100,100,100,100,1,17783,50
0.637327520409599,100,100,100,100,100,1,17783,50
