"p","truediv","chaoest","obsD","upper","lower","l","inds","reps"
0.355873950757086,100,100,100,100,100,1,17783,50
0.001,100,100,100,100.001,100.001,1,17783,50
0.144759952323511,100,100,100,100,100,1,17783,50
0.919298856519163,100,100,100,100,100,1,17783,50
5e-04,100,100,100,100.0005,100.0005,1,17783,50
0.387169932946563,100,100,100,100,100,1,17783,50
0.290307257557288,100,100,100,100,100,1,17783,50
0.690421710023656,100,100,100,100,100,1,17783,50
0.644382746890187,100,100,100,100,100,1,17783,50
0.815616442123428,100,100,100,100,100,1,17783,50
0.621350177098066,100,100,100,100,100,1,17783,50
0.726055158302188,100,100,100,100,100,1,17783,50
0.457074587931857,100,100,100,100,100,1,17783,50
0.76053218008019,100,100,100,100,100,1,17783,50
0.308432657504454,100,100,100,100,100,1,17783,50
0.912923882715404,100,100,100,100,100,1,17783,50
0.937763308407739,100,100,100,100,100,1,17783,50
0.909196677617729,100,100,100,100,100,1,17783,50
0.154400107683614,100,100,100,100,100,1,17783,50
0.971954853273928,100,100,100,100,100,1,17783,50
0.449390042107552,100,100,100,100,100,1,17783,50
0.113356997258961,100,100,100,100,100,1,17783,50
0.258730674162507,100,100,100,100,100,1,17783,50
0.898047372465953,100,100,100,100,100,1,17783,50
0.0913829936180264,100,100,100,100,100,1,17783,50
0.964648956432939,100,100,100,100,100,1,17783,50
0.810628599487245,100,100,100,100,100,1,17783,50
0.370097026461735,100,100,100,100,100,1,17783,50
0.601006178883836,100,100,100,100,100,1,17783,50
0.666447026189417,100,100,100,100,100,1,17783,50
0.172094728797674,100,100,100,100,100,1,17783,50
0.445253038778901,100,100,100,100,100,1,17783,50
0.001,100,100,100,100.001,100.001,1,17783,50
0.872864865930751,100,100,100,100,100,1,17783,50
0.270046334015206,100,100,100,100,100,1,17783,50
5e-04,100,100,100,100.0005,100.0005,1,17783,50
0.714526600437239,100,100,100,100,100,1,17783,50
0.130523908883333,100,100,100,100,100,1,17783,50
0.225830931449309,100,100,100,100,100,1,17783,50
0.71238533151336,100,100,100,100,100,1,17783,50
0.418410701677203,100,100,100,100,100,1,17783,50
0.922464698320255,100,100,100,100,100,1,17783,50
0.00601824349723756,100,100,100,100,100,1,17783,50
0.438176670810208,100,100,100,100,100,1,17783,50
5e-04,100,100,100,100.0005,100.0005,1,17783,50
0.87054292531684,100,100,100,100,100,1,17783,50
0.235774839995429,100,100,100,100,100,1,17783,50
0.602130101062357,100,100,100,100,100,1,17783,50
0.214354198658839,100,100,100,100,100,1,17783,50
0.14884826191701,100,100,100,100,100,1,17783,50
