"p","truediv","chaoest","obsD","upper","lower","l","inds","reps"
0.17646344169043,100,100,100,100,100,1,17783,50
0.0177439146209508,100,100,100,100,100,1,17783,50
0.627737656701356,100,100,100,100,100,1,17783,50
0.288282667985186,100,100,100,100,100,1,17783,50
0.773289666045457,100,100,100,100,100,1,17783,50
0.961590324528515,100,100,100,100,100,1,17783,50
0.476688355905935,100,100,100,100,100,1,17783,50
0.859222870320082,100,100,100,100,100,1,17783,50
0.162187099922448,100,100,100,100,100,1,17783,50
0.756783124757931,100,100,100,100,100,1,17783,50
0.004,100,100,100,100.004,100.004,1,17783,50
5e-04,100,100,100,100.0005,100.0005,1,17783,50
0.520093468483537,100,100,100,100,100,1,17783,50
0.262928143609315,100,100,100,100,100,1,17783,50
0.599461552454159,100,100,100,100,100,1,17783,50
0.278313141316175,100,100,100,100,100,1,17783,50
0.162117124767974,100,100,100,100,100,1,17783,50
0.732163224136457,100,100,100,100,100,1,17783,50
0.359504853608087,100,100,100,100,100,1,17783,50
5e-04,100,100,100,100.0005,100.0005,1,17783,50
0.519561834167689,100,100,100,100,100,1,17783,50
0.415634367382154,100,100,100,100,100,1,17783,50
0.61741464631632,100,100,100,100,100,1,17783,50
0.391621622955427,100,100,100,100,100,1,17783,50
0.794078272767365,100,100,100,100,100,1,17783,50
0.329627740895376,100,100,100,100,100,1,17783,50
0.610401218058541,100,100,100,100,100,1,17783,50
0.48129409388639,100,100,100,100,100,1,17783,50
0.894037508405745,100,100,100,100,100,1,17783,50
0.731215832522139,100,100,100,100,100,1,17783,50
0.475172103615478,100,100,100,100,100,1,17783,50
0.140558994608,100,100,100,100,100,1,17783,50
0.849877708824351,100,100,100,100,100,1,17783,50
0.680088908411562,100,100,100,100,100,1,17783,50
0.421422500163317,100,100,100,100,100,1,17783,50
0.0131896366365254,100,100,100,100,100,1,17783,50
0.88924093102105,100,100,100,100,100,1,17783,50
0.557264878880233,100,100,100,100,100,1,17783,50
0.542325299233198,100,100,100,100,100,1,17783,50
0.597502687713131,100,100,100,100,100,1,17783,50
0.410446212626994,100,100,100,100,100,1,17783,50
0.402590130455792,100,100,100,100,100,1,17783,50
0.172365982318297,100,100,100,100,100,1,17783,50
0.890585771296173,100,100,100,100,100,1,17783,50
0.001,100,100,100,100.001,100.001,1,17783,50
0.001,100,100,100,100.001,100.001,1,17783,50
0.579121151240543,100,100,100,100,100,1,17783,50
0.427819667151198,100,100,100,100,100,1,17783,50
0.226824237499386,100,100,100,100,100,1,17783,50
0.970532657345757,100,100,100,100,100,1,17783,50
