"p","truediv","chaoest","obsD","upper","lower","l","inds","reps"
0.0622806884348392,100,100,100,100,100,1,17783,50
0.865963385207579,100,100,100,100,100,1,17783,50
0.0709325226489455,100,100,100,100,100,1,17783,50
0.297210818622261,100,100,100,100,100,1,17783,50
0.44389884150587,100,100,100,100,100,1,17783,50
0.91984560736455,100,100,100,100,100,1,17783,50
0.119756728643551,100,100,100,100,100,1,17783,50
0.799819576786831,100,100,100,100,100,1,17783,50
0.685827487148345,100,100,100,100,100,1,17783,50
5e-04,100,100,100,100.0005,100.0005,1,17783,50
0.646221332484856,100,100,100,100,100,1,17783,50
0.0816135199274868,100,100,100,100,100,1,17783,50
0.644301410298795,100,100,100,100,100,1,17783,50
0.83408305584453,100,100,100,100,100,1,17783,50
0.794437499018386,100,100,100,100,100,1,17783,50
0.363783464534208,100,100,100,100,100,1,17783,50
5e-04,100,100,100,100.0005,100.0005,1,17783,50
0.920654368586838,100,100,100,100,100,1,17783,50
0.002,100,100,100,100.002,100.002,1,17783,50
0.368461991194636,100,100,100,100,100,1,17783,50
0.282561855157837,100,100,100,100,100,1,17783,50
0.203484396915883,100,100,100,100,100,1,17783,50
0.285211346810684,100,100,100,100,100,1,17783,50
0.792586703319103,100,100,100,100,100,1,17783,50
0.0742019508033991,100,100,100,100,100,1,17783,50
0.688097855541855,100,100,100,100,100,1,17783,50
0.256207161815837,100,100,100,100,100,1,17783,50
0.678944621002302,100,100,100,100,100,1,17783,50
0.884744273964316,100,100,100,100,100,1,17783,50
0.750521447975188,100,100,100,100,100,1,17783,50
0.763155888300389,100,100,100,100,100,1,17783,50
0.0015,100,100,100,100.0015,100.0015,1,17783,50
0.231742990203202,100,100,100,100,100,1,17783,50
0.229681354016066,100,100,100,100,100,1,17783,50
0.280515511753038,100,100,100,100,100,1,17783,50
0.811504733515903,100,100,100,100,100,1,17783,50
0.228310573846102,100,100,100,100,100,1,17783,50
0.001,100,100,100,100.001,100.001,1,17783,50
0.43009771197103,100,100,100,100,100,1,17783,50
0.24862493108958,100,100,100,100,100,1,17783,50
0.790221692761406,100,100,100,100,100,1,17783,50
0.474313435377553,100,100,100,100,100,1,17783,50
0.001,100,100,100,100.001,100.001,1,17783,50
0.966936653945595,100,100,100,100,100,1,17783,50
0.18303571594879,100,100,100,100,100,1,17783,50
0.556493773823604,100,100,100,100,100,1,17783,50
0.774363586911932,100,100,100,100,100,1,17783,50
0.0519958680961281,100,100,100,100,100,1,17783,50
0.89846124779433,100,100,100,100,100,1,17783,50
0.176135218702257,100,100,100,100,100,1,17783,50
