"p","truediv","chaoest","obsD","upper","lower","l","inds","reps"
0.0500540339853615,100,100,100,100,100,1,17783,50
0.509919407311827,100,100,100,100,100,1,17783,50
0.429852456087247,100,100,100,100,100,1,17783,50
0.73679431527853,100,100,100,100,100,1,17783,50
0.696687142364681,100,100,100,100,100,1,17783,50
0.001,100,100,100,100.001,100.001,1,17783,50
0.750241019763052,100,100,100,100,100,1,17783,50
0.005,100,100,100,100.005,100.005,1,17783,50
0.643918894696981,100,100,100,100,100,1,17783,50
0.501042841700837,100,100,100,100,100,1,17783,50
0.436285506468266,100,100,100,100,100,1,17783,50
0.002,100,100,100,100.002,100.002,1,17783,50
0.151961583644152,100,100,100,100,100,1,17783,50
5e-04,100,100,100,100.0005,100.0005,1,17783,50
0.758780342526734,100,100,100,100,100,1,17783,50
0.979142864467576,100,100,100,100,100,1,17783,50
0.001,100,100,100,100.001,100.001,1,17783,50
0.513202128466219,100,100,100,100,100,1,17783,50
0.714537328109145,100,100,100,100,100,1,17783,50
0.468146973056719,100,100,100,100,100,1,17783,50
0.153886984335259,100,100,100,100,100,1,17783,50
0.958322092425078,100,100,100,100,100,1,17783,50
0.720692202914506,100,100,100,100,100,1,17783,50
0.691443488467485,100,100,100,100,100,1,17783,50
0.189673627726734,100,100,100,100,100,1,17783,50
0.111395229818299,100,100,100,100,100,1,17783,50
0.956903392449021,100,100,100,100,100,1,17783,50
0.290889871073887,100,100,100,100,100,1,17783,50
0.0815307006705552,100,100,100,100,100,1,17783,50
0.888409113511443,100,100,100,100,100,1,17783,50
0.296400259481743,100,100,100,100,100,1,17783,50
0.483343510190025,100,100,100,100,100,1,17783,50
0.89205139502883,100,100,100,100,100,1,17783,50
0.230950083816424,100,100,100,100,100,1,17783,50
0.697288463125005,100,100,100,100,100,1,17783,50
0.0269842350389808,100,100,100,100,100,1,17783,50
0.778353113215417,100,100,100,100,100,1,17783,50
0.7051067778375,100,100,100,100,100,1,17783,50
0.925832445733249,100,100,100,100,100,1,17783,50
0.330864848801866,100,100,100,100,100,1,17783,50
0.190457824850455,100,100,100,100,100,1,17783,50
0.564047683030367,100,100,100,100,100,1,17783,50
0.905649031512439,100,100,100,100,100,1,17783,50
0.383628190262243,100,100,100,100,100,1,17783,50
0.846190735697746,100,100,100,100,100,1,17783,50
0.001,100,100,100,100.001,100.001,1,17783,50
0.565460008801892,100,100,100,100,100,1,17783,50
0.401649268111214,100,100,100,100,100,1,17783,50
0.130144686438143,100,100,100,100,100,1,17783,50
0.470732215791941,100,100,100,100,100,1,17783,50
