"p","truediv","chaoest","obsD","upper","lower","l","inds","reps"
0.803962662816048,100,100,100,100,100,1,17783,50
0.639639173867181,100,100,100,100,100,1,17783,50
0.001,100,100,100,100.001,100.001,1,17783,50
0.688263210933656,100,100,100,100,100,1,17783,50
0.307176612084731,100,100,100,100,100,1,17783,50
0.988779666135088,100,100,100,100,100,1,17783,50
0.315466490807012,100,100,100,100,100,1,17783,50
0.891311016865075,100,100,100,100,100,1,17783,50
0.0614348980598152,100,100,100,100,100,1,17783,50
0.094084762968123,100,100,100,100,100,1,17783,50
0.392873847158626,100,100,100,100,100,1,17783,50
0.808587977429852,100,100,100,100,100,1,17783,50
0.514880642760545,100,100,100,100,100,1,17783,50
0.73143417108804,100,100,100,100,100,1,17783,50
0.312330201501027,100,100,100,100,100,1,17783,50
0.963839005678892,100,100,100,100,100,1,17783,50
0.893475872697309,100,100,100,100,100,1,17783,50
5e-04,100,100,100,100.0005,100.0005,1,17783,50
0.989912715507671,100,100,100,100,100,1,17783,50
0.350148186087608,100,100,100,100,100,1,17783,50
0.934920279541984,100,100,100,100,100,1,17783,50
0.496149826562032,100,100,100,100,100,1,17783,50
0.190083842957392,100,100,100,100,100,1,17783,50
0.342387394281104,100,100,100,100,100,1,17783,50
0.505300515098497,100,100,100,100,100,1,17783,50
0.0215493796858937,100,100,100,100,100,1,17783,50
0.787775486009195,100,100,100,100,100,1,17783,50
5e-04,100,100,100,100.0005,100.0005,1,17783,50
0.56324435560964,100,100,100,100,100,1,17783,50
0.0612877286039293,100,100,100,100,100,1,17783,50
0.965308989165351,100,100,100,100,100,1,17783,50
0.0821881573647261,100,100,100,100,100,1,17783,50
0.272215996868908,100,100,100,100,100,1,17783,50
0.0965993085410446,100,100,100,100,100,1,17783,50
0.72671267343685,100,100,100,100,100,1,17783,50
0.767092364840209,100,100,100,100,100,1,17783,50
0.001,100,100,100,100.001,100.001,1,17783,50
0.82160569075495,100,100,100,100,100,1,17783,50
5e-04,100,100,100,100.0005,100.0005,1,17783,50
0.529618744971231,100,100,100,100,100,1,17783,50
0.498297155369073,100,100,100,100,100,1,17783,50
0.225489141885191,100,100,100,100,100,1,17783,50
0.001,100,100,100,100.001,100.001,1,17783,50
0.10673868120648,100,100,100,100,100,1,17783,50
0.338148975512013,100,100,100,100,100,1,17783,50
0.043558152159676,100,100,100,100,100,1,17783,50
0.615185584174469,100,100,100,100,100,1,17783,50
0.002,100,100,100,100.002,100.002,1,17783,50
0.369965872494504,100,100,100,100,100,1,17783,50
0.981160773895681,100,100,100,100,100,1,17783,50
