"p","truediv","chaoest","obsD","upper","lower","l","inds","reps"
0.841635648859665,100,100,100,100,100,1,17783,50
0.241885973606259,100,100,100,100,100,1,17783,50
0.294228958198801,100,100,100,100,100,1,17783,50
0.791444608243182,100,100,100,100,100,1,17783,50
0.0815664995461702,100,100,100,100,100,1,17783,50
0.55026431242004,100,100,100,100,100,1,17783,50
0.940026050433517,100,100,100,100,100,1,17783,50
5e-04,100,100,100,100.0005,100.0005,1,17783,50
0.377116364892572,100,100,100,100,100,1,17783,50
0.0165,100,100,100,100.0165,100.0165,1,17783,50
0.887979147722945,100,100,100,100,100,1,17783,50
0.184694407274947,100,100,100,100,100,1,17783,50
0.0267916633747518,100,100,100,100,100,1,17783,50
0.696085890755057,100,100,100,100,100,1,17783,50
0.79679109249264,100,100,100,100,100,1,17783,50
0.69144522678107,100,100,100,100,100,1,17783,50
0.514376364415511,100,100,100,100,100,1,17783,50
0.144152712076902,100,100,100,100,100,1,17783,50
0.943664962891489,100,100,100,100,100,1,17783,50
5e-04,100,100,100,100.0005,100.0005,1,17783,50
0.434310110751539,100,100,100,100,100,1,17783,50
0.001,100,100,100,100.001,100.001,1,17783,50
0.283206354128197,100,100,100,100,100,1,17783,50
0.498345211381093,100,100,100,100,100,1,17783,50
0.894518372835591,100,100,100,100,100,1,17783,50
0.241559142014012,100,100,100,100,100,1,17783,50
0.389428440481424,100,100,100,100,100,1,17783,50
0.0025,100,100,100,100.0025,100.0025,1,17783,50
0.558489614864811,100,100,100,100,100,1,17783,50
0.999722636071965,100,100,100,100,100,1,17783,50
0.948754725512117,100,100,100,100,100,1,17783,50
0.467553368769586,100,100,100,100,100,1,17783,50
0.00824607233516872,100,100,100,100,100,1,17783,50
0.792902085231617,100,100,100,100,100,1,17783,50
0.878648657351732,100,100,100,100,100,1,17783,50
0.38399359351024,100,100,100,100,100,1,17783,50
0.118452912429348,100,100,100,100,100,1,17783,50
0.643910742830485,100,100,100,100,100,1,17783,50
0.257895321818069,100,100,100,100,100,1,17783,50
0.756701192585751,100,100,100,100,100,1,17783,50
0.529798712115735,100,100,100,100,100,1,17783,50
0.880318653769791,100,100,100,100,100,1,17783,50
0.000888438662514091,100,100,100,100,100,1,17783,50
0.714304010150954,100,100,100,100,100,1,17783,50
0.984568159328774,100,100,100,100,100,1,17783,50
5e-04,100,100,100,100.0005,100.0005,1,17783,50
5e-04,100,100,100,100.0005,100.0005,1,17783,50
0.749888978665695,100,100,100,100,100,1,17783,50
5e-04,100,100,100,100.0005,100.0005,1,17783,50
5e-04,100,100,100,100.0005,100.0005,1,17783,50
