"p","truediv","chaoest","obsD","upper","lower","l","inds","reps"
0.903942848788574,100,100,100,100,100,1,17783,50
0.001,100,100,100,100.001,100.001,1,17783,50
0.409854946425185,100,100,100,100,100,1,17783,50
0.756419949233532,100,100,100,100,100,1,17783,50
0.0115479775704443,100,100,100,100,100,1,17783,50
0.714321266394109,100,100,100,100,100,1,17783,50
0.745287695666775,100,100,100,100,100,1,17783,50
0.296288562240079,100,100,100,100,100,1,17783,50
5e-04,100,100,100,100.0005,100.0005,1,17783,50
0.385370394447818,100,100,100,100,100,1,17783,50
0.228289093822241,100,100,100,100,100,1,17783,50
0.100424653850496,100,100,100,100,100,1,17783,50
0.570461651775986,100,100,100,100,100,1,17783,50
0.816760216839612,100,100,100,100,100,1,17783,50
0.656018060399219,100,100,100,100,100,1,17783,50
0.332109505310655,100,100,100,100,100,1,17783,50
0.690962123451754,100,100,100,100,100,1,17783,50
0.001,100,100,100,100.001,100.001,1,17783,50
0.216803377261385,100,100,100,100,100,1,17783,50
0.15743149118498,100,100,100,100,100,1,17783,50
0.32048244192265,100,100,100,100,100,1,17783,50
0.712759451707825,100,100,100,100,100,1,17783,50
0.358200513292104,100,100,100,100,100,1,17783,50
0.344191162846982,100,100,100,100,100,1,17783,50
0.709678194718435,100,100,100,100,100,1,17783,50
0.268052936298773,100,100,100,100,100,1,17783,50
0.001,100,100,100,100.001,100.001,1,17783,50
0.944704450434074,100,100,100,100,100,1,17783,50
5e-04,100,100,100,100.0005,100.0005,1,17783,50
0.570506311021745,100,100,100,100,100,1,17783,50
0.00684901396743953,100,100,100,100,100,1,17783,50
0.245798311196268,100,100,100,100,100,1,17783,50
0.003,100,100,100,100.003,100.003,1,17783,50
0.356480936286971,100,100,100,100,100,1,17783,50
0.761208773823455,100,100,100,100,100,1,17783,50
0.69985143491067,100,100,100,100,100,1,17783,50
5e-04,100,100,100,100.0005,100.0005,1,17783,50
0.971934217726812,100,100,100,100,100,1,17783,50
0.713862849166617,100,100,100,100,100,1,17783,50
0.946999338222668,100,100,100,100,100,1,17783,50
0.131544489879161,100,100,100,100,100,1,17783,50
0.379672516603023,100,100,100,100,100,1,17783,50
0.463644638890401,100,100,100,100,100,1,17783,50
0.347485424717888,100,100,100,100,100,1,17783,50
0.0719450560864061,100,100,100,100,100,1,17783,50
0.608939318917692,100,100,100,100,100,1,17783,50
0.406354231061414,100,100,100,100,100,1,17783,50
0.528242229716852,100,100,100,100,100,1,17783,50
0.702835060656071,100,100,100,100,100,1,17783,50
0.313581260619685,100,100,100,100,100,1,17783,50
