"p","truediv","chaoest","obsD","upper","lower","l","inds","reps"
0.79583880212158,100,100,100,100,100,1,17783,50
0.387902485206723,100,100,100,100,100,1,17783,50
0.473548484733328,100,100,100,100,100,1,17783,50
0.758140204241499,100,100,100,100,100,1,17783,50
0.257212010910735,100,100,100,100,100,1,17783,50
0.390949859283864,100,100,100,100,100,1,17783,50
0.628882882650942,100,100,100,100,100,1,17783,50
0.0025,100,100,100,100.0025,100.0025,1,17783,50
0.189888908993453,100,100,100,100,100,1,17783,50
0.49239824200049,100,100,100,100,100,1,17783,50
0.24384442390874,100,100,100,100,100,1,17783,50
0.649034080794081,100,100,100,100,100,1,17783,50
0.386465791612864,100,100,100,100,100,1,17783,50
0.66146230744198,100,100,100,100,100,1,17783,50
0.753234872128814,100,100,100,100,100,1,17783,50
0.885012802900746,100,100,100,100,100,1,17783,50
0.0616688770242035,100,100,100,100,100,1,17783,50
0.345752934925258,100,100,100,100,100,1,17783,50
0.904164591804147,100,100,100,100,100,1,17783,50
0.53161274176091,100,100,100,100,100,1,17783,50
0.120046391384676,100,100,100,100,100,1,17783,50
0.602814246201888,100,100,100,100,100,1,17783,50
0.93501332658343,100,100,100,100,100,1,17783,50
0.484169266885146,100,100,100,100,100,1,17783,50
0.897383838891983,100,100,100,100,100,1,17783,50
0.761179849272594,100,100,100,100,100,1,17783,50
0.279799525160342,100,100,100,100,100,1,17783,50
0.0232075955718756,100,100,100,100,100,1,17783,50
0.986551913898438,100,100,100,100,100,1,17783,50
0.20268499548547,100,100,100,100,100,1,17783,50
0.337449934100732,100,100,100,100,100,1,17783,50
0.402443639934063,100,100,100,100,100,1,17783,50
0.874338171212003,100,100,100,100,100,1,17783,50
0.001,100,100,100,100.001,100.001,1,17783,50
0.935720533598214,100,100,100,100,100,1,17783,50
0.953512380598113,100,100,100,100,100,1,17783,50
5e-04,100,100,100,100.0005,100.0005,1,17783,50
0.815032241633162,100,100,100,100,100,1,17783,50
0.0182201112620533,100,100,100,100,100,1,17783,50
5e-04,100,100,100,100.0005,100.0005,1,17783,50
0.378485433990136,100,100,100,100,100,1,17783,50
0.96229162812233,100,100,100,100,100,1,17783,50
0.758465817663819,100,100,100,100,100,1,17783,50
5e-04,100,100,100,100.0005,100.0005,1,17783,50
0.828176483279094,100,100,100,100,100,1,17783,50
0.326719536911696,100,100,100,100,100,1,17783,50
0.198847318533808,100,100,100,100,100,1,17783,50
0.711657325271517,100,100,100,100,100,1,17783,50
0.562472664983943,100,100,100,100,100,1,17783,50
0.172643843106925,100,100,100,100,100,1,17783,50
