"p","truediv","chaoest","obsD","upper","lower","l","inds","reps"
0.441584262065589,100,100,100,100,100,1,17783,50
0.654733658069745,100,100,100,100,100,1,17783,50
0.185091510182247,100,100,100,100,100,1,17783,50
0.602981771342456,100,100,100,100,100,1,17783,50
0.911715276539326,100,100,100,100,100,1,17783,50
0.184512504376471,100,100,100,100,100,1,17783,50
0.285841668955982,100,100,100,100,100,1,17783,50
0.999850718304515,100,100,100,100,100,1,17783,50
0.49870414333418,100,100,100,100,100,1,17783,50
0.574233529856429,100,100,100,100,100,1,17783,50
0.271104641025886,100,100,100,100,100,1,17783,50
0.002,100,100,100,100.002,100.002,1,17783,50
0.52497670147568,100,100,100,100,100,1,17783,50
0.543934296118096,100,100,100,100,100,1,17783,50
0.798572227358818,100,100,100,100,100,1,17783,50
0.156900524860248,100,100,100,100,100,1,17783,50
0.791776514379308,100,100,100,100,100,1,17783,50
0.0371865229681134,100,100,100,100,100,1,17783,50
0.114012572448701,100,100,100,100,100,1,17783,50
0.303996001137421,100,100,100,100,100,1,17783,50
0.823651633225381,100,100,100,100,100,1,17783,50
0.622748374473304,100,100,100,100,100,1,17783,50
0.57636047154665,100,100,100,100,100,1,17783,50
5e-04,100,100,100,100.0005,100.0005,1,17783,50
0.91139514814131,100,100,100,100,100,1,17783,50
5e-04,100,100,100,100.0005,100.0005,1,17783,50
0.821653680410236,100,100,100,100,100,1,17783,50
0.685521124862134,100,100,100,100,100,1,17783,50
0.155796170700341,100,100,100,100,100,1,17783,50
0.682242582319304,100,100,100,100,100,1,17783,50
0.001,100,100,100,100.001,100.001,1,17783,50
0.669757190160453,100,100,100,100,100,1,17783,50
0.0992471915669739,100,100,100,100,100,1,17783,50
0.586370123084635,100,100,100,100,100,1,17783,50
0.001,100,100,100,100.001,100.001,1,17783,50
0.115579740609974,100,100,100,100,100,1,17783,50
0.524051597574726,100,100,100,100,100,1,17783,50
0.47044682665728,100,100,100,100,100,1,17783,50
0.87279676576145,100,100,100,100,100,1,17783,50
0.656404330162331,100,100,100,100,100,1,17783,50
0.883376604644582,100,100,100,100,100,1,17783,50
0.0910270805470645,100,100,100,100,100,1,17783,50
0.461493291892111,100,100,100,100,100,1,17783,50
0.502446794416755,100,100,100,100,100,1,17783,50
0.582404538523406,100,100,100,100,100,1,17783,50
0.943483457900584,100,100,100,100,100,1,17783,50
0.933299754746258,100,100,100,100,100,1,17783,50
0.262224479112774,100,100,100,100,100,1,17783,50
0.697065469343215,100,100,100,100,100,1,17783,50
0.705079364357516,100,100,100,100,100,1,17783,50
