"p","truediv","chaoest","obsD","upper","lower","l","inds","reps"
0.410126322880387,100,100,100,100,100,1,5623,50
0.638316035736352,100,100,100,100,100,1,5623,50
0.299450696911663,100,100,100,100,100,1,5623,50
0.923505999613553,100,100,100,100,100,1,5623,50
0.120629728306085,100,100,100,100,100,1,5623,50
0.18353454535827,100,100,100,100,100,1,5623,50
0.98771117744036,100,100,100,100,100,1,5623,50
5e-04,100,100,100,100.0005,100.0005,1,5623,50
5e-04,100,100,100,100.0005,100.0005,1,5623,50
0.111681484850124,100,100,100,100,100,1,5623,50
0.468504776945338,100,100,100,100,100,1,5623,50
0.568562279222533,100,100,100,100,100,1,5623,50
0.464165802113712,100,100,100,100,100,1,5623,50
0.001,100,100,100,100.001,100.001,1,5623,50
0.413345942040905,100,100,100,100,100,1,5623,50
0.550709773786366,100,100,100,100,100,1,5623,50
0.33120011491701,100,100,100,100,100,1,5623,50
0.265476646833122,100,100,100,100,100,1,5623,50
0.14042620244436,100,100,100,100,100,1,5623,50
0.705148451263085,100,100,100,100,100,1,5623,50
0.617110552499071,100,100,100,100,100,1,5623,50
0.964643489802256,100,100,100,100,100,1,5623,50
0.455956333782524,100,100,100,100,100,1,5623,50
0.001,100,100,100,100.001,100.001,1,5623,50
5e-04,100,100,100,100.0005,100.0005,1,5623,50
0.728730709059164,100,100,100,100,100,1,5623,50
0.793162223650143,100,100,100,100,100,1,5623,50
0.449811103753746,100,100,100,100,100,1,5623,50
0.0327023465652019,100,100,100,100,100,1,5623,50
0.008,100,100,100,100.008,100.008,1,5623,50
0.008,100,100,100,100.008,100.008,1,5623,50
0.948158517479897,100,100,100,100,100,1,5623,50
0.001,100,100,100,100.001,100.001,1,5623,50
0.0434834987390786,100,100,100,100,100,1,5623,50
0.348301756894216,100,100,100,100,100,1,5623,50
0.0015,100,100,100,100.0015,100.0015,1,5623,50
0.93193595064804,100,100,100,100,100,1,5623,50
0.321576877962798,100,100,100,100,100,1,5623,50
0.206524483161047,100,100,100,100,100,1,5623,50
0.222207055427134,100,100,100,100,100,1,5623,50
0.012,100,100,100,100.012,100.012,1,5623,50
0.369195303414017,100,100,100,100,100,1,5623,50
0.0015,100,100,100,100.0015,100.0015,1,5623,50
0.393801384139806,100,100,100,100,100,1,5623,50
0.700560393976048,100,100,100,100,100,1,5623,50
0.007,100,100,100,100.007,100.007,1,5623,50
0.84454584075138,100,100,100,100,100,1,5623,50
5e-04,100,100,100,100.0005,100.0005,1,5623,50
0.918516501085833,100,100,100,100,100,1,5623,50
0.477919958997518,100,100,100,100,100,1,5623,50
