"p","truediv","chaoest","obsD","upper","lower","l","inds","reps"
0.001,100,100,100,100.001,100.001,1,5623,50
0.400986304972321,100,100,100,100,100,1,5623,50
0.429207556182519,100,100,100,100,100,1,5623,50
0.659161709016189,100,100,100,100,100,1,5623,50
0.0382218996528536,100,100,100,100,100,1,5623,50
0.438812788343057,100,100,100,100,100,1,5623,50
0.918636690359563,100,100,100,100,100,1,5623,50
0.107431484851986,100,100,100,100,100,1,5623,50
0.292399271624163,100,100,100,100,100,1,5623,50
0.226823185570538,100,100,100,100,100,1,5623,50
0.588994296500459,100,100,100,100,100,1,5623,50
5e-04,100,100,100,100.0005,100.0005,1,5623,50
0.614422427024692,100,100,100,100,100,1,5623,50
0.330233665648848,100,100,100,100,100,1,5623,50
0.31771033257246,100,100,100,100,100,1,5623,50
5e-04,100,100,100,100.0005,100.0005,1,5623,50
0.384812077740207,100,100,100,100,100,1,5623,50
5e-04,100,100,100,100.0005,100.0005,1,5623,50
0.459860984003171,100,100,100,100,100,1,5623,50
0.975161703070626,100,100,100,100,100,1,5623,50
0.80536901508458,100,100,100,100,100,1,5623,50
0.0849528338294476,100,100,100,100,100,1,5623,50
0.580621339846402,100,100,100,100,100,1,5623,50
5e-04,100,100,100,100.0005,100.0005,1,5623,50
0.257135520223528,100,100,100,100,100,1,5623,50
0.0025,100,100,100,100.0025,100.0025,1,5623,50
0.286247896961868,100,100,100,100,100,1,5623,50
0.351538541959599,100,100,100,100,100,1,5623,50
0.840177306206897,100,100,100,100,100,1,5623,50
0.664979963097721,100,100,100,100,100,1,5623,50
0.833992239553481,100,100,100,100,100,1,5623,50
5e-04,100,100,100,100.0005,100.0005,1,5623,50
0.0591070235241205,100,100,100,100,100,1,5623,50
5e-04,100,100,100,100.0005,100.0005,1,5623,50
0.98770839185454,100,100,100,100,100,1,5623,50
0.517434580018744,100,100,100,100,100,1,5623,50
0.958047902910039,100,100,100,100,100,1,5623,50
0.783884930657223,100,100,100,100,100,1,5623,50
0.0025,100,100,100,100.0025,100.0025,1,5623,50
0.838530733250082,100,100,100,100,100,1,5623,50
0.868756112642586,100,100,100,100,100,1,5623,50
0.644185964949429,100,100,100,100,100,1,5623,50
0.438412114977837,100,100,100,100,100,1,5623,50
0.103309137746692,100,100,100,100,100,1,5623,50
0.008,100,100,100,100.007000177841,100.007000177841,1,5623,50
0.0015,100,100,100,100.0015,100.0015,1,5623,50
0.578705155290663,100,100,100,100,100,1,5623,50
0.759814328979701,100,100,100,100,100,1,5623,50
0.0332071983721107,100,100,100,100,100,1,5623,50
0.8816767137032,100,100,100,100,100,1,5623,50
