"p","truediv","chaoest","obsD","upper","lower","l","inds","reps"
0.551902018254623,100,100,100,100,100,1,5623,50
0.001,100,100,100,100.001,100.001,1,5623,50
0.805989298736677,100,100,100,100,100,1,5623,50
0.603260363684967,100,100,100,100,100,1,5623,50
0.608327216468751,100,100,100,100,100,1,5623,50
0.229822156252339,100,100,100,100,100,1,5623,50
0.598097833571956,100,100,100,100,100,1,5623,50
0.861348101636395,100,100,100,100,100,1,5623,50
0.839830233948305,100,100,100,100,100,1,5623,50
0.706396529683843,100,100,100,100,100,1,5623,50
0.0119392741471529,100,100,100,100,100,1,5623,50
0.507957222871482,100,100,100,100,100,1,5623,50
0.001,100,100,100,100.001,100.001,1,5623,50
0.155609169276431,100,100,100,100,100,1,5623,50
0.60711028939113,100,100,100,100,100,1,5623,50
0.633547710021958,100,100,100,100,100,1,5623,50
0.822008558548987,100,100,100,100,100,1,5623,50
5e-04,100,100,100,100.0005,100.0005,1,5623,50
0.559664776083082,100,100,100,100,100,1,5623,50
0.279674420133233,100,100,100,100,100,1,5623,50
0.261022259714082,100,100,100,100,100,1,5623,50
0.644660114310682,100,100,100,100,100,1,5623,50
0.0015,100,100,100,100.0015,100.0015,1,5623,50
0.881285113282502,100,100,100,100,100,1,5623,50
0.672392192063853,100,100,100,100,100,1,5623,50
0.0025,100,100,100,100.0025,100.0025,1,5623,50
0.168687504949048,100,100,100,100,100,1,5623,50
0.476597737986594,100,100,100,100,100,1,5623,50
0.34357047919184,100,100,100,100,100,1,5623,50
0.2182761374861,100,100,100,100,100,1,5623,50
0.001,100,100,100,100.001,100.001,1,5623,50
0.719050680752844,100,100,100,100,100,1,5623,50
0.40662803244777,100,100,100,100,100,1,5623,50
0.122210557339713,100,100,100,100,100,1,5623,50
0.003,100,100,100,100.003,100.003,1,5623,50
0.409506558207795,100,100,100,100,100,1,5623,50
5e-04,100,100,100,100.0005,100.0005,1,5623,50
0.011,100,100,100,100.011,100.011,1,5623,50
0.331233463715762,100,100,100,100,100,1,5623,50
0.43026550905779,100,100,100,100,100,1,5623,50
0.283918470144272,100,100,100,100,100,1,5623,50
0.0025,100,100,100,100.0025,100.0025,1,5623,50
0.427872210275382,100,100,100,100,100,1,5623,50
0.113520082784817,100,100,100,100,100,1,5623,50
0.92314812890254,100,100,100,100,100,1,5623,50
0.493292912840843,100,100,100,100,100,1,5623,50
0.448608572594821,100,100,100,100,100,1,5623,50
0.833700657822192,100,100,100,100,100,1,5623,50
0.515993783483282,100,100,100,100,100,1,5623,50
0.039558895630762,100,100,100,100,100,1,5623,50
