"p","truediv","chaoest","obsD","upper","lower","l","inds","reps"
0.303558642044663,100,100,100,100,100,1,5623,50
0.614430654095486,100,100,100,100,100,1,5623,50
0.178240780020133,100,100,100,100,100,1,5623,50
0.761740094982088,100,100,100,100,100,1,5623,50
0.434130248613656,100,100,100,100,100,1,5623,50
0.547859339974821,100,100,100,100,100,1,5623,50
0.249838530085981,100,100,100,100,100,1,5623,50
0.001,100,100,100,100.001,100.001,1,5623,50
0.008,100,100,100,100.008,100.008,1,5623,50
0.0865341171156615,100,100,100,100,100,1,5623,50
0.943237874424085,100,100,100,100,100,1,5623,50
0.430817688815296,100,100,100,100,100,1,5623,50
0.979018860496581,100,100,100,100,100,1,5623,50
0.0015,100,100,100,100.0015,100.0015,1,5623,50
0.690335700288415,100,100,100,100,100,1,5623,50
0.0025,100,100,100,100.0025,100.0025,1,5623,50
5e-04,100,100,100,100.0005,100.0005,1,5623,50
0.970180753618479,100,100,100,100,100,1,5623,50
0.651638196781278,100,100,100,100,100,1,5623,50
0.0602094712667167,100,100,100,100,100,1,5623,50
0.948426268529147,100,100,100,100,100,1,5623,50
0.898016267921776,100,100,100,100,100,1,5623,50
0.987649125978351,100,100,100,100,100,1,5623,50
0.516621162882075,100,100,100,100,100,1,5623,50
0.732563088648021,100,100,100,100,100,1,5623,50
0.842552714515477,100,100,100,100,100,1,5623,50
0.001,100,100,100,100.001,100.001,1,5623,50
0.208140291972086,100,100,100,100,100,1,5623,50
0.0404525690246373,100,100,100,100,100,1,5623,50
0.102358945645392,100,100,100,100,100,1,5623,50
0.0352690746076405,100,100,100,100,100,1,5623,50
0.934188345214352,100,100,100,100,100,1,5623,50
5e-04,100,100,100,100.0005,100.0005,1,5623,50
0.001,100,100,100,100.001,100.001,1,5623,50
0.176923359278589,100,100,100,100,100,1,5623,50
5e-04,100,100,100,100.0005,100.0005,1,5623,50
0.0219973591156304,100,100,100,100,100,1,5623,50
0.8718680604361,100,100,100,100,100,1,5623,50
0.898534141015261,100,100,100,100,100,1,5623,50
0.291110409423709,100,100,100,100,100,1,5623,50
0.675810592714697,100,100,100,100,100,1,5623,50
0.676839940948412,100,100,100,100,100,1,5623,50
0.310072768945247,100,100,100,100,100,1,5623,50
5e-04,100,100,100,100.0005,100.0005,1,5623,50
0.839227469870821,100,100,100,100,100,1,5623,50
0.257247544825077,100,100,100,100,100,1,5623,50
0.0149133710656315,100,100,100,100,100,1,5623,50
0.610388663597405,100,100,100,100,100,1,5623,50
0.118750881170854,100,100,100,100,100,1,5623,50
0.289119019405916,100,100,100,100,100,1,5623,50
