"p","truediv","chaoest","obsD","upper","lower","l","inds","reps"
0.644075654214248,100,100,100,100,100,1,5623,50
0.782829258358106,100,100,100,100,100,1,5623,50
0.699029388371855,100,100,100,100,100,1,5623,50
0.870857476256788,100,100,100,100,100,1,5623,50
0.002,100,100,100,100.002,100.002,1,5623,50
0.0085,100,100,100,100.0085,100.0085,1,5623,50
0.582952946657315,100,100,100,100,100,1,5623,50
0.349845725810155,100,100,100,100,100,1,5623,50
0.565125023014843,100,100,100,100,100,1,5623,50
0.924903519451618,100,100,100,100,100,1,5623,50
0.303429691353813,100,100,100,100,100,1,5623,50
0.17048319382593,100,100,100,100,100,1,5623,50
0.461321749025956,100,100,100,100,100,1,5623,50
0.304933777544647,100,100,100,100,100,1,5623,50
0.34207566594705,100,100,100,100,100,1,5623,50
5e-04,100,100,100,100.0005,100.0005,1,5623,50
0.397872084053233,100,100,100,100,100,1,5623,50
0.620708701666445,100,100,100,100,100,1,5623,50
0.949711895314977,100,100,100,100,100,1,5623,50
0.281231335364282,100,100,100,100,100,1,5623,50
0.001,100,100,100,100.001,100.001,1,5623,50
0.0025,100,100,100,100.0025,100.0025,1,5623,50
0.720611827680841,100,100,100,100,100,1,5623,50
0.944397838786244,100,100,100,100,100,1,5623,50
0.78326555271633,100,100,100,100,100,1,5623,50
0.265885162865743,100,100,100,100,100,1,5623,50
0.174163786927238,100,100,100,100,100,1,5623,50
0.386937546776608,100,100,100,100,100,1,5623,50
0.001,100,100,100,100.001,100.001,1,5623,50
0.322550140088424,100,100,100,100,100,1,5623,50
0.998293246608227,100,100,100,100,100,1,5623,50
0.756509261904284,100,100,100,100,100,1,5623,50
0.141098300693557,100,100,100,100,100,1,5623,50
0.788834357867017,100,100,100,100,100,1,5623,50
0.967359585221857,100,100,100,100,100,1,5623,50
0.793022056575865,100,100,100,100,100,1,5623,50
0.682738237315789,100,100,100,100,100,1,5623,50
0.407869775546715,100,100,100,100,100,1,5623,50
0.355666929157451,100,100,100,100,100,1,5623,50
0.518731226213276,100,100,100,100,100,1,5623,50
0.321234168950468,100,100,100,100,100,1,5623,50
0.751301367534325,100,100,100,100,100,1,5623,50
0.0189767205156386,100,100,100,100,100,1,5623,50
0.104563132394105,100,100,100,100,100,1,5623,50
0.0426766460295767,100,100,100,100,100,1,5623,50
0.23674950725399,100,100,100,100,100,1,5623,50
0.001,100,100,100,100.001,100.001,1,5623,50
0.145702136214823,100,100,100,100,100,1,5623,50
0.807389953406528,100,100,100,100,100,1,5623,50
0.275331314420328,100,100,100,100,100,1,5623,50
