"p","truediv","chaoest","obsD","upper","lower","l","inds","reps"
0.0927388386335224,100,100,100,100,100,1,5623,50
0.266479929443449,100,100,100,100,100,1,5623,50
0.734334176639095,100,100,100,100,100,1,5623,50
5e-04,100,100,100,100.0005,100.0005,1,5623,50
0.483563609421253,100,100,100,100,100,1,5623,50
0.953310487791896,100,100,100,100,100,1,5623,50
0.0015,100,100,100,100.0015,100.0015,1,5623,50
0.001,100,100,100,100.001,100.001,1,5623,50
0.89925046893768,100,100,100,100,100,1,5623,50
0.301164336036891,100,100,100,100,100,1,5623,50
0.826725294813514,100,100,100,100,100,1,5623,50
0.156536567490548,100,100,100,100,100,1,5623,50
0.498718839371577,100,100,100,100,100,1,5623,50
0.645345250610262,100,100,100,100,100,1,5623,50
0.63942450704053,100,100,100,100,100,1,5623,50
0.119805707829073,100,100,100,100,100,1,5623,50
5e-04,100,100,100,100.0005,100.0005,1,5623,50
5e-04,100,100,100,100.0005,100.0005,1,5623,50
0.796532395528629,100,100,100,100,100,1,5623,50
0.572029145434499,100,100,100,100,100,1,5623,50
0.457725302083418,100,100,100,100,100,1,5623,50
0.230413938639686,100,100,100,100,100,1,5623,50
0.678351302398369,100,100,100,100,100,1,5623,50
0.161021338775754,100,100,100,100,100,1,5623,50
0.994298190111294,100,100,100,100,100,1,5623,50
0.874374722829089,100,100,100,100,100,1,5623,50
0.750809971243143,100,100,100,100,100,1,5623,50
0.274139096494764,100,100,100,100,100,1,5623,50
0.26203720853664,100,100,100,100,100,1,5623,50
0.849064931971952,100,100,100,100,100,1,5623,50
0.574207309633493,100,100,100,100,100,1,5623,50
0.00786656723357737,100,100,100,100,100,1,5623,50
0.0025,100,100,100,100.0025,100.0025,1,5623,50
0.68792455107905,100,100,100,100,100,1,5623,50
0.004,100,100,100,100.004,100.004,1,5623,50
0.669902094407007,100,100,100,100,100,1,5623,50
0.0025,100,100,100,100.0025,100.0025,1,5623,50
0.642195699037984,100,100,100,100,100,1,5623,50
0.147261813282967,100,100,100,100,100,1,5623,50
0.71152466069907,100,100,100,100,100,1,5623,50
0.636076159309596,100,100,100,100,100,1,5623,50
0.805161476600915,100,100,100,100,100,1,5623,50
0.948713506106287,100,100,100,100,100,1,5623,50
0.649015643401071,100,100,100,100,100,1,5623,50
0.89695842913352,100,100,100,100,100,1,5623,50
0.257074016379192,100,100,100,100,100,1,5623,50
0.381512799300253,100,100,100,100,100,1,5623,50
0.773775308160111,100,100,100,100,100,1,5623,50
0.671074670972303,100,100,100,100,100,1,5623,50
0.616494654910639,100,100,100,100,100,1,5623,50
