"p","truediv","chaoest","obsD","upper","lower","l","inds","reps"
0.291091618128121,100,100,100,100,100,1,5623,50
0.927146767731756,100,100,100,100,100,1,5623,50
0.900198835879564,100,100,100,100,100,1,5623,50
0.38092624861747,100,100,100,100,100,1,5623,50
0.195621217601001,100,100,100,100,100,1,5623,50
0.910684019559994,100,100,100,100,100,1,5623,50
0.723630488617346,100,100,100,100,100,1,5623,50
0.424050600267947,100,100,100,100,100,1,5623,50
0.513545238180086,100,100,100,100,100,1,5623,50
5e-04,100,100,100,100.0005,100.0005,1,5623,50
0.455267606768757,100,100,100,100,100,1,5623,50
0.0125170170795172,100,100,100,100,100,1,5623,50
0.305656083393842,100,100,100,100,100,1,5623,50
0.291709696408361,100,100,100,100,100,1,5623,50
0.001,100,100,100,100.001,100.001,1,5623,50
0.724879391258582,100,100,100,100,100,1,5623,50
0.001,100,100,100,100.001,100.001,1,5623,50
0.601597986184061,100,100,100,100,100,1,5623,50
0.789968642871827,100,100,100,100,100,1,5623,50
0.798249091487378,100,100,100,100,100,1,5623,50
0.581294039264321,100,100,100,100,100,1,5623,50
0.305149619700387,100,100,100,100,100,1,5623,50
0.114615012193099,100,100,100,100,100,1,5623,50
0.744735276326537,100,100,100,100,100,1,5623,50
0.007,100,100,100,100.007,100.007,1,5623,50
0.496566169895232,100,100,100,100,100,1,5623,50
0.333378884242848,100,100,100,100,100,1,5623,50
0.59142582048662,100,100,100,100,100,1,5623,50
0.593901933403686,100,100,100,100,100,1,5623,50
0.801176087930799,100,100,100,100,100,1,5623,50
0.002,100,100,100,100.002,100.002,1,5623,50
0.693738015834242,100,100,100,100,100,1,5623,50
0.183591604232788,100,100,100,100,100,1,5623,50
0.695115490350872,100,100,100,100,100,1,5623,50
0.0630256787408143,100,100,100,100,100,1,5623,50
0.854798805434257,100,100,100,100,100,1,5623,50
5e-04,100,100,100,100.0005,100.0005,1,5623,50
0.961970891803503,100,100,100,100,100,1,5623,50
0.00103579182177782,100,100,100,100,100,1,5623,50
0.571768152527511,100,100,100,100,100,1,5623,50
5e-04,100,100,100,100.0005,100.0005,1,5623,50
0.044230317696929,100,100,100,100,100,1,5623,50
5e-04,100,100,100,100.0005,100.0005,1,5623,50
0.0025,100,100,100,100.0025,100.0025,1,5623,50
0.544810797320679,100,100,100,100,100,1,5623,50
0.389072158141062,100,100,100,100,100,1,5623,50
0.001,100,100,100,100.001,100.001,1,5623,50
5e-04,100,100,100,100.0005,100.0005,1,5623,50
0.0578813797328621,100,100,100,100,100,1,5623,50
0.0647825808264315,100,100,100,100,100,1,5623,50
