"p","truediv","chaoest","obsD","upper","lower","l","inds","reps"
5e-04,100,100,100,100.0005,100.0005,1,5623,50
0.833371768472716,100,100,100,100,100,1,5623,50
0.453635066282004,100,100,100,100,100,1,5623,50
0.0167641476728022,100,100,100,100,100,1,5623,50
0.457490534288809,100,100,100,100,100,1,5623,50
0.183161310851574,100,100,100,100,100,1,5623,50
5e-04,100,100,100,100.0005,100.0005,1,5623,50
0.0546439727768302,100,100,100,100,100,1,5623,50
0.616260377690196,100,100,100,100,100,1,5623,50
0.899296498857439,100,100,100,100,100,1,5623,50
0.0946275813039392,100,100,100,100,100,1,5623,50
0.183448089519516,100,100,100,100,100,1,5623,50
5e-04,100,100,100,100.0005,100.0005,1,5623,50
0.267517668893561,100,100,100,100,100,1,5623,50
0.74760600621812,100,100,100,100,100,1,5623,50
0.931957841152325,100,100,100,100,100,1,5623,50
0.0441542682237923,100,100,100,100,100,1,5623,50
0.83563503366895,100,100,100,100,100,1,5623,50
0.472562390845269,100,100,100,100,100,1,5623,50
0.799960077274591,100,100,100,100,100,1,5623,50
0.306422095280141,100,100,100,100,100,1,5623,50
0.177415183745325,100,100,100,100,100,1,5623,50
0.002,100,100,100,100.002,100.002,1,5623,50
5e-04,100,100,100,100.0005,100.0005,1,5623,50
0.0994680621661246,100,100,100,100,100,1,5623,50
0.986676884349436,100,100,100,100,100,1,5623,50
0.881493100896478,100,100,100,100,100,1,5623,50
0.859752979129553,100,100,100,100,100,1,5623,50
0.261722326511517,100,100,100,100,100,1,5623,50
0.883260528557003,100,100,100,100,100,1,5623,50
0.556770307943225,100,100,100,100,100,1,5623,50
0.854681133292615,100,100,100,100,100,1,5623,50
5e-04,100,100,100,100.0005,100.0005,1,5623,50
0.175747269298881,100,100,100,100,100,1,5623,50
0.506475160131231,100,100,100,100,100,1,5623,50
0.704091768711805,100,100,100,100,100,1,5623,50
0.51409591990523,100,100,100,100,100,1,5623,50
0.77687286073342,100,100,100,100,100,1,5623,50
0.861937511013821,100,100,100,100,100,1,5623,50
0.0015,100,100,100,100.0015,100.0015,1,5623,50
0.806655187625438,100,100,100,100,100,1,5623,50
0.0015,100,100,100,100.0015,100.0015,1,5623,50
0.214945064857602,100,100,100,100,100,1,5623,50
0.596196830505505,100,100,100,100,100,1,5623,50
0.518380535300821,100,100,100,100,100,1,5623,50
0.0816686868201941,100,100,100,100,100,1,5623,50
0.472658220445737,100,100,100,100,100,1,5623,50
5e-04,100,100,100,100.0005,100.0005,1,5623,50
0.801153878681362,100,100,100,100,100,1,5623,50
0.370233056368306,100,100,100,100,100,1,5623,50
