"p","truediv","chaoest","obsD","upper","lower","l","inds","reps"
0.602833187673241,100,100,100,100,100,1,5623,50
5e-04,100,100,100,100.0005,100.0005,1,5623,50
0.340462377760559,100,100,100,100,100,1,5623,50
0.585403066361323,100,100,100,100,100,1,5623,50
0.0656576710753143,100,100,100,100,100,1,5623,50
0.21850565681234,100,100,100,100,100,1,5623,50
0.968084527179599,100,100,100,100,100,1,5623,50
5e-04,100,100,100,100.0005,100.0005,1,5623,50
0.995168478693813,100,100,100,100,100,1,5623,50
0.835734134539962,100,100,100,100,100,1,5623,50
0.321930968901142,100,100,100,100,100,1,5623,50
0.0015,100,100,100,100.0015,100.0015,1,5623,50
0.130866428371519,100,100,100,100,100,1,5623,50
0.00396382808685303,100,100,100,100,100,1,5623,50
0.0323499131482095,100,100,100,100,100,1,5623,50
0.771464325953275,100,100,100,100,100,1,5623,50
0.420418889727443,100,100,100,100,100,1,5623,50
0.223965506535023,100,100,100,100,100,1,5623,50
0.760066283866763,100,100,100,100,100,1,5623,50
0.818543824367225,100,100,100,100,100,1,5623,50
0.002,100,100,100,100.002,100.002,1,5623,50
0.155135420383886,100,100,100,100,100,1,5623,50
0.979238412342966,100,100,100,100,100,1,5623,50
0.165774472989142,100,100,100,100,100,1,5623,50
0.49677363736555,100,100,100,100,100,1,5623,50
0.126746641006321,100,100,100,100,100,1,5623,50
0.1333336699754,100,100,100,100,100,1,5623,50
0.452435194281861,100,100,100,100,100,1,5623,50
0.007,100,100,100,100.007,100.007,1,5623,50
0.362248450051993,100,100,100,100,100,1,5623,50
0.403407391626388,100,100,100,100,100,1,5623,50
0.502486228011549,100,100,100,100,100,1,5623,50
5e-04,100,100,100,100.0005,100.0005,1,5623,50
0.592502949759364,100,100,100,100,100,1,5623,50
0.774044132092968,100,100,100,100,100,1,5623,50
0.0141095789149404,100,100,100,100,100,1,5623,50
0.484144967980683,100,100,100,100,100,1,5623,50
5e-04,100,100,100,100.0005,100.0005,1,5623,50
0.623671251814812,100,100,100,100,100,1,5623,50
0.178471611347049,100,100,100,100,100,1,5623,50
0.341685613850132,100,100,100,100,100,1,5623,50
0.598246666137129,100,100,100,100,100,1,5623,50
0.507814931683242,100,100,100,100,100,1,5623,50
0.349281176691875,100,100,100,100,100,1,5623,50
0.629708011168987,100,100,100,100,100,1,5623,50
0.364371245028451,100,100,100,100,100,1,5623,50
0.003,100,100,100,100.003,100.003,1,5623,50
0.001,100,100,100,100.001,100.001,1,5623,50
5e-04,100,100,100,100.0005,100.0005,1,5623,50
0.004,100,100,100,100.004,100.004,1,5623,50
