"p","truediv","chaoest","obsD","upper","lower","l","inds","reps"
0.42617422179319,100,100,100,100,100,1,5623,50
0.330214582150802,100,100,100,100,100,1,5623,50
0.508620618609712,100,100,100,100,100,1,5623,50
0.854692743392661,100,100,100,100,100,1,5623,50
0.0095,100,100,100,100.0095,100.0095,1,5623,50
0.315557629568502,100,100,100,100,100,1,5623,50
0.229499741690233,100,100,100,100,100,1,5623,50
5e-04,100,100,100,100.0005,100.0005,1,5623,50
0.693126062164083,100,100,100,100,100,1,5623,50
0.002,100,100,100,100.002,100.002,1,5623,50
0.004,100,100,100,100.004,100.004,1,5623,50
0.203740828903392,100,100,100,100,100,1,5623,50
5e-04,100,100,100,100.0005,100.0005,1,5623,50
5e-04,100,100,100,100.0005,100.0005,1,5623,50
0.003,100,100,100,100.003,100.003,1,5623,50
0.273083537584171,100,100,100,100,100,1,5623,50
0.001,100,100,100,100.001,100.001,1,5623,50
0.651840295176953,100,100,100,100,100,1,5623,50
0.851683964487165,100,100,100,100,100,1,5623,50
0.235565275652334,100,100,100,100,100,1,5623,50
0.882232249714434,100,100,100,100,100,1,5623,50
0.0292069097049534,100,100,100,100,100,1,5623,50
0.982689203461632,100,100,100,100,100,1,5623,50
0.974619554355741,100,100,100,100,100,1,5623,50
0.531222526915371,100,100,100,100,100,1,5623,50
0.760357030900195,100,100,100,100,100,1,5623,50
0.549779246328399,100,100,100,100,100,1,5623,50
0.138266030233353,100,100,100,100,100,1,5623,50
0.100999637972564,100,100,100,100,100,1,5623,50
0.800444543827325,100,100,100,100,100,1,5623,50
0.232072334503755,100,100,100,100,100,1,5623,50
0.0025,100,100,100,100.0025,100.0025,1,5623,50
0.364965411601588,100,100,100,100,100,1,5623,50
0.116427662083879,100,100,100,100,100,1,5623,50
0.785351145314053,100,100,100,100,100,1,5623,50
0.748496474931017,100,100,100,100,100,1,5623,50
5e-04,100,100,100,100.0005,100.0005,1,5623,50
0.0871805304195732,100,100,100,100,100,1,5623,50
0.848968304228038,100,100,100,100,100,1,5623,50
0.699569231132045,100,100,100,100,100,1,5623,50
5e-04,100,100,100,100.0005,100.0005,1,5623,50
0.689175495412201,100,100,100,100,100,1,5623,50
0.421963835367933,100,100,100,100,100,1,5623,50
0.509656625799835,100,100,100,100,100,1,5623,50
0.151339409640059,100,100,100,100,100,1,5623,50
0.839785375399515,100,100,100,100,100,1,5623,50
0.646101969061419,100,100,100,100,100,1,5623,50
0.765927211148664,100,100,100,100,100,1,5623,50
0.518513173796237,100,100,100,100,100,1,5623,50
0.297180737834424,100,100,100,100,100,1,5623,50
