"p","truediv","chaoest","obsD","upper","lower","l","inds","reps"
0.398408244363964,100,100,100,100,100,1,5623,50
0.0845030751079321,100,100,100,100,100,1,5623,50
0.289085392840207,100,100,100,100,100,1,5623,50
5e-04,100,100,100,100.0005,100.0005,1,5623,50
0.802031317958608,100,100,100,100,100,1,5623,50
0.347850245656446,100,100,100,100,100,1,5623,50
5e-04,100,100,100,100.0005,100.0005,1,5623,50
0.0015,100,100,100,100.0015,100.0015,1,5623,50
0.328764674486592,100,100,100,100,100,1,5623,50
0.339610677910969,100,100,100,100,100,1,5623,50
0.0109501534607261,100,100,100,100,100,1,5623,50
0.569065534276888,100,100,100,100,100,1,5623,50
0.444292697124183,100,100,100,100,100,1,5623,50
0.001,100,100,100,100.001,100.001,1,5623,50
0.0158684714697301,100,100,100,100,100,1,5623,50
0.275821311632171,100,100,100,100,100,1,5623,50
0.587793033802882,100,100,100,100,100,1,5623,50
5e-04,100,100,100,100.0005,100.0005,1,5623,50
0.915704534156248,100,100,100,100,100,1,5623,50
0.712829438736662,100,100,100,100,100,1,5623,50
0.677122095134109,100,100,100,100,100,1,5623,50
0.275109080132097,100,100,100,100,100,1,5623,50
0.746836519567296,100,100,100,100,100,1,5623,50
0.76826784806326,100,100,100,100,100,1,5623,50
0.001,100,100,100,100.001,100.001,1,5623,50
0.345360115403309,100,100,100,100,100,1,5623,50
0.828984368825331,100,100,100,100,100,1,5623,50
0.39633338782005,100,100,100,100,100,1,5623,50
5e-04,100,100,100,100.0005,100.0005,1,5623,50
0.403695727931336,100,100,100,100,100,1,5623,50
0.102138100657612,100,100,100,100,100,1,5623,50
0.116493185749277,100,100,100,100,100,1,5623,50
0.089828398777172,100,100,100,100,100,1,5623,50
0.246063123457134,100,100,100,100,100,1,5623,50
0.90344775817357,100,100,100,100,100,1,5623,50
5e-04,100,100,100,100.0005,100.0005,1,5623,50
0.490760738961399,100,100,100,100,100,1,5623,50
0.423898372100666,100,100,100,100,100,1,5623,50
0.193550933385268,100,100,100,100,100,1,5623,50
5e-04,100,100,100,100.0005,100.0005,1,5623,50
0.683283554390073,100,100,100,100,100,1,5623,50
0.0738612278364599,100,100,100,100,100,1,5623,50
0.0838878273498267,100,100,100,100,100,1,5623,50
0.44415601179935,100,100,100,100,100,1,5623,50
0.00208583753556013,100,100,100,100,100,1,5623,50
0.592538743047044,100,100,100,100,100,1,5623,50
0.645403133239597,100,100,100,100,100,1,5623,50
5e-04,100,100,100,100.0005,100.0005,1,5623,50
0.409879612503573,100,100,100,100,100,1,5623,50
0.167100861668587,100,100,100,100,100,1,5623,50
