"p","truediv","chaoest","obsD","upper","lower","l","inds","reps"
0.565376474522054,100,100,100,100,100,1,5623,50
0.497659323038533,100,100,100,100,100,1,5623,50
0.0015,100,100,100,100.0015,100.0015,1,5623,50
0.710635877912864,100,100,100,100,100,1,5623,50
0.24907492287457,100,100,100,100,100,1,5623,50
0.832726986147463,100,100,100,100,100,1,5623,50
0.867682413896546,100,100,100,100,100,1,5623,50
0.001,100,100,100,100.00075004446,100.00075004446,1,5623,50
0.506217477377504,100,100,100,100,100,1,5623,50
0.353274789173156,100,100,100,100,100,1,5623,50
0.53473022649996,100,100,100,100,100,1,5623,50
0.14299846906215,100,100,100,100,100,1,5623,50
0.007,100,100,100,100.00675004446,100.00675004446,1,5623,50
0.002,100,100,100,100.002,100.002,1,5623,50
0.993315294384956,100,100,100,100,100,1,5623,50
0.538803004194051,100,100,100,100,100,1,5623,50
0.678654270712286,100,100,100,100,100,1,5623,50
0.0165,100,100,100,100.0165,100.0165,1,5623,50
0.283871323103085,100,100,100,100,100,1,5623,50
0.734312533633783,100,100,100,100,100,1,5623,50
0.480116384802386,100,100,100,100,100,1,5623,50
0.951372357318178,100,100,100,100,100,1,5623,50
0.001,100,100,100,100.001,100.001,1,5623,50
0.512022107373923,100,100,100,100,100,1,5623,50
0.408901986200362,100,100,100,100,100,1,5623,50
0.48361247824505,100,100,100,100,100,1,5623,50
0.0834358946885914,100,100,100,100,100,1,5623,50
0.991573550505564,100,100,100,100,100,1,5623,50
0.249760441714898,100,100,100,100,100,1,5623,50
0.144088354194537,100,100,100,100,100,1,5623,50
5e-04,100,100,100,100.0005,100.0005,1,5623,50
0.791506674839184,100,100,100,100,100,1,5623,50
0.76931510376744,100,100,100,100,100,1,5623,50
0.938390756258741,100,100,100,100,100,1,5623,50
0.001,100,100,100,100.001,100.001,1,5623,50
0.719120289199054,100,100,100,100,100,1,5623,50
0.093631669646129,100,100,100,100,100,1,5623,50
5e-04,100,100,100,100.0005,100.0005,1,5623,50
0.751355304382741,100,100,100,100,100,1,5623,50
0.504268708638847,100,100,100,100,100,1,5623,50
0.179346163524315,100,100,100,100,100,1,5623,50
0.42630364280194,100,100,100,100,100,1,5623,50
0.528463505208492,100,100,100,100,100,1,5623,50
0.514204329578206,100,100,100,100,100,1,5623,50
0.301565270638093,100,100,100,100,100,1,5623,50
0.543501934967935,100,100,100,100,100,1,5623,50
0.219555615680292,100,100,100,100,100,1,5623,50
0.761094167362899,100,100,100,100,100,1,5623,50
0.0290335882455111,100,100,100,100,100,1,5623,50
0.154407942667603,100,100,100,100,100,1,5623,50
