"p","truediv","chaoest","obsD","upper","lower","l","inds","reps"
5e-04,100,100,100,100.0005,100.0005,1,5623,50
0.001,100,100,100,100.001,100.001,1,5623,50
0.617320354096591,100,100,100,100,100,1,5623,50
0.721595056820661,100,100,100,100,100,1,5623,50
0.919628153089434,100,100,100,100,100,1,5623,50
0.001,100,100,100,100.001,100.001,1,5623,50
0.0743154680822045,100,100,100,100,100,1,5623,50
0.112613432575017,100,100,100,100,100,1,5623,50
0.870038844412193,100,100,100,100,100,1,5623,50
0.923277101479471,100,100,100,100,100,1,5623,50
0.22149399924092,100,100,100,100,100,1,5623,50
0.250976637238637,100,100,100,100,100,1,5623,50
0.665303559042513,100,100,100,100,100,1,5623,50
0.112692115362734,100,100,100,100,100,1,5623,50
5e-04,100,100,100,100.0005,100.0005,1,5623,50
5e-04,100,100,100,100.0005,100.0005,1,5623,50
0.770899057155475,100,100,100,100,100,1,5623,50
5e-04,100,100,100,100.0005,100.0005,1,5623,50
0.869221043307334,100,100,100,100,100,1,5623,50
0.0025,100,100,100,100.00225004446,100.00225004446,1,5623,50
0.0498185479082167,100,100,100,100,100,1,5623,50
0.956103441072628,100,100,100,100,100,1,5623,50
0.455230274703354,100,100,100,100,100,1,5623,50
0.824131989618763,100,100,100,100,100,1,5623,50
0.602522955974564,100,100,100,100,100,1,5623,50
0.333244391717017,100,100,100,100,100,1,5623,50
0.665399943944067,100,100,100,100,100,1,5623,50
0.9995,100,100,100,99.9997500444603,99.9997500444603,1,5623,50
0.919595614075661,100,100,100,100,100,1,5623,50
0.974416142795235,100,100,100,100,100,1,5623,50
0.50777954980731,100,100,100,100,100,1,5623,50
0.466777392430231,100,100,100,100,100,1,5623,50
0.775452362839133,100,100,100,100,100,1,5623,50
0.098720621317625,100,100,100,100,100,1,5623,50
0.0045,100,100,100,100.0045,100.0045,1,5623,50
0.638885817490518,100,100,100,100,100,1,5623,50
0.211234827991575,100,100,100,100,100,1,5623,50
0.289263299433514,100,100,100,100,100,1,5623,50
0.601317616179585,100,100,100,100,100,1,5623,50
0.0913484469056129,100,100,100,100,100,1,5623,50
0.443133683176711,100,100,100,100,100,1,5623,50
0.308574760798365,100,100,100,100,100,1,5623,50
0.704899872886017,100,100,100,100,100,1,5623,50
0.642068144865334,100,100,100,100,100,1,5623,50
0.130152816185728,100,100,100,100,100,1,5623,50
0.519648066023365,100,100,100,100,100,1,5623,50
0.808632837142795,100,100,100,100,100,1,5623,50
0.068616634234786,100,100,100,100,100,1,5623,50
0.804321618052199,100,100,100,100,100,1,5623,50
5e-04,100,100,100,100.0005,100.0005,1,5623,50
