"p","truediv","chaoest","obsD","upper","lower","l","inds","reps"
0.913770340848714,100,100,100,100,100,1,5623,50
0.220337068196386,100,100,100,100,100,1,5623,50
0.226309312740341,100,100,100,100,100,1,5623,50
0.427688378840685,100,100,100,100,100,1,5623,50
0.510503139346838,100,100,100,100,100,1,5623,50
0.00363826798275113,100,100,100,100,100,1,5623,50
0.658628124976531,100,100,100,100,100,1,5623,50
0.0015,100,100,100,100.0015,100.0015,1,5623,50
0.290589295793325,100,100,100,100,100,1,5623,50
0.564549908740446,100,100,100,100,100,1,5623,50
0.980679099680856,100,100,100,100,100,1,5623,50
0.893648466328159,100,100,100,100,100,1,5623,50
0.210534221259877,100,100,100,100,100,1,5623,50
0.008,100,100,100,100.00775004446,100.00775004446,1,5623,50
0.909087475156412,100,100,100,100,100,1,5623,50
0.585072524612769,100,100,100,100,100,1,5623,50
0.0015,100,100,100,100.0015,100.0015,1,5623,50
0.337388402083889,100,100,100,100,100,1,5623,50
0.370561762480065,100,100,100,100,100,1,5623,50
0.977554976241663,100,100,100,100,100,1,5623,50
5e-04,100,100,100,100.0005,100.0005,1,5623,50
0.546491209417582,100,100,100,100,100,1,5623,50
0.799308934481815,100,100,100,100,100,1,5623,50
5e-04,100,100,100,100.0005,100.0005,1,5623,50
0.850148524390534,100,100,100,100,100,1,5623,50
0.70797740179114,100,100,100,100,100,1,5623,50
0.0126272025518119,100,100,100,100,100,1,5623,50
0.548215374350548,100,100,100,100,100,1,5623,50
0.265509222401306,100,100,100,100,100,1,5623,50
0.75707389623858,100,100,100,100,100,1,5623,50
0.964036431163549,100,100,100,100,100,1,5623,50
0.182564353570342,100,100,100,100,100,1,5623,50
0.0165,100,100,100,100.0165,100.0165,1,5623,50
0.883728212909773,100,100,100,100,100,1,5623,50
0.599795874208212,100,100,100,100,100,1,5623,50
0.001,100,100,100,100.001,100.001,1,5623,50
0.224518378730863,100,100,100,100,100,1,5623,50
0.29387402231805,100,100,100,100,100,1,5623,50
5e-04,100,100,100,100.0005,100.0005,1,5623,50
0.0609236119780689,100,100,100,100,100,1,5623,50
0.516254405723885,100,100,100,100,100,1,5623,50
0.657588731497526,100,100,100,100,100,1,5623,50
0.199204120086506,100,100,100,100,100,1,5623,50
0.0415,100,100,100,100.040750133381,99.0407501333808,1,5623,50
0.390497883083299,100,100,100,100,100,1,5623,50
0.948539765551686,100,100,100,100,100,1,5623,50
0.613264556508511,100,100,100,100,100,1,5623,50
5e-04,100,100,100,100.0005,100.0005,1,5623,50
0.573563696118072,100,100,100,100,100,1,5623,50
0.499313353560865,100,100,100,100,100,1,5623,50
