"p","truediv","chaoest","obsD","upper","lower","l","inds","reps"
0.893500957870856,100,100,100,100,100,1,5623,50
0.0045,100,100,100,100.0045,100.0045,1,5623,50
0.465398900909349,100,100,100,100,100,1,5623,50
0.201407355023548,100,100,100,100,100,1,5623,50
0.278628907399252,100,100,100,100,100,1,5623,50
0.009,100,100,100,100.009,100.009,1,5623,50
0.711587669095024,100,100,100,100,100,1,5623,50
0.337320609716699,100,100,100,100,100,1,5623,50
0.386016585864127,100,100,100,100,100,1,5623,50
0.980598847381771,100,100,100,100,100,1,5623,50
0.41666078264825,100,100,100,100,100,1,5623,50
0.587375380797312,100,100,100,100,100,1,5623,50
0.95307462499477,100,100,100,100,100,1,5623,50
0.001,100,100,100,100.00075004446,100.00075004446,1,5623,50
0.367678797803819,100,100,100,100,100,1,5623,50
0.004,100,100,100,100.004,100.004,1,5623,50
0.571834945585579,100,100,100,100,100,1,5623,50
0.219107671873644,100,100,100,100,100,1,5623,50
0.899470140924677,100,100,100,100,100,1,5623,50
5e-04,100,100,100,100.0005,100.0005,1,5623,50
0.340600242372602,100,100,100,100,100,1,5623,50
0.0597396215889603,100,100,100,100,100,1,5623,50
0.550884291995317,100,100,100,100,100,1,5623,50
0.33749522594735,100,100,100,100,100,1,5623,50
5e-04,100,100,100,100.0005,100.0005,1,5623,50
0.529017390217632,100,100,100,100,100,1,5623,50
0.599267984507605,100,100,100,100,100,1,5623,50
0.782967527164146,100,100,100,100,100,1,5623,50
0.625509074656293,100,100,100,100,100,1,5623,50
0.629061767365783,100,100,100,100,100,1,5623,50
0.89322526473552,100,100,100,100,100,1,5623,50
0.0015,100,100,100,100.0015,100.0015,1,5623,50
0.428210958605632,100,100,100,100,100,1,5623,50
0.0967672870028764,100,100,100,100,100,1,5623,50
0.152209965977818,100,100,100,100,100,1,5623,50
0.0045,100,100,100,100.004000088921,100.004000088921,1,5623,50
0.7284375957679,100,100,100,100,100,1,5623,50
5e-04,100,100,100,100.0005,100.0005,1,5623,50
0.926220174878836,100,100,100,100,100,1,5623,50
0.97527170018293,100,100,100,100,100,1,5623,50
0.0015,100,100,100,100.0015,100.0015,1,5623,50
0.712740162620321,100,100,100,100,100,1,5623,50
0.439472028519958,100,100,100,100,100,1,5623,50
5e-04,100,100,100,100.0005,100.0005,1,5623,50
5e-04,100,100,100,100.0005,100.0005,1,5623,50
0.921961348969489,100,100,100,100,100,1,5623,50
0.001,100,100,100,100.001,100.001,1,5623,50
0.263427106430754,100,100,100,100,100,1,5623,50
0.462246706243604,100,100,100,100,100,1,5623,50
0.928326066583395,100,100,100,100,100,1,5623,50
