"p","truediv","chaoest","obsD","upper","lower","l","inds","reps"
0.315629184013233,100,100,100,100,100,1,5623,50
0.949418082134798,100,100,100,100,100,1,5623,50
5e-04,100,100,100,100.0005,100.0005,1,5623,50
0.294479921692982,100,100,100,100,100,1,5623,50
0.0085,100,100,100,100.0085,100.0085,1,5623,50
0.310125423362479,100,100,100,100,100,1,5623,50
0.0725573841482401,100,100,100,100,100,1,5623,50
5e-04,100,100,100,100.0005,100.0005,1,5623,50
0.817408927017823,100,100,100,100,100,1,5623,50
0.601510473061353,100,100,100,100,100,1,5623,50
0.69754391675815,100,100,100,100,100,1,5623,50
0.0015,100,100,100,100.0015,100.0015,1,5623,50
0.743404064560309,100,100,100,100,100,1,5623,50
0.414555105846375,100,100,100,100,100,1,5623,50
0.001,100,100,100,100.001,100.001,1,5623,50
0.840198565740138,100,100,100,100,100,1,5623,50
0.505120233399794,100,100,100,100,100,1,5623,50
0.0906943420413882,100,100,100,100,100,1,5623,50
0.145298834657297,100,100,100,100,100,1,5623,50
5e-04,100,100,100,100.0005,100.0005,1,5623,50
0.001,100,100,100,100.001,100.001,1,5623,50
0.0366158683318645,100,100,100,100,100,1,5623,50
5e-04,100,100,100,100.0005,100.0005,1,5623,50
0.446965389419347,100,100,100,100,100,1,5623,50
0.368500957731158,100,100,100,100,100,1,5623,50
0.997478325618431,100,100,100,100,100,1,5623,50
0.982050337363034,100,100,100,100,100,1,5623,50
0.360999730648473,100,100,100,100,100,1,5623,50
0.862851860001683,100,100,100,100,100,1,5623,50
0.404500167118385,100,100,100,100,100,1,5623,50
0.151804421329871,100,100,100,100,100,1,5623,50
0.43206906481646,100,100,100,100,100,1,5623,50
0.242240902269259,100,100,100,100,100,1,5623,50
0.0025,100,100,100,100.0025,100.0025,1,5623,50
5e-04,100,100,100,100.0005,100.0005,1,5623,50
0.0229864469729364,100,100,100,100,100,1,5623,50
0.858115844428539,100,100,100,100,100,1,5623,50
0.440725178690627,100,100,100,100,100,1,5623,50
0.62867822078988,100,100,100,100,100,1,5623,50
0.0994941466487944,100,100,100,100,100,1,5623,50
0.143983249319717,100,100,100,100,100,1,5623,50
0.118324762908742,100,100,100,100,100,1,5623,50
0.975380361545831,100,100,100,100,100,1,5623,50
0.0035,100,100,100,100.0035,100.0035,1,5623,50
0.914975562132895,100,100,100,100,100,1,5623,50
0.181412022560835,100,100,100,100,100,1,5623,50
0.171684101223946,100,100,100,100,100,1,5623,50
0.0381729819346219,100,100,100,100,100,1,5623,50
0.831393554341048,100,100,100,100,100,1,5623,50
0.685466647613794,100,100,100,100,100,1,5623,50
