"p","truediv","chaoest","obsD","upper","lower","l","inds","reps"
0.252750175073743,100,100,100,100,100,1,5623,50
0.669203336117789,100,100,100,100,100,1,5623,50
0.761695303721353,100,100,100,100,100,1,5623,50
5e-04,100,100,100,100.0005,100.0005,1,5623,50
0.199299818370491,100,100,100,100,100,1,5623,50
0.239257955225185,100,100,100,100,100,1,5623,50
0.826386974891648,100,100,100,100,100,1,5623,50
0.199293861165643,100,100,100,100,100,1,5623,50
0.54072644514963,100,100,100,100,100,1,5623,50
0.194557871902362,100,100,100,100,100,1,5623,50
5e-04,100,100,100,100.0005,100.0005,1,5623,50
0.70277117099613,100,100,100,100,100,1,5623,50
0.27464550267905,100,100,100,100,100,1,5623,50
0.001,100,100,100,100.001,100.001,1,5623,50
0.004,100,100,100,100.003250133381,100.003250133381,1,5623,50
0.976945656118914,100,100,100,100,100,1,5623,50
5e-04,100,100,100,100.0005,100.0005,1,5623,50
0.449605598812923,100,100,100,100,100,1,5623,50
5e-04,100,100,100,100.0005,100.0005,1,5623,50
0.888908975990489,100,100,100,100,100,1,5623,50
0.0015,100,100,100,100.0015,100.0015,1,5623,50
0.813615414313972,100,100,100,100,100,1,5623,50
0.849314130609855,100,100,100,100,100,1,5623,50
0.0015,100,100,100,100.0015,100.0015,1,5623,50
0.51726086717099,100,100,100,100,100,1,5623,50
0.0015,100,100,100,100.0015,100.0015,1,5623,50
0.690195138100535,100,100,100,100,100,1,5623,50
0.001,100,100,100,100.001,100.001,1,5623,50
0.740124645875767,100,100,100,100,100,1,5623,50
0.88247115467675,100,100,100,100,100,1,5623,50
0.0035,100,100,100,100.0035,100.0035,1,5623,50
0.868231693748385,100,100,100,100,100,1,5623,50
0.0125954919494689,100,100,100,100,100,1,5623,50
0.721542212646455,100,100,100,100,100,1,5623,50
0.466033998643979,100,100,100,100,100,1,5623,50
0.175363634014502,100,100,100,100,100,1,5623,50
5e-04,100,100,100,100.0005,100.0005,1,5623,50
0.0974662001244724,100,100,100,100,100,1,5623,50
0.500857756705955,100,100,100,100,100,1,5623,50
0.106971226399764,100,100,100,100,100,1,5623,50
0.129324422916397,100,100,100,100,100,1,5623,50
0.778020564932376,100,100,100,100,100,1,5623,50
0.0153565232176334,100,100,100,100,100,1,5623,50
0.175466638989747,100,100,100,100,100,1,5623,50
0.835242516128346,100,100,100,100,100,1,5623,50
0.0085,100,100,100,100.0085,100.0085,1,5623,50
5e-04,100,100,100,100.0005,100.0005,1,5623,50
0.448923847172409,100,100,100,100,100,1,5623,50
0.187910299748182,100,100,100,100,100,1,5623,50
0.916975164553151,100,100,100,100,100,1,5623,50
