"p","truediv","chaoest","obsD","upper","lower","l","inds","reps"
0.892835234757513,100,100,100,100,100,1,5623,50
0.619216617429629,100,100,100,100,100,1,5623,50
0.733516955049708,100,100,100,100,100,1,5623,50
0.455866566859186,100,100,100,100,100,1,5623,50
0.527373959077522,100,100,100,100,100,1,5623,50
5e-04,100,100,100,100.0005,100.0005,1,5623,50
0.945957459742203,100,100,100,100,100,1,5623,50
0.739796332316473,100,100,100,100,100,1,5623,50
0.100016692187637,100,100,100,100,100,1,5623,50
0.58801685529761,100,100,100,100,100,1,5623,50
0.0195,100,100,100,100.0195,100.0195,1,5623,50
0.720672786934301,100,100,100,100,100,1,5623,50
0.0443336258176714,100,100,100,100,100,1,5623,50
0.0706945813726634,100,100,100,100,100,1,5623,50
5e-04,100,100,100,100.0005,100.0005,1,5623,50
0.635356102371588,100,100,100,100,100,1,5623,50
0.11822119820863,100,100,100,100,100,1,5623,50
0.0137763603124768,100,100,100,100,100,1,5623,50
5e-04,100,100,100,100.0005,100.0005,1,5623,50
0.211505110375583,100,100,100,100,100,1,5623,50
0.965932249790058,100,100,100,100,100,1,5623,50
0.14416290842928,100,100,100,100,100,1,5623,50
0.807296514511108,100,100,100,100,100,1,5623,50
0.501434913603589,100,100,100,100,100,1,5623,50
0.0401981573086232,100,100,100,100,100,1,5623,50
0.124298945767805,100,100,100,100,100,1,5623,50
0.001,100,100,100,100.001,100.001,1,5623,50
0.577777806436643,100,100,100,100,100,1,5623,50
0.002,100,100,100,100.002,100.002,1,5623,50
0.765422246418893,100,100,100,100,100,1,5623,50
5e-04,100,100,100,100.0005,100.0005,1,5623,50
0.904571208404377,100,100,100,100,100,1,5623,50
0.718813393265009,100,100,100,100,100,1,5623,50
0.158669512253255,100,100,100,100,100,1,5623,50
0.001,100,100,100,100.001,100.001,1,5623,50
0.0015,100,100,100,100.0015,100.0015,1,5623,50
0.03483208687976,100,100,100,100,100,1,5623,50
0.387987618800253,100,100,100,100,100,1,5623,50
0.0175,100,100,100,100.0175,100.0175,1,5623,50
0.428223364986479,100,100,100,100,100,1,5623,50
0.461372141260654,100,100,100,100,100,1,5623,50
0.838411210104823,100,100,100,100,100,1,5623,50
0.320899070939049,100,100,100,100,100,1,5623,50
0.008,100,100,100,100.008,100.008,1,5623,50
0.331864276668057,100,100,100,100,100,1,5623,50
0.921322664944455,100,100,100,100,100,1,5623,50
0.0035,100,100,100,100.00325004446,100.00325004446,1,5623,50
0.007,100,100,100,100.007,100.007,1,5623,50
0.850643501384184,100,100,100,100,100,1,5623,50
0.362632810370997,100,100,100,100,100,1,5623,50
