"p","truediv","chaoest","obsD","upper","lower","l","inds","reps"
5e-04,100,100,100,100.0005,100.0005,1,5623,50
0.001,100,100,100,100.001,100.001,1,5623,50
0.527722237631679,100,100,100,100,100,1,5623,50
0.623279619961977,100,100,100,100,100,1,5623,50
0.539133734535426,100,100,100,100,100,1,5623,50
0.240112675819546,100,100,100,100,100,1,5623,50
5e-04,100,100,100,100.0005,100.0005,1,5623,50
0.938430994516239,100,100,100,100,100,1,5623,50
0.859304054873064,100,100,100,100,100,1,5623,50
0.601131387520581,100,100,100,100,100,1,5623,50
0.478427123278379,100,100,100,100,100,1,5623,50
0.569775394862518,100,100,100,100,100,1,5623,50
0.001,100,100,100,100.001,100.001,1,5623,50
0.231327183777466,100,100,100,100,100,1,5623,50
0.321177146397531,100,100,100,100,100,1,5623,50
0.00417364737950265,100,100,100,100,100,1,5623,50
0.618857898050919,100,100,100,100,100,1,5623,50
0.866518900729716,100,100,100,100,100,1,5623,50
0.551453241612762,100,100,100,100,100,1,5623,50
0.003,100,100,100,100.003,100.003,1,5623,50
0.734764960128814,100,100,100,100,100,1,5623,50
0.619042123900726,100,100,100,100,100,1,5623,50
0.286091900197789,100,100,100,100,100,1,5623,50
0.0578027742449194,100,100,100,100,100,1,5623,50
0.962868402479216,100,100,100,100,100,1,5623,50
0.177793226670474,100,100,100,100,100,1,5623,50
0.002,100,100,100,100.002,100.002,1,5623,50
0.179158963495865,100,100,100,100,100,1,5623,50
0.0015,100,100,100,100.0015,100.0015,1,5623,50
0.077983426861465,100,100,100,100,100,1,5623,50
0.505755291087553,100,100,100,100,100,1,5623,50
0.636729389429092,100,100,100,100,100,1,5623,50
0.895123027963564,100,100,100,100,100,1,5623,50
0.663987913867459,100,100,100,100,100,1,5623,50
0.815717284567654,100,100,100,100,100,1,5623,50
0.974242199677974,100,100,100,100,100,1,5623,50
0.0369875077158213,100,100,100,100,100,1,5623,50
0.941988528706133,100,100,100,100,100,1,5623,50
0.535217477707192,100,100,100,100,100,1,5623,50
0.957303538685665,100,100,100,100,100,1,5623,50
0.93942343397066,100,100,100,100,100,1,5623,50
0.880303940735757,100,100,100,100,100,1,5623,50
0.001,100,100,100,100.001,100.001,1,5623,50
0.0780137106776237,100,100,100,100,100,1,5623,50
0.25729374634102,100,100,100,100,100,1,5623,50
0.967417790554464,100,100,100,100,100,1,5623,50
0.704834040487185,100,100,100,100,100,1,5623,50
5e-04,100,100,100,100.0005,100.0005,1,5623,50
0.391781274462119,100,100,100,100,100,1,5623,50
0.609037641203031,100,100,100,100,100,1,5623,50
