"p","truediv","chaoest","obsD","upper","lower","l","inds","reps"
0.391784434439614,100,100,100,100,100,1,5623,50
0.408652314217761,100,100,100,100,100,1,5623,50
0.773315021302551,100,100,100,100,100,1,5623,50
0.709430436603725,100,100,100,100,100,1,5623,50
0.300080827204511,100,100,100,100,100,1,5623,50
0.540861751651391,100,100,100,100,100,1,5623,50
0.423064029077068,100,100,100,100,100,1,5623,50
0.630417695967481,100,100,100,100,100,1,5623,50
0.681747071444988,100,100,100,100,100,1,5623,50
0.001,100,100,100,100.001,100.001,1,5623,50
0.0015,100,100,100,100.0015,100.0015,1,5623,50
0.0015,100,100,100,100.0015,100.0015,1,5623,50
0.564118441194296,100,100,100,100,100,1,5623,50
0.655090368818492,100,100,100,100,100,1,5623,50
0.441349431872368,100,100,100,100,100,1,5623,50
5e-04,100,100,100,100.0005,100.0005,1,5623,50
0.266555246897042,100,100,100,100,100,1,5623,50
0.73293333966285,100,100,100,100,100,1,5623,50
0.0025,100,100,100,100.0025,100.0025,1,5623,50
0.555660592857748,100,100,100,100,100,1,5623,50
0.990409767488018,100,100,100,100,100,1,5623,50
0.730841248761863,100,100,100,100,100,1,5623,50
0.285895136883482,100,100,100,100,100,1,5623,50
0.060710807563737,100,100,100,100,100,1,5623,50
0.686604134505615,100,100,100,100,100,1,5623,50
0.352646548999473,100,100,100,100,100,1,5623,50
5e-04,100,100,100,100.0005,100.0005,1,5623,50
0.159846538444981,100,100,100,100,100,1,5623,50
0.774498461047187,100,100,100,100,100,1,5623,50
0.22025162819773,100,100,100,100,100,1,5623,50
0.612263799645007,100,100,100,100,100,1,5623,50
0.525878248270601,100,100,100,100,100,1,5623,50
0.919960685539991,100,100,100,100,100,1,5623,50
0.17359487270005,100,100,100,100,100,1,5623,50
0.920770805329084,100,100,100,100,100,1,5623,50
0.138867964735255,100,100,100,100,100,1,5623,50
0.777890953468159,100,100,100,100,100,1,5623,50
0.002,100,100,100,100.002,100.002,1,5623,50
0.750627894653007,100,100,100,100,100,1,5623,50
0.820192446466535,100,100,100,100,100,1,5623,50
0.198664226336405,100,100,100,100,100,1,5623,50
0.577660480514169,100,100,100,100,100,1,5623,50
0.814051521942019,100,100,100,100,100,1,5623,50
0.24506510538049,100,100,100,100,100,1,5623,50
0.250510167097673,100,100,100,100,100,1,5623,50
0.698326161596924,100,100,100,100,100,1,5623,50
0.0015,100,100,100,100.0015,100.0015,1,5623,50
0.940082798944786,100,100,100,100,100,1,5623,50
0.454309853026643,100,100,100,100,100,1,5623,50
0.513822098495439,100,100,100,100,100,1,5623,50
