"p","truediv","chaoest","obsD","upper","lower","l","inds","reps"
0.912586166756228,100,100,100,100,100,1,5623,50
0.588290410116315,100,100,100,100,100,1,5623,50
0.992919960757717,100,100,100,100,100,1,5623,50
0.537514916388318,100,100,100,100,100,1,5623,50
0.765041253296658,100,100,100,100,100,1,5623,50
0.103344339877367,100,100,100,100,100,1,5623,50
0.651856640120968,100,100,100,100,100,1,5623,50
0.762403433676809,100,100,100,100,100,1,5623,50
0.774022229248658,100,100,100,100,100,1,5623,50
0.881949077127501,100,100,100,100,100,1,5623,50
0.681549258762971,100,100,100,100,100,1,5623,50
0.980434454744682,100,100,100,100,100,1,5623,50
0.288256156491116,100,100,100,100,100,1,5623,50
0.128340294817463,100,100,100,100,100,1,5623,50
0.001,100,100,100,100.001,100.001,1,5623,50
0.947955383453518,100,100,100,100,100,1,5623,50
0.104168482357636,100,100,100,100,100,1,5623,50
0.532467752927914,100,100,100,100,100,1,5623,50
0.137298390734941,100,100,100,100,100,1,5623,50
0.937027693726122,100,100,100,100,100,1,5623,50
5e-04,100,100,100,100.0005,100.0005,1,5623,50
0.0015,100,100,100,100.0015,100.0015,1,5623,50
0.417001003632322,100,100,100,100,100,1,5623,50
5e-04,100,100,100,100.0005,100.0005,1,5623,50
0.853411294519901,100,100,100,100,100,1,5623,50
0.924154572421685,100,100,100,100,100,1,5623,50
5e-04,100,100,100,100.0005,100.0005,1,5623,50
0.350983389886096,100,100,100,100,100,1,5623,50
0.562510207295418,100,100,100,100,100,1,5623,50
0.183188331313431,100,100,100,100,100,1,5623,50
0.511213193880394,100,100,100,100,100,1,5623,50
0.730552109424025,100,100,100,100,100,1,5623,50
0.09767129085958,100,100,100,100,100,1,5623,50
0.611017558956519,100,100,100,100,100,1,5623,50
0.349893876584247,100,100,100,100,100,1,5623,50
0.533332743216306,100,100,100,100,100,1,5623,50
0.802211438305676,100,100,100,100,100,1,5623,50
0.0015,100,100,100,100.0015,100.0015,1,5623,50
0.599224639125168,100,100,100,100,100,1,5623,50
0.306462098611519,100,100,100,100,100,1,5623,50
0.122127330396324,100,100,100,100,100,1,5623,50
5e-04,100,100,100,100.0005,100.0005,1,5623,50
0.413667475339025,100,100,100,100,100,1,5623,50
0.646122559905052,100,100,100,100,100,1,5623,50
0.248467994155362,100,100,100,100,100,1,5623,50
5e-04,100,100,100,100.0005,100.0005,1,5623,50
0.324747499311343,100,100,100,100,100,1,5623,50
5e-04,100,100,100,100.0005,100.0005,1,5623,50
5e-04,100,100,100,100.0005,100.0005,1,5623,50
0.349695408251137,100,100,100,100,100,1,5623,50
