"p","truediv","chaoest","obsD","upper","lower","l","inds","reps"
0.531106421491131,100,100,100,100,100,1,5623,50
0.626285889651626,100,100,100,100,100,1,5623,50
5e-04,100,100,100,100.0005,100.0005,1,5623,50
0.999617947963998,100,100,100,100,100,1,5623,50
0.0739563095849007,100,100,100,100,100,1,5623,50
0.858771671773866,100,100,100,100,100,1,5623,50
0.002,100,100,100,100.00175004446,100.00175004446,1,5623,50
0.0768449581228197,100,100,100,100,100,1,5623,50
0.495276022702456,100,100,100,100,100,1,5623,50
0.505520255304873,100,100,100,100,100,1,5623,50
0.328815306536853,100,100,100,100,100,1,5623,50
5e-04,100,100,100,100.0005,100.0005,1,5623,50
0.893785564228892,100,100,100,100,100,1,5623,50
0.160442891763523,100,100,100,100,100,1,5623,50
0.139082115143538,100,100,100,100,100,1,5623,50
0.0574324647895992,100,100,100,100,100,1,5623,50
0.0812684900593013,100,100,100,100,100,1,5623,50
0.892349165631458,100,100,100,100,100,1,5623,50
0.687442500377074,100,100,100,100,100,1,5623,50
0.003,100,100,100,100.003,100.003,1,5623,50
0.674535176716745,100,100,100,100,100,1,5623,50
0.812810928793624,100,100,100,100,100,1,5623,50
0.413221789058298,100,100,100,100,100,1,5623,50
0.306593569694087,100,100,100,100,100,1,5623,50
0.002,100,100,100,100.002,100.002,1,5623,50
0.952260319609195,100,100,100,100,100,1,5623,50
0.091804992640391,100,100,100,100,100,1,5623,50
0.194009350379929,100,100,100,100,100,1,5623,50
0.593088971450925,100,100,100,100,100,1,5623,50
0.481383318081498,100,100,100,100,100,1,5623,50
0.761619096621871,100,100,100,100,100,1,5623,50
0.0361912217922509,100,100,100,100,100,1,5623,50
0.0648530179169029,100,100,100,100,100,1,5623,50
0.48599755205214,100,100,100,100,100,1,5623,50
0.493830959778279,100,100,100,100,100,1,5623,50
5e-04,100,100,100,100.0005,100.0005,1,5623,50
5e-04,100,100,100,100.0005,100.0005,1,5623,50
0.476522626820952,100,100,100,100,100,1,5623,50
0.871903882594779,100,100,100,100,100,1,5623,50
0.509993403917179,100,100,100,100,100,1,5623,50
5e-04,100,100,100,100.0005,100.0005,1,5623,50
0.601857213769108,100,100,100,100,100,1,5623,50
0.002,100,100,100,100.002,100.002,1,5623,50
0.0913114121649414,100,100,100,100,100,1,5623,50
0.663124536862597,100,100,100,100,100,1,5623,50
0.781677368329838,100,100,100,100,100,1,5623,50
0.0732679397333413,100,100,100,100,100,1,5623,50
5e-04,100,100,100,100.0005,100.0005,1,5623,50
0.725146215874702,100,100,100,100,100,1,5623,50
0.375905273249373,100,100,100,100,100,1,5623,50
