"p","truediv","chaoest","obsD","upper","lower","l","inds","reps"
0.568613084731624,100,100,100,100,100,1,5623,50
0.0448950070422143,100,100,100,100,100,1,5623,50
0.556263056118041,100,100,100,100,100,1,5623,50
5e-04,100,100,100,100.0005,100.0005,1,5623,50
0.001,100,100,100,100.001,100.001,1,5623,50
0.417377398116514,100,100,100,100,100,1,5623,50
5e-04,100,100,100,100.0005,100.0005,1,5623,50
0.257266087457538,100,100,100,100,100,1,5623,50
0.481340741273016,100,100,100,100,100,1,5623,50
0.730859317351133,100,100,100,100,100,1,5623,50
5e-04,100,100,100,100.0005,100.0005,1,5623,50
0.0352870195638388,100,100,100,100,100,1,5623,50
0.001,100,100,100,100.001,100.001,1,5623,50
0.580185497179627,100,100,100,100,100,1,5623,50
0.594573308946565,100,100,100,100,100,1,5623,50
0.730325440410525,100,100,100,100,100,1,5623,50
0.279029167955741,100,100,100,100,100,1,5623,50
0.344905626960099,100,100,100,100,100,1,5623,50
0.952086428180337,100,100,100,100,100,1,5623,50
0.0035,100,100,100,100.0035,100.0035,1,5623,50
0.984284792095423,100,100,100,100,100,1,5623,50
0.429672965314239,100,100,100,100,100,1,5623,50
0.001,100,100,100,100.001,100.001,1,5623,50
0.359637741930783,100,100,100,100,100,1,5623,50
0.445792135316879,100,100,100,100,100,1,5623,50
0.492085623554885,100,100,100,100,100,1,5623,50
0.791253582807258,100,100,100,100,100,1,5623,50
0.576869308715686,100,100,100,100,100,1,5623,50
0.0843545077368617,100,100,100,100,100,1,5623,50
0.810446443269029,100,100,100,100,100,1,5623,50
0.818158568348736,100,100,100,100,100,1,5623,50
0.259920564712957,100,100,100,100,100,1,5623,50
0.413694351445884,100,100,100,100,100,1,5623,50
5e-04,100,100,100,100.0005,100.0005,1,5623,50
0.007,100,100,100,100.007,100.007,1,5623,50
0.002,100,100,100,100.002,100.002,1,5623,50
0.196669895201921,100,100,100,100,100,1,5623,50
0.182460615411401,100,100,100,100,100,1,5623,50
0.170880425721407,100,100,100,100,100,1,5623,50
0.71063598501496,100,100,100,100,100,1,5623,50
0.0799342102836818,100,100,100,100,100,1,5623,50
0.418808310059831,100,100,100,100,100,1,5623,50
5e-04,100,100,100,100.0005,100.0005,1,5623,50
0.0015,100,100,100,100.0015,100.0015,1,5623,50
0.753404930001125,100,100,100,100,100,1,5623,50
5e-04,100,100,100,100.0005,100.0005,1,5623,50
0.470427177613601,100,100,100,100,100,1,5623,50
0.0217019342817366,100,100,100,100,100,1,5623,50
0.705940210958943,100,100,100,100,100,1,5623,50
0.984673036029562,100,100,100,100,100,1,5623,50
