"p","truediv","chaoest","obsD","upper","lower","l","inds","reps"
5e-04,100,100,100,100.0005,100.0005,1,5623,50
0.588364267488942,100,100,100,100,100,1,5623,50
0.917963982792571,100,100,100,100,100,1,5623,50
0.232669643592089,100,100,100,100,100,1,5623,50
0.430859017185867,100,100,100,100,100,1,5623,50
0.003,100,100,100,100.003,100.003,1,5623,50
0.004,100,100,100,100.004,100.004,1,5623,50
0.0112660063896328,100,100,100,100,100,1,5623,50
0.959849246544763,100,100,100,100,100,1,5623,50
0.559636507183313,100,100,100,100,100,1,5623,50
0.275502322707325,100,100,100,100,100,1,5623,50
5e-04,100,100,100,100.0005,100.0005,1,5623,50
0.718401107704267,100,100,100,100,100,1,5623,50
0.862783959368244,100,100,100,100,100,1,5623,50
5e-04,100,100,100,100.0005,100.0005,1,5623,50
0.802670770091936,100,100,100,100,100,1,5623,50
0.976972154341638,100,100,100,100,100,1,5623,50
0.473476690705866,100,100,100,100,100,1,5623,50
0.147322245175019,100,100,100,100,100,1,5623,50
0.313096035039052,100,100,100,100,100,1,5623,50
5e-04,100,100,100,100.0005,100.0005,1,5623,50
0.624441239517182,100,100,100,100,100,1,5623,50
0.561497602146119,100,100,100,100,100,1,5623,50
0.309164903359488,100,100,100,100,100,1,5623,50
0.600194616708905,100,100,100,100,100,1,5623,50
0.273282444337383,100,100,100,100,100,1,5623,50
5e-04,100,100,100,100.0005,100.0005,1,5623,50
5e-04,100,100,100,100.0005,100.0005,1,5623,50
0.104827631497756,100,100,100,100,100,1,5623,50
0.77170888427645,100,100,100,100,100,1,5623,50
0.961860965471715,100,100,100,100,100,1,5623,50
0.464537824271247,100,100,100,100,100,1,5623,50
0.659393614158034,100,100,100,100,100,1,5623,50
0.0015,100,100,100,100.0015,100.0015,1,5623,50
0.459185931598768,100,100,100,100,100,1,5623,50
0.585784437367693,100,100,100,100,100,1,5623,50
0.983578487997875,100,100,100,100,100,1,5623,50
0.176523223053664,100,100,100,100,100,1,5623,50
0.742000768426806,100,100,100,100,100,1,5623,50
0.953263656934723,100,100,100,100,100,1,5623,50
0.776881047757342,100,100,100,100,100,1,5623,50
0.2065681417007,100,100,100,100,100,1,5623,50
0.002,100,100,100,100.002,100.002,1,5623,50
5e-04,100,100,100,100.0005,100.0005,1,5623,50
0.955556374276057,100,100,100,100,100,1,5623,50
0.826739998767152,100,100,100,100,100,1,5623,50
0.166343686170876,100,100,100,100,100,1,5623,50
0.269308397546411,100,100,100,100,100,1,5623,50
0.670168190728873,100,100,100,100,100,1,5623,50
0.202689373632893,100,100,100,100,100,1,5623,50
