"p","truediv","chaoest","obsD","upper","lower","l","inds","reps"
5e-04,100,100,100,100.0005,100.0005,1,5623,50
0.459412879077718,100,100,100,100,100,1,5623,50
0.001,100,100,100,100.001,100.001,1,5623,50
0.808983640512452,100,100,100,100,100,1,5623,50
0.14157231268473,100,100,100,100,100,1,5623,50
0.611289703520015,100,100,100,100,100,1,5623,50
0.0696971744764596,100,100,100,100,100,1,5623,50
0.530835603829473,100,100,100,100,100,1,5623,50
0.575226115062833,100,100,100,100,100,1,5623,50
0.828403430525213,100,100,100,100,100,1,5623,50
0.119299714686349,100,100,100,100,100,1,5623,50
0.0040571540594101,100,100,100,100,100,1,5623,50
0.614166162908077,100,100,100,100,100,1,5623,50
0.001,100,100,100,100.001,100.001,1,5623,50
0.512816655216739,100,100,100,100,100,1,5623,50
0.0101398860570043,100,100,100,100,100,1,5623,50
5e-04,100,100,100,100.00025004446,100.00025004446,1,5623,50
0.814930541673675,100,100,100,100,100,1,5623,50
0.001,100,100,100,100.001,100.001,1,5623,50
0.0035,100,100,100,100.0035,100.0035,1,5623,50
0.0085,100,100,100,100.00825004446,100.00825004446,1,5623,50
5e-04,100,100,100,100.0005,100.0005,1,5623,50
5e-04,100,100,100,100.0005,100.0005,1,5623,50
0.273032908560708,100,100,100,100,100,1,5623,50
5e-04,100,100,100,100.0005,100.0005,1,5623,50
0.070024732965976,100,100,100,100,100,1,5623,50
0.764935901621357,100,100,100,100,100,1,5623,50
0.366864544339478,100,100,100,100,100,1,5623,50
0.892351836664602,100,100,100,100,100,1,5623,50
0.397614984307438,100,100,100,100,100,1,5623,50
0.728716345969588,100,100,100,100,100,1,5623,50
5e-04,100,100,100,100.0005,100.0005,1,5623,50
0.950763680972159,100,100,100,100,100,1,5623,50
0.664529947564006,100,100,100,100,100,1,5623,50
0.774338665185496,100,100,100,100,100,1,5623,50
5e-04,100,100,100,100.0005,100.0005,1,5623,50
5e-04,100,100,100,100.0005,100.0005,1,5623,50
0.162475598510355,100,100,100,100,100,1,5623,50
0.00723417918197811,100,100,100,100,100,1,5623,50
5e-04,100,100,100,100.0005,100.0005,1,5623,50
5e-04,100,100,100,100.0005,100.0005,1,5623,50
0.154984183376655,100,100,100,100,100,1,5623,50
0.21439345413819,100,100,100,100,100,1,5623,50
0.438807874685153,100,100,100,100,100,1,5623,50
5e-04,100,100,100,100.0005,100.0005,1,5623,50
0.748484163312241,100,100,100,100,100,1,5623,50
5e-04,100,100,100,100.0005,100.0005,1,5623,50
0.0877252272330225,100,100,100,100,100,1,5623,50
0.668031707173213,100,100,100,100,100,1,5623,50
0.0286510053556412,100,100,100,100,100,1,5623,50
