"p","truediv","chaoest","obsD","upper","lower","l","inds","reps"
0.0138911360409111,100,100,100,100,100,1,5623,50
5e-04,100,100,100,100.0005,100.0005,1,5623,50
0.821516864700243,100,100,100,100,100,1,5623,50
0.719367204001173,100,100,100,100,100,1,5623,50
0.985642511630431,100,100,100,100,100,1,5623,50
0.268530665664002,100,100,100,100,100,1,5623,50
5e-04,100,100,100,100.0005,100.0005,1,5623,50
0.68473563529551,100,100,100,100,100,1,5623,50
0.001,100,100,100,100.001,100.001,1,5623,50
0.601131702307612,100,100,100,100,100,1,5623,50
0.145856863120571,100,100,100,100,100,1,5623,50
0.672222098568454,100,100,100,100,100,1,5623,50
0.561526171630248,100,100,100,100,100,1,5623,50
0.481690919026732,100,100,100,100,100,1,5623,50
0.10701257083565,100,100,100,100,100,1,5623,50
0.345125026069582,100,100,100,100,100,1,5623,50
0.78308373875916,100,100,100,100,100,1,5623,50
0.354945251718163,100,100,100,100,100,1,5623,50
0.89142073970288,100,100,100,100,100,1,5623,50
0.0883641564287245,100,100,100,100,100,1,5623,50
0.342547241598368,100,100,100,100,100,1,5623,50
0.259481514338404,100,100,100,100,100,1,5623,50
5e-04,100,100,100,100.0005,100.0005,1,5623,50
0.436172752408311,100,100,100,100,100,1,5623,50
0.157476987224072,100,100,100,100,100,1,5623,50
0.619248444214463,100,100,100,100,100,1,5623,50
0.319482713239267,100,100,100,100,100,1,5623,50
0.642842216882855,100,100,100,100,100,1,5623,50
0.626604998717085,100,100,100,100,100,1,5623,50
5e-04,100,100,100,100.0005,100.0005,1,5623,50
0.331379926530644,100,100,100,100,100,1,5623,50
0.878359037917107,100,100,100,100,100,1,5623,50
0.952036189846694,100,100,100,100,100,1,5623,50
0.869232734665275,100,100,100,100,100,1,5623,50
5e-04,100,100,100,100.0005,100.0005,1,5623,50
0.543088667560369,100,100,100,100,100,1,5623,50
5e-04,100,100,100,100.0005,100.0005,1,5623,50
0.0015,100,100,100,100.0015,100.0015,1,5623,50
5e-04,100,100,100,100.0005,100.0005,1,5623,50
0.535185555461794,100,100,100,100,100,1,5623,50
0.02,100,100,100,100.02,100.02,1,5623,50
0.361384151270613,100,100,100,100,100,1,5623,50
0.0370499072596431,100,100,100,100,100,1,5623,50
0.325361883733422,100,100,100,100,100,1,5623,50
0.83260832936503,100,100,100,100,100,1,5623,50
0.434664431028068,100,100,100,100,100,1,5623,50
0.120345384115353,100,100,100,100,100,1,5623,50
0.0015,100,100,100,100.0015,100.0015,1,5623,50
0.0460544996894896,100,100,100,100,100,1,5623,50
0.185959634603932,100,100,100,100,100,1,5623,50
