"p","truediv","chaoest","obsD","upper","lower","l","inds","reps"
0.466654321411625,100,100,100,100,100,1,5623,50
0.385669715935364,100,100,100,100,100,1,5623,50
0.021,100,100,100,100.02075004446,100.02075004446,1,5623,50
0.603286378085613,100,100,100,100,100,1,5623,50
0.964369317283854,100,100,100,100,100,1,5623,50
5e-04,100,100,100,100.0005,100.0005,1,5623,50
0.132541135884821,100,100,100,100,100,1,5623,50
0.479592845542356,100,100,100,100,100,1,5623,50
0.345191401196644,100,100,100,100,100,1,5623,50
5e-04,100,100,100,100.0005,100.0005,1,5623,50
0.368624539580196,100,100,100,100,100,1,5623,50
0.293273489689454,100,100,100,100,100,1,5623,50
0.253491598647088,100,100,100,100,100,1,5623,50
0.104643990984187,100,100,100,100,100,1,5623,50
0.17554042302072,100,100,100,100,100,1,5623,50
0.001,100,100,100,100.001,100.001,1,5623,50
0.542651121504605,100,100,100,100,100,1,5623,50
0.454660770716146,100,100,100,100,100,1,5623,50
0.002,100,100,100,100.002,100.002,1,5623,50
0.662628411082551,100,100,100,100,100,1,5623,50
0.302436760859564,100,100,100,100,100,1,5623,50
0.0015,100,100,100,100.0015,100.0015,1,5623,50
0.242468871176243,100,100,100,100,100,1,5623,50
0.0015,100,100,100,100.0015,100.0015,1,5623,50
0.001,100,100,100,100.001,100.001,1,5623,50
0.43262422317639,100,100,100,100,100,1,5623,50
0.973516121506691,100,100,100,100,100,1,5623,50
0.001,100,100,100,100.001,100.001,1,5623,50
0.57824291777797,100,100,100,100,100,1,5623,50
0.524490111041814,100,100,100,100,100,1,5623,50
0.443232181016356,100,100,100,100,100,1,5623,50
0.009,100,100,100,100.009,100.009,1,5623,50
0.92513898620382,100,100,100,100,100,1,5623,50
0.989271208643913,100,100,100,100,100,1,5623,50
0.880532389273867,100,100,100,100,100,1,5623,50
0.001,100,100,100,100.001,100.001,1,5623,50
5e-04,100,100,100,100.0005,100.0005,1,5623,50
0.21964075579308,100,100,100,100,100,1,5623,50
0.001,100,100,100,100.001,100.001,1,5623,50
5e-04,100,100,100,100.0005,100.0005,1,5623,50
0.135470550740138,100,100,100,100,100,1,5623,50
0.001,100,100,100,100.001,100.001,1,5623,50
0.0506488161627203,100,100,100,100,100,1,5623,50
0.968730093212798,100,100,100,100,100,1,5623,50
0.543540440499783,100,100,100,100,100,1,5623,50
0.237974539864808,100,100,100,100,100,1,5623,50
0.220542863244191,100,100,100,100,100,1,5623,50
0.746101578697562,100,100,100,100,100,1,5623,50
0.83991358987987,100,100,100,100,100,1,5623,50
0.602241805288941,100,100,100,100,100,1,5623,50
