"p","truediv","chaoest","obsD","upper","lower","l","inds","reps"
0.107236532494426,100,100,100,100,100,1,5623,50
0.0015,100,100,100,100.0015,100.0015,1,5623,50
0.0582210579887033,100,100,100,100,100,1,5623,50
0.784445398952812,100,100,100,100,100,1,5623,50
0.637661254964769,100,100,100,100,100,1,5623,50
0.638760522240773,100,100,100,100,100,1,5623,50
0.0175,100,100,100,100.0175,100.0175,1,5623,50
0.0929336266126484,100,100,100,100,100,1,5623,50
0.234576391987503,100,100,100,100,100,1,5623,50
0.451945051783696,100,100,100,100,100,1,5623,50
0.663967009400949,100,100,100,100,100,1,5623,50
0.517441022908315,100,100,100,100,100,1,5623,50
0.931068083737046,100,100,100,100,100,1,5623,50
0.417555727763101,100,100,100,100,100,1,5623,50
0.232713234378025,100,100,100,100,100,1,5623,50
0.0936292328406125,100,100,100,100,100,1,5623,50
0.11390280444175,100,100,100,100,100,1,5623,50
0.133237287634984,100,100,100,100,100,1,5623,50
0.0015,100,100,100,100.0015,100.0015,1,5623,50
0.170300270430744,100,100,100,100,100,1,5623,50
5e-04,100,100,100,100.0005,100.0005,1,5623,50
0.300708586117253,100,100,100,100,100,1,5623,50
0.436757639748976,100,100,100,100,100,1,5623,50
0.878992650425062,100,100,100,100,100,1,5623,50
5e-04,100,100,100,100.0005,100.0005,1,5623,50
0.883443349506706,100,100,100,100,100,1,5623,50
0.999855344649404,100,100,100,100,100,1,5623,50
0.323139173910022,100,100,100,100,100,1,5623,50
0.581873406423256,100,100,100,100,100,1,5623,50
0.534236290026456,100,100,100,100,100,1,5623,50
0.579317468218505,100,100,100,100,100,1,5623,50
0.364808074198663,100,100,100,100,100,1,5623,50
0.78559458302334,100,100,100,100,100,1,5623,50
5e-04,100,100,100,100.0005,100.0005,1,5623,50
0.171630817465484,100,100,100,100,100,1,5623,50
0.808373668463901,100,100,100,100,100,1,5623,50
5e-04,100,100,100,100.0005,100.0005,1,5623,50
5e-04,100,100,100,100.0005,100.0005,1,5623,50
5e-04,100,100,100,100.0005,100.0005,1,5623,50
0.850456520682201,100,100,100,100,100,1,5623,50
5e-04,100,100,100,100.0005,100.0005,1,5623,50
0.0771646869834512,100,100,100,100,100,1,5623,50
0.276936639100313,100,100,100,100,100,1,5623,50
0.563937401864678,100,100,100,100,100,1,5623,50
0.867231740383431,100,100,100,100,100,1,5623,50
0.196525106439367,100,100,100,100,100,1,5623,50
0.001,100,100,100,100.001,100.001,1,5623,50
0.957663875306025,100,100,100,100,100,1,5623,50
0.178929527755827,100,100,100,100,100,1,5623,50
0.263199073495343,100,100,100,100,100,1,5623,50
