"p","truediv","chaoest","obsD","upper","lower","l","inds","reps"
0.883446542313322,100,100,100,100,100,1,5623,50
0.003,100,100,100,100.003,100.003,1,5623,50
0.260978291276842,100,100,100,100,100,1,5623,50
0.001,100,100,100,100.001,100.001,1,5623,50
0.0493723442777991,100,100,100,100,100,1,5623,50
0.140042031183839,100,100,100,100,100,1,5623,50
0.002,100,100,100,100.002,100.002,1,5623,50
0.867742256028578,100,100,100,100,100,1,5623,50
0.324167700717226,100,100,100,100,100,1,5623,50
5e-04,100,100,100,100.0005,100.0005,1,5623,50
0.00437995512038469,100,100,100,100,100,1,5623,50
0.941352401161566,100,100,100,100,100,1,5623,50
0.53550698235631,100,100,100,100,100,1,5623,50
0.0085,100,100,100,100.0085,100.0085,1,5623,50
0.001,100,100,100,100.001,100.001,1,5623,50
0.002,100,100,100,100.002,100.002,1,5623,50
0.500913688214496,100,100,100,100,100,1,5623,50
0.871822657994926,100,100,100,100,100,1,5623,50
0.278100192081183,100,100,100,100,100,1,5623,50
0.785822769859806,100,100,100,100,100,1,5623,50
0.691779645625502,100,100,100,100,100,1,5623,50
0.56466719461605,100,100,100,100,100,1,5623,50
0.001,100,100,100,100.001,100.001,1,5623,50
5e-04,100,100,100,100.0005,100.0005,1,5623,50
0.487228016136214,100,100,100,100,100,1,5623,50
0.310973333194852,100,100,100,100,100,1,5623,50
0.453041233122349,100,100,100,100,100,1,5623,50
0.5608786996454,100,100,100,100,100,1,5623,50
0.618199856486171,100,100,100,100,100,1,5623,50
0.891013075364754,100,100,100,100,100,1,5623,50
0.150916923768818,100,100,100,100,100,1,5623,50
0.73521491815336,100,100,100,100,100,1,5623,50
0.845803991425782,100,100,100,100,100,1,5623,50
0.478947065072134,100,100,100,100,100,1,5623,50
0.593548117671162,100,100,100,100,100,1,5623,50
0.676090243039653,100,100,100,100,100,1,5623,50
5e-04,100,100,100,100.0005,100.0005,1,5623,50
5e-04,100,100,100,100.0005,100.0005,1,5623,50
0.719506803434342,100,100,100,100,100,1,5623,50
0.434470578096807,100,100,100,100,100,1,5623,50
0.0055,100,100,100,100.0055,100.0055,1,5623,50
0.400164950173348,100,100,100,100,100,1,5623,50
0.371659793425351,100,100,100,100,100,1,5623,50
0.998616052325815,100,100,100,100,100,1,5623,50
0.001,100,100,100,100.001,100.001,1,5623,50
0.001,100,100,100,100.001,100.001,1,5623,50
0.00377147155813873,100,100,100,100,100,1,5623,50
0.456961156101897,100,100,100,100,100,1,5623,50
0.726857834495604,100,100,100,100,100,1,5623,50
0.0328168289270252,100,100,100,100,100,1,5623,50
