"p","truediv","chaoest","obsD","upper","lower","l","inds","reps"
0.837865316774696,100,100,100,100,100,1,5623,50
0.003,100,100,100,100.003,100.003,1,5623,50
0.827957706525922,100,100,100,100,100,1,5623,50
0.0085,100,100,100,100.0085,100.0085,1,5623,50
0.3420465644449,100,100,100,100,100,1,5623,50
0.508132145972922,100,100,100,100,100,1,5623,50
5e-04,100,100,100,100.0005,100.0005,1,5623,50
5e-04,100,100,100,100.0005,100.0005,1,5623,50
0.002,100,100,100,100.002,100.002,1,5623,50
0.973042705329135,100,100,100,100,100,1,5623,50
0.235395128838718,100,100,100,100,100,1,5623,50
0.767951910383999,100,100,100,100,100,1,5623,50
0.467426821822301,100,100,100,100,100,1,5623,50
0.493012802209705,100,100,100,100,100,1,5623,50
0.34910470736213,100,100,100,100,100,1,5623,50
0.30603060987778,100,100,100,100,100,1,5623,50
5e-04,100,100,100,100.0005,100.0005,1,5623,50
5e-04,100,100,100,100.0005,100.0005,1,5623,50
0.499540958087891,100,100,100,100,100,1,5623,50
0.300057969987392,100,100,100,100,100,1,5623,50
0.963712342083454,100,100,100,100,100,1,5623,50
0.47294258675538,100,100,100,100,100,1,5623,50
0.353677304694429,100,100,100,100,100,1,5623,50
0.602474264567718,100,100,100,100,100,1,5623,50
0.0426902687177062,100,100,100,100,100,1,5623,50
0.62175071099773,100,100,100,100,100,1,5623,50
0.646816266467795,100,100,100,100,100,1,5623,50
0.161308351671323,100,100,100,100,100,1,5623,50
0.816378315677866,100,100,100,100,100,1,5623,50
0.96488634031266,100,100,100,100,100,1,5623,50
0.90754132065922,100,100,100,100,100,1,5623,50
0.549897593678907,100,100,100,100,100,1,5623,50
0.404917830368504,100,100,100,100,100,1,5623,50
0.345201153075323,100,100,100,100,100,1,5623,50
0.579946661600843,100,100,100,100,100,1,5623,50
0.0035,100,100,100,100.0035,100.0035,1,5623,50
0.0035,100,100,100,100.0035,100.0035,1,5623,50
0.016,100,100,100,100.016,100.016,1,5623,50
0.001,100,100,100,100.001,100.001,1,5623,50
0.22882719989866,100,100,100,100,100,1,5623,50
0.0465007135644555,100,100,100,100,100,1,5623,50
5e-04,100,100,100,100.0005,100.0005,1,5623,50
0.349063653498888,100,100,100,100,100,1,5623,50
0.184406794607639,100,100,100,100,100,1,5623,50
0.978528725681826,100,100,100,100,100,1,5623,50
0.0886601591482759,100,100,100,100,100,1,5623,50
0.761206157738343,100,100,100,100,100,1,5623,50
0.0700972524937242,100,100,100,100,100,1,5623,50
0.777874720515683,100,100,100,100,100,1,5623,50
0.787465061992407,100,100,100,100,100,1,5623,50
