"p","truediv","chaoest","obsD","upper","lower","l","inds","reps"
0.958579828497022,100,100,100,100,100,1,5623,50
0.538419682299718,100,100,100,100,100,1,5623,50
0.408866690471768,100,100,100,100,100,1,5623,50
0.787419612985104,100,100,100,100,100,1,5623,50
0.606954339658841,100,100,100,100,100,1,5623,50
0.050905944313854,100,100,100,100,100,1,5623,50
0.0015,100,100,100,100.0015,100.0015,1,5623,50
0.143571276217699,100,100,100,100,100,1,5623,50
0.881988649256527,100,100,100,100,100,1,5623,50
0.414261112222448,100,100,100,100,100,1,5623,50
0.552600793773308,100,100,100,100,100,1,5623,50
0.550130896037444,100,100,100,100,100,1,5623,50
5e-04,100,100,100,100.0005,100.0005,1,5623,50
5e-04,100,100,100,100.0005,100.0005,1,5623,50
0.115636699832976,100,100,100,100,100,1,5623,50
0.001,100,100,100,100.001,100.001,1,5623,50
0.0867008622735739,100,100,100,100,100,1,5623,50
0.119806424016133,100,100,100,100,100,1,5623,50
0.553476300556213,100,100,100,100,100,1,5623,50
0.001,100,100,100,100.001,100.001,1,5623,50
0.308492698008195,100,100,100,100,100,1,5623,50
0.521545036928728,100,100,100,100,100,1,5623,50
0.002,100,100,100,100.002,100.002,1,5623,50
0.0823724016081542,100,100,100,100,100,1,5623,50
0.560240587918088,100,100,100,100,100,1,5623,50
0.985649693524465,100,100,100,100,100,1,5623,50
0.944326627999544,100,100,100,100,100,1,5623,50
0.546046307077631,100,100,100,100,100,1,5623,50
0.484818450640887,100,100,100,100,100,1,5623,50
0.24159923591651,100,100,100,100,100,1,5623,50
0.711362747475505,100,100,100,100,100,1,5623,50
0.110810701735318,100,100,100,100,100,1,5623,50
0.922002287115902,100,100,100,100,100,1,5623,50
0.0630806952249259,100,100,100,100,100,1,5623,50
5e-04,100,100,100,100.0005,100.0005,1,5623,50
0.239841267233714,100,100,100,100,100,1,5623,50
0.88446545205079,100,100,100,100,100,1,5623,50
0.0421867319382727,100,100,100,100,100,1,5623,50
0.836562455398962,100,100,100,100,100,1,5623,50
0.266687920549884,100,100,100,100,100,1,5623,50
5.47657255083323e-05,100,100,100,100,100,1,5623,50
0.596464293543249,100,100,100,100,100,1,5623,50
5e-04,100,100,100,100.0005,100.0005,1,5623,50
5e-04,100,100,100,100.0005,100.0005,1,5623,50
0.697163408389315,100,100,100,100,100,1,5623,50
0.465013262117282,100,100,100,100,100,1,5623,50
0.506076514488086,100,100,100,100,100,1,5623,50
0.51601496245712,100,100,100,100,100,1,5623,50
0.463161089457572,100,100,100,100,100,1,5623,50
0.555968630826101,100,100,100,100,100,1,5623,50
