"p","truediv","chaoest","obsD","upper","lower","l","inds","reps"
0.960188255878165,100,100,100,100,100,1,5623,50
0.910336052300408,100,100,100,100,100,1,5623,50
0.350006371736526,100,100,100,100,100,1,5623,50
0.403302918188274,100,100,100,100,100,1,5623,50
0.343369672074914,100,100,100,100,100,1,5623,50
0.0414819656871259,100,100,100,100,100,1,5623,50
0.097661019070074,100,100,100,100,100,1,5623,50
0.996287013869733,100,100,100,100,100,1,5623,50
5e-04,100,100,100,100.0005,100.0005,1,5623,50
0.540159817552194,100,100,100,100,100,1,5623,50
0.573099969653413,100,100,100,100,100,1,5623,50
0.299042887287214,100,100,100,100,100,1,5623,50
5e-04,100,100,100,100.0005,100.0005,1,5623,50
0.645530813373625,100,100,100,100,100,1,5623,50
0.0759503811132163,100,100,100,100,100,1,5623,50
0.305991972330958,100,100,100,100,100,1,5623,50
0.0055,100,100,100,100.0055,100.0055,1,5623,50
0.993443538201973,100,100,100,100,100,1,5623,50
0.503423729678616,100,100,100,100,100,1,5623,50
0.268539523007348,100,100,100,100,100,1,5623,50
0.23952461220324,100,100,100,100,100,1,5623,50
0.422154154861346,100,100,100,100,100,1,5623,50
0.001,100,100,100,100.001,100.001,1,5623,50
0.0286310506053269,100,100,100,100,100,1,5623,50
0.0953487288206816,100,100,100,100,100,1,5623,50
5e-04,100,100,100,100.0005,100.0005,1,5623,50
0.0015,100,100,100,100.00125004446,100.00125004446,1,5623,50
0.288550518453121,100,100,100,100,100,1,5623,50
0.869567224523053,100,100,100,100,100,1,5623,50
0.006,100,100,100,100.006,100.006,1,5623,50
0.851231318200007,100,100,100,100,100,1,5623,50
0.684569707373157,100,100,100,100,100,1,5623,50
5e-04,100,100,100,100.0005,100.0005,1,5623,50
0.874719569226727,100,100,100,100,100,1,5623,50
0.267204108415172,100,100,100,100,100,1,5623,50
0.948555269045755,100,100,100,100,100,1,5623,50
0.450246017659083,100,100,100,100,100,1,5623,50
0.927833273308352,100,100,100,100,100,1,5623,50
0.001,100,100,100,100.001,100.001,1,5623,50
0.417527585756034,100,100,100,100,100,1,5623,50
0.001,100,100,100,100.001,100.001,1,5623,50
0.840574818663299,100,100,100,100,100,1,5623,50
0.9995,100,100,100,99.9997500444603,99.9997500444603,1,5623,50
0.801867657573894,100,100,100,100,100,1,5623,50
0.001,100,100,100,100.001,100.001,1,5623,50
5e-04,100,100,100,100.0005,100.0005,1,5623,50
0.892760270508006,100,100,100,100,100,1,5623,50
0.535259395139292,100,100,100,100,100,1,5623,50
0.782956471899524,100,100,100,100,100,1,5623,50
0.141692983685061,100,100,100,100,100,1,5623,50
