"p","truediv","chaoest","obsD","upper","lower","l","inds","reps"
0.465831361012533,100,100,100,100,100,1,5623,50
0.235719762044027,100,100,100,100,100,1,5623,50
0.391736858291551,100,100,100,100,100,1,5623,50
0.2681625331752,100,100,100,100,100,1,5623,50
0.0674426981713623,100,100,100,100,100,1,5623,50
0.0353595293127,100,100,100,100,100,1,5623,50
0.123703520745039,100,100,100,100,100,1,5623,50
0.616890477947891,100,100,100,100,100,1,5623,50
0.104820770211518,100,100,100,100,100,1,5623,50
0.0891907752957195,100,100,100,100,100,1,5623,50
0.398671696195379,100,100,100,100,100,1,5623,50
0.868791498243809,100,100,100,100,100,1,5623,50
0.0966328221838921,100,100,100,100,100,1,5623,50
5e-04,100,100,100,100.0005,100.0005,1,5623,50
0.892030665883794,100,100,100,100,100,1,5623,50
0.064099031733349,100,100,100,100,100,1,5623,50
0.9995,100,100,100,99.9997500444603,99.9997500444603,1,5623,50
0.912615117616951,100,100,100,100,100,1,5623,50
0.175587993348017,100,100,100,100,100,1,5623,50
0.252139114541933,100,100,100,100,100,1,5623,50
0.249938561115414,100,100,100,100,100,1,5623,50
0.182843069080263,100,100,100,100,100,1,5623,50
0.706450376892462,100,100,100,100,100,1,5623,50
0.369531439151615,100,100,100,100,100,1,5623,50
0.002,100,100,100,100.002,100.002,1,5623,50
0.0455001657828689,100,100,100,100,100,1,5623,50
0.31100460444577,100,100,100,100,100,1,5623,50
0.705807760357857,100,100,100,100,100,1,5623,50
0.0015,100,100,100,100.0015,100.0015,1,5623,50
0.0327328310813755,100,100,100,100,100,1,5623,50
0.609666145406663,100,100,100,100,100,1,5623,50
0.024499248014763,100,100,100,100,100,1,5623,50
0.109996656421572,100,100,100,100,100,1,5623,50
0.806187377776951,100,100,100,100,100,1,5623,50
0.544593699974939,100,100,100,100,100,1,5623,50
0.001,100,100,100,100.001,100.001,1,5623,50
5e-04,100,100,100,100.0005,100.0005,1,5623,50
0.0443014223128557,100,100,100,100,100,1,5623,50
0.957966467831284,100,100,100,100,100,1,5623,50
0.818646715953946,100,100,100,100,100,1,5623,50
0.894863182911649,100,100,100,100,100,1,5623,50
5e-04,100,100,100,100.0005,100.0005,1,5623,50
0.135066953487694,100,100,100,100,100,1,5623,50
0.859002706361935,100,100,100,100,100,1,5623,50
0.257082832278684,100,100,100,100,100,1,5623,50
0.792883631773293,100,100,100,100,100,1,5623,50
0.32089495821856,100,100,100,100,100,1,5623,50
0.527883156901225,100,100,100,100,100,1,5623,50
0.308013508561999,100,100,100,100,100,1,5623,50
0.307064829161391,100,100,100,100,100,1,5623,50
