"p","truediv","chaoest","obsD","upper","lower","l","inds","reps"
0.008,100,100,100,100.008,100.008,1,5623,50
0.372702257940546,100,100,100,100,100,1,5623,50
0.111300763208419,100,100,100,100,100,1,5623,50
0.110778902424499,100,100,100,100,100,1,5623,50
0.22778238216415,100,100,100,100,100,1,5623,50
0.001,100,100,100,100.001,100.001,1,5623,50
0.597106319153681,100,100,100,100,100,1,5623,50
0.511261347681284,100,100,100,100,100,1,5623,50
0.158588657155633,100,100,100,100,100,1,5623,50
0.0478873050305992,100,100,100,100,100,1,5623,50
5e-04,100,100,100,100.0005,100.0005,1,5623,50
0.114323980873451,100,100,100,100,100,1,5623,50
0.616303754271939,100,100,100,100,100,1,5623,50
5e-04,100,100,100,100.0005,100.0005,1,5623,50
0.711067916126922,100,100,100,100,100,1,5623,50
0.465921266935766,100,100,100,100,100,1,5623,50
0.109521133825183,100,100,100,100,100,1,5623,50
0.647090952377766,100,100,100,100,100,1,5623,50
0.179653165861964,100,100,100,100,100,1,5623,50
0.820644659223035,100,100,100,100,100,1,5623,50
0.175035694846883,100,100,100,100,100,1,5623,50
5e-04,100,100,100,100.0005,100.0005,1,5623,50
0.187246645800769,100,100,100,100,100,1,5623,50
0.746684326091781,100,100,100,100,100,1,5623,50
0.595672620460391,100,100,100,100,100,1,5623,50
0.004,100,100,100,100.004,100.004,1,5623,50
5e-04,100,100,100,100.0005,100.0005,1,5623,50
0.0879055475816131,100,100,100,100,100,1,5623,50
0.0015,100,100,100,100.0015,100.0015,1,5623,50
0.00607270351611078,100,100,100,100,100,1,5623,50
5e-04,100,100,100,100.0005,100.0005,1,5623,50
0.888560824794695,100,100,100,100,100,1,5623,50
0.537392048165202,100,100,100,100,100,1,5623,50
0.387221580371261,100,100,100,100,100,1,5623,50
0.379193950910121,100,100,100,100,100,1,5623,50
0.51747683971189,100,100,100,100,100,1,5623,50
0.847039490239695,100,100,100,100,100,1,5623,50
0.83593422989361,100,100,100,100,100,1,5623,50
0.356088066240773,100,100,100,100,100,1,5623,50
0.512448292225599,100,100,100,100,100,1,5623,50
5e-04,100,100,100,100.0005,100.0005,1,5623,50
0.144046283792704,100,100,100,100,100,1,5623,50
0.44482025760226,100,100,100,100,100,1,5623,50
0.123991003260016,100,100,100,100,100,1,5623,50
0.005,100,100,100,100.005,100.005,1,5623,50
5e-04,100,100,100,100.0005,100.0005,1,5623,50
0.546328585362062,100,100,100,100,100,1,5623,50
0.239586847368628,100,100,100,100,100,1,5623,50
0.002,100,100,100,100.002,100.002,1,5623,50
0.014,100,100,100,100.014,100.014,1,5623,50
