"p","truediv","chaoest","obsD","upper","lower","l","inds","reps"
0.821651794016361,100,100,100,100,100,1,5623,50
0.562508299015462,100,100,100,100,100,1,5623,50
0.022,100,100,100,100.022,100.022,1,5623,50
0.272728329990059,100,100,100,100,100,1,5623,50
5e-04,100,100,100,100.0005,100.0005,1,5623,50
0.760358469095081,100,100,100,100,100,1,5623,50
0.204103795578703,100,100,100,100,100,1,5623,50
5e-04,100,100,100,100.0005,100.0005,1,5623,50
0.0160120939835906,100,100,100,100,100,1,5623,50
0.778657292015851,100,100,100,100,100,1,5623,50
0.0015,100,100,100,100.0015,100.0015,1,5623,50
0.556118199136108,100,100,100,100,100,1,5623,50
0.002,100,100,100,100.00175004446,100.00175004446,1,5623,50
0.564699098700657,100,100,100,100,100,1,5623,50
0.131870148936287,100,100,100,100,100,1,5623,50
0.933436361607164,100,100,100,100,100,1,5623,50
5e-04,100,100,100,100.0005,100.0005,1,5623,50
0.822578273015097,100,100,100,100,100,1,5623,50
0.002,100,100,100,100.002,100.002,1,5623,50
0.329677541740239,100,100,100,100,100,1,5623,50
0.001,100,100,100,100.001,100.001,1,5623,50
0.504821085371077,100,100,100,100,100,1,5623,50
0.0541938524693251,100,100,100,100,100,1,5623,50
0.873905437765643,100,100,100,100,100,1,5623,50
0.596385904820636,100,100,100,100,100,1,5623,50
0.456393988337368,100,100,100,100,100,1,5623,50
0.875104048987851,100,100,100,100,100,1,5623,50
0.366132189286873,100,100,100,100,100,1,5623,50
0.356913815019652,100,100,100,100,100,1,5623,50
0.139665441587567,100,100,100,100,100,1,5623,50
0.147822722559795,100,100,100,100,100,1,5623,50
0.626239520730451,100,100,100,100,100,1,5623,50
0.001,100,100,100,100.001,100.001,1,5623,50
0.002,100,100,100,100.002,100.002,1,5623,50
0.388392794178799,100,100,100,100,100,1,5623,50
5e-04,100,100,100,100.00025004446,100.00025004446,1,5623,50
0.408051983453333,100,100,100,100,100,1,5623,50
0.692383072571829,100,100,100,100,100,1,5623,50
0.0422974703833461,100,100,100,100,100,1,5623,50
0.645387831609696,100,100,100,100,100,1,5623,50
0.949451381806284,100,100,100,100,100,1,5623,50
0.511997856898233,100,100,100,100,100,1,5623,50
0.0025,100,100,100,100.0025,100.0025,1,5623,50
0.325202362379059,100,100,100,100,100,1,5623,50
0.0015,100,100,100,100.0015,100.0015,1,5623,50
0.807530375663191,100,100,100,100,100,1,5623,50
0.0123918291646987,100,100,100,100,100,1,5623,50
5e-04,100,100,100,100.0005,100.0005,1,5623,50
0.30504621216096,100,100,100,100,100,1,5623,50
0.631298505701125,100,100,100,100,100,1,5623,50
