"p","truediv","chaoest","obsD","upper","lower","l","inds","reps"
0.0015,100,100,100,100.0015,100.0015,1,5623,50
5e-04,100,100,100,100.0005,100.0005,1,5623,50
0.498151706531644,100,100,100,100,100,1,5623,50
0.553780395770445,100,100,100,100,100,1,5623,50
0.0930256128776819,100,100,100,100,100,1,5623,50
0.102464247029275,100,100,100,100,100,1,5623,50
0.551337067969143,100,100,100,100,100,1,5623,50
0.001,100,100,100,100.00075004446,100.00075004446,1,5623,50
0.525540661066771,100,100,100,100,100,1,5623,50
0.0920011666603386,100,100,100,100,100,1,5623,50
0.171905518509448,100,100,100,100,100,1,5623,50
0.29715290130116,100,100,100,100,100,1,5623,50
0.0267679812386632,100,100,100,100,100,1,5623,50
0.333418586989865,100,100,100,100,100,1,5623,50
0.300312882754952,100,100,100,100,100,1,5623,50
0.309437962947413,100,100,100,100,100,1,5623,50
0.371225526323542,100,100,100,100,100,1,5623,50
0.580593434628099,100,100,100,100,100,1,5623,50
0.27690707729198,100,100,100,100,100,1,5623,50
5e-04,100,100,100,100.0005,100.0005,1,5623,50
0.26439783256501,100,100,100,100,100,1,5623,50
0.124805184081197,100,100,100,100,100,1,5623,50
0.976697474252433,100,100,100,100,100,1,5623,50
5e-04,100,100,100,100.0005,100.0005,1,5623,50
0.561756902839988,100,100,100,100,100,1,5623,50
0.0828164813574404,100,100,100,100,100,1,5623,50
0.499145673355088,100,100,100,100,100,1,5623,50
5e-04,100,100,100,100.0005,100.0005,1,5623,50
5e-04,100,100,100,100.0005,100.0005,1,5623,50
0.230231082066894,100,100,100,100,100,1,5623,50
0.312643121229485,100,100,100,100,100,1,5623,50
0.554669448640198,100,100,100,100,100,1,5623,50
0.129305131034926,100,100,100,100,100,1,5623,50
0.342616435838863,100,100,100,100,100,1,5623,50
5e-04,100,100,100,100.0005,100.0005,1,5623,50
0.732881606090814,100,100,100,100,100,1,5623,50
0.37623576563783,100,100,100,100,100,1,5623,50
0.328138310695067,100,100,100,100,100,1,5623,50
0.552786560496315,100,100,100,100,100,1,5623,50
0.854818921070546,100,100,100,100,100,1,5623,50
0.002,100,100,100,100.002,100.002,1,5623,50
0.124148583738133,100,100,100,100,100,1,5623,50
0.420119020389393,100,100,100,100,100,1,5623,50
0.529618409229442,100,100,100,100,100,1,5623,50
0.0553858240600675,100,100,100,100,100,1,5623,50
5e-04,100,100,100,100.0005,100.0005,1,5623,50
0.650318201398477,100,100,100,100,100,1,5623,50
0.791243919171393,100,100,100,100,100,1,5623,50
0.533297644229606,100,100,100,100,100,1,5623,50
0.0958164753392339,100,100,100,100,100,1,5623,50
