"p","truediv","chaoest","obsD","upper","lower","l","inds","reps"
0.756049643270671,100,100,100,100,100,1,5623,50
0.108325523789972,100,100,100,100,100,1,5623,50
5e-04,100,100,100,100.0005,100.0005,1,5623,50
0.0299537724349648,100,100,100,100,100,1,5623,50
0.276996140368283,100,100,100,100,100,1,5623,50
0.458099800162017,100,100,100,100,100,1,5623,50
0.02,100,100,100,100.02,100.02,1,5623,50
0.262308616191149,100,100,100,100,100,1,5623,50
0.703909601084888,100,100,100,100,100,1,5623,50
0.84321720758453,100,100,100,100,100,1,5623,50
5e-04,100,100,100,100.0005,100.0005,1,5623,50
0.20490403752774,100,100,100,100,100,1,5623,50
0.0035,100,100,100,100.0035,100.0035,1,5623,50
0.242706178687513,100,100,100,100,100,1,5623,50
0.116337393177673,100,100,100,100,100,1,5623,50
0.328996551688761,100,100,100,100,100,1,5623,50
0.273884714115411,100,100,100,100,100,1,5623,50
0.708192622987553,100,100,100,100,100,1,5623,50
0.0015,100,100,100,100.0015,100.0015,1,5623,50
5e-04,100,100,100,100.0005,100.0005,1,5623,50
0.001,100,100,100,100.001,100.001,1,5623,50
0.600549101829529,100,100,100,100,100,1,5623,50
5e-04,100,100,100,100.0005,100.0005,1,5623,50
5e-04,100,100,100,100.0005,100.0005,1,5623,50
0.872650756267831,100,100,100,100,100,1,5623,50
0.23971930006519,100,100,100,100,100,1,5623,50
0.223813370568678,100,100,100,100,100,1,5623,50
0.165218860842288,100,100,100,100,100,1,5623,50
0.530395814683288,100,100,100,100,100,1,5623,50
0.687611113768071,100,100,100,100,100,1,5623,50
0.119203377049416,100,100,100,100,100,1,5623,50
0.378054938511923,100,100,100,100,100,1,5623,50
0.757659014780074,100,100,100,100,100,1,5623,50
0.660358310444281,100,100,100,100,100,1,5623,50
0.0429556858725846,100,100,100,100,100,1,5623,50
0.496669060317799,100,100,100,100,100,1,5623,50
0.001,100,100,100,100.001,100.001,1,5623,50
0.0045,100,100,100,100.0045,100.0045,1,5623,50
0.937510140938684,100,100,100,100,100,1,5623,50
0.456006355350837,100,100,100,100,100,1,5623,50
0.955354581587017,100,100,100,100,100,1,5623,50
0.399579162243754,100,100,100,100,100,1,5623,50
0.9995,100,100,100,99.9997500444603,99.9997500444603,1,5623,50
5e-04,100,100,100,100.0005,100.0005,1,5623,50
0.38580271252431,100,100,100,100,100,1,5623,50
0.001,100,100,100,100.001,100.001,1,5623,50
0.38233530591242,100,100,100,100,100,1,5623,50
0.887839719187468,100,100,100,100,100,1,5623,50
0.0517824636772275,100,100,100,100,100,1,5623,50
0.380826877895743,100,100,100,100,100,1,5623,50
