"p","truediv","chaoest","obsD","upper","lower","l","inds","reps"
5e-04,100,100,100,100.0005,100.0005,1,5623,50
0.584329903824255,100,100,100,100,100,1,5623,50
0.790975483134389,100,100,100,100,100,1,5623,50
0.577493916731328,100,100,100,100,100,1,5623,50
0.984773965319619,100,100,100,100,100,1,5623,50
5e-04,100,100,100,100.0005,100.0005,1,5623,50
0.340227669570595,100,100,100,100,100,1,5623,50
0.497565537691116,100,100,100,100,100,1,5623,50
0.32629365241155,100,100,100,100,100,1,5623,50
0.187945161946118,100,100,100,100,100,1,5623,50
0.941982319811359,100,100,100,100,100,1,5623,50
0.001,100,100,100,100.001,100.001,1,5623,50
0.001,100,100,100,100.001,100.001,1,5623,50
0.629880414577201,100,100,100,100,100,1,5623,50
0.728185689309612,100,100,100,100,100,1,5623,50
0.238133646314964,100,100,100,100,100,1,5623,50
0.001,100,100,100,100.001,100.001,1,5623,50
0.733447452541441,100,100,100,100,100,1,5623,50
0.914761538384482,100,100,100,100,100,1,5623,50
0.685309840133414,100,100,100,100,100,1,5623,50
0.314823758089915,100,100,100,100,100,1,5623,50
0.917779931565747,100,100,100,100,100,1,5623,50
0.55976330768317,100,100,100,100,100,1,5623,50
0.889743668958545,100,100,100,100,100,1,5623,50
0.608022360363975,100,100,100,100,100,1,5623,50
0.693107649451122,100,100,100,100,100,1,5623,50
0.789449484553188,100,100,100,100,100,1,5623,50
0.651001105085015,100,100,100,100,100,1,5623,50
0.399229623610154,100,100,100,100,100,1,5623,50
0.592204758897424,100,100,100,100,100,1,5623,50
0.789608263643458,100,100,100,100,100,1,5623,50
0.630538534605876,100,100,100,100,100,1,5623,50
0.0105277779512107,100,100,100,100,100,1,5623,50
0.4067970989272,100,100,100,100,100,1,5623,50
0.156315951375291,100,100,100,100,100,1,5623,50
0.264235781738535,100,100,100,100,100,1,5623,50
0.677788137691095,100,100,100,100,100,1,5623,50
0.873215995496139,100,100,100,100,100,1,5623,50
0.248757550958544,100,100,100,100,100,1,5623,50
0.0266242129728198,100,100,100,100,100,1,5623,50
0.386690509272739,100,100,100,100,100,1,5623,50
0.152206687256694,100,100,100,100,100,1,5623,50
0.967795963631943,100,100,100,100,100,1,5623,50
0.572632518364117,100,100,100,100,100,1,5623,50
0.286119127413258,100,100,100,100,100,1,5623,50
0.516475644428283,100,100,100,100,100,1,5623,50
0.90139367734082,100,100,100,100,100,1,5623,50
0.322214310988784,100,100,100,100,100,1,5623,50
0.288565759081393,100,100,100,100,100,1,5623,50
0.45363252540119,100,100,100,100,100,1,5623,50
