"p","truediv","chaoest","obsD","upper","lower","l","inds","reps"
0.0214944027829915,100,100,100,100,100,1,5623,50
0.004,100,100,100,100.004,100.004,1,5623,50
0.267923422623426,100,100,100,100,100,1,5623,50
0.262069553369656,100,100,100,100,100,1,5623,50
0.755140196532011,100,100,100,100,100,1,5623,50
5e-04,100,100,100,100.0005,100.0005,1,5623,50
0.210987603990361,100,100,100,100,100,1,5623,50
0.873145670862868,100,100,100,100,100,1,5623,50
0.757566094631329,100,100,100,100,100,1,5623,50
0.604136540554464,100,100,100,100,100,1,5623,50
0.221642896067351,100,100,100,100,100,1,5623,50
5e-04,100,100,100,100.0005,100.0005,1,5623,50
5e-04,100,100,100,100.0005,100.0005,1,5623,50
0.0035,100,100,100,100.0035,100.0035,1,5623,50
0.512588622281328,100,100,100,100,100,1,5623,50
0.0015,100,100,100,100.0015,100.0015,1,5623,50
0.362166114151478,100,100,100,100,100,1,5623,50
5e-04,100,100,100,100.0005,100.0005,1,5623,50
0.001,100,100,100,100.001,100.001,1,5623,50
0.294109663693234,100,100,100,100,100,1,5623,50
0.0892922484781593,100,100,100,100,100,1,5623,50
0.793692242121324,100,100,100,100,100,1,5623,50
0.691460266709328,100,100,100,100,100,1,5623,50
0.0854629564564675,100,100,100,100,100,1,5623,50
0.653456502594054,100,100,100,100,100,1,5623,50
0.212701211217791,100,100,100,100,100,1,5623,50
5e-04,100,100,100,100.0005,100.0005,1,5623,50
0.0139407925307751,100,100,100,100,100,1,5623,50
0.961148204980418,100,100,100,100,100,1,5623,50
0.618676759535447,100,100,100,100,100,1,5623,50
0.524562583537772,100,100,100,100,100,1,5623,50
0.4045372356195,100,100,100,100,100,1,5623,50
5e-04,100,100,100,100.0005,100.0005,1,5623,50
0.247235633898526,100,100,100,100,100,1,5623,50
5e-04,100,100,100,100.0005,100.0005,1,5623,50
0.750350705813617,100,100,100,100,100,1,5623,50
0.867754800477996,100,100,100,100,100,1,5623,50
0.161900912877172,100,100,100,100,100,1,5623,50
0.175647935830057,100,100,100,100,100,1,5623,50
0.717468228656799,100,100,100,100,100,1,5623,50
5e-04,100,100,100,100.0005,100.0005,1,5623,50
5e-04,100,100,100,100.00025004446,100.00025004446,1,5623,50
0.406231827335432,100,100,100,100,100,1,5623,50
0.394452680135146,100,100,100,100,100,1,5623,50
0.734587145736441,100,100,100,100,100,1,5623,50
0.704152422724292,100,100,100,100,100,1,5623,50
5e-04,100,100,100,100.0005,100.0005,1,5623,50
0.386965078301728,100,100,100,100,100,1,5623,50
0.867195740574971,100,100,100,100,100,1,5623,50
5e-04,100,100,100,100.0005,100.0005,1,5623,50
