"p","truediv","chaoest","obsD","upper","lower","l","inds","reps"
0.0178363083396107,100,100,100,100,100,1,5623,50
0.540751166408882,100,100,100,100,100,1,5623,50
0.283565818099305,100,100,100,100,100,1,5623,50
0.650210727239028,100,100,100,100,100,1,5623,50
0.349351590499282,100,100,100,100,100,1,5623,50
0.153760360088199,100,100,100,100,100,1,5623,50
0.808480821549892,100,100,100,100,100,1,5623,50
0.001,100,100,100,100.001,100.001,1,5623,50
0.486674041952938,100,100,100,100,100,1,5623,50
0.205855364212766,100,100,100,100,100,1,5623,50
0.949309257091954,100,100,100,100,100,1,5623,50
0.216815567342564,100,100,100,100,100,1,5623,50
0.875501056201756,100,100,100,100,100,1,5623,50
0.914778938284144,100,100,100,100,100,1,5623,50
0.184951349394396,100,100,100,100,100,1,5623,50
0.0015,100,100,100,100.0015,100.0015,1,5623,50
5e-04,100,100,100,100.0005,100.0005,1,5623,50
0.60883904225193,100,100,100,100,100,1,5623,50
0.919183464488015,100,100,100,100,100,1,5623,50
0.582005082862452,100,100,100,100,100,1,5623,50
0.181771009229124,100,100,100,100,100,1,5623,50
5e-04,100,100,100,100.0005,100.0005,1,5623,50
5e-04,100,100,100,100.0005,100.0005,1,5623,50
0.394984677433968,100,100,100,100,100,1,5623,50
0.005,100,100,100,100.005,100.005,1,5623,50
0.442064285976812,100,100,100,100,100,1,5623,50
0.6073503496591,100,100,100,100,100,1,5623,50
0.350084101548418,100,100,100,100,100,1,5623,50
0.962236873572692,100,100,100,100,100,1,5623,50
0.0510036223568022,100,100,100,100,100,1,5623,50
0.867785775568336,100,100,100,100,100,1,5623,50
0.003,100,100,100,100.003,100.003,1,5623,50
0.738127700518817,100,100,100,100,100,1,5623,50
0.104646293446422,100,100,100,100,100,1,5623,50
0.293780075618997,100,100,100,100,100,1,5623,50
0.531642093788832,100,100,100,100,100,1,5623,50
0.103458130266517,100,100,100,100,100,1,5623,50
0.0508814987260848,100,100,100,100,100,1,5623,50
0.961870650760829,100,100,100,100,100,1,5623,50
0.802303396398202,100,100,100,100,100,1,5623,50
0.059,100,100,100,100.05875004446,99.0587500444603,1,5623,50
0.668941237032413,100,100,100,100,100,1,5623,50
0.978333885315806,100,100,100,100,100,1,5623,50
0.0165,100,100,100,100.0165,100.0165,1,5623,50
0.001,100,100,100,100.001,100.001,1,5623,50
0.610100587364286,100,100,100,100,100,1,5623,50
0.007,100,100,100,100.007,100.007,1,5623,50
0.001,100,100,100,100.001,100.001,1,5623,50
0.60480621480383,100,100,100,100,100,1,5623,50
0.0568659654818475,100,100,100,100,100,1,5623,50
