"p","truediv","chaoest","obsD","upper","lower","l","inds","reps"
5e-04,100,100,100,100.0005,100.0005,1,5623,50
0.127807066543028,100,100,100,100,100,1,5623,50
0.281084574759007,100,100,100,100,100,1,5623,50
0.204448113916442,100,100,100,100,100,1,5623,50
0.390036861877888,100,100,100,100,100,1,5623,50
0.61651164595969,100,100,100,100,100,1,5623,50
0.147739646025002,100,100,100,100,100,1,5623,50
0.488468789961189,100,100,100,100,100,1,5623,50
0.652538029477,100,100,100,100,100,1,5623,50
0.614530351944268,100,100,100,100,100,1,5623,50
0.002,100,100,100,100.002,100.002,1,5623,50
0.141694807214662,100,100,100,100,100,1,5623,50
5e-04,100,100,100,100.0005,100.0005,1,5623,50
0.447328566107899,100,100,100,100,100,1,5623,50
0.656104459660128,100,100,100,100,100,1,5623,50
0.42377968551591,100,100,100,100,100,1,5623,50
0.0065,100,100,100,100.0065,100.0065,1,5623,50
0.433072611922398,100,100,100,100,100,1,5623,50
0.762449928792194,100,100,100,100,100,1,5623,50
0.63006243808195,100,100,100,100,100,1,5623,50
0.005,100,100,100,100.005,100.005,1,5623,50
0.18674682197161,100,100,100,100,100,1,5623,50
0.056505684973672,100,100,100,100,100,1,5623,50
5e-04,100,100,100,100.0005,100.0005,1,5623,50
0.332522677723318,100,100,100,100,100,1,5623,50
5e-04,100,100,100,100.0005,100.0005,1,5623,50
0.36709287087433,100,100,100,100,100,1,5623,50
0.236286562401801,100,100,100,100,100,1,5623,50
0.038099993718788,100,100,100,100,100,1,5623,50
0.858966117491946,100,100,100,100,100,1,5623,50
0.102059957338497,100,100,100,100,100,1,5623,50
0.679511769209057,100,100,100,100,100,1,5623,50
0.549134712899104,100,100,100,100,100,1,5623,50
0.0632422987837344,100,100,100,100,100,1,5623,50
0.302580159390345,100,100,100,100,100,1,5623,50
0.473080067662522,100,100,100,100,100,1,5623,50
0.830875148531049,100,100,100,100,100,1,5623,50
5e-04,100,100,100,100.0005,100.0005,1,5623,50
0.0055,100,100,100,100.0055,100.0055,1,5623,50
0.541134402155876,100,100,100,100,100,1,5623,50
5e-04,100,100,100,100.0005,100.0005,1,5623,50
0.898892404744402,100,100,100,100,100,1,5623,50
0.003,100,100,100,100.003,100.003,1,5623,50
5e-04,100,100,100,100.0005,100.0005,1,5623,50
5e-04,100,100,100,100.0005,100.0005,1,5623,50
0.332931247539818,100,100,100,100,100,1,5623,50
0.484022303717211,100,100,100,100,100,1,5623,50
5e-04,100,100,100,100.0005,100.0005,1,5623,50
0.005,100,100,100,100.005,100.005,1,5623,50
0.116470419801772,100,100,100,100,100,1,5623,50
