"p","truediv","chaoest","obsD","upper","lower","l","inds","reps"
0.705044159898534,100,100,100,100,100,1,5623,50
0.891313860192895,100,100,100,100,100,1,5623,50
0.348829342285171,100,100,100,100,100,1,5623,50
0.535937640815973,100,100,100,100,100,1,5623,50
0.131144382758066,100,100,100,100,100,1,5623,50
0.001,100,100,100,100.001,100.001,1,5623,50
0.921475411159918,100,100,100,100,100,1,5623,50
0.840164255583659,100,100,100,100,100,1,5623,50
5e-04,100,100,100,100.0005,100.0005,1,5623,50
0.0840162057429552,100,100,100,100,100,1,5623,50
0.548744936008006,100,100,100,100,100,1,5623,50
0.64821278816089,100,100,100,100,100,1,5623,50
0.26173548726365,100,100,100,100,100,1,5623,50
0.108450806932524,100,100,100,100,100,1,5623,50
5e-04,100,100,100,100.0005,100.0005,1,5623,50
0.001,100,100,100,100.001,100.001,1,5623,50
0.606229026569054,100,100,100,100,100,1,5623,50
0.237366496352479,100,100,100,100,100,1,5623,50
0.0839359881356359,100,100,100,100,100,1,5623,50
5e-04,100,100,100,100.0005,100.0005,1,5623,50
0.283049405785277,100,100,100,100,100,1,5623,50
0.378271867055446,100,100,100,100,100,1,5623,50
5e-04,100,100,100,100.0005,100.0005,1,5623,50
0.986802712315693,100,100,100,100,100,1,5623,50
0.001,100,100,100,100.001,100.001,1,5623,50
0.0804497168865055,100,100,100,100,100,1,5623,50
0.39774233661592,100,100,100,100,100,1,5623,50
0.008,100,100,100,100.008,100.008,1,5623,50
5e-04,100,100,100,100.0005,100.0005,1,5623,50
0.001,100,100,100,100.001,100.001,1,5623,50
5e-04,100,100,100,100.0005,100.0005,1,5623,50
0.367562167579308,100,100,100,100,100,1,5623,50
0.854870640207082,100,100,100,100,100,1,5623,50
0.781019468093291,100,100,100,100,100,1,5623,50
0.131159808719531,100,100,100,100,100,1,5623,50
0.647592843975872,100,100,100,100,100,1,5623,50
0.732959929620847,100,100,100,100,100,1,5623,50
0.969053754583001,100,100,100,100,100,1,5623,50
0.286622111452743,100,100,100,100,100,1,5623,50
0.858394862385467,100,100,100,100,100,1,5623,50
0.0302508298773319,100,100,100,100,100,1,5623,50
0.003,100,100,100,100.002250133381,100.002250133381,1,5623,50
0.436335239326581,100,100,100,100,100,1,5623,50
0.0065,100,100,100,100.0065,100.0065,1,5623,50
0.526408692123368,100,100,100,100,100,1,5623,50
0.49351562326774,100,100,100,100,100,1,5623,50
0.002,100,100,100,100.00175004446,100.00175004446,1,5623,50
0.471001156838611,100,100,100,100,100,1,5623,50
0.323718644911423,100,100,100,100,100,1,5623,50
0.470528633566573,100,100,100,100,100,1,5623,50
