"p","truediv","chaoest","obsD","upper","lower","l","inds","reps"
0.0194045240059495,100,100,100,100,100,1,5623,50
0.9995,100,100,100,99.9997500444603,99.9997500444603,1,5623,50
0.333780247718096,100,100,100,100,100,1,5623,50
0.416003440273926,100,100,100,100,100,1,5623,50
0.299471750389785,100,100,100,100,100,1,5623,50
0.003,100,100,100,100.003,100.003,1,5623,50
0.002,100,100,100,100.002,100.002,1,5623,50
0.713753757067025,100,100,100,100,100,1,5623,50
0.15439836983569,100,100,100,100,100,1,5623,50
0.0457838741131127,100,100,100,100,100,1,5623,50
0.61667362973094,100,100,100,100,100,1,5623,50
0.588177579455078,100,100,100,100,100,1,5623,50
0.562401820672676,100,100,100,100,100,1,5623,50
0.419900300679728,100,100,100,100,100,1,5623,50
0.680202747462317,100,100,100,100,100,1,5623,50
0.377484421711415,100,100,100,100,100,1,5623,50
0.502123581245542,100,100,100,100,100,1,5623,50
0.329255638644099,100,100,100,100,100,1,5623,50
0.168686342658475,100,100,100,100,100,1,5623,50
0.716964590363204,100,100,100,100,100,1,5623,50
0.70008181151934,100,100,100,100,100,1,5623,50
0.118071644334123,100,100,100,100,100,1,5623,50
0.0983422040008008,100,100,100,100,100,1,5623,50
0.984749083872885,100,100,100,100,100,1,5623,50
0.990857421653345,100,100,100,100,100,1,5623,50
0.356150613632053,100,100,100,100,100,1,5623,50
0.219054285204038,100,100,100,100,100,1,5623,50
0.63186271674931,100,100,100,100,100,1,5623,50
0.883279226720333,100,100,100,100,100,1,5623,50
0.28053185949102,100,100,100,100,100,1,5623,50
0.641170179937035,100,100,100,100,100,1,5623,50
0.522662377916276,100,100,100,100,100,1,5623,50
5e-04,100,100,100,100.0005,100.0005,1,5623,50
0.0826864447444677,100,100,100,100,100,1,5623,50
5e-04,100,100,100,100.0005,100.0005,1,5623,50
0.937562495237216,100,100,100,100,100,1,5623,50
0.160413121106103,100,100,100,100,100,1,5623,50
0.001,100,100,100,100.001,100.001,1,5623,50
0.333087018458173,100,100,100,100,100,1,5623,50
0.291255837772042,100,100,100,100,100,1,5623,50
0.006,100,100,100,100.00575004446,100.00575004446,1,5623,50
0.551117829279974,100,100,100,100,100,1,5623,50
0.645093182101846,100,100,100,100,100,1,5623,50
5e-04,100,100,100,100.0005,100.0005,1,5623,50
0.75059381313622,100,100,100,100,100,1,5623,50
0.52126244828105,100,100,100,100,100,1,5623,50
0.280923659447581,100,100,100,100,100,1,5623,50
0.001,100,100,100,100.001,100.001,1,5623,50
0.001,100,100,100,100.001,100.001,1,5623,50
0.467074958141893,100,100,100,100,100,1,5623,50
