"p","truediv","chaoest","obsD","upper","lower","l","inds","reps"
0.668202016502619,100,100,100,100,100,1,5623,50
0.001,100,100,100,100.001,100.001,1,5623,50
0.175632107071579,100,100,100,100,100,1,5623,50
0.104878464015201,100,100,100,100,100,1,5623,50
0.691694122971967,100,100,100,100,100,1,5623,50
0.762386126443744,100,100,100,100,100,1,5623,50
0.003,100,100,100,100.003,100.003,1,5623,50
0.663358833873644,100,100,100,100,100,1,5623,50
0.00687170191667974,100,100,100,100,100,1,5623,50
0.718082434963435,100,100,100,100,100,1,5623,50
0.0345982583239675,100,100,100,100,100,1,5623,50
0.0969686321914196,100,100,100,100,100,1,5623,50
0.338523132959381,100,100,100,100,100,1,5623,50
0.554476133082062,100,100,100,100,100,1,5623,50
0.428511077538133,100,100,100,100,100,1,5623,50
5e-04,100,100,100,100.0005,100.0005,1,5623,50
0.762333265971392,100,100,100,100,100,1,5623,50
0.999055295484141,100,100,100,100,100,1,5623,50
0.570959116099402,100,100,100,100,100,1,5623,50
0.706307219108567,100,100,100,100,100,1,5623,50
5e-04,100,100,100,100.0005,100.0005,1,5623,50
0.002,100,100,100,100.002,100.002,1,5623,50
0.694926575059071,100,100,100,100,100,1,5623,50
0.201122052269056,100,100,100,100,100,1,5623,50
0.462971962988377,100,100,100,100,100,1,5623,50
0.107352905441076,100,100,100,100,100,1,5623,50
0.478081620298326,100,100,100,100,100,1,5623,50
0.544220284326002,100,100,100,100,100,1,5623,50
0.0163410175591707,100,100,100,100,100,1,5623,50
0.694480083417147,100,100,100,100,100,1,5623,50
0.167345666559413,100,100,100,100,100,1,5623,50
0.001,100,100,100,100.001,100.001,1,5623,50
0.3073949967511,100,100,100,100,100,1,5623,50
0.473002423765138,100,100,100,100,100,1,5623,50
0.00058054132387042,100,100,100,100,100,1,5623,50
0.0617492895107716,100,100,100,100,100,1,5623,50
0.0176535507198423,100,100,100,100,100,1,5623,50
0.0015,100,100,100,100.0015,100.0015,1,5623,50
5e-04,100,100,100,100.0005,100.0005,1,5623,50
0.432741004507989,100,100,100,100,100,1,5623,50
0.588065809803084,100,100,100,100,100,1,5623,50
0.613246308872476,100,100,100,100,100,1,5623,50
0.51035217801109,100,100,100,100,100,1,5623,50
0.868557306705043,100,100,100,100,100,1,5623,50
0.44760889117606,100,100,100,100,100,1,5623,50
5e-04,100,100,100,100.0005,100.0005,1,5623,50
0.891048552468419,100,100,100,100,100,1,5623,50
0.0065,100,100,100,100.0065,100.0065,1,5623,50
0.770086391828954,100,100,100,100,100,1,5623,50
0.0015,100,100,100,100.0015,100.0015,1,5623,50
