"p","truediv","chaoest","obsD","upper","lower","l","inds","reps"
0.991194711299613,100,100,100,100,100,1,5623,50
0.047460520407185,100,100,100,100,100,1,5623,50
0.723870906978846,100,100,100,100,100,1,5623,50
0.913415260380134,100,100,100,100,100,1,5623,50
0.948078711982816,100,100,100,100,100,1,5623,50
0.718438267242163,100,100,100,100,100,1,5623,50
0.001,100,100,100,100.001,100.001,1,5623,50
0.171852580271661,100,100,100,100,100,1,5623,50
0.003,100,100,100,100.003,100.003,1,5623,50
5e-04,100,100,100,100.0005,100.0005,1,5623,50
0.001,100,100,100,100.001,100.001,1,5623,50
0.786518414271995,100,100,100,100,100,1,5623,50
0.530902702361345,100,100,100,100,100,1,5623,50
0.244486380834132,100,100,100,100,100,1,5623,50
0.981162098236382,100,100,100,100,100,1,5623,50
0.0676961983554065,100,100,100,100,100,1,5623,50
0.760169233428314,100,100,100,100,100,1,5623,50
0.64584284205921,100,100,100,100,100,1,5623,50
0.981748481746763,100,100,100,100,100,1,5623,50
0.0322393898386508,100,100,100,100,100,1,5623,50
0.0225,100,100,100,100.0225,100.0225,1,5623,50
5e-04,100,100,100,100.0005,100.0005,1,5623,50
0.326595177408308,100,100,100,100,100,1,5623,50
0.403483954956755,100,100,100,100,100,1,5623,50
0.98123181075789,100,100,100,100,100,1,5623,50
0.230304634431377,100,100,100,100,100,1,5623,50
0.535165172768757,100,100,100,100,100,1,5623,50
5e-04,100,100,100,100.0005,100.0005,1,5623,50
0.765455759363249,100,100,100,100,100,1,5623,50
0.283527013845742,100,100,100,100,100,1,5623,50
0.795985668199137,100,100,100,100,100,1,5623,50
0.721850965172052,100,100,100,100,100,1,5623,50
0.473800742998719,100,100,100,100,100,1,5623,50
0.691604737658054,100,100,100,100,100,1,5623,50
0.513257220620289,100,100,100,100,100,1,5623,50
0.214749457780272,100,100,100,100,100,1,5623,50
0.748483199160546,100,100,100,100,100,1,5623,50
0.991036457940936,100,100,100,100,100,1,5623,50
0.0045,100,100,100,100.00425004446,100.00425004446,1,5623,50
5e-04,100,100,100,100.0005,100.0005,1,5623,50
0.153610940789804,100,100,100,100,100,1,5623,50
0.980369087541476,100,100,100,100,100,1,5623,50
0.874450003961101,100,100,100,100,100,1,5623,50
0.001,100,100,100,100.001,100.001,1,5623,50
0.325454501435161,100,100,100,100,100,1,5623,50
0.918185565620661,100,100,100,100,100,1,5623,50
0.430840397719294,100,100,100,100,100,1,5623,50
0.731228154152632,100,100,100,100,100,1,5623,50
0.200503509957343,100,100,100,100,100,1,5623,50
0.0332852099090815,100,100,100,100,100,1,5623,50
