"p","truediv","chaoest","obsD","upper","lower","l","inds","reps"
0.748564826557413,100,100,100,100,100,1,5623,50
0.420099966228008,100,100,100,100,100,1,5623,50
0.826540546724573,100,100,100,100,100,1,5623,50
0.149623313685879,100,100,100,100,100,1,5623,50
5e-04,100,100,100,100.0005,100.0005,1,5623,50
0.437028709566221,100,100,100,100,100,1,5623,50
0.441257856786251,100,100,100,100,100,1,5623,50
0.513389246538281,100,100,100,100,100,1,5623,50
0.227749876910821,100,100,100,100,100,1,5623,50
0.0983445467427373,100,100,100,100,100,1,5623,50
0.623749336926267,100,100,100,100,100,1,5623,50
0.418830150272697,100,100,100,100,100,1,5623,50
0.506695136893541,100,100,100,100,100,1,5623,50
0.591860813321546,100,100,100,100,100,1,5623,50
0.667549272766337,100,100,100,100,100,1,5623,50
0.0025,100,100,100,100.0025,100.0025,1,5623,50
0.228239843389019,100,100,100,100,100,1,5623,50
0.929133967496455,100,100,100,100,100,1,5623,50
0.26779179321602,100,100,100,100,100,1,5623,50
0.459801222430542,100,100,100,100,100,1,5623,50
5e-04,100,100,100,100.0005,100.0005,1,5623,50
0.382482574786991,100,100,100,100,100,1,5623,50
0.854170791106299,100,100,100,100,100,1,5623,50
0.858714818954468,100,100,100,100,100,1,5623,50
0.341166000114754,100,100,100,100,100,1,5623,50
0.471179408486933,100,100,100,100,100,1,5623,50
0.001,100,100,100,100.001,100.001,1,5623,50
0.763010763796046,100,100,100,100,100,1,5623,50
0.0055,100,100,100,100.0055,100.0055,1,5623,50
0.425775382434949,100,100,100,100,100,1,5623,50
0.9995,100,100,100,99.9997500444603,99.9997500444603,1,5623,50
0.94936640560627,100,100,100,100,100,1,5623,50
0.174054532544687,100,100,100,100,100,1,5623,50
0.756691420916468,100,100,100,100,100,1,5623,50
0.581204759189859,100,100,100,100,100,1,5623,50
0.959256706992164,100,100,100,100,100,1,5623,50
0.430005833506584,100,100,100,100,100,1,5623,50
0.00554945156909525,100,100,100,100,100,1,5623,50
0.0918693752028048,100,100,100,100,100,1,5623,50
0.567765107378364,100,100,100,100,100,1,5623,50
0.9995,100,100,100,99.9997500444603,99.9997500444603,1,5623,50
5e-04,100,100,100,100.0005,100.0005,1,5623,50
5e-04,100,100,100,100.0005,100.0005,1,5623,50
0.675662602763623,100,100,100,100,100,1,5623,50
0.0035,100,100,100,100.0035,100.0035,1,5623,50
0.212218430591747,100,100,100,100,100,1,5623,50
0.0025,100,100,100,100.0025,100.0025,1,5623,50
0.99811300332658,100,100,100,100,100,1,5623,50
0.992476341081783,100,100,100,100,100,1,5623,50
0.538775276392698,100,100,100,100,100,1,5623,50
