"p","truediv","chaoest","obsD","upper","lower","l","inds","reps"
0.825174348196015,100,100,100,100,100,1,5623,50
0.473696826491505,100,100,100,100,100,1,5623,50
0.748550922609866,100,100,100,100,100,1,5623,50
0.645061461720616,100,100,100,100,100,1,5623,50
0.79967348696664,100,100,100,100,100,1,5623,50
0.0240438189357519,100,100,100,100,100,1,5623,50
0.0163352503441274,100,100,100,100,100,1,5623,50
0.383191534550861,100,100,100,100,100,1,5623,50
0.982936913846061,100,100,100,100,100,1,5623,50
0.906626583077013,100,100,100,100,100,1,5623,50
0.331917813746259,100,100,100,100,100,1,5623,50
0.976835635956377,100,100,100,100,100,1,5623,50
0.676145425066352,100,100,100,100,100,1,5623,50
0.177994684316218,100,100,100,100,100,1,5623,50
0.789840487763286,100,100,100,100,100,1,5623,50
0.522559569450095,100,100,100,100,100,1,5623,50
5e-04,100,100,100,100.0005,100.0005,1,5623,50
0.627962391125038,100,100,100,100,100,1,5623,50
0.310271745314822,100,100,100,100,100,1,5623,50
0.195012778276578,100,100,100,100,100,1,5623,50
5e-04,100,100,100,100.0005,100.0005,1,5623,50
5e-04,100,100,100,100.0005,100.0005,1,5623,50
0.12782875681296,100,100,100,100,100,1,5623,50
0.181097481632605,100,100,100,100,100,1,5623,50
0.143105443101376,100,100,100,100,100,1,5623,50
0.402896497398615,100,100,100,100,100,1,5623,50
0.33749609393999,100,100,100,100,100,1,5623,50
5e-04,100,100,100,100.0005,100.0005,1,5623,50
0.18823387590237,100,100,100,100,100,1,5623,50
5e-04,100,100,100,100.0005,100.0005,1,5623,50
0.001,100,100,100,100.001,100.001,1,5623,50
0.45341516751796,100,100,100,100,100,1,5623,50
0.019,100,100,100,100.019,100.019,1,5623,50
0.0858251983299851,100,100,100,100,100,1,5623,50
0.542811305262148,100,100,100,100,100,1,5623,50
5e-04,100,100,100,100.0005,100.0005,1,5623,50
0.600476389983669,100,100,100,100,100,1,5623,50
0.00858148280531168,100,100,100,100,100,1,5623,50
0.9607930672355,100,100,100,100,100,1,5623,50
0.138827278045937,100,100,100,100,100,1,5623,50
0.565139669692144,100,100,100,100,100,1,5623,50
0.730898006819189,100,100,100,100,100,1,5623,50
0.0480651762336493,100,100,100,100,100,1,5623,50
0.905562422703952,100,100,100,100,100,1,5623,50
0.411688433028758,100,100,100,100,100,1,5623,50
0.734753916738555,100,100,100,100,100,1,5623,50
0.568836188409477,100,100,100,100,100,1,5623,50
0.003,100,100,100,100.003,100.003,1,5623,50
0.322070925030857,100,100,100,100,100,1,5623,50
0.0534747536294162,100,100,100,100,100,1,5623,50
