"p","truediv","chaoest","obsD","upper","lower","l","inds","reps"
0.726119891973212,100,100,100,100,100,1,5623,50
0.908916047774255,100,100,100,100,100,1,5623,50
0.819361106492579,100,100,100,100,100,1,5623,50
0.471124559408054,100,100,100,100,100,1,5623,50
0.561311522265896,100,100,100,100,100,1,5623,50
0.57338273152709,100,100,100,100,100,1,5623,50
0.0741782914847136,100,100,100,100,100,1,5623,50
5e-04,100,100,100,100.0005,100.0005,1,5623,50
0.866130252368748,100,100,100,100,100,1,5623,50
5e-04,100,100,100,100.0005,100.0005,1,5623,50
5e-04,100,100,100,100.0005,100.0005,1,5623,50
0.458307344932109,100,100,100,100,100,1,5623,50
0.9995,100,100,100,99.9997500444603,99.9997500444603,1,5623,50
0.952672836836427,100,100,100,100,100,1,5623,50
0.804043604526669,100,100,100,100,100,1,5623,50
0.97791703324765,100,100,100,100,100,1,5623,50
0.001,100,100,100,100.001,100.001,1,5623,50
0.571120106382295,100,100,100,100,100,1,5623,50
0.837557680672035,100,100,100,100,100,1,5623,50
0.0652411349583417,100,100,100,100,100,1,5623,50
0.018,100,100,100,100.01750008892,100.01750008892,1,5623,50
5e-04,100,100,100,100.0005,100.0005,1,5623,50
0.186545845586807,100,100,100,100,100,1,5623,50
0.43089672527276,100,100,100,100,100,1,5623,50
0.162979337386787,100,100,100,100,100,1,5623,50
5e-04,100,100,100,100.0005,100.0005,1,5623,50
5e-04,100,100,100,100.0005,100.0005,1,5623,50
0.721799954539165,100,100,100,100,100,1,5623,50
0.932483801385388,100,100,100,100,100,1,5623,50
0.342800086829811,100,100,100,100,100,1,5623,50
0.49466948886402,100,100,100,100,100,1,5623,50
0.933388117467985,100,100,100,100,100,1,5623,50
0.0988429414574057,100,100,100,100,100,1,5623,50
0.384608433349058,100,100,100,100,100,1,5623,50
0.0015,100,100,100,100.0015,100.0015,1,5623,50
0.0015,100,100,100,100.0015,100.0015,1,5623,50
0.60036730254069,100,100,100,100,100,1,5623,50
0.964311223011464,100,100,100,100,100,1,5623,50
0.642072800081223,100,100,100,100,100,1,5623,50
0.498077516444027,100,100,100,100,100,1,5623,50
0.774371695937589,100,100,100,100,100,1,5623,50
0.423333451617509,100,100,100,100,100,1,5623,50
0.674573132768273,100,100,100,100,100,1,5623,50
0.123453322099522,100,100,100,100,100,1,5623,50
0.670727805234492,100,100,100,100,100,1,5623,50
0.0025,100,100,100,100.0025,100.0025,1,5623,50
0.13357983273454,100,100,100,100,100,1,5623,50
0.0707141051534563,100,100,100,100,100,1,5623,50
0.300200194586068,100,100,100,100,100,1,5623,50
0.899537088815123,100,100,100,100,100,1,5623,50
