"p","truediv","chaoest","obsD","upper","lower","l","inds","reps"
0.412763834465295,100,100,100,100,100,1,5623,50
0.603815511567518,100,100,100,100,100,1,5623,50
0.586833852808923,100,100,100,100,100,1,5623,50
0.103140238905326,100,100,100,100,100,1,5623,50
0.94941571354866,100,100,100,100,100,1,5623,50
0.889356288826093,100,100,100,100,100,1,5623,50
0.330855478299782,100,100,100,100,100,1,5623,50
0.621364073362201,100,100,100,100,100,1,5623,50
0.332960545085371,100,100,100,100,100,1,5623,50
0.304531075526029,100,100,100,100,100,1,5623,50
0.493472201284021,100,100,100,100,100,1,5623,50
0.470828467980027,100,100,100,100,100,1,5623,50
5e-04,100,100,100,100.0005,100.0005,1,5623,50
0.320889641530812,100,100,100,100,100,1,5623,50
0.481993667781353,100,100,100,100,100,1,5623,50
5e-04,100,100,100,100.0005,100.0005,1,5623,50
0.110447320621461,100,100,100,100,100,1,5623,50
0.343752086395398,100,100,100,100,100,1,5623,50
0.979784993920475,100,100,100,100,100,1,5623,50
0.944215483032167,100,100,100,100,100,1,5623,50
0.800641373265535,100,100,100,100,100,1,5623,50
0.740694110048935,100,100,100,100,100,1,5623,50
5e-04,100,100,100,100.0005,100.0005,1,5623,50
0.183475107653067,100,100,100,100,100,1,5623,50
0.209063282934949,100,100,100,100,100,1,5623,50
0.255965514108539,100,100,100,100,100,1,5623,50
0.497046427801251,100,100,100,100,100,1,5623,50
0.196554929250851,100,100,100,100,100,1,5623,50
0.271424225531518,100,100,100,100,100,1,5623,50
0.482972366036847,100,100,100,100,100,1,5623,50
0.001,100,100,100,100.00075004446,100.00075004446,1,5623,50
0.057291672565043,100,100,100,100,100,1,5623,50
0.255032269982621,100,100,100,100,100,1,5623,50
0.001,100,100,100,100.000250133381,100.000250133381,1,5623,50
0.421564624877647,100,100,100,100,100,1,5623,50
0.396951191592962,100,100,100,100,100,1,5623,50
0.834514345275238,100,100,100,100,100,1,5623,50
5e-04,100,100,100,100.0005,100.0005,1,5623,50
0.189425613265485,100,100,100,100,100,1,5623,50
0.729268542956561,100,100,100,100,100,1,5623,50
0.665617666672915,100,100,100,100,100,1,5623,50
0.641146752750501,100,100,100,100,100,1,5623,50
0.806066455785185,100,100,100,100,100,1,5623,50
0.818015538388863,100,100,100,100,100,1,5623,50
0.301727789919823,100,100,100,100,100,1,5623,50
5e-04,100,100,100,100.0005,100.0005,1,5623,50
0.931571741122752,100,100,100,100,100,1,5623,50
5e-04,100,100,100,100.0005,100.0005,1,5623,50
0.431049760198221,100,100,100,100,100,1,5623,50
0.61830769199878,100,100,100,100,100,1,5623,50
