"p","truediv","chaoest","obsD","upper","lower","l","inds","reps"
0.240995405940339,100,100,100,100,100,1,5623,50
0.823742886306718,100,100,100,100,100,1,5623,50
0.505183032248169,100,100,100,100,100,1,5623,50
0.0155,100,100,100,100.0155,100.0155,1,5623,50
0.550727739930153,100,100,100,100,100,1,5623,50
0.0118642065208405,100,100,100,100,100,1,5623,50
0.51836272305809,100,100,100,100,100,1,5623,50
0.611320960801095,100,100,100,100,100,1,5623,50
0.435410837410018,100,100,100,100,100,1,5623,50
5e-04,100,100,100,100.0005,100.0005,1,5623,50
0.32942726300098,100,100,100,100,100,1,5623,50
0.0717874488327652,100,100,100,100,100,1,5623,50
0.417053947923705,100,100,100,100,100,1,5623,50
5e-04,100,100,100,100.0005,100.0005,1,5623,50
5e-04,100,100,100,100.0005,100.0005,1,5623,50
0.341018788283691,100,100,100,100,100,1,5623,50
0.225364625453949,100,100,100,100,100,1,5623,50
0.104646333493292,100,100,100,100,100,1,5623,50
0.589736717287451,100,100,100,100,100,1,5623,50
0.002,100,100,100,100.002,100.002,1,5623,50
0.353721838444471,100,100,100,100,100,1,5623,50
0.771711833309382,100,100,100,100,100,1,5623,50
0.650288674049079,100,100,100,100,100,1,5623,50
5e-04,100,100,100,100.0005,100.0005,1,5623,50
0.16814679838717,100,100,100,100,100,1,5623,50
0.205965562956408,100,100,100,100,100,1,5623,50
0.0709603810682893,100,100,100,100,100,1,5623,50
0.127476473338902,100,100,100,100,100,1,5623,50
0.003,100,100,100,100.003,100.003,1,5623,50
5e-04,100,100,100,100.0005,100.0005,1,5623,50
0.284695711685345,100,100,100,100,100,1,5623,50
0.626502186758444,100,100,100,100,100,1,5623,50
0.468623569002375,100,100,100,100,100,1,5623,50
0.881031753495336,100,100,100,100,100,1,5623,50
0.600074993213639,100,100,100,100,100,1,5623,50
0.676199864130467,100,100,100,100,100,1,5623,50
0.415122547885403,100,100,100,100,100,1,5623,50
0.284788249991834,100,100,100,100,100,1,5623,50
0.186923851491883,100,100,100,100,100,1,5623,50
0.555956722935662,100,100,100,100,100,1,5623,50
0.299956107977778,100,100,100,100,100,1,5623,50
0.491240021307021,100,100,100,100,100,1,5623,50
0.741578625049442,100,100,100,100,100,1,5623,50
0.584954268764704,100,100,100,100,100,1,5623,50
0.0045,100,100,100,100.0045,100.0045,1,5623,50
0.905357423936948,100,100,100,100,100,1,5623,50
0.793356826761737,100,100,100,100,100,1,5623,50
0.001,100,100,100,100.001,100.001,1,5623,50
0.959848956903443,100,100,100,100,100,1,5623,50
5e-04,100,100,100,100.000000088921,100.000000088921,1,5623,50
