"p","truediv","chaoest","obsD","upper","lower","l","inds","reps"
0.0785731894429773,100,100,100,100,100,1,5623,50
0.140563554828987,100,100,100,100,100,1,5623,50
0.045,100,100,100,100.045,99.045,1,5623,50
0.388610150199383,100,100,100,100,100,1,5623,50
0.630346507299691,100,100,100,100,100,1,5623,50
0.0173141516279429,100,100,100,100,100,1,5623,50
0.9995,100,100,100,99.9997500444603,99.9997500444603,1,5623,50
0.448325699428096,100,100,100,100,100,1,5623,50
5e-04,100,100,100,100.0005,100.0005,1,5623,50
0.475493445061147,100,100,100,100,100,1,5623,50
0.462718003895134,100,100,100,100,100,1,5623,50
0.487771691987291,100,100,100,100,100,1,5623,50
0.511793545214459,100,100,100,100,100,1,5623,50
0.0035,100,100,100,100.0035,100.0035,1,5623,50
0.255102291936055,100,100,100,100,100,1,5623,50
0.769125763559714,100,100,100,100,100,1,5623,50
0.925658471882343,100,100,100,100,100,1,5623,50
0.0205865278840065,100,100,100,100,100,1,5623,50
0.281020063441247,100,100,100,100,100,1,5623,50
0.001,100,100,100,100.001,100.001,1,5623,50
0.476063326699659,100,100,100,100,100,1,5623,50
5e-04,100,100,100,100.0005,100.0005,1,5623,50
0.0329134503845125,100,100,100,100,100,1,5623,50
0.450393150560558,100,100,100,100,100,1,5623,50
5e-04,100,100,100,100.0005,100.0005,1,5623,50
0.990953131811693,100,100,100,100,100,1,5623,50
0.0738641100469977,100,100,100,100,100,1,5623,50
0.582135544158518,100,100,100,100,100,1,5623,50
0.489219741662964,100,100,100,100,100,1,5623,50
0.437776187900454,100,100,100,100,100,1,5623,50
0.813418946694583,100,100,100,100,100,1,5623,50
0.902425254229456,100,100,100,100,100,1,5623,50
0.250806632684544,100,100,100,100,100,1,5623,50
0.571820485638455,100,100,100,100,100,1,5623,50
5e-04,100,100,100,100.0005,100.0005,1,5623,50
0.0015,100,100,100,100.0015,100.0015,1,5623,50
0.530148638645187,100,100,100,100,100,1,5623,50
0.0025,100,100,100,100.0025,100.0025,1,5623,50
0.644375482806936,100,100,100,100,100,1,5623,50
0.108721048105508,100,100,100,100,100,1,5623,50
0.731725437333807,100,100,100,100,100,1,5623,50
0.383808918995783,100,100,100,100,100,1,5623,50
0.0319182130042464,100,100,100,100,100,1,5623,50
0.441247892333195,100,100,100,100,100,1,5623,50
0.987372890114784,100,100,100,100,100,1,5623,50
0.39602099196054,100,100,100,100,100,1,5623,50
0.535797341959551,100,100,100,100,100,1,5623,50
0.009,100,100,100,100.009,100.009,1,5623,50
0.859489894239232,100,100,100,100,100,1,5623,50
0.0338796735741198,100,100,100,100,100,1,5623,50
