"p","truediv","chaoest","obsD","upper","lower","l","inds","reps"
0.236398918787017,100,100,100,100,100,1,5623,50
0.614913602592424,100,100,100,100,100,1,5623,50
5e-04,100,100,100,100.0005,100.0005,1,5623,50
5e-04,100,100,100,100.0005,100.0005,1,5623,50
0.394593965960667,100,100,100,100,100,1,5623,50
0.803229987621307,100,100,100,100,100,1,5623,50
0.349370884010568,100,100,100,100,100,1,5623,50
5e-04,100,100,100,100.0005,100.0005,1,5623,50
0.001,100,100,100,100.00075004446,100.00075004446,1,5623,50
0.802007308695465,100,100,100,100,100,1,5623,50
0.002,100,100,100,100.002,100.002,1,5623,50
0.26004972262308,100,100,100,100,100,1,5623,50
0.420645797858015,100,100,100,100,100,1,5623,50
0.38636805373244,100,100,100,100,100,1,5623,50
0.5538858640939,100,100,100,100,100,1,5623,50
0.421470323111862,100,100,100,100,100,1,5623,50
0.777308045886457,100,100,100,100,100,1,5623,50
0.443464654032141,100,100,100,100,100,1,5623,50
0.0567746753804386,100,100,100,100,100,1,5623,50
0.96965064923279,100,100,100,100,100,1,5623,50
0.217201051535085,100,100,100,100,100,1,5623,50
0.0844116054940969,100,100,100,100,100,1,5623,50
0.0133610614575446,100,100,100,100,100,1,5623,50
0.17967640911229,100,100,100,100,100,1,5623,50
0.000859714113175869,100,100,100,100,100,1,5623,50
5e-04,100,100,100,100.0005,100.0005,1,5623,50
5e-04,100,100,100,100.0005,100.0005,1,5623,50
5e-04,100,100,100,100.0005,100.0005,1,5623,50
0.617992604151368,100,100,100,100,100,1,5623,50
5e-04,100,100,100,100.0005,100.0005,1,5623,50
0.944881949108094,100,100,100,100,100,1,5623,50
0.164594068424776,100,100,100,100,100,1,5623,50
0.581830009585246,100,100,100,100,100,1,5623,50
0.628024729900062,100,100,100,100,100,1,5623,50
0.001,100,100,100,100.001,100.001,1,5623,50
0.823822234291583,100,100,100,100,100,1,5623,50
5e-04,100,100,100,100.0005,100.0005,1,5623,50
5e-04,100,100,100,100.0005,100.0005,1,5623,50
0.0065,100,100,100,100.0065,100.0065,1,5623,50
0.24084021570161,100,100,100,100,100,1,5623,50
0.465105974348262,100,100,100,100,100,1,5623,50
0.509314784081653,100,100,100,100,100,1,5623,50
0.522007589228451,100,100,100,100,100,1,5623,50
0.0015,100,100,100,100.0015,100.0015,1,5623,50
0.272284839767963,100,100,100,100,100,1,5623,50
0.0195,100,100,100,100.0195,100.0195,1,5623,50
0.696063546929508,100,100,100,100,100,1,5623,50
0.756335581187159,100,100,100,100,100,1,5623,50
0.250129353720695,100,100,100,100,100,1,5623,50
0.975598466815427,100,100,100,100,100,1,5623,50
