"p","truediv","chaoest","obsD","upper","lower","l","inds","reps"
0.184081062674522,100,100,100,100,100,1,5623,50
0.527526084333658,100,100,100,100,100,1,5623,50
0.55111068370752,100,100,100,100,100,1,5623,50
0.104487295728177,100,100,100,100,100,1,5623,50
0.0185,100,100,100,100.0185,100.0185,1,5623,50
0.848924313671887,100,100,100,100,100,1,5623,50
0.0015,100,100,100,100.0015,100.0015,1,5623,50
0.0015,100,100,100,100.0015,100.0015,1,5623,50
0.329304568236694,100,100,100,100,100,1,5623,50
0.253852557390928,100,100,100,100,100,1,5623,50
0.0486955160740763,100,100,100,100,100,1,5623,50
0.713473196839914,100,100,100,100,100,1,5623,50
0.175169993657619,100,100,100,100,100,1,5623,50
0.863466924987733,100,100,100,100,100,1,5623,50
0.781114293495193,100,100,100,100,100,1,5623,50
0.814317633630708,100,100,100,100,100,1,5623,50
0.675193773349747,100,100,100,100,100,1,5623,50
0.830354330362752,100,100,100,100,100,1,5623,50
0.9995,100,100,100,99.9997500444603,99.9997500444603,1,5623,50
0.822499876609072,100,100,100,100,100,1,5623,50
0.69902124023065,100,100,100,100,100,1,5623,50
0.002,100,100,100,100.002,100.002,1,5623,50
0.51787899248302,100,100,100,100,100,1,5623,50
0.174507669173181,100,100,100,100,100,1,5623,50
0.670411883154884,100,100,100,100,100,1,5623,50
0.91780585097149,100,100,100,100,100,1,5623,50
0.875220970949158,100,100,100,100,100,1,5623,50
0.713828836800531,100,100,100,100,100,1,5623,50
0.189019305631518,100,100,100,100,100,1,5623,50
0.0378807000815868,100,100,100,100,100,1,5623,50
0.989375719567761,100,100,100,100,100,1,5623,50
0.0678478500340134,100,100,100,100,100,1,5623,50
5e-04,100,100,100,100.0005,100.0005,1,5623,50
0.001,100,100,100,100.001,100.001,1,5623,50
0.147966260788962,100,100,100,100,100,1,5623,50
0.97327918629162,100,100,100,100,100,1,5623,50
5e-04,100,100,100,100.0005,100.0005,1,5623,50
0.89606288424693,100,100,100,100,100,1,5623,50
0.91380703006871,100,100,100,100,100,1,5623,50
0.728553379653022,100,100,100,100,100,1,5623,50
0.0045,100,100,100,100.00425004446,100.00425004446,1,5623,50
0.584021845133975,100,100,100,100,100,1,5623,50
0.0125,100,100,100,100.0125,100.0125,1,5623,50
0.285008309874684,100,100,100,100,100,1,5623,50
0.007,100,100,100,100.007,100.007,1,5623,50
0.674027791479602,100,100,100,100,100,1,5623,50
5e-04,100,100,100,100.0005,100.0005,1,5623,50
0.488875585142523,100,100,100,100,100,1,5623,50
0.0487497802823782,100,100,100,100,100,1,5623,50
0.400327596114948,100,100,100,100,100,1,5623,50
