"p","truediv","chaoest","obsD","upper","lower","l","inds","reps"
0.649654489941895,100,100,100,100,100,1,5623,50
0.844083492644131,100,100,100,100,100,1,5623,50
0.867661380907521,100,100,100,100,100,1,5623,50
5e-04,100,100,100,100.0005,100.0005,1,5623,50
0.0407451177015901,100,100,100,100,100,1,5623,50
0.01,100,100,100,100.01,100.01,1,5623,50
0.14707869454287,100,100,100,100,100,1,5623,50
0.565398914273828,100,100,100,100,100,1,5623,50
0.195786359254271,100,100,100,100,100,1,5623,50
0.12927797017619,100,100,100,100,100,1,5623,50
0.781889108708128,100,100,100,100,100,1,5623,50
0.612622476648539,100,100,100,100,100,1,5623,50
0.649860473815352,100,100,100,100,100,1,5623,50
0.592597475042567,100,100,100,100,100,1,5623,50
0.383140438701957,100,100,100,100,100,1,5623,50
0.248874764423817,100,100,100,100,100,1,5623,50
0.203749125590548,100,100,100,100,100,1,5623,50
0.566788353957236,100,100,100,100,100,1,5623,50
0.0125054756645113,100,100,100,100,100,1,5623,50
0.765932062873617,100,100,100,100,100,1,5623,50
0.744004415115342,100,100,100,100,100,1,5623,50
0.9995,100,100,100,99.9997500444603,99.9997500444603,1,5623,50
5e-04,100,100,100,100.0005,100.0005,1,5623,50
0.526494579855353,100,100,100,100,100,1,5623,50
0.675799817312509,100,100,100,100,100,1,5623,50
0.001,100,100,100,100.001,100.001,1,5623,50
0.005,100,100,100,100.005,100.005,1,5623,50
0.489408094668761,100,100,100,100,100,1,5623,50
0.358793640509248,100,100,100,100,100,1,5623,50
0.913655244279653,100,100,100,100,100,1,5623,50
0.708587110973895,100,100,100,100,100,1,5623,50
0.64950225292705,100,100,100,100,100,1,5623,50
0.58473129873164,100,100,100,100,100,1,5623,50
0.580175873357803,100,100,100,100,100,1,5623,50
0.001,100,100,100,100.001,100.001,1,5623,50
0.212451921775937,100,100,100,100,100,1,5623,50
0.125675436342135,100,100,100,100,100,1,5623,50
0.340123788453639,100,100,100,100,100,1,5623,50
0.894512808416039,100,100,100,100,100,1,5623,50
0.430040588602424,100,100,100,100,100,1,5623,50
0.561282139504328,100,100,100,100,100,1,5623,50
0.955207552760839,100,100,100,100,100,1,5623,50
5e-04,100,100,100,100.0005,100.0005,1,5623,50
0.581971612758934,100,100,100,100,100,1,5623,50
0.102462823037058,100,100,100,100,100,1,5623,50
0.537769415182993,100,100,100,100,100,1,5623,50
0.125884583219886,100,100,100,100,100,1,5623,50
0.28151304484345,100,100,100,100,100,1,5623,50
5e-04,100,100,100,100.0005,100.0005,1,5623,50
5e-04,100,100,100,100.0005,100.0005,1,5623,50
