"p","truediv","chaoest","obsD","upper","lower","l","inds","reps"
0.730997906532139,100,100,100,100,100,1,5623,50
0.437910733744502,100,100,100,100,100,1,5623,50
0.636627383064479,100,100,100,100,100,1,5623,50
0.896857241634279,100,100,100,100,100,1,5623,50
0.621633457718417,100,100,100,100,100,1,5623,50
0.890170648926869,100,100,100,100,100,1,5623,50
0.331564497202635,100,100,100,100,100,1,5623,50
0.316442157374695,100,100,100,100,100,1,5623,50
0.9995,100,100,100,99.9997500444603,99.9997500444603,1,5623,50
5e-04,100,100,100,100.0005,100.0005,1,5623,50
5e-04,100,100,100,100.0005,100.0005,1,5623,50
0.199291127268225,100,100,100,100,100,1,5623,50
0.638560695108026,100,100,100,100,100,1,5623,50
0.570148798637092,100,100,100,100,100,1,5623,50
0.839323186315596,100,100,100,100,100,1,5623,50
0.590928639750928,100,100,100,100,100,1,5623,50
5e-04,100,100,100,100.0005,100.0005,1,5623,50
0.002,100,100,100,100.002,100.002,1,5623,50
5e-04,100,100,100,100.0005,100.0005,1,5623,50
5e-04,100,100,100,100.0005,100.0005,1,5623,50
0.293393126921728,100,100,100,100,100,1,5623,50
0.081193923484534,100,100,100,100,100,1,5623,50
0.577627403661609,100,100,100,100,100,1,5623,50
0.433780322084203,100,100,100,100,100,1,5623,50
0.847528050653636,100,100,100,100,100,1,5623,50
0.221759241772816,100,100,100,100,100,1,5623,50
0.473528934642673,100,100,100,100,100,1,5623,50
0.0025,100,100,100,100.00225004446,100.00225004446,1,5623,50
0.108415125636384,100,100,100,100,100,1,5623,50
0.367319470737129,100,100,100,100,100,1,5623,50
0.137881689006463,100,100,100,100,100,1,5623,50
0.735655169701204,100,100,100,100,100,1,5623,50
0.344917223090306,100,100,100,100,100,1,5623,50
0.292700897203758,100,100,100,100,100,1,5623,50
0.537227330729365,100,100,100,100,100,1,5623,50
0.001,100,100,100,100.001,100.001,1,5623,50
0.225436184788123,100,100,100,100,100,1,5623,50
0.689942650264129,100,100,100,100,100,1,5623,50
5e-04,100,100,100,100.0005,100.0005,1,5623,50
0.001,100,100,100,100.001,100.001,1,5623,50
0.650307609001175,100,100,100,100,100,1,5623,50
5e-04,100,100,100,100.0005,100.0005,1,5623,50
0.148044735193253,100,100,100,100,100,1,5623,50
0.0171802290715277,100,100,100,100,100,1,5623,50
0.820816165069118,100,100,100,100,100,1,5623,50
5e-04,100,100,100,100.0005,100.0005,1,5623,50
0.0855144478846341,100,100,100,100,100,1,5623,50
0.0284755418542773,100,100,100,100,100,1,5623,50
0.673946214606985,100,100,100,100,100,1,5623,50
0.001,100,100,100,100.001,100.001,1,5623,50
