"p","truediv","chaoest","obsD","upper","lower","l","inds","reps"
0.001,100,100,100,100.001,100.001,1,5623,50
0.231733736814931,100,100,100,100,100,1,5623,50
0.415447583422065,100,100,100,100,100,1,5623,50
0.0700657549314201,100,100,100,100,100,1,5623,50
0.615684068063274,100,100,100,100,100,1,5623,50
0.822284739697352,100,100,100,100,100,1,5623,50
0.001,100,100,100,100.001,100.001,1,5623,50
0.511979802744463,100,100,100,100,100,1,5623,50
0.0135196768678725,100,100,100,100,100,1,5623,50
5e-04,100,100,100,100.0005,100.0005,1,5623,50
0.225288679823279,100,100,100,100,100,1,5623,50
0.544554091989994,100,100,100,100,100,1,5623,50
0.375036034965888,100,100,100,100,100,1,5623,50
0.233691822271794,100,100,100,100,100,1,5623,50
0.677190679591149,100,100,100,100,100,1,5623,50
0.930328122805804,100,100,100,100,100,1,5623,50
0.726891666883603,100,100,100,100,100,1,5623,50
0.467056171037257,100,100,100,100,100,1,5623,50
0.221542802173644,100,100,100,100,100,1,5623,50
0.0221589531283826,100,100,100,100,100,1,5623,50
0.527610414428636,100,100,100,100,100,1,5623,50
0.0025,100,100,100,100.0025,100.0025,1,5623,50
0.001,100,100,100,100.001,100.001,1,5623,50
0.397780356695876,100,100,100,100,100,1,5623,50
0.679732572520152,100,100,100,100,100,1,5623,50
0.133209050167352,100,100,100,100,100,1,5623,50
5e-04,100,100,100,100.0005,100.0005,1,5623,50
0.973939128452912,100,100,100,100,100,1,5623,50
0.0610354361124337,100,100,100,100,100,1,5623,50
0.270492197247222,100,100,100,100,100,1,5623,50
0.148824356496334,100,100,100,100,100,1,5623,50
0.328060305211693,100,100,100,100,100,1,5623,50
0.226330239325762,100,100,100,100,100,1,5623,50
0.501036354806274,100,100,100,100,100,1,5623,50
0.423177501419559,100,100,100,100,100,1,5623,50
0.0163004351779819,100,100,100,100,100,1,5623,50
0.0135797273833305,100,100,100,100,100,1,5623,50
0.88188189547509,100,100,100,100,100,1,5623,50
0.244737416971475,100,100,100,100,100,1,5623,50
0.507636569440365,100,100,100,100,100,1,5623,50
0.36544010322541,100,100,100,100,100,1,5623,50
0.16827513766475,100,100,100,100,100,1,5623,50
0.350530746625736,100,100,100,100,100,1,5623,50
0.691757502267137,100,100,100,100,100,1,5623,50
0.323163585038856,100,100,100,100,100,1,5623,50
0.0631717615760863,100,100,100,100,100,1,5623,50
0.140276279067621,100,100,100,100,100,1,5623,50
0.529902331298217,100,100,100,100,100,1,5623,50
0.00853757956065238,100,100,100,100,100,1,5623,50
0.605281924828887,100,100,100,100,100,1,5623,50
