"p","truediv","chaoest","obsD","upper","lower","l","inds","reps"
0.0025,100,100,100,100.00225004446,100.00225004446,1,5623,50
0.837894706754014,100,100,100,100,100,1,5623,50
0.898615962360054,100,100,100,100,100,1,5623,50
0.465507820947096,100,100,100,100,100,1,5623,50
0.255716222571209,100,100,100,100,100,1,5623,50
0.753071248531342,100,100,100,100,100,1,5623,50
0.89343069656752,100,100,100,100,100,1,5623,50
0.699930083937943,100,100,100,100,100,1,5623,50
0.0085,100,100,100,100.0085,100.0085,1,5623,50
0.970635470701382,100,100,100,100,100,1,5623,50
0.77152875601314,100,100,100,100,100,1,5623,50
0.0450399762485176,100,100,100,100,100,1,5623,50
0.0820849488954991,100,100,100,100,100,1,5623,50
0.867573698982596,100,100,100,100,100,1,5623,50
0.99666533479467,100,100,100,100,100,1,5623,50
0.349762393394485,100,100,100,100,100,1,5623,50
0.839821743313223,100,100,100,100,100,1,5623,50
0.643591047963127,100,100,100,100,100,1,5623,50
0.71346666966565,100,100,100,100,100,1,5623,50
0.739940654719248,100,100,100,100,100,1,5623,50
0.0015,100,100,100,100.0015,100.0015,1,5623,50
5e-04,100,100,100,100.0005,100.0005,1,5623,50
5e-04,100,100,100,100.0005,100.0005,1,5623,50
0.386640257434919,100,100,100,100,100,1,5623,50
0.809455074835569,100,100,100,100,100,1,5623,50
0.985785289434716,100,100,100,100,100,1,5623,50
0.00873995991423726,100,100,100,100,100,1,5623,50
0.379736167844385,100,100,100,100,100,1,5623,50
0.854369354899973,100,100,100,100,100,1,5623,50
0.705821898765862,100,100,100,100,100,1,5623,50
0.426317534642294,100,100,100,100,100,1,5623,50
0.8077134010382,100,100,100,100,100,1,5623,50
0.304830222623423,100,100,100,100,100,1,5623,50
0.173899997258559,100,100,100,100,100,1,5623,50
0.0015,100,100,100,100.0015,100.0015,1,5623,50
0.0856437489856035,100,100,100,100,100,1,5623,50
0.558975919615477,100,100,100,100,100,1,5623,50
0.656204043654725,100,100,100,100,100,1,5623,50
5e-04,100,100,100,100.0005,100.0005,1,5623,50
0.669474451802671,100,100,100,100,100,1,5623,50
0.47389910183847,100,100,100,100,100,1,5623,50
0.454663295997307,100,100,100,100,100,1,5623,50
0.480278272647411,100,100,100,100,100,1,5623,50
0.001,100,100,100,100.001,100.001,1,5623,50
0.29813895537518,100,100,100,100,100,1,5623,50
0.112459453754127,100,100,100,100,100,1,5623,50
0.0065,100,100,100,100.0065,100.0065,1,5623,50
0.741613587830216,100,100,100,100,100,1,5623,50
0.18863449129276,100,100,100,100,100,1,5623,50
0.490365216741338,100,100,100,100,100,1,5623,50
