"p","truediv","chaoest","obsD","upper","lower","l","inds","reps"
0.836530532920733,100,100,100,100,100,1,5623,50
0.417704943101853,100,100,100,100,100,1,5623,50
0.689518572064117,100,100,100,100,100,1,5623,50
0.464711535489187,100,100,100,100,100,1,5623,50
0.0210901126265526,100,100,100,100,100,1,5623,50
0.920566792599857,100,100,100,100,100,1,5623,50
0.0439061857759953,100,100,100,100,100,1,5623,50
0.591586913680658,100,100,100,100,100,1,5623,50
0.117096493719146,100,100,100,100,100,1,5623,50
5e-04,100,100,100,100.0005,100.0005,1,5623,50
0.768446181667969,100,100,100,100,100,1,5623,50
0.00313524249941111,100,100,100,100,100,1,5623,50
0.220259668538347,100,100,100,100,100,1,5623,50
0.002,100,100,100,100.002,100.002,1,5623,50
0.37097888905555,100,100,100,100,100,1,5623,50
0.600467714248225,100,100,100,100,100,1,5623,50
0.66484949644655,100,100,100,100,100,1,5623,50
5e-04,100,100,100,100.0005,100.0005,1,5623,50
5e-04,100,100,100,100.0005,100.0005,1,5623,50
0.815690366784111,100,100,100,100,100,1,5623,50
0.512819959316403,100,100,100,100,100,1,5623,50
5e-04,100,100,100,100.0005,100.0005,1,5623,50
0.735607210313901,100,100,100,100,100,1,5623,50
0.130822523264214,100,100,100,100,100,1,5623,50
0.268889436498284,100,100,100,100,100,1,5623,50
0.348184945527464,100,100,100,100,100,1,5623,50
0.918627719860524,100,100,100,100,100,1,5623,50
0.941089692059904,100,100,100,100,100,1,5623,50
0.452166780363768,100,100,100,100,100,1,5623,50
5e-04,100,100,100,100.0005,100.0005,1,5623,50
0.186070124153048,100,100,100,100,100,1,5623,50
0.883230065461248,100,100,100,100,100,1,5623,50
0.196153086377308,100,100,100,100,100,1,5623,50
0.466246515046805,100,100,100,100,100,1,5623,50
0.337116979062557,100,100,100,100,100,1,5623,50
0.682047789217904,100,100,100,100,100,1,5623,50
0.294582896167412,100,100,100,100,100,1,5623,50
0.003,100,100,100,100.003,100.003,1,5623,50
0.459321731468663,100,100,100,100,100,1,5623,50
0.297228360082954,100,100,100,100,100,1,5623,50
0.0287265761289746,100,100,100,100,100,1,5623,50
0.468595546437427,100,100,100,100,100,1,5623,50
0.217571530491114,100,100,100,100,100,1,5623,50
0.416375023312867,100,100,100,100,100,1,5623,50
5e-04,100,100,100,100.0005,100.0005,1,5623,50
0.009,100,100,100,100.009,100.009,1,5623,50
0.291500532766804,100,100,100,100,100,1,5623,50
0.001,100,100,100,100.001,100.001,1,5623,50
5e-04,100,100,100,100.0005,100.0005,1,5623,50
0.0861483721528202,100,100,100,100,100,1,5623,50
