"p","truediv","chaoest","obsD","upper","lower","l","inds","reps"
0.107271034270525,100,100,100,100,100,1,5623,50
5e-04,100,100,100,100.0005,100.0005,1,5623,50
5e-04,100,100,100,100.0005,100.0005,1,5623,50
0.811372946482152,100,100,100,100,100,1,5623,50
0.798182333353907,100,100,100,100,100,1,5623,50
5e-04,100,100,100,100.0005,100.0005,1,5623,50
5e-04,100,100,100,100.000000088921,100.000000088921,1,5623,50
0.727398678427562,100,100,100,100,100,1,5623,50
0.9995,100,100,100,99.9997500444603,99.9997500444603,1,5623,50
0.002,100,100,100,100.002,100.002,1,5623,50
0.493926476687193,100,100,100,100,100,1,5623,50
0.612573324935511,100,100,100,100,100,1,5623,50
0.0743014747276902,100,100,100,100,100,1,5623,50
0.536884970963001,100,100,100,100,100,1,5623,50
0.018,100,100,100,100.017250133381,100.017250133381,1,5623,50
0.297934398986399,100,100,100,100,100,1,5623,50
5e-04,100,100,100,100.0005,100.0005,1,5623,50
0.19780585821718,100,100,100,100,100,1,5623,50
0.206678270595148,100,100,100,100,100,1,5623,50
0.665082145947963,100,100,100,100,100,1,5623,50
0.001,100,100,100,100.001,100.001,1,5623,50
0.707533917622641,100,100,100,100,100,1,5623,50
0.009,100,100,100,100.009,100.009,1,5623,50
0.338600987102836,100,100,100,100,100,1,5623,50
0.698293090332299,100,100,100,100,100,1,5623,50
0.395874164300039,100,100,100,100,100,1,5623,50
0.736588777974248,100,100,100,100,100,1,5623,50
0.612450985237956,100,100,100,100,100,1,5623,50
5e-04,100,100,100,100.0005,100.0005,1,5623,50
0.5547807472758,100,100,100,100,100,1,5623,50
0.573399205924943,100,100,100,100,100,1,5623,50
0.190516943112016,100,100,100,100,100,1,5623,50
0.306317563634366,100,100,100,100,100,1,5623,50
0.799723809584975,100,100,100,100,100,1,5623,50
0.167202266631648,100,100,100,100,100,1,5623,50
5e-04,100,100,100,100.0005,100.0005,1,5623,50
0.896837200969458,100,100,100,100,100,1,5623,50
0.0830304729752243,100,100,100,100,100,1,5623,50
0.892127199098468,100,100,100,100,100,1,5623,50
0.319244254380465,100,100,100,100,100,1,5623,50
0.047,100,100,100,100.047,99.047,1,5623,50
0.515112672932446,100,100,100,100,100,1,5623,50
0.873020925791934,100,100,100,100,100,1,5623,50
0.95318414317444,100,100,100,100,100,1,5623,50
0.0025,100,100,100,100.00225004446,100.00225004446,1,5623,50
0.403615958988667,100,100,100,100,100,1,5623,50
0.0673670903779566,100,100,100,100,100,1,5623,50
0.377952008740976,100,100,100,100,100,1,5623,50
0.0015,100,100,100,100.0015,100.0015,1,5623,50
0.521832414669916,100,100,100,100,100,1,5623,50
