"p","truediv","chaoest","obsD","upper","lower","l","inds","reps"
5e-04,100,100,100,100.0005,100.0005,1,5623,50
0.519349779933691,100,100,100,100,100,1,5623,50
0.171252976171672,100,100,100,100,100,1,5623,50
0.0176514158956707,100,100,100,100,100,1,5623,50
0.53844266757369,100,100,100,100,100,1,5623,50
5e-04,100,100,100,100.0005,100.0005,1,5623,50
0.0317183928564191,100,100,100,100,100,1,5623,50
5e-04,100,100,100,100.0005,100.0005,1,5623,50
0.0207623702008277,100,100,100,100,100,1,5623,50
0.329628692939878,100,100,100,100,100,1,5623,50
0.324167425278574,100,100,100,100,100,1,5623,50
5e-04,100,100,100,100.0005,100.0005,1,5623,50
0.299879416357726,100,100,100,100,100,1,5623,50
0.0035,100,100,100,100.0035,100.0035,1,5623,50
0.252012254903093,100,100,100,100,100,1,5623,50
0.131558090914041,100,100,100,100,100,1,5623,50
0.779017822584137,100,100,100,100,100,1,5623,50
0.647727543488145,100,100,100,100,100,1,5623,50
5e-04,100,100,100,100.0005,100.0005,1,5623,50
0.006,100,100,100,100.006,100.006,1,5623,50
0.03017598669976,100,100,100,100,100,1,5623,50
0.25128624192439,100,100,100,100,100,1,5623,50
0.722891270183027,100,100,100,100,100,1,5623,50
0.247088534524664,100,100,100,100,100,1,5623,50
5e-04,100,100,100,100.00025004446,100.00025004446,1,5623,50
5e-04,100,100,100,100.0005,100.0005,1,5623,50
0.486913526430726,100,100,100,100,100,1,5623,50
0.641028756741434,100,100,100,100,100,1,5623,50
5e-04,100,100,100,100.0005,100.0005,1,5623,50
0.479154059896246,100,100,100,100,100,1,5623,50
0.921334105543792,100,100,100,100,100,1,5623,50
0.883599770022556,100,100,100,100,100,1,5623,50
0.0387967221904546,100,100,100,100,100,1,5623,50
5e-04,100,100,100,100.0005,100.0005,1,5623,50
0.811970991082489,100,100,100,100,100,1,5623,50
5e-04,100,100,100,100.0005,100.0005,1,5623,50
5e-04,100,100,100,100.0005,100.0005,1,5623,50
0.0055,100,100,100,100.0055,100.0055,1,5623,50
0.0979114561341703,100,100,100,100,100,1,5623,50
0.001,100,100,100,100.001,100.001,1,5623,50
0.0776964752003551,100,100,100,100,100,1,5623,50
0.715471213450655,100,100,100,100,100,1,5623,50
0.0972671841736883,100,100,100,100,100,1,5623,50
0.988899947609752,100,100,100,100,100,1,5623,50
0.369278446072713,100,100,100,100,100,1,5623,50
0.308591103181243,100,100,100,100,100,1,5623,50
0.595748712308705,100,100,100,100,100,1,5623,50
0.360172887565568,100,100,100,100,100,1,5623,50
0.974910151679069,100,100,100,100,100,1,5623,50
0.9905701642856,100,100,100,100,100,1,5623,50
