"p","truediv","chaoest","obsD","upper","lower","l","inds","reps"
0.639092788565904,100,100,100,100,100,1,5623,50
0.0025,100,100,100,100.0025,100.0025,1,5623,50
0.272231637965888,100,100,100,100,100,1,5623,50
0.233348064823076,100,100,100,100,100,1,5623,50
5e-04,100,100,100,100.0005,100.0005,1,5623,50
0.667894741520286,100,100,100,100,100,1,5623,50
0.314241166692227,100,100,100,100,100,1,5623,50
0.316933536203578,100,100,100,100,100,1,5623,50
0.757779336068779,100,100,100,100,100,1,5623,50
0.0559386766981333,100,100,100,100,100,1,5623,50
0.0015,100,100,100,100.0015,100.0015,1,5623,50
0.0423394762910903,100,100,100,100,100,1,5623,50
0.112646039109677,100,100,100,100,100,1,5623,50
0.757015267619863,100,100,100,100,100,1,5623,50
0.75800846144557,100,100,100,100,100,1,5623,50
0.645339375594631,100,100,100,100,100,1,5623,50
0.568347543012351,100,100,100,100,100,1,5623,50
0.814474759856239,100,100,100,100,100,1,5623,50
0.0055,100,100,100,100.0055,100.0055,1,5623,50
0.915518033551052,100,100,100,100,100,1,5623,50
0.597566953860223,100,100,100,100,100,1,5623,50
0.00290449941530824,100,100,100,100,100,1,5623,50
0.799526535440236,100,100,100,100,100,1,5623,50
0.141046019736677,100,100,100,100,100,1,5623,50
0.0129560944624245,100,100,100,100,100,1,5623,50
0.570581441977993,100,100,100,100,100,1,5623,50
0.362967337016016,100,100,100,100,100,1,5623,50
0.15036568697542,100,100,100,100,100,1,5623,50
0.0015,100,100,100,100.0015,100.0015,1,5623,50
0.999125277157873,100,100,100,100,100,1,5623,50
0.290394150419161,100,100,100,100,100,1,5623,50
0.55726083018817,100,100,100,100,100,1,5623,50
0.716717382427305,100,100,100,100,100,1,5623,50
0.478584634372965,100,100,100,100,100,1,5623,50
5e-04,100,100,100,100.0005,100.0005,1,5623,50
0.330632720608264,100,100,100,100,100,1,5623,50
0.97351761860773,100,100,100,100,100,1,5623,50
0.981136501999572,100,100,100,100,100,1,5623,50
0.526006935629994,100,100,100,100,100,1,5623,50
0.585622753249481,100,100,100,100,100,1,5623,50
0.001,100,100,100,100.001,100.001,1,5623,50
0.156549544539303,100,100,100,100,100,1,5623,50
0.479583091568202,100,100,100,100,100,1,5623,50
0.84735159156844,100,100,100,100,100,1,5623,50
0.438826165394858,100,100,100,100,100,1,5623,50
0.0434567867778242,100,100,100,100,100,1,5623,50
0.47874171147123,100,100,100,100,100,1,5623,50
0.292106516193599,100,100,100,100,100,1,5623,50
0.385171232977882,100,100,100,100,100,1,5623,50
5e-04,100,100,100,100.0005,100.0005,1,5623,50
