"p","truediv","chaoest","obsD","upper","lower","l","inds","reps"
0.546803131699562,100,100,100,100,100,1,5623,50
0.23631867300719,100,100,100,100,100,1,5623,50
0.747382442234084,100,100,100,100,100,1,5623,50
0.914631878491491,100,100,100,100,100,1,5623,50
0.17297905869782,100,100,100,100,100,1,5623,50
0.556447169510648,100,100,100,100,100,1,5623,50
0.757025972474366,100,100,100,100,100,1,5623,50
0.826607461320236,100,100,100,100,100,1,5623,50
0.661546481074765,100,100,100,100,100,1,5623,50
0.368402756517753,100,100,100,100,100,1,5623,50
0.75432911911048,100,100,100,100,100,1,5623,50
5e-04,100,100,100,100.0005,100.0005,1,5623,50
5e-04,100,100,100,100.0005,100.0005,1,5623,50
0.548687274567783,100,100,100,100,100,1,5623,50
0.108641222352162,100,100,100,100,100,1,5623,50
0.245997584424913,100,100,100,100,100,1,5623,50
0.602805387927219,100,100,100,100,100,1,5623,50
0.130125468596816,100,100,100,100,100,1,5623,50
0.186264054384083,100,100,100,100,100,1,5623,50
0.886661492986605,100,100,100,100,100,1,5623,50
0.682738461298868,100,100,100,100,100,1,5623,50
0.616437752963975,100,100,100,100,100,1,5623,50
0.913137388881296,100,100,100,100,100,1,5623,50
0.259921469492838,100,100,100,100,100,1,5623,50
0.941227281000465,100,100,100,100,100,1,5623,50
0.17232533171773,100,100,100,100,100,1,5623,50
5e-04,100,100,100,100.0005,100.0005,1,5623,50
0.0035,100,100,100,100.0035,100.0035,1,5623,50
0.615198063896969,100,100,100,100,100,1,5623,50
0.237259193323553,100,100,100,100,100,1,5623,50
0.932907946873456,100,100,100,100,100,1,5623,50
0.553591949399561,100,100,100,100,100,1,5623,50
5e-04,100,100,100,100.0005,100.0005,1,5623,50
0.700948399724439,100,100,100,100,100,1,5623,50
0.25331552233547,100,100,100,100,100,1,5623,50
0.153098212787881,100,100,100,100,100,1,5623,50
5e-04,100,100,100,100.0005,100.0005,1,5623,50
0.516891302308068,100,100,100,100,100,1,5623,50
0.844508802285418,100,100,100,100,100,1,5623,50
0.486832441063598,100,100,100,100,100,1,5623,50
0.970030133612454,100,100,100,100,100,1,5623,50
0.99451555009,100,100,100,100,100,1,5623,50
0.001,100,100,100,100.00075004446,100.00075004446,1,5623,50
0.4063827812206,100,100,100,100,100,1,5623,50
0.833507375093177,100,100,100,100,100,1,5623,50
0.464604248525575,100,100,100,100,100,1,5623,50
0.963998416671529,100,100,100,100,100,1,5623,50
0.950095982290804,100,100,100,100,100,1,5623,50
0.652333147823811,100,100,100,100,100,1,5623,50
0.890781642403454,100,100,100,100,100,1,5623,50
