"p","truediv","chaoest","obsD","upper","lower","l","inds","reps"
0.153116067172959,100,100,100,100,100,1,5623,50
0.942864463431761,100,100,100,100,100,1,5623,50
0.659449649509043,100,100,100,100,100,1,5623,50
0.590769582660869,100,100,100,100,100,1,5623,50
0.778348410502076,100,100,100,100,100,1,5623,50
0.016,100,100,100,100.016,100.016,1,5623,50
0.121762790018693,100,100,100,100,100,1,5623,50
0.894086895976216,100,100,100,100,100,1,5623,50
0.417747395811602,100,100,100,100,100,1,5623,50
0.0960523772519082,100,100,100,100,100,1,5623,50
0.0707003064453602,100,100,100,100,100,1,5623,50
0.840038299327716,100,100,100,100,100,1,5623,50
0.971123141003773,100,100,100,100,100,1,5623,50
0.002,100,100,100,100.002,100.002,1,5623,50
5e-04,100,100,100,100.0005,100.0005,1,5623,50
0.0498671471141279,100,100,100,100,100,1,5623,50
0.163795164786279,100,100,100,100,100,1,5623,50
0.432612772798166,100,100,100,100,100,1,5623,50
0.033402455970645,100,100,100,100,100,1,5623,50
0.398852963699028,100,100,100,100,100,1,5623,50
0.419495335780084,100,100,100,100,100,1,5623,50
0.852749794255942,100,100,100,100,100,1,5623,50
0.435385582270101,100,100,100,100,100,1,5623,50
0.969859099481255,100,100,100,100,100,1,5623,50
0.541541735175997,100,100,100,100,100,1,5623,50
0.0876739451196045,100,100,100,100,100,1,5623,50
0.302437537815422,100,100,100,100,100,1,5623,50
0.0045,100,100,100,100.0045,100.0045,1,5623,50
0.174191350815818,100,100,100,100,100,1,5623,50
0.0990734840743244,100,100,100,100,100,1,5623,50
0.0319299406837672,100,100,100,100,100,1,5623,50
0.570832394761965,100,100,100,100,100,1,5623,50
0.0424089815933257,100,100,100,100,100,1,5623,50
0.108149031642824,100,100,100,100,100,1,5623,50
0.0628950742539018,100,100,100,100,100,1,5623,50
0.295708278659731,100,100,100,100,100,1,5623,50
5e-04,100,100,100,100.0005,100.0005,1,5623,50
0.222190861590207,100,100,100,100,100,1,5623,50
0.760821553412825,100,100,100,100,100,1,5623,50
0.0055,100,100,100,100.00525004446,100.00525004446,1,5623,50
0.725382774369791,100,100,100,100,100,1,5623,50
0.826200227253139,100,100,100,100,100,1,5623,50
0.0586848086677492,100,100,100,100,100,1,5623,50
0.301042055943981,100,100,100,100,100,1,5623,50
0.10887376149185,100,100,100,100,100,1,5623,50
0.384498458355665,100,100,100,100,100,1,5623,50
0.260392298921943,100,100,100,100,100,1,5623,50
0.58121920702979,100,100,100,100,100,1,5623,50
0.878062874078751,100,100,100,100,100,1,5623,50
0.69828707864508,100,100,100,100,100,1,5623,50
