"p","truediv","chaoest","obsD","upper","lower","l","inds","reps"
0.0576156296301633,100,100,100,100,100,1,5623,50
0.514020592207089,100,100,100,100,100,1,5623,50
0.700560234254226,100,100,100,100,100,1,5623,50
0.900445737410337,100,100,100,100,100,1,5623,50
0.819491005735472,100,100,100,100,100,1,5623,50
0.742513323668391,100,100,100,100,100,1,5623,50
0.457742878701538,100,100,100,100,100,1,5623,50
0.488237436162308,100,100,100,100,100,1,5623,50
0.0153932787943631,100,100,100,100,100,1,5623,50
0.133178197778761,100,100,100,100,100,1,5623,50
0.330890480196103,100,100,100,100,100,1,5623,50
0.966363787883893,100,100,100,100,100,1,5623,50
5e-04,100,100,100,100.0005,100.0005,1,5623,50
0.744804293848574,100,100,100,100,100,1,5623,50
0.235073009971529,100,100,100,100,100,1,5623,50
0.001,100,100,100,100.001,100.001,1,5623,50
0.165397629374638,100,100,100,100,100,1,5623,50
0.720215745037422,100,100,100,100,100,1,5623,50
0.808634022483602,100,100,100,100,100,1,5623,50
0.0981144739780575,100,100,100,100,100,1,5623,50
0.0285655981861055,100,100,100,100,100,1,5623,50
0.240561842219904,100,100,100,100,100,1,5623,50
0.946359483059496,100,100,100,100,100,1,5623,50
0.0878444644622505,100,100,100,100,100,1,5623,50
0.670094633940607,100,100,100,100,100,1,5623,50
0.298824920319021,100,100,100,100,100,1,5623,50
0.314952081767842,100,100,100,100,100,1,5623,50
0.001,100,100,100,100.001,100.001,1,5623,50
0.415007282514125,100,100,100,100,100,1,5623,50
0.0534624527208507,100,100,100,100,100,1,5623,50
0.728801009478047,100,100,100,100,100,1,5623,50
0.740878347540274,100,100,100,100,100,1,5623,50
0.409480538684875,100,100,100,100,100,1,5623,50
0.868448076304048,100,100,100,100,100,1,5623,50
0.489295711042359,100,100,100,100,100,1,5623,50
0.0829595979303122,100,100,100,100,100,1,5623,50
0.722902937792242,100,100,100,100,100,1,5623,50
5e-04,100,100,100,100.0005,100.0005,1,5623,50
0.399563491111621,100,100,100,100,100,1,5623,50
5e-04,100,100,100,100.0005,100.0005,1,5623,50
5e-04,100,100,100,100.00025004446,100.00025004446,1,5623,50
0.7577335301321,100,100,100,100,100,1,5623,50
0.570133059984073,100,100,100,100,100,1,5623,50
0.023,100,100,100,100.023,100.023,1,5623,50
0.0015,100,100,100,100.0015,100.0015,1,5623,50
5e-04,100,100,100,100.0005,100.0005,1,5623,50
0.149032525252551,100,100,100,100,100,1,5623,50
0.513680880889297,100,100,100,100,100,1,5623,50
5e-04,100,100,100,100.0005,100.0005,1,5623,50
0.157523712143302,100,100,100,100,100,1,5623,50
