"p","truediv","chaoest","obsD","upper","lower","l","inds","reps"
0.641256280709058,100,100,100,100,100,1,5623,50
0.733684960054234,100,100,100,100,100,1,5623,50
0.41046723886393,100,100,100,100,100,1,5623,50
0.742453306680545,100,100,100,100,100,1,5623,50
0.267064759973437,100,100,100,100,100,1,5623,50
5e-04,100,100,100,100.0005,100.0005,1,5623,50
0.768356502754614,100,100,100,100,100,1,5623,50
0.001,100,100,100,100.001,100.001,1,5623,50
0.482502251630649,100,100,100,100,100,1,5623,50
0.223321628058329,100,100,100,100,100,1,5623,50
0.017,100,100,100,100.017,100.017,1,5623,50
5e-04,100,100,100,100.0005,100.0005,1,5623,50
0.477210491430014,100,100,100,100,100,1,5623,50
0.635438206605613,100,100,100,100,100,1,5623,50
0.967162317130715,100,100,100,100,100,1,5623,50
0.492955805966631,100,100,100,100,100,1,5623,50
0.956636846065521,100,100,100,100,100,1,5623,50
0.329194544581696,100,100,100,100,100,1,5623,50
0.187674676766619,100,100,100,100,100,1,5623,50
0.869544281391427,100,100,100,100,100,1,5623,50
0.861489364644513,100,100,100,100,100,1,5623,50
0.523542065173388,100,100,100,100,100,1,5623,50
0.745850414736196,100,100,100,100,100,1,5623,50
0.226855427958071,100,100,100,100,100,1,5623,50
0.245422427775338,100,100,100,100,100,1,5623,50
0.493986957706511,100,100,100,100,100,1,5623,50
0.970826564123854,100,100,100,100,100,1,5623,50
0.930104088503867,100,100,100,100,100,1,5623,50
0.247559598414227,100,100,100,100,100,1,5623,50
0.794154657283798,100,100,100,100,100,1,5623,50
0.69384800712578,100,100,100,100,100,1,5623,50
0.001,100,100,100,100.001,100.001,1,5623,50
0.0882731317542493,100,100,100,100,100,1,5623,50
0.588359277695417,100,100,100,100,100,1,5623,50
0.119979767361656,100,100,100,100,100,1,5623,50
0.874072716571391,100,100,100,100,100,1,5623,50
0.0015,100,100,100,100.0015,100.0015,1,5623,50
0.961473928997293,100,100,100,100,100,1,5623,50
0.352880479302257,100,100,100,100,100,1,5623,50
0.0880802527535707,100,100,100,100,100,1,5623,50
0.720929485280067,100,100,100,100,100,1,5623,50
0.194808374624699,100,100,100,100,100,1,5623,50
0.273848338518292,100,100,100,100,100,1,5623,50
0.20923861884512,100,100,100,100,100,1,5623,50
0.001,100,100,100,100.001,100.001,1,5623,50
0.0942495437338948,100,100,100,100,100,1,5623,50
0.597112906165421,100,100,100,100,100,1,5623,50
0.895591886015609,100,100,100,100,100,1,5623,50
0.355484088649973,100,100,100,100,100,1,5623,50
0.626966075273231,100,100,100,100,100,1,5623,50
