"p","truediv","chaoest","obsD","upper","lower","l","inds","reps"
0.372565274359658,100,100,100,100,100,1,5623,50
0.231612243223935,100,100,100,100,100,1,5623,50
0.219239107798785,100,100,100,100,100,1,5623,50
0.677154556848109,100,100,100,100,100,1,5623,50
0.595674878917634,100,100,100,100,100,1,5623,50
0.264024323085323,100,100,100,100,100,1,5623,50
0.443199883215129,100,100,100,100,100,1,5623,50
0.927713089389727,100,100,100,100,100,1,5623,50
0.581427802564576,100,100,100,100,100,1,5623,50
0.435764615889639,100,100,100,100,100,1,5623,50
0.86427053110674,100,100,100,100,100,1,5623,50
0.202852585818619,100,100,100,100,100,1,5623,50
0.616627871058881,100,100,100,100,100,1,5623,50
5e-04,100,100,100,100.0005,100.0005,1,5623,50
0.524685831973329,100,100,100,100,100,1,5623,50
0.171740444377065,100,100,100,100,100,1,5623,50
0.648659605765715,100,100,100,100,100,1,5623,50
0.0497492060530931,100,100,100,100,100,1,5623,50
0.854424689896405,100,100,100,100,100,1,5623,50
0.001,100,100,100,100.001,100.001,1,5623,50
0.0495945457369089,100,100,100,100,100,1,5623,50
0.441933260997757,100,100,100,100,100,1,5623,50
0.0325072100386024,100,100,100,100,100,1,5623,50
0.904438924975693,100,100,100,100,100,1,5623,50
0.019,100,100,100,100.019,100.019,1,5623,50
5e-04,100,100,100,100.0005,100.0005,1,5623,50
0.740188836120069,100,100,100,100,100,1,5623,50
0.133803898468614,100,100,100,100,100,1,5623,50
0.374349542194977,100,100,100,100,100,1,5623,50
0.698908445890993,100,100,100,100,100,1,5623,50
5e-04,100,100,100,100.0005,100.0005,1,5623,50
0.0380800943821669,100,100,100,100,100,1,5623,50
5e-04,100,100,100,100.0005,100.0005,1,5623,50
0.147700679022819,100,100,100,100,100,1,5623,50
0.136690841987729,100,100,100,100,100,1,5623,50
0.12416961719282,100,100,100,100,100,1,5623,50
0.932258613174781,100,100,100,100,100,1,5623,50
5e-04,100,100,100,100.0005,100.0005,1,5623,50
0.831147741759196,100,100,100,100,100,1,5623,50
0.725800823187456,100,100,100,100,100,1,5623,50
0.149550414877012,100,100,100,100,100,1,5623,50
0.645002962788567,100,100,100,100,100,1,5623,50
0.982299686176702,100,100,100,100,100,1,5623,50
0.122916385531425,100,100,100,100,100,1,5623,50
0.323995040729642,100,100,100,100,100,1,5623,50
0.0025,100,100,100,100.0025,100.0025,1,5623,50
0.73904726956971,100,100,100,100,100,1,5623,50
5e-04,100,100,100,100.0005,100.0005,1,5623,50
0.800932596437633,100,100,100,100,100,1,5623,50
0.95920405164361,100,100,100,100,100,1,5623,50
