"p","truediv","chaoest","obsD","upper","lower","l","inds","reps"
0.455157422693446,100,100,100,100,100,1,5623,50
5e-04,100,100,100,100.0005,100.0005,1,5623,50
0.619046572363004,100,100,100,100,100,1,5623,50
0.001,100,100,100,100.001,100.001,1,5623,50
0.214347903616726,100,100,100,100,100,1,5623,50
0.605567636666819,100,100,100,100,100,1,5623,50
0.721610744483769,100,100,100,100,100,1,5623,50
0.789185400120914,100,100,100,100,100,1,5623,50
0.864138899371028,100,100,100,100,100,1,5623,50
0.726773276459426,100,100,100,100,100,1,5623,50
0.0238850400783122,100,100,100,100,100,1,5623,50
5e-04,100,100,100,100.0005,100.0005,1,5623,50
0.911405384307727,100,100,100,100,100,1,5623,50
0.923388149822131,100,100,100,100,100,1,5623,50
0.56228933762759,100,100,100,100,100,1,5623,50
0.592801774619147,100,100,100,100,100,1,5623,50
0.672141552902758,100,100,100,100,100,1,5623,50
0.001,100,100,100,100.001,100.001,1,5623,50
0.521489079575986,100,100,100,100,100,1,5623,50
5e-04,100,100,100,100.0005,100.0005,1,5623,50
0.139806140912697,100,100,100,100,100,1,5623,50
0.0427945572882891,100,100,100,100,100,1,5623,50
0.790989089757204,100,100,100,100,100,1,5623,50
0.0668734293431044,100,100,100,100,100,1,5623,50
0.341604788554832,100,100,100,100,100,1,5623,50
0.92933428613469,100,100,100,100,100,1,5623,50
0.0644102159421891,100,100,100,100,100,1,5623,50
5e-04,100,100,100,100.0005,100.0005,1,5623,50
0.962962314719334,100,100,100,100,100,1,5623,50
5e-04,100,100,100,100.0005,100.0005,1,5623,50
0.525842890841886,100,100,100,100,100,1,5623,50
0.770762468455359,100,100,100,100,100,1,5623,50
0.118582221446559,100,100,100,100,100,1,5623,50
0.9979955595918,100,100,100,100,100,1,5623,50
0.001,100,100,100,100.001,100.001,1,5623,50
0.818066930631176,100,100,100,100,100,1,5623,50
0.796619120519608,100,100,100,100,100,1,5623,50
0.0947111861314625,100,100,100,100,100,1,5623,50
0.23830280918628,100,100,100,100,100,1,5623,50
5e-04,100,100,100,100.0005,100.0005,1,5623,50
0.968698802171275,100,100,100,100,100,1,5623,50
0.254400905687362,100,100,100,100,100,1,5623,50
0.909890301758423,100,100,100,100,100,1,5623,50
0.300276279682294,100,100,100,100,100,1,5623,50
0.565448866225779,100,100,100,100,100,1,5623,50
0.405370782595128,100,100,100,100,100,1,5623,50
0.289417527383193,100,100,100,100,100,1,5623,50
5e-04,100,100,100,100.0005,100.0005,1,5623,50
0.38013969338499,100,100,100,100,100,1,5623,50
0.0015,100,100,100,100.0015,100.0015,1,5623,50
