"p","truediv","chaoest","obsD","upper","lower","l","inds","reps"
5e-04,100,100,100,100.0005,100.0005,1,5623,50
0.0015,100,100,100,100.0015,100.0015,1,5623,50
0.970843897899613,100,100,100,100,100,1,5623,50
0.0144460084848106,100,100,100,100,100,1,5623,50
0.801379699492827,100,100,100,100,100,1,5623,50
0.001,100,100,100,100.001,100.001,1,5623,50
0.51615342264995,100,100,100,100,100,1,5623,50
0.874853443820029,100,100,100,100,100,1,5623,50
0.987746271071956,100,100,100,100,100,1,5623,50
0.524123488692567,100,100,100,100,100,1,5623,50
0.213296961970627,100,100,100,100,100,1,5623,50
0.215087922289968,100,100,100,100,100,1,5623,50
0.496593781746924,100,100,100,100,100,1,5623,50
0.47712501231581,100,100,100,100,100,1,5623,50
0.003,100,100,100,100.003,100.003,1,5623,50
0.452340039657429,100,100,100,100,100,1,5623,50
5e-04,100,100,100,100.0005,100.0005,1,5623,50
0.405483670067042,100,100,100,100,100,1,5623,50
0.252423116471618,100,100,100,100,100,1,5623,50
0.760772050125524,100,100,100,100,100,1,5623,50
0.206012724898756,100,100,100,100,100,1,5623,50
0.196462349034846,100,100,100,100,100,1,5623,50
0.0299586695618927,100,100,100,100,100,1,5623,50
0.933571354253218,100,100,100,100,100,1,5623,50
0.05589853762649,100,100,100,100,100,1,5623,50
0.750750456936657,100,100,100,100,100,1,5623,50
0.0472098868340254,100,100,100,100,100,1,5623,50
0.12042106827721,100,100,100,100,100,1,5623,50
0.409660981968045,100,100,100,100,100,1,5623,50
0.969730893149972,100,100,100,100,100,1,5623,50
0.939682766096666,100,100,100,100,100,1,5623,50
0.933596888091415,100,100,100,100,100,1,5623,50
0.573809631401673,100,100,100,100,100,1,5623,50
5e-04,100,100,100,100.0005,100.0005,1,5623,50
0.251709951553494,100,100,100,100,100,1,5623,50
0.156625331379473,100,100,100,100,100,1,5623,50
0.0724710733629763,100,100,100,100,100,1,5623,50
0.593035783618689,100,100,100,100,100,1,5623,50
0.274963823379949,100,100,100,100,100,1,5623,50
0.017,100,100,100,100.017,100.017,1,5623,50
0.780618963064626,100,100,100,100,100,1,5623,50
5e-04,100,100,100,100.0005,100.0005,1,5623,50
0.188515581656247,100,100,100,100,100,1,5623,50
0.740281326463446,100,100,100,100,100,1,5623,50
5e-04,100,100,100,100.00025004446,100.00025004446,1,5623,50
0.30376589903608,100,100,100,100,100,1,5623,50
5e-04,100,100,100,100.0005,100.0005,1,5623,50
0.591096104122698,100,100,100,100,100,1,5623,50
0.948452024022117,100,100,100,100,100,1,5623,50
0.896132643334568,100,100,100,100,100,1,5623,50
