"p","truediv","chaoest","obsD","upper","lower","l","inds","reps"
0.308552857488394,100,100,100,100,100,1,5623,50
0.23768058558926,100,100,100,100,100,1,5623,50
0.429423632565886,100,100,100,100,100,1,5623,50
0.561217401409522,100,100,100,100,100,1,5623,50
0.135384214110672,100,100,100,100,100,1,5623,50
5e-04,100,100,100,100.0005,100.0005,1,5623,50
0.626336411805823,100,100,100,100,100,1,5623,50
0.47685719630681,100,100,100,100,100,1,5623,50
0.589166983962059,100,100,100,100,100,1,5623,50
0.661813768558204,100,100,100,100,100,1,5623,50
0.435916700400412,100,100,100,100,100,1,5623,50
0.0773465880192816,100,100,100,100,100,1,5623,50
0.776520532090217,100,100,100,100,100,1,5623,50
0.20839685248211,100,100,100,100,100,1,5623,50
5e-04,100,100,100,100.0005,100.0005,1,5623,50
0.334695683093742,100,100,100,100,100,1,5623,50
0.002,100,100,100,100.002,100.002,1,5623,50
0.0015,100,100,100,100.0015,100.0015,1,5623,50
0.972629357129335,100,100,100,100,100,1,5623,50
0.341483204625547,100,100,100,100,100,1,5623,50
0.228557924274355,100,100,100,100,100,1,5623,50
0.674437391106039,100,100,100,100,100,1,5623,50
0.230407853610814,100,100,100,100,100,1,5623,50
0.618038978194818,100,100,100,100,100,1,5623,50
0.775179015472531,100,100,100,100,100,1,5623,50
0.001,100,100,100,100.001,100.001,1,5623,50
5e-04,100,100,100,100.0005,100.0005,1,5623,50
0.38540052738972,100,100,100,100,100,1,5623,50
0.488927506376058,100,100,100,100,100,1,5623,50
0.278567937202752,100,100,100,100,100,1,5623,50
0.799003710970283,100,100,100,100,100,1,5623,50
0.808396331500262,100,100,100,100,100,1,5623,50
0.332911555655301,100,100,100,100,100,1,5623,50
0.594265019288287,100,100,100,100,100,1,5623,50
0.304772007744759,100,100,100,100,100,1,5623,50
0.720956420758739,100,100,100,100,100,1,5623,50
5e-04,100,100,100,100.0005,100.0005,1,5623,50
0.001,100,100,100,100.001,100.001,1,5623,50
0.843087940011173,100,100,100,100,100,1,5623,50
0.579474794911221,100,100,100,100,100,1,5623,50
0.193261919310316,100,100,100,100,100,1,5623,50
0.734612298430875,100,100,100,100,100,1,5623,50
0.001,100,100,100,100.001,100.001,1,5623,50
0.0192123441956937,100,100,100,100,100,1,5623,50
0.0015,100,100,100,100.0015,100.0015,1,5623,50
0.0015,100,100,100,100.0015,100.0015,1,5623,50
0.310823541600257,100,100,100,100,100,1,5623,50
0.916583649115637,100,100,100,100,100,1,5623,50
0.558172651100904,100,100,100,100,100,1,5623,50
0.0688093833159655,100,100,100,100,100,1,5623,50
