"p","truediv","chaoest","obsD","upper","lower","l","inds","reps"
0.787530167028308,100,100,100,100,100,1,5623,50
0.372258961899206,100,100,100,100,100,1,5623,50
0.434113302268088,100,100,100,100,100,1,5623,50
0.009,100,100,100,100.009,100.009,1,5623,50
0.111412863014266,100,100,100,100,100,1,5623,50
5e-04,100,100,100,100.0005,100.0005,1,5623,50
5e-04,100,100,100,100.00025004446,100.00025004446,1,5623,50
0.421612216858193,100,100,100,100,100,1,5623,50
0.754737125942484,100,100,100,100,100,1,5623,50
0.0045,100,100,100,100.0045,100.0045,1,5623,50
0.375990052474663,100,100,100,100,100,1,5623,50
0.484605577075854,100,100,100,100,100,1,5623,50
0.541609127307311,100,100,100,100,100,1,5623,50
5e-04,100,100,100,100.0005,100.0005,1,5623,50
0.297854464035481,100,100,100,100,100,1,5623,50
0.497615980450064,100,100,100,100,100,1,5623,50
0.218553351936862,100,100,100,100,100,1,5623,50
0.773369254311547,100,100,100,100,100,1,5623,50
0.114106702851132,100,100,100,100,100,1,5623,50
0.196427437243983,100,100,100,100,100,1,5623,50
0.373052434530109,100,100,100,100,100,1,5623,50
0.253324100049213,100,100,100,100,100,1,5623,50
0.642812282545492,100,100,100,100,100,1,5623,50
5e-04,100,100,100,100.0005,100.0005,1,5623,50
0.001,100,100,100,100.001,100.001,1,5623,50
0.001,100,100,100,100.001,100.001,1,5623,50
0.626932191196829,100,100,100,100,100,1,5623,50
0.82617035205476,100,100,100,100,100,1,5623,50
0.743369090603665,100,100,100,100,100,1,5623,50
0.502549440367147,100,100,100,100,100,1,5623,50
0.687474861741066,100,100,100,100,100,1,5623,50
0.654387140180916,100,100,100,100,100,1,5623,50
5e-04,100,100,100,100.0005,100.0005,1,5623,50
0.227615474024788,100,100,100,100,100,1,5623,50
0.997741494094953,100,100,100,100,100,1,5623,50
0.776405996875837,100,100,100,100,100,1,5623,50
0.846581807360053,100,100,100,100,100,1,5623,50
0.398495596135035,100,100,100,100,100,1,5623,50
0.0561210499145091,100,100,100,100,100,1,5623,50
0.323523065308109,100,100,100,100,100,1,5623,50
0.674828972900286,100,100,100,100,100,1,5623,50
0.664641471579671,100,100,100,100,100,1,5623,50
0.284243995789438,100,100,100,100,100,1,5623,50
0.490238010184839,100,100,100,100,100,1,5623,50
0.201857395237312,100,100,100,100,100,1,5623,50
0.455877711763605,100,100,100,100,100,1,5623,50
0.048908322583884,100,100,100,100,100,1,5623,50
5e-04,100,100,100,100.0005,100.0005,1,5623,50
0.51319263712503,100,100,100,100,100,1,5623,50
0.004,100,100,100,100.004,100.004,1,5623,50
