"p","truediv","chaoest","obsD","upper","lower","l","inds","reps"
0.812763390829787,100,100,100,100,100,1,5623,50
0.489880098262802,100,100,100,100,100,1,5623,50
0.001,100,100,100,100.001,100.001,1,5623,50
5e-04,100,100,100,100.0005,100.0005,1,5623,50
0.390121764503419,100,100,100,100,100,1,5623,50
0.184622649103403,100,100,100,100,100,1,5623,50
0.459265644196421,100,100,100,100,100,1,5623,50
0.266789915505797,100,100,100,100,100,1,5623,50
0.0970058657694608,100,100,100,100,100,1,5623,50
0.104361860081553,100,100,100,100,100,1,5623,50
0.663089284440503,100,100,100,100,100,1,5623,50
0.568631840636954,100,100,100,100,100,1,5623,50
0.74754594755359,100,100,100,100,100,1,5623,50
0.0015,100,100,100,100.0015,100.0015,1,5623,50
0.106346127344295,100,100,100,100,100,1,5623,50
0.512932534795254,100,100,100,100,100,1,5623,50
0.018799138488248,100,100,100,100,100,1,5623,50
0.197553418576717,100,100,100,100,100,1,5623,50
0.222319815307856,100,100,100,100,100,1,5623,50
0.001,100,100,100,100.001,100.001,1,5623,50
0.224325158633292,100,100,100,100,100,1,5623,50
0.341150685911998,100,100,100,100,100,1,5623,50
0.045,100,100,100,100.045,99.045,1,5623,50
0.931389939505607,100,100,100,100,100,1,5623,50
0.468997255433351,100,100,100,100,100,1,5623,50
0.912197212222964,100,100,100,100,100,1,5623,50
0.218249577796087,100,100,100,100,100,1,5623,50
5e-04,100,100,100,100.0005,100.0005,1,5623,50
0.28789615794085,100,100,100,100,100,1,5623,50
0.518946636468172,100,100,100,100,100,1,5623,50
5e-04,100,100,100,100.0005,100.0005,1,5623,50
0.934273455524817,100,100,100,100,100,1,5623,50
0.15505487145856,100,100,100,100,100,1,5623,50
0.0598719152621925,100,100,100,100,100,1,5623,50
0.013,100,100,100,100.013,100.013,1,5623,50
0.159191591665149,100,100,100,100,100,1,5623,50
0.184435725910589,100,100,100,100,100,1,5623,50
0.271478588925675,100,100,100,100,100,1,5623,50
0.0025,100,100,100,100.0025,100.0025,1,5623,50
0.729600818827748,100,100,100,100,100,1,5623,50
0.0555970971472561,100,100,100,100,100,1,5623,50
0.0045,100,100,100,100.0045,100.0045,1,5623,50
0.001,100,100,100,100.001,100.001,1,5623,50
0.0015,100,100,100,100.0015,100.0015,1,5623,50
0.94073978997767,100,100,100,100,100,1,5623,50
0.444949191994965,100,100,100,100,100,1,5623,50
0.659144609002396,100,100,100,100,100,1,5623,50
5e-04,100,100,100,100.0005,100.0005,1,5623,50
0.082946841372177,100,100,100,100,100,1,5623,50
0.477999234572053,100,100,100,100,100,1,5623,50
