"p","truediv","chaoest","obsD","upper","lower","l","inds","reps"
0.574622649233788,100,100,100,100,100,1,5623,50
0.001,100,100,100,100.001,100.001,1,5623,50
0.0015,100,100,100,100.0015,100.0015,1,5623,50
0.322988854954019,100,100,100,100,100,1,5623,50
0.180836204439402,100,100,100,100,100,1,5623,50
0.510912168771029,100,100,100,100,100,1,5623,50
0.255408870987594,100,100,100,100,100,1,5623,50
0.96201630984433,100,100,100,100,100,1,5623,50
0.056347418576479,100,100,100,100,100,1,5623,50
0.901409230660647,100,100,100,100,100,1,5623,50
0.858803563984111,100,100,100,100,100,1,5623,50
0.0576091087423265,100,100,100,100,100,1,5623,50
5e-04,100,100,100,100.0005,100.0005,1,5623,50
0.001,100,100,100,100.001,100.001,1,5623,50
0.61204653326422,100,100,100,100,100,1,5623,50
0.749528403393924,100,100,100,100,100,1,5623,50
5e-04,100,100,100,100.0005,100.0005,1,5623,50
0.630264868959785,100,100,100,100,100,1,5623,50
5e-04,100,100,100,100.0005,100.0005,1,5623,50
0.023,100,100,100,100.023,100.023,1,5623,50
0.178374998969957,100,100,100,100,100,1,5623,50
0.0891188071109354,100,100,100,100,100,1,5623,50
0.0461049368605018,100,100,100,100,100,1,5623,50
0.452913046116009,100,100,100,100,100,1,5623,50
0.632976241409779,100,100,100,100,100,1,5623,50
0.277814896777272,100,100,100,100,100,1,5623,50
0.874362305505201,100,100,100,100,100,1,5623,50
0.359776910860091,100,100,100,100,100,1,5623,50
5e-04,100,100,100,100.0005,100.0005,1,5623,50
0.001,100,100,100,100.001,100.001,1,5623,50
0.0085,100,100,100,100.0085,100.0085,1,5623,50
5e-04,100,100,100,100.0005,100.0005,1,5623,50
0.899438193067908,100,100,100,100,100,1,5623,50
0.406077834544703,100,100,100,100,100,1,5623,50
0.496534954989329,100,100,100,100,100,1,5623,50
0.540462527889758,100,100,100,100,100,1,5623,50
0.735866138478741,100,100,100,100,100,1,5623,50
0.778922443976626,100,100,100,100,100,1,5623,50
0.483036452438682,100,100,100,100,100,1,5623,50
0.414982777088881,100,100,100,100,100,1,5623,50
5e-04,100,100,100,100.0005,100.0005,1,5623,50
0.379120428580791,100,100,100,100,100,1,5623,50
0.670390872750431,100,100,100,100,100,1,5623,50
0.259758191648871,100,100,100,100,100,1,5623,50
0.160359694622457,100,100,100,100,100,1,5623,50
0.855945821618661,100,100,100,100,100,1,5623,50
0.416600397555158,100,100,100,100,100,1,5623,50
0.462764866882935,100,100,100,100,100,1,5623,50
0.654126887209713,100,100,100,100,100,1,5623,50
0.038317579543218,100,100,100,100,100,1,5623,50
