"p","truediv","chaoest","obsD","upper","lower","l","inds","reps"
0.253667908953503,100,100,100,100,100,1,5623,50
0.815786811988801,100,100,100,100,100,1,5623,50
0.762193682370707,100,100,100,100,100,1,5623,50
0.898191667627543,100,100,100,100,100,1,5623,50
5e-04,100,100,100,100.0005,100.0005,1,5623,50
0.60308836097829,100,100,100,100,100,1,5623,50
0.979685221100226,100,100,100,100,100,1,5623,50
0.543331060558558,100,100,100,100,100,1,5623,50
5e-04,100,100,100,100.0005,100.0005,1,5623,50
0.001,100,100,100,100.001,100.001,1,5623,50
5e-04,100,100,100,100.0005,100.0005,1,5623,50
0.438691926887259,100,100,100,100,100,1,5623,50
0.597935989033431,100,100,100,100,100,1,5623,50
0.690769382752478,100,100,100,100,100,1,5623,50
0.0015,100,100,100,100.0015,100.0015,1,5623,50
0.365498944884166,100,100,100,100,100,1,5623,50
0.394694564631209,100,100,100,100,100,1,5623,50
0.322094124276191,100,100,100,100,100,1,5623,50
5e-04,100,100,100,100.0005,100.0005,1,5623,50
0.968397780321538,100,100,100,100,100,1,5623,50
0.643203988904133,100,100,100,100,100,1,5623,50
0.12536517647095,100,100,100,100,100,1,5623,50
0.606091131921858,100,100,100,100,100,1,5623,50
0.678146035876125,100,100,100,100,100,1,5623,50
0.37704827147536,100,100,100,100,100,1,5623,50
5e-04,100,100,100,100.0005,100.0005,1,5623,50
0.910747501533478,100,100,100,100,100,1,5623,50
0.945936404168606,100,100,100,100,100,1,5623,50
0.001,100,100,100,100.001,100.001,1,5623,50
0.0114333359524608,100,100,100,100,100,1,5623,50
0.108113054884598,100,100,100,100,100,1,5623,50
5e-04,100,100,100,100.0005,100.0005,1,5623,50
0.244160368572921,100,100,100,100,100,1,5623,50
0.429326141020283,100,100,100,100,100,1,5623,50
5e-04,100,100,100,100.0005,100.0005,1,5623,50
0.304417701903731,100,100,100,100,100,1,5623,50
0.0636216863058507,100,100,100,100,100,1,5623,50
0.671236496651545,100,100,100,100,100,1,5623,50
0.56498670973815,100,100,100,100,100,1,5623,50
0.413779223803431,100,100,100,100,100,1,5623,50
0.468234003288671,100,100,100,100,100,1,5623,50
0.313849595375359,100,100,100,100,100,1,5623,50
0.496660165255889,100,100,100,100,100,1,5623,50
0.802427262533456,100,100,100,100,100,1,5623,50
0.801882727770135,100,100,100,100,100,1,5623,50
0.391291397390887,100,100,100,100,100,1,5623,50
0.211353137856349,100,100,100,100,100,1,5623,50
0.428879484068602,100,100,100,100,100,1,5623,50
0.56705434131436,100,100,100,100,100,1,5623,50
0.161138101713732,100,100,100,100,100,1,5623,50
