"p","truediv","chaoest","obsD","upper","lower","l","inds","reps"
0.0025,100,100,100,100.00225004446,100.00225004446,1,5623,50
0.002,100,100,100,100.002,100.002,1,5623,50
0.932715550297871,100,100,100,100,100,1,5623,50
0.889844275079668,100,100,100,100,100,1,5623,50
0.055344820022583,100,100,100,100,100,1,5623,50
0.0015,100,100,100,100.0015,100.0015,1,5623,50
0.04254713607952,100,100,100,100,100,1,5623,50
0.362548453267664,100,100,100,100,100,1,5623,50
5e-04,100,100,100,100.0005,100.0005,1,5623,50
0.0980204013176262,100,100,100,100,100,1,5623,50
0.0974619986955076,100,100,100,100,100,1,5623,50
0.006,100,100,100,100.006,100.006,1,5623,50
0.616639452520758,100,100,100,100,100,1,5623,50
0.273643232649192,100,100,100,100,100,1,5623,50
0.441270265728235,100,100,100,100,100,1,5623,50
5e-04,100,100,100,100.0005,100.0005,1,5623,50
0.788695630384609,100,100,100,100,100,1,5623,50
0.0025,100,100,100,100.0025,100.0025,1,5623,50
0.802297949325293,100,100,100,100,100,1,5623,50
0.434465357568115,100,100,100,100,100,1,5623,50
0.22861938457936,100,100,100,100,100,1,5623,50
0.591367702698335,100,100,100,100,100,1,5623,50
0.576271646656096,100,100,100,100,100,1,5623,50
0.001,100,100,100,100.00075004446,100.00075004446,1,5623,50
0.991395179880783,100,100,100,100,100,1,5623,50
0.761097388342023,100,100,100,100,100,1,5623,50
0.677841437747702,100,100,100,100,100,1,5623,50
0.785341644426808,100,100,100,100,100,1,5623,50
0.259837792953476,100,100,100,100,100,1,5623,50
0.801709933904931,100,100,100,100,100,1,5623,50
0.0015,100,100,100,100.0015,100.0015,1,5623,50
0.804524421459064,100,100,100,100,100,1,5623,50
0.85372327035293,100,100,100,100,100,1,5623,50
5e-04,100,100,100,100.0005,100.0005,1,5623,50
0.00325651513412595,100,100,100,100,100,1,5623,50
0.986914672423154,100,100,100,100,100,1,5623,50
0.130312827648595,100,100,100,100,100,1,5623,50
0.284406022401527,100,100,100,100,100,1,5623,50
0.855628717457876,100,100,100,100,100,1,5623,50
0.50556863588281,100,100,100,100,100,1,5623,50
5e-04,100,100,100,100.0005,100.0005,1,5623,50
0.6249291729182,100,100,100,100,100,1,5623,50
0.635887121548876,100,100,100,100,100,1,5623,50
0.001,100,100,100,100.001,100.001,1,5623,50
0.456340266391635,100,100,100,100,100,1,5623,50
0.080573215149343,100,100,100,100,100,1,5623,50
0.818839785875753,100,100,100,100,100,1,5623,50
0.519816739019006,100,100,100,100,100,1,5623,50
0.707702153595164,100,100,100,100,100,1,5623,50
0.494530462194234,100,100,100,100,100,1,5623,50
