"p","truediv","chaoest","obsD","upper","lower","l","inds","reps"
0.576770720072091,100,100,100,100,100,1,5623,50
0.501536620082334,100,100,100,100,100,1,5623,50
0.0514395642094314,100,100,100,100,100,1,5623,50
0.743301072157919,100,100,100,100,100,1,5623,50
0.591637717327103,100,100,100,100,100,1,5623,50
0.0509816077537835,100,100,100,100,100,1,5623,50
5e-04,100,100,100,100.0005,100.0005,1,5623,50
0.88939987285994,100,100,100,100,100,1,5623,50
0.001,100,100,100,100.001,100.001,1,5623,50
0.756758255185559,100,100,100,100,100,1,5623,50
5e-04,100,100,100,100.0005,100.0005,1,5623,50
0.345354080200195,100,100,100,100,100,1,5623,50
0.679736001882702,100,100,100,100,100,1,5623,50
0.337070776848122,100,100,100,100,100,1,5623,50
0.477344999555498,100,100,100,100,100,1,5623,50
0.464999771676958,100,100,100,100,100,1,5623,50
0.209723601350561,100,100,100,100,100,1,5623,50
0.567704444518313,100,100,100,100,100,1,5623,50
0.252262238413095,100,100,100,100,100,1,5623,50
5e-04,100,100,100,100.0005,100.0005,1,5623,50
0.0736662305425853,100,100,100,100,100,1,5623,50
0.894049740862101,100,100,100,100,100,1,5623,50
0.24245731998235,100,100,100,100,100,1,5623,50
0.541041031712666,100,100,100,100,100,1,5623,50
0.353920629946515,100,100,100,100,100,1,5623,50
0.265283338492736,100,100,100,100,100,1,5623,50
0.666505336062983,100,100,100,100,100,1,5623,50
0.459397105965763,100,100,100,100,100,1,5623,50
0.560966230928898,100,100,100,100,100,1,5623,50
0.366232819156721,100,100,100,100,100,1,5623,50
0.577070656698197,100,100,100,100,100,1,5623,50
0.0305936441291124,100,100,100,100,100,1,5623,50
0.0015,100,100,100,100.0015,100.0015,1,5623,50
0.130076388362795,100,100,100,100,100,1,5623,50
0.0646494135726243,100,100,100,100,100,1,5623,50
0.638288934249431,100,100,100,100,100,1,5623,50
0.98381665837951,100,100,100,100,100,1,5623,50
0.0015,100,100,100,100.0015,100.0015,1,5623,50
0.819847234524786,100,100,100,100,100,1,5623,50
0.567082579480484,100,100,100,100,100,1,5623,50
0.843907484319061,100,100,100,100,100,1,5623,50
0.004,100,100,100,100.004,100.004,1,5623,50
0.174956244416535,100,100,100,100,100,1,5623,50
0.0025,100,100,100,100.0025,100.0025,1,5623,50
0.0630986688192934,100,100,100,100,100,1,5623,50
0.473144766176119,100,100,100,100,100,1,5623,50
0.721249980852008,100,100,100,100,100,1,5623,50
0.676452769665048,100,100,100,100,100,1,5623,50
0.877297457074746,100,100,100,100,100,1,5623,50
0.75394889479503,100,100,100,100,100,1,5623,50
