"p","truediv","chaoest","obsD","upper","lower","l","inds","reps"
0.352647254010662,100,100,100,100,100,1,5623,50
0.334489550208673,100,100,100,100,100,1,5623,50
0.259670475265011,100,100,100,100,100,1,5623,50
0.584701573010534,100,100,100,100,100,1,5623,50
0.603456157259643,100,100,100,100,100,1,5623,50
0.170858418103307,100,100,100,100,100,1,5623,50
0.808773432858288,100,100,100,100,100,1,5623,50
0.001,100,100,100,100.001,100.001,1,5623,50
0.155952779110521,100,100,100,100,100,1,5623,50
5e-04,100,100,100,100.0005,100.0005,1,5623,50
0.003,100,100,100,100.003,100.003,1,5623,50
0.684052138822153,100,100,100,100,100,1,5623,50
0.143022100906819,100,100,100,100,100,1,5623,50
0.936632297700271,100,100,100,100,100,1,5623,50
0.0025,100,100,100,100.0025,100.0025,1,5623,50
0.566914056660607,100,100,100,100,100,1,5623,50
0.148715207353234,100,100,100,100,100,1,5623,50
0.004,100,100,100,100.004,100.004,1,5623,50
0.472614710684866,100,100,100,100,100,1,5623,50
0.001,100,100,100,100.001,100.001,1,5623,50
5e-04,100,100,100,100.0005,100.0005,1,5623,50
0.003,100,100,100,100.003,100.003,1,5623,50
5e-04,100,100,100,100.0005,100.0005,1,5623,50
0.326536321546882,100,100,100,100,100,1,5623,50
0.452257386408746,100,100,100,100,100,1,5623,50
0.398124094353989,100,100,100,100,100,1,5623,50
0.001,100,100,100,100.001,100.001,1,5623,50
0.431480336701497,100,100,100,100,100,1,5623,50
0.0065,100,100,100,100.0065,100.0065,1,5623,50
0.301336868666112,100,100,100,100,100,1,5623,50
0.0035,100,100,100,100.0035,100.0035,1,5623,50
0.0065,100,100,100,100.005500177841,100.005500177841,1,5623,50
0.0186540728900582,100,100,100,100,100,1,5623,50
0.971592384390533,100,100,100,100,100,1,5623,50
5e-04,100,100,100,100.0005,100.0005,1,5623,50
5e-04,100,100,100,100.0005,100.0005,1,5623,50
0.0185,100,100,100,100.0185,100.0185,1,5623,50
0.002,100,100,100,100.002,100.002,1,5623,50
0.230583768105134,100,100,100,100,100,1,5623,50
0.175516390008852,100,100,100,100,100,1,5623,50
0.852962909266353,100,100,100,100,100,1,5623,50
0.287673525279388,100,100,100,100,100,1,5623,50
0.741406802553684,100,100,100,100,100,1,5623,50
0.0055,100,100,100,100.0055,100.0055,1,5623,50
0.002,100,100,100,100.002,100.002,1,5623,50
5e-04,100,100,100,100.0005,100.0005,1,5623,50
0.208169741090387,100,100,100,100,100,1,5623,50
0.0180129543878138,100,100,100,100,100,1,5623,50
0.19490988436155,100,100,100,100,100,1,5623,50
0.0147561365738511,100,100,100,100,100,1,5623,50
