"p","truediv","chaoest","obsD","upper","lower","l","inds","reps"
0.706692146137357,100,100,100,100,100,1,5623,50
0.849526850972325,100,100,100,100,100,1,5623,50
0.004,100,100,100,100.004,100.004,1,5623,50
0.514101867098361,100,100,100,100,100,1,5623,50
5e-04,100,100,100,100.0005,100.0005,1,5623,50
0.106029917718843,100,100,100,100,100,1,5623,50
0.211672990815714,100,100,100,100,100,1,5623,50
0.888351272791624,100,100,100,100,100,1,5623,50
0.874813073314726,100,100,100,100,100,1,5623,50
5e-04,100,100,100,100.0005,100.0005,1,5623,50
0.717956437496468,100,100,100,100,100,1,5623,50
0.630299509270117,100,100,100,100,100,1,5623,50
0.643585280748084,100,100,100,100,100,1,5623,50
0.604544663336128,100,100,100,100,100,1,5623,50
0.645639713620767,100,100,100,100,100,1,5623,50
0.455638303421438,100,100,100,100,100,1,5623,50
0.575712240068242,100,100,100,100,100,1,5623,50
0.218461739830673,100,100,100,100,100,1,5623,50
0.905426151584834,100,100,100,100,100,1,5623,50
0.234512225026265,100,100,100,100,100,1,5623,50
0.018,100,100,100,100.01775004446,100.01775004446,1,5623,50
0.913510770071298,100,100,100,100,100,1,5623,50
0.499777107266709,100,100,100,100,100,1,5623,50
0.788709950866178,100,100,100,100,100,1,5623,50
0.055759804090485,100,100,100,100,100,1,5623,50
0.021,100,100,100,100.021,100.021,1,5623,50
0.0409183837473392,100,100,100,100,100,1,5623,50
0.422414496541023,100,100,100,100,100,1,5623,50
5e-04,100,100,100,100.0005,100.0005,1,5623,50
0.0719484994187951,100,100,100,100,100,1,5623,50
0.0165,100,100,100,100.016000088921,100.016000088921,1,5623,50
5e-04,100,100,100,100.0005,100.0005,1,5623,50
0.00898444768972695,100,100,100,100,100,1,5623,50
5e-04,100,100,100,100.0005,100.0005,1,5623,50
0.299238543957472,100,100,100,100,100,1,5623,50
0.830029922304675,100,100,100,100,100,1,5623,50
0.001,100,100,100,100.001,100.001,1,5623,50
0.247970833443105,100,100,100,100,100,1,5623,50
0.185186803108081,100,100,100,100,100,1,5623,50
0.18315672269091,100,100,100,100,100,1,5623,50
0.001,100,100,100,100.001,100.001,1,5623,50
0.974156928015873,100,100,100,100,100,1,5623,50
0.984617035835981,100,100,100,100,100,1,5623,50
0.0728996724355966,100,100,100,100,100,1,5623,50
0.001,100,100,100,100.001,100.001,1,5623,50
0.624970316654071,100,100,100,100,100,1,5623,50
0.680433433968574,100,100,100,100,100,1,5623,50
0.0015,100,100,100,100.0015,100.0015,1,5623,50
0.002,100,100,100,100.002,100.002,1,5623,50
0.007,100,100,100,100.007,100.007,1,5623,50
