"p","truediv","chaoest","obsD","upper","lower","l","inds","reps"
0.534439048729837,100,100,100,100,100,1,5623,50
0.705807111924514,100,100,100,100,100,1,5623,50
0.850994790671393,100,100,100,100,100,1,5623,50
0.583177136955783,100,100,100,100,100,1,5623,50
0.42914799018763,100,100,100,100,100,1,5623,50
5e-04,100,100,100,100.0005,100.0005,1,5623,50
0.748146016616374,100,100,100,100,100,1,5623,50
0.61722178850323,100,100,100,100,100,1,5623,50
0.001,100,100,100,100.001,100.001,1,5623,50
0.835041305981576,100,100,100,100,100,1,5623,50
5e-04,100,100,100,100.0005,100.0005,1,5623,50
0.4241983583197,100,100,100,100,100,1,5623,50
0.193136364454404,100,100,100,100,100,1,5623,50
0.725713106105104,100,100,100,100,100,1,5623,50
0.550797124626115,100,100,100,100,100,1,5623,50
0.687563826097175,100,100,100,100,100,1,5623,50
0.0398911023512483,100,100,100,100,100,1,5623,50
0.618952275021002,100,100,100,100,100,1,5623,50
0.685888359788805,100,100,100,100,100,1,5623,50
5e-04,100,100,100,100.0005,100.0005,1,5623,50
0.001,100,100,100,100.001,100.001,1,5623,50
0.001,100,100,100,100.001,100.001,1,5623,50
0.418643013807014,100,100,100,100,100,1,5623,50
0.47002782067284,100,100,100,100,100,1,5623,50
0.0215,100,100,100,100.0215,100.0215,1,5623,50
0.195918889483437,100,100,100,100,100,1,5623,50
5e-04,100,100,100,100.0005,100.0005,1,5623,50
0.211201876867563,100,100,100,100,100,1,5623,50
0.0015,100,100,100,100.0015,100.0015,1,5623,50
0.0055,100,100,100,100.0055,100.0055,1,5623,50
0.960962744196877,100,100,100,100,100,1,5623,50
0.30514429230243,100,100,100,100,100,1,5623,50
0.001,100,100,100,100.001,100.001,1,5623,50
0.0571722029708326,100,100,100,100,100,1,5623,50
5e-04,100,100,100,100.0005,100.0005,1,5623,50
0.485254738479853,100,100,100,100,100,1,5623,50
0.360244925366715,100,100,100,100,100,1,5623,50
0.756353462813422,100,100,100,100,100,1,5623,50
0.102223973022774,100,100,100,100,100,1,5623,50
0.184992556925863,100,100,100,100,100,1,5623,50
0.742042699828744,100,100,100,100,100,1,5623,50
5e-04,100,100,100,100.0005,100.0005,1,5623,50
0.163501849863678,100,100,100,100,100,1,5623,50
0.635971518233418,100,100,100,100,100,1,5623,50
0.0998782734386623,100,100,100,100,100,1,5623,50
5e-04,100,100,100,100.0005,100.0005,1,5623,50
0.415215365355834,100,100,100,100,100,1,5623,50
0.924179807072505,100,100,100,100,100,1,5623,50
0.693407989572734,100,100,100,100,100,1,5623,50
0.769022001884878,100,100,100,100,100,1,5623,50
