"p","truediv","chaoest","obsD","upper","lower","l","inds","reps"
0.827627419494092,100,100,100,100,100,1,5623,50
0.301010022405535,100,100,100,100,100,1,5623,50
0.658781156409532,100,100,100,100,100,1,5623,50
0.569671353558078,100,100,100,100,100,1,5623,50
0.1587908284273,100,100,100,100,100,1,5623,50
0.001,100,100,100,100.001,100.001,1,5623,50
0.257667959900573,100,100,100,100,100,1,5623,50
0.593166603939608,100,100,100,100,100,1,5623,50
0.665394399547949,100,100,100,100,100,1,5623,50
0.152282707160339,100,100,100,100,100,1,5623,50
0.848150959005579,100,100,100,100,100,1,5623,50
0.0025,100,100,100,100.0025,100.0025,1,5623,50
0.13306955434382,100,100,100,100,100,1,5623,50
0.503977928776294,100,100,100,100,100,1,5623,50
0.0055,100,100,100,100.0055,100.0055,1,5623,50
0.717133841477334,100,100,100,100,100,1,5623,50
0.784875823417678,100,100,100,100,100,1,5623,50
5e-04,100,100,100,100.0005,100.0005,1,5623,50
0.550201211124659,100,100,100,100,100,1,5623,50
5e-04,100,100,100,100.0005,100.0005,1,5623,50
0.604579520178959,100,100,100,100,100,1,5623,50
0.294601141707972,100,100,100,100,100,1,5623,50
0.984711024677381,100,100,100,100,100,1,5623,50
5e-04,100,100,100,100.0005,100.0005,1,5623,50
0.457628403324634,100,100,100,100,100,1,5623,50
0.43985919165425,100,100,100,100,100,1,5623,50
0.800313889281824,100,100,100,100,100,1,5623,50
0.238146096700802,100,100,100,100,100,1,5623,50
0.289401428541169,100,100,100,100,100,1,5623,50
0.401462165871635,100,100,100,100,100,1,5623,50
0.0015,100,100,100,100.0015,100.0015,1,5623,50
5e-04,100,100,100,100.0005,100.0005,1,5623,50
0.790800270857289,100,100,100,100,100,1,5623,50
0.895392500562593,100,100,100,100,100,1,5623,50
0.252735544694588,100,100,100,100,100,1,5623,50
5e-04,100,100,100,100.0005,100.0005,1,5623,50
0.759860320249572,100,100,100,100,100,1,5623,50
0.0868654698133469,100,100,100,100,100,1,5623,50
0.860117157921195,100,100,100,100,100,1,5623,50
0.880335670895875,100,100,100,100,100,1,5623,50
0.990775492740795,100,100,100,100,100,1,5623,50
0.995710043469444,100,100,100,100,100,1,5623,50
0.924080283613876,100,100,100,100,100,1,5623,50
0.0025,100,100,100,100.00225004446,100.00225004446,1,5623,50
0.992687046062201,100,100,100,100,100,1,5623,50
0.135,100,100,100,100.13475004446,99.1347500444602,1,5623,50
0.0025,100,100,100,100.0025,100.0025,1,5623,50
0.686650396091864,100,100,100,100,100,1,5623,50
0.672827246133238,100,100,100,100,100,1,5623,50
0.007,100,100,100,100.007,100.007,1,5623,50
