"p","truediv","chaoest","obsD","upper","lower","l","inds","reps"
0.913820819929242,100,100,100,100,100,1,5623,50
0.0665075434371829,100,100,100,100,100,1,5623,50
0.129575211554766,100,100,100,100,100,1,5623,50
0.122893919469789,100,100,100,100,100,1,5623,50
0.691763539565727,100,100,100,100,100,1,5623,50
0.882256682729349,100,100,100,100,100,1,5623,50
0.270139368018135,100,100,100,100,100,1,5623,50
0.0295262860599905,100,100,100,100,100,1,5623,50
0.674244871595874,100,100,100,100,100,1,5623,50
0.836534819332883,100,100,100,100,100,1,5623,50
0.624935587169603,100,100,100,100,100,1,5623,50
0.971082302741706,100,100,100,100,100,1,5623,50
0.809373240219429,100,100,100,100,100,1,5623,50
5e-04,100,100,100,100.0005,100.0005,1,5623,50
0.496280128601938,100,100,100,100,100,1,5623,50
0.982276429189369,100,100,100,100,100,1,5623,50
0.0267450844403356,100,100,100,100,100,1,5623,50
0.795385253615677,100,100,100,100,100,1,5623,50
0.989523726981133,100,100,100,100,100,1,5623,50
0.60577600938268,100,100,100,100,100,1,5623,50
0.864104498643428,100,100,100,100,100,1,5623,50
0.142512851627544,100,100,100,100,100,1,5623,50
0.966746281133965,100,100,100,100,100,1,5623,50
0.715931075625122,100,100,100,100,100,1,5623,50
0.116346280556172,100,100,100,100,100,1,5623,50
0.69059948856011,100,100,100,100,100,1,5623,50
0.398291049990803,100,100,100,100,100,1,5623,50
0.0724860916379839,100,100,100,100,100,1,5623,50
0.9613011716865,100,100,100,100,100,1,5623,50
0.0112511429470032,100,100,100,100,100,1,5623,50
5e-04,100,100,100,100.0005,100.0005,1,5623,50
0.001,100,100,100,100.001,100.001,1,5623,50
0.122052043443546,100,100,100,100,100,1,5623,50
0.91827546688728,100,100,100,100,100,1,5623,50
0.568309773923829,100,100,100,100,100,1,5623,50
5e-04,100,100,100,100.0005,100.0005,1,5623,50
0.754166255239397,100,100,100,100,100,1,5623,50
0.268395818304271,100,100,100,100,100,1,5623,50
0.515047988621518,100,100,100,100,100,1,5623,50
0.385264010634273,100,100,100,100,100,1,5623,50
0.017256157938391,100,100,100,100,100,1,5623,50
0.261824344052002,100,100,100,100,100,1,5623,50
0.660217191325501,100,100,100,100,100,1,5623,50
0.0995671867858618,100,100,100,100,100,1,5623,50
5e-04,100,100,100,100.0005,100.0005,1,5623,50
0.002,100,100,100,100.002,100.002,1,5623,50
0.807425844483078,100,100,100,100,100,1,5623,50
0.003,100,100,100,100.003,100.003,1,5623,50
0.0015,100,100,100,100.0015,100.0015,1,5623,50
0.861178325489163,100,100,100,100,100,1,5623,50
