"p","truediv","chaoest","obsD","upper","lower","l","inds","reps"
0.877509230514988,100,100,100,100,100,1,5623,50
0.284372114343569,100,100,100,100,100,1,5623,50
0.855249356711283,100,100,100,100,100,1,5623,50
0.544750346569344,100,100,100,100,100,1,5623,50
0.001,100,100,100,100.001,100.001,1,5623,50
0.114903466543183,100,100,100,100,100,1,5623,50
0.001,100,100,100,100.001,100.001,1,5623,50
0.193242092151195,100,100,100,100,100,1,5623,50
0.507527071749792,100,100,100,100,100,1,5623,50
0.316130790160969,100,100,100,100,100,1,5623,50
0.30863555916585,100,100,100,100,100,1,5623,50
0.568478898378089,100,100,100,100,100,1,5623,50
0.188840112416074,100,100,100,100,100,1,5623,50
0.0525158857926726,100,100,100,100,100,1,5623,50
0.256241222145036,100,100,100,100,100,1,5623,50
0.0620695054531097,100,100,100,100,100,1,5623,50
0.532457136549056,100,100,100,100,100,1,5623,50
0.652123329229653,100,100,100,100,100,1,5623,50
0.494912007823586,100,100,100,100,100,1,5623,50
0.977423871634528,100,100,100,100,100,1,5623,50
0.235266641946509,100,100,100,100,100,1,5623,50
5e-04,100,100,100,100.0005,100.0005,1,5623,50
0.609634392894804,100,100,100,100,100,1,5623,50
0.317780911223963,100,100,100,100,100,1,5623,50
0.364593386650085,100,100,100,100,100,1,5623,50
0.766400737687945,100,100,100,100,100,1,5623,50
0.82984192087315,100,100,100,100,100,1,5623,50
0.95233865827322,100,100,100,100,100,1,5623,50
0.39637325424701,100,100,100,100,100,1,5623,50
0.244182865368202,100,100,100,100,100,1,5623,50
0.461363000795245,100,100,100,100,100,1,5623,50
5e-04,100,100,100,100.0005,100.0005,1,5623,50
0.882548712659627,100,100,100,100,100,1,5623,50
0.69373946916312,100,100,100,100,100,1,5623,50
0.663972503971308,100,100,100,100,100,1,5623,50
0.485830808291212,100,100,100,100,100,1,5623,50
5e-04,100,100,100,100.0005,100.0005,1,5623,50
0.477717159548774,100,100,100,100,100,1,5623,50
0.514351381687447,100,100,100,100,100,1,5623,50
5e-04,100,100,100,100.0005,100.0005,1,5623,50
5e-04,100,100,100,100.0005,100.0005,1,5623,50
0.468789007049054,100,100,100,100,100,1,5623,50
0.0015,100,100,100,100.0015,100.0015,1,5623,50
0.654993208590895,100,100,100,100,100,1,5623,50
0.0025,100,100,100,100.0025,100.0025,1,5623,50
0.412113008555025,100,100,100,100,100,1,5623,50
5e-04,100,100,100,100.0005,100.0005,1,5623,50
0.353273246204481,100,100,100,100,100,1,5623,50
0.102800108958036,100,100,100,100,100,1,5623,50
0.416163925314322,100,100,100,100,100,1,5623,50
