"p","truediv","chaoest","obsD","upper","lower","l","inds","reps"
0.422070484375581,100,100,100,100,100,1,5623,50
0.245711673982441,100,100,100,100,100,1,5623,50
0.694376213476062,100,100,100,100,100,1,5623,50
0.152589078992605,100,100,100,100,100,1,5623,50
0.201749878004193,100,100,100,100,100,1,5623,50
0.488958934089169,100,100,100,100,100,1,5623,50
0.415219214512035,100,100,100,100,100,1,5623,50
0.341363502433524,100,100,100,100,100,1,5623,50
0.141877953661606,100,100,100,100,100,1,5623,50
0.878457840066403,100,100,100,100,100,1,5623,50
0.00478891539387405,100,100,100,100,100,1,5623,50
0.669868717435747,100,100,100,100,100,1,5623,50
0.0993872762192041,100,100,100,100,100,1,5623,50
0.349396123550832,100,100,100,100,100,1,5623,50
0.512480851262808,100,100,100,100,100,1,5623,50
0.0458198431879282,100,100,100,100,100,1,5623,50
0.001,100,100,100,100.001,100.001,1,5623,50
0.64030908816494,100,100,100,100,100,1,5623,50
0.776084745302796,100,100,100,100,100,1,5623,50
0.916593885282055,100,100,100,100,100,1,5623,50
0.761560413753614,100,100,100,100,100,1,5623,50
0.085470236139372,100,100,100,100,100,1,5623,50
0.546407825546339,100,100,100,100,100,1,5623,50
0.705281557515264,100,100,100,100,100,1,5623,50
0.592487177811563,100,100,100,100,100,1,5623,50
0.275797199457884,100,100,100,100,100,1,5623,50
0.001,100,100,100,100.001,100.001,1,5623,50
0.259278100915253,100,100,100,100,100,1,5623,50
5e-04,100,100,100,100.0005,100.0005,1,5623,50
0.599758248543367,100,100,100,100,100,1,5623,50
0.218960111727938,100,100,100,100,100,1,5623,50
5e-04,100,100,100,100.0005,100.0005,1,5623,50
0.55057553271763,100,100,100,100,100,1,5623,50
0.0982202712912112,100,100,100,100,100,1,5623,50
0.493973665172234,100,100,100,100,100,1,5623,50
0.856941154925153,100,100,100,100,100,1,5623,50
0.0246363219339401,100,100,100,100,100,1,5623,50
0.12872291286476,100,100,100,100,100,1,5623,50
0.83809484471567,100,100,100,100,100,1,5623,50
0.226394595112652,100,100,100,100,100,1,5623,50
0.358710842905566,100,100,100,100,100,1,5623,50
0.278592256363481,100,100,100,100,100,1,5623,50
0.001,100,100,100,100.00075004446,100.00075004446,1,5623,50
5e-04,100,100,100,100.0005,100.0005,1,5623,50
0.693847243441269,100,100,100,100,100,1,5623,50
0.770995692582801,100,100,100,100,100,1,5623,50
0.216550046345219,100,100,100,100,100,1,5623,50
0.605272719403729,100,100,100,100,100,1,5623,50
0.216568488394842,100,100,100,100,100,1,5623,50
0.0733571629971266,100,100,100,100,100,1,5623,50
