"p","truediv","chaoest","obsD","upper","lower","l","inds","reps"
0.0128602767363191,100,100,100,100,100,1,5623,50
0.638834882061929,100,100,100,100,100,1,5623,50
0.190503898076713,100,100,100,100,100,1,5623,50
0.176678367657587,100,100,100,100,100,1,5623,50
0.658731134608388,100,100,100,100,100,1,5623,50
0.870206587016582,100,100,100,100,100,1,5623,50
0.51341349654831,100,100,100,100,100,1,5623,50
0.217375503154472,100,100,100,100,100,1,5623,50
0.159781351685524,100,100,100,100,100,1,5623,50
0.005,100,100,100,100.005,100.005,1,5623,50
0.0015,100,100,100,100.0015,100.0015,1,5623,50
5e-04,100,100,100,100.0005,100.0005,1,5623,50
0.330843715928495,100,100,100,100,100,1,5623,50
0.0352940186858177,100,100,100,100,100,1,5623,50
0.0374997786711901,100,100,100,100,100,1,5623,50
0.0960025989916176,100,100,100,100,100,1,5623,50
0.546489078551531,100,100,100,100,100,1,5623,50
0.419477366143838,100,100,100,100,100,1,5623,50
0.961150217568502,100,100,100,100,100,1,5623,50
0.548988552065566,100,100,100,100,100,1,5623,50
0.855078420834616,100,100,100,100,100,1,5623,50
0.866026417352259,100,100,100,100,100,1,5623,50
5e-04,100,100,100,100.0005,100.0005,1,5623,50
0.771811338141561,100,100,100,100,100,1,5623,50
0.434481467818841,100,100,100,100,100,1,5623,50
0.519609172595665,100,100,100,100,100,1,5623,50
0.232091676443815,100,100,100,100,100,1,5623,50
5e-04,100,100,100,100.0005,100.0005,1,5623,50
0.923313937382773,100,100,100,100,100,1,5623,50
0.536846161121503,100,100,100,100,100,1,5623,50
0.263420704286546,100,100,100,100,100,1,5623,50
0.79655175935477,100,100,100,100,100,1,5623,50
0.452015006216243,100,100,100,100,100,1,5623,50
0.0397589104250073,100,100,100,100,100,1,5623,50
0.0698440948035568,100,100,100,100,100,1,5623,50
0.744008600711823,100,100,100,100,100,1,5623,50
0.709298729663715,100,100,100,100,100,1,5623,50
5e-04,100,100,100,100.0005,100.0005,1,5623,50
5e-04,100,100,100,100.0005,100.0005,1,5623,50
0.00873084575869143,100,100,100,100,100,1,5623,50
0.0025,100,100,100,100.0025,100.0025,1,5623,50
0.170262953732163,100,100,100,100,100,1,5623,50
0.300518827047199,100,100,100,100,100,1,5623,50
0.051,100,100,100,100.05075004446,99.0507500444603,1,5623,50
0.653240151004866,100,100,100,100,100,1,5623,50
0.623361935839057,100,100,100,100,100,1,5623,50
5e-04,100,100,100,100.0005,100.0005,1,5623,50
0.0035,100,100,100,100.0035,100.0035,1,5623,50
0.591382457176223,100,100,100,100,100,1,5623,50
0.909786923089996,100,100,100,100,100,1,5623,50
