"p","truediv","chaoest","obsD","upper","lower","l","inds","reps"
0.351776762632653,100,100,100,100,100,1,5623,50
0.0574319390580058,100,100,100,100,100,1,5623,50
0.525015121558681,100,100,100,100,100,1,5623,50
0.999821340432391,100,100,100,100,100,1,5623,50
0.842570970067754,100,100,100,100,100,1,5623,50
0.996452694525942,100,100,100,100,100,1,5623,50
0.824320644605905,100,100,100,100,100,1,5623,50
0.325388265540823,100,100,100,100,100,1,5623,50
0.57922144792974,100,100,100,100,100,1,5623,50
0.0986541921738535,100,100,100,100,100,1,5623,50
0.492370714899153,100,100,100,100,100,1,5623,50
0.135788352228701,100,100,100,100,100,1,5623,50
0.0666703409515321,100,100,100,100,100,1,5623,50
0.0015,100,100,100,100.0015,100.0015,1,5623,50
5e-04,100,100,100,100.0005,100.0005,1,5623,50
0.575707877054811,100,100,100,100,100,1,5623,50
0.684331075986847,100,100,100,100,100,1,5623,50
0.853127838810906,100,100,100,100,100,1,5623,50
0.0762222139164805,100,100,100,100,100,1,5623,50
0.002,100,100,100,100.002,100.002,1,5623,50
0.283938594860956,100,100,100,100,100,1,5623,50
5e-04,100,100,100,100.0005,100.0005,1,5623,50
0.413490477018058,100,100,100,100,100,1,5623,50
0.886324842227623,100,100,100,100,100,1,5623,50
5e-04,100,100,100,100.0005,100.0005,1,5623,50
0.547917816555128,100,100,100,100,100,1,5623,50
0.893163342727348,100,100,100,100,100,1,5623,50
0.535086709773168,100,100,100,100,100,1,5623,50
0.476779605261981,100,100,100,100,100,1,5623,50
5e-04,100,100,100,100.0005,100.0005,1,5623,50
0.485879132524133,100,100,100,100,100,1,5623,50
0.907826384296641,100,100,100,100,100,1,5623,50
0.362356228521094,100,100,100,100,100,1,5623,50
0.191852730931714,100,100,100,100,100,1,5623,50
0.0340045450720936,100,100,100,100,100,1,5623,50
0.001,100,100,100,100.001,100.001,1,5623,50
0.404198048869148,100,100,100,100,100,1,5623,50
0.494227564660832,100,100,100,100,100,1,5623,50
0.365071051986888,100,100,100,100,100,1,5623,50
0.102821788750589,100,100,100,100,100,1,5623,50
0.051807431736961,100,100,100,100,100,1,5623,50
0.0740341632626951,100,100,100,100,100,1,5623,50
0.775098811835051,100,100,100,100,100,1,5623,50
0.225509421899915,100,100,100,100,100,1,5623,50
0.161542689194903,100,100,100,100,100,1,5623,50
0.008,100,100,100,100.00775004446,100.00775004446,1,5623,50
0.287467524409294,100,100,100,100,100,1,5623,50
0.423422183142975,100,100,100,100,100,1,5623,50
0.0025,100,100,100,100.0025,100.0025,1,5623,50
0.498538943938911,100,100,100,100,100,1,5623,50
