"p","truediv","chaoest","obsD","upper","lower","l","inds","reps"
0.854537385748699,100,100,100,100,100,1,5623,50
0.0015,100,100,100,100.0015,100.0015,1,5623,50
0.804208828601986,100,100,100,100,100,1,5623,50
0.001,100,100,100,100.001,100.001,1,5623,50
0.212300084065646,100,100,100,100,100,1,5623,50
0.946169621543959,100,100,100,100,100,1,5623,50
0.32992990501225,100,100,100,100,100,1,5623,50
0.0015,100,100,100,100.0015,100.0015,1,5623,50
0.0039252198766917,100,100,100,100,100,1,5623,50
0.902405694359913,100,100,100,100,100,1,5623,50
0.190405262168497,100,100,100,100,100,1,5623,50
0.599757948657498,100,100,100,100,100,1,5623,50
0.522432520519942,100,100,100,100,100,1,5623,50
0.445792019832879,100,100,100,100,100,1,5623,50
5e-04,100,100,100,100.0005,100.0005,1,5623,50
0.75043572857976,100,100,100,100,100,1,5623,50
0.665553237544373,100,100,100,100,100,1,5623,50
0.94096968206577,100,100,100,100,100,1,5623,50
0.002,100,100,100,100.002,100.002,1,5623,50
0.511934448732063,100,100,100,100,100,1,5623,50
0.321245118044317,100,100,100,100,100,1,5623,50
0.004,100,100,100,100.004,100.004,1,5623,50
0.920929779531434,100,100,100,100,100,1,5623,50
0.52294258819893,100,100,100,100,100,1,5623,50
0.003,100,100,100,100.00275004446,100.00275004446,1,5623,50
5e-04,100,100,100,100.0005,100.0005,1,5623,50
0.0968940765596926,100,100,100,100,100,1,5623,50
0.001,100,100,100,100.001,100.001,1,5623,50
0.001,100,100,100,100.001,100.001,1,5623,50
0.463692106306553,100,100,100,100,100,1,5623,50
0.816044158535078,100,100,100,100,100,1,5623,50
0.441992146428674,100,100,100,100,100,1,5623,50
0.616376436548308,100,100,100,100,100,1,5623,50
0.605883236508816,100,100,100,100,100,1,5623,50
0.315902644069865,100,100,100,100,100,1,5623,50
0.853087221737951,100,100,100,100,100,1,5623,50
0.816061544464901,100,100,100,100,100,1,5623,50
0.619281720137224,100,100,100,100,100,1,5623,50
0.023737427778542,100,100,100,100,100,1,5623,50
0.665769448736683,100,100,100,100,100,1,5623,50
0.427924230694771,100,100,100,100,100,1,5623,50
0.909328215755522,100,100,100,100,100,1,5623,50
0.255911790532991,100,100,100,100,100,1,5623,50
0.966001932509243,100,100,100,100,100,1,5623,50
0.320226995507255,100,100,100,100,100,1,5623,50
0.002,100,100,100,100.002,100.002,1,5623,50
0.263732584193349,100,100,100,100,100,1,5623,50
0.825687404721975,100,100,100,100,100,1,5623,50
0.222295322455466,100,100,100,100,100,1,5623,50
5e-04,100,100,100,100.0005,100.0005,1,5623,50
