"p","truediv","chaoest","obsD","upper","lower","l","inds","reps"
0.469485565088689,100,100,100,100,100,1,5623,50
5e-04,100,100,100,100.0005,100.0005,1,5623,50
0.942088540177792,100,100,100,100,100,1,5623,50
0.404853728367016,100,100,100,100,100,1,5623,50
0.029805397382006,100,100,100,100,100,1,5623,50
0.491267823381349,100,100,100,100,100,1,5623,50
5e-04,100,100,100,100.0005,100.0005,1,5623,50
0.181564460974187,100,100,100,100,100,1,5623,50
0.673535049427301,100,100,100,100,100,1,5623,50
0.825471850577742,100,100,100,100,100,1,5623,50
0.853999443817884,100,100,100,100,100,1,5623,50
0.91850207792595,100,100,100,100,100,1,5623,50
0.161882648477331,100,100,100,100,100,1,5623,50
0.968400184996426,100,100,100,100,100,1,5623,50
0.288034188793972,100,100,100,100,100,1,5623,50
0.662062729010358,100,100,100,100,100,1,5623,50
0.587407379876822,100,100,100,100,100,1,5623,50
0.480802997015417,100,100,100,100,100,1,5623,50
0.27006344916299,100,100,100,100,100,1,5623,50
0.39060082170181,100,100,100,100,100,1,5623,50
0.149965489748865,100,100,100,100,100,1,5623,50
5e-04,100,100,100,100.0005,100.0005,1,5623,50
0.713743873639032,100,100,100,100,100,1,5623,50
0.638564248336479,100,100,100,100,100,1,5623,50
0.301929290173575,100,100,100,100,100,1,5623,50
5e-04,100,100,100,100.0005,100.0005,1,5623,50
0.87455447926186,100,100,100,100,100,1,5623,50
0.001,100,100,100,100.001,100.001,1,5623,50
0.0015,100,100,100,100.0015,100.0015,1,5623,50
0.66065150895156,100,100,100,100,100,1,5623,50
0.0549122807569802,100,100,100,100,100,1,5623,50
5e-04,100,100,100,100.0005,100.0005,1,5623,50
0.813988575246185,100,100,100,100,100,1,5623,50
0.0983176256995648,100,100,100,100,100,1,5623,50
0.705992390634492,100,100,100,100,100,1,5623,50
0.940907248761505,100,100,100,100,100,1,5623,50
0.004,100,100,100,100.004,100.004,1,5623,50
0.388712963555008,100,100,100,100,100,1,5623,50
0.841871233889833,100,100,100,100,100,1,5623,50
0.475162867223844,100,100,100,100,100,1,5623,50
0.528716689907014,100,100,100,100,100,1,5623,50
0.0065,100,100,100,100.0065,100.0065,1,5623,50
0.609217285178602,100,100,100,100,100,1,5623,50
0.001,100,100,100,100.001,100.001,1,5623,50
0.942274645203725,100,100,100,100,100,1,5623,50
5e-04,100,100,100,100.0005,100.0005,1,5623,50
0.809738233219832,100,100,100,100,100,1,5623,50
5e-04,100,100,100,100.0005,100.0005,1,5623,50
0.937025543069467,100,100,100,100,100,1,5623,50
0.702934930799529,100,100,100,100,100,1,5623,50
