"p","truediv","chaoest","obsD","upper","lower","l","inds","reps"
0.912293320288882,100,100,100,100,100,1,5623,50
0.62727494398132,100,100,100,100,100,1,5623,50
0.398690157802776,100,100,100,100,100,1,5623,50
0.96414633304812,100,100,100,100,100,1,5623,50
0.439887420972809,100,100,100,100,100,1,5623,50
0.298860809532925,100,100,100,100,100,1,5623,50
0.190932332072407,100,100,100,100,100,1,5623,50
0.049,100,100,100,100.040501600569,99.0405016005691,1,5623,50
5e-04,100,100,100,100.0005,100.0005,1,5623,50
0.901297727832571,100,100,100,100,100,1,5623,50
0.367668806808069,100,100,100,100,100,1,5623,50
0.332796792965382,100,100,100,100,100,1,5623,50
0.488850452238694,100,100,100,100,100,1,5623,50
0.348153849132359,100,100,100,100,100,1,5623,50
0.6587150383275,100,100,100,100,100,1,5623,50
5e-04,100,100,100,100.0005,100.0005,1,5623,50
0.285872086649761,100,100,100,100,100,1,5623,50
0.0355379483662546,100,100,100,100,100,1,5623,50
0.262305179610848,100,100,100,100,100,1,5623,50
0.761557951336727,100,100,100,100,100,1,5623,50
5e-04,100,100,100,100.0005,100.0005,1,5623,50
5e-04,100,100,100,100.0005,100.0005,1,5623,50
0.876643212046474,100,100,100,100,100,1,5623,50
0.668687492143363,100,100,100,100,100,1,5623,50
0.784216063795611,100,100,100,100,100,1,5623,50
5e-04,100,100,100,100.0005,100.0005,1,5623,50
0.249123461078852,100,100,100,100,100,1,5623,50
0.001,100,100,100,100.001,100.001,1,5623,50
0.609052578220144,100,100,100,100,100,1,5623,50
0.255812150426209,100,100,100,100,100,1,5623,50
0.298278981354088,100,100,100,100,100,1,5623,50
0.0919687424320728,100,100,100,100,100,1,5623,50
0.89047531876713,100,100,100,100,100,1,5623,50
0.004,100,100,100,100.004,100.004,1,5623,50
0.633380918763578,100,100,100,100,100,1,5623,50
0.239772936096415,100,100,100,100,100,1,5623,50
0.641127832466736,100,100,100,100,100,1,5623,50
0.355096963467076,100,100,100,100,100,1,5623,50
0.590384219540283,100,100,100,100,100,1,5623,50
0.21720197959803,100,100,100,100,100,1,5623,50
0.326453689718619,100,100,100,100,100,1,5623,50
0.211295577464625,100,100,100,100,100,1,5623,50
0.667526852572337,100,100,100,100,100,1,5623,50
0.994204641785473,100,100,100,100,100,1,5623,50
0.001,100,100,100,100.001,100.001,1,5623,50
5e-04,100,100,100,100.0005,100.0005,1,5623,50
0.0453450321219862,100,100,100,100,100,1,5623,50
0.744627844775096,100,100,100,100,100,1,5623,50
0.889168567024171,100,100,100,100,100,1,5623,50
0.590575890382752,100,100,100,100,100,1,5623,50
