"p","truediv","chaoest","obsD","upper","lower","l","inds","reps"
0.211380483815446,100,100,100,100,100,1,5623,50
0.402455314993858,100,100,100,100,100,1,5623,50
0.753805546555668,100,100,100,100,100,1,5623,50
0.215359371621162,100,100,100,100,100,1,5623,50
0.0015,100,100,100,100.0015,100.0015,1,5623,50
0.018,100,100,100,100.018,100.018,1,5623,50
0.772264332976192,100,100,100,100,100,1,5623,50
0.108533111400902,100,100,100,100,100,1,5623,50
0.88476799055934,100,100,100,100,100,1,5623,50
0.703393440227956,100,100,100,100,100,1,5623,50
0.081933720735833,100,100,100,100,100,1,5623,50
0.848337447503582,100,100,100,100,100,1,5623,50
0.258185517741367,100,100,100,100,100,1,5623,50
0.887799106305465,100,100,100,100,100,1,5623,50
0.77170085767284,100,100,100,100,100,1,5623,50
0.720407973974943,100,100,100,100,100,1,5623,50
0.383668379392475,100,100,100,100,100,1,5623,50
0.821517284261063,100,100,100,100,100,1,5623,50
0.001,100,100,100,100.001,100.001,1,5623,50
0.349267263663933,100,100,100,100,100,1,5623,50
5e-04,100,100,100,100.0005,100.0005,1,5623,50
0.983068163739517,100,100,100,100,100,1,5623,50
0.782802769681439,100,100,100,100,100,1,5623,50
0.309069279814139,100,100,100,100,100,1,5623,50
0.35735794971697,100,100,100,100,100,1,5623,50
0.921263645868748,100,100,100,100,100,1,5623,50
0.841073048999533,100,100,100,100,100,1,5623,50
5e-04,100,100,100,100.0005,100.0005,1,5623,50
0.0791175407357514,100,100,100,100,100,1,5623,50
0.933647750411183,100,100,100,100,100,1,5623,50
5e-04,100,100,100,100.0005,100.0005,1,5623,50
0.0298778228461742,100,100,100,100,100,1,5623,50
0.298846885794774,100,100,100,100,100,1,5623,50
0.201574463862926,100,100,100,100,100,1,5623,50
0.885043471120298,100,100,100,100,100,1,5623,50
0.542175082257017,100,100,100,100,100,1,5623,50
0.0015,100,100,100,100.0015,100.0015,1,5623,50
0.422921403311193,100,100,100,100,100,1,5623,50
0.678923436906189,100,100,100,100,100,1,5623,50
0.953703782288358,100,100,100,100,100,1,5623,50
0.001,100,100,100,100.001,100.001,1,5623,50
0.965173146920279,100,100,100,100,100,1,5623,50
0.951491788029671,100,100,100,100,100,1,5623,50
0.370924533111975,100,100,100,100,100,1,5623,50
0.200867098988965,100,100,100,100,100,1,5623,50
0.810509649338201,100,100,100,100,100,1,5623,50
0.804675198392943,100,100,100,100,100,1,5623,50
5e-04,100,100,100,100.0005,100.0005,1,5623,50
5e-04,100,100,100,100.0005,100.0005,1,5623,50
0.9764633201994,100,100,100,100,100,1,5623,50
