"p","truediv","chaoest","obsD","upper","lower","l","inds","reps"
5e-04,100,100,100,100.0005,100.0005,1,5623,50
0.242796988692135,100,100,100,100,100,1,5623,50
0.739159964723513,100,100,100,100,100,1,5623,50
0.601296977140009,100,100,100,100,100,1,5623,50
0.60833921097219,100,100,100,100,100,1,5623,50
0.844117144821212,100,100,100,100,100,1,5623,50
0.659418736584485,100,100,100,100,100,1,5623,50
0.153977840207517,100,100,100,100,100,1,5623,50
0.0160588738508523,100,100,100,100,100,1,5623,50
0.743984987493604,100,100,100,100,100,1,5623,50
0.225562484934926,100,100,100,100,100,1,5623,50
0.392103303456679,100,100,100,100,100,1,5623,50
0.328128891764209,100,100,100,100,100,1,5623,50
0.445696113165468,100,100,100,100,100,1,5623,50
0.793807570124045,100,100,100,100,100,1,5623,50
0.577199565712363,100,100,100,100,100,1,5623,50
0.703899140236899,100,100,100,100,100,1,5623,50
0.67385910381563,100,100,100,100,100,1,5623,50
0.625860603526235,100,100,100,100,100,1,5623,50
0.259998245397583,100,100,100,100,100,1,5623,50
0.150975100928918,100,100,100,100,100,1,5623,50
0.464881246443838,100,100,100,100,100,1,5623,50
0.323232296155766,100,100,100,100,100,1,5623,50
0.810868725879118,100,100,100,100,100,1,5623,50
0.342730332398787,100,100,100,100,100,1,5623,50
0.003,100,100,100,100.003,100.003,1,5623,50
0.873052860144526,100,100,100,100,100,1,5623,50
0.620243194745854,100,100,100,100,100,1,5623,50
0.629898579092696,100,100,100,100,100,1,5623,50
0.414733697893098,100,100,100,100,100,1,5623,50
0.756342531181872,100,100,100,100,100,1,5623,50
0.308833439135924,100,100,100,100,100,1,5623,50
0.616996818454936,100,100,100,100,100,1,5623,50
0.003,100,100,100,100.00250008892,100.00250008892,1,5623,50
0.552708503324538,100,100,100,100,100,1,5623,50
0.415114568546414,100,100,100,100,100,1,5623,50
0.211284482618794,100,100,100,100,100,1,5623,50
0.257071604020894,100,100,100,100,100,1,5623,50
0.875185211887583,100,100,100,100,100,1,5623,50
0.895892833825201,100,100,100,100,100,1,5623,50
0.001,100,100,100,100.001,100.001,1,5623,50
5e-04,100,100,100,100.0005,100.0005,1,5623,50
5e-04,100,100,100,100.0005,100.0005,1,5623,50
0.365666056284681,100,100,100,100,100,1,5623,50
0.938774504233152,100,100,100,100,100,1,5623,50
0.236619763774797,100,100,100,100,100,1,5623,50
0.624683425296098,100,100,100,100,100,1,5623,50
0.0185,100,100,100,100.0185,100.0185,1,5623,50
0.002,100,100,100,100.002,100.002,1,5623,50
5e-04,100,100,100,100.0005,100.0005,1,5623,50
