"p","truediv","chaoest","obsD","upper","lower","l","inds","reps"
0.466312629403546,100,100,100,100,100,1,5623,50
0.153176489984617,100,100,100,100,100,1,5623,50
0.284131416818127,100,100,100,100,100,1,5623,50
0.576428496045992,100,100,100,100,100,1,5623,50
0.140892804367468,100,100,100,100,100,1,5623,50
0.307437003590167,100,100,100,100,100,1,5623,50
0.0152968300972134,100,100,100,100,100,1,5623,50
5e-04,100,100,100,100.0005,100.0005,1,5623,50
0.808183512184769,100,100,100,100,100,1,5623,50
0.589937121374533,100,100,100,100,100,1,5623,50
0.913969522807747,100,100,100,100,100,1,5623,50
0.003,100,100,100,100.003,100.003,1,5623,50
5e-04,100,100,100,100.0005,100.0005,1,5623,50
0.451535072410479,100,100,100,100,100,1,5623,50
0.172344842925668,100,100,100,100,100,1,5623,50
0.661561085144058,100,100,100,100,100,1,5623,50
0.644894888624549,100,100,100,100,100,1,5623,50
0.383481309516355,100,100,100,100,100,1,5623,50
5e-04,100,100,100,100.0005,100.0005,1,5623,50
5e-04,100,100,100,100.0005,100.0005,1,5623,50
0.0800108970142901,100,100,100,100,100,1,5623,50
0.017450429033488,100,100,100,100,100,1,5623,50
0.0939178180415183,100,100,100,100,100,1,5623,50
0.264483469538391,100,100,100,100,100,1,5623,50
0.545628432650119,100,100,100,100,100,1,5623,50
0.884755582548678,100,100,100,100,100,1,5623,50
0.990330420434475,100,100,100,100,100,1,5623,50
0.89604680147022,100,100,100,100,100,1,5623,50
0.232241697842255,100,100,100,100,100,1,5623,50
0.915527845267206,100,100,100,100,100,1,5623,50
0.101867306511849,100,100,100,100,100,1,5623,50
0.954032064415514,100,100,100,100,100,1,5623,50
5e-04,100,100,100,100.0005,100.0005,1,5623,50
0.828576996456832,100,100,100,100,100,1,5623,50
0.773679591249675,100,100,100,100,100,1,5623,50
0.235254991101101,100,100,100,100,100,1,5623,50
0.682243187911808,100,100,100,100,100,1,5623,50
0.938039414817467,100,100,100,100,100,1,5623,50
0.001,100,100,100,100.001,100.001,1,5623,50
0.0692897292319685,100,100,100,100,100,1,5623,50
0.665283923270181,100,100,100,100,100,1,5623,50
0.455580648733303,100,100,100,100,100,1,5623,50
0.0025,100,100,100,100.0025,100.0025,1,5623,50
0.183849212247878,100,100,100,100,100,1,5623,50
0.018502342980355,100,100,100,100,100,1,5623,50
0.456716718617827,100,100,100,100,100,1,5623,50
0.433898796560243,100,100,100,100,100,1,5623,50
0.550185673404485,100,100,100,100,100,1,5623,50
0.0025,100,100,100,100.0025,100.0025,1,5623,50
0.217893503140658,100,100,100,100,100,1,5623,50
