"p","truediv","chaoest","obsD","upper","lower","l","inds","reps"
0.295256659621373,100,100,100,100,100,1,5623,50
5e-04,100,100,100,100.000000088921,100.000000088921,1,5623,50
0.966997083509341,100,100,100,100,100,1,5623,50
0.877775043714792,100,100,100,100,100,1,5623,50
5e-04,100,100,100,100.0005,100.0005,1,5623,50
0.312151774065569,100,100,100,100,100,1,5623,50
0.958910936489701,100,100,100,100,100,1,5623,50
0.001,100,100,100,100.001,100.001,1,5623,50
0.587721237447113,100,100,100,100,100,1,5623,50
5e-04,100,100,100,100.0005,100.0005,1,5623,50
0.916854028124362,100,100,100,100,100,1,5623,50
0.971877929288894,100,100,100,100,100,1,5623,50
0.26587870111689,100,100,100,100,100,1,5623,50
0.695607997942716,100,100,100,100,100,1,5623,50
0.831697992514819,100,100,100,100,100,1,5623,50
0.480402057059109,100,100,100,100,100,1,5623,50
0.377787514822558,100,100,100,100,100,1,5623,50
0.424596221884713,100,100,100,100,100,1,5623,50
0.800903278170153,100,100,100,100,100,1,5623,50
0.695073838578537,100,100,100,100,100,1,5623,50
0.813294547842816,100,100,100,100,100,1,5623,50
0.269012066768482,100,100,100,100,100,1,5623,50
0.888630128931254,100,100,100,100,100,1,5623,50
5e-04,100,100,100,100.0005,100.0005,1,5623,50
0.0211669662967324,100,100,100,100,100,1,5623,50
0.318207178963348,100,100,100,100,100,1,5623,50
0.371134141460061,100,100,100,100,100,1,5623,50
0.001,100,100,100,100.001,100.001,1,5623,50
0.200942374533042,100,100,100,100,100,1,5623,50
0.730853420682251,100,100,100,100,100,1,5623,50
0.483850155025721,100,100,100,100,100,1,5623,50
0.547238970641047,100,100,100,100,100,1,5623,50
0.213165384717286,100,100,100,100,100,1,5623,50
0.381209901534021,100,100,100,100,100,1,5623,50
0.168098945170641,100,100,100,100,100,1,5623,50
0.792882530251518,100,100,100,100,100,1,5623,50
0.544719244353473,100,100,100,100,100,1,5623,50
0.33939155144617,100,100,100,100,100,1,5623,50
0.8202552087605,100,100,100,100,100,1,5623,50
0.124717582017183,100,100,100,100,100,1,5623,50
0.001,100,100,100,100.001,100.001,1,5623,50
0.451754180015996,100,100,100,100,100,1,5623,50
0.85428278031759,100,100,100,100,100,1,5623,50
0.004,100,100,100,100.004,100.004,1,5623,50
0.008,100,100,100,100.008,100.008,1,5623,50
0.064343563048169,100,100,100,100,100,1,5623,50
0.006,100,100,100,100.006,100.006,1,5623,50
0.283140142681077,100,100,100,100,100,1,5623,50
0.0717426878400147,100,100,100,100,100,1,5623,50
0.402010483201593,100,100,100,100,100,1,5623,50
