"p","truediv","chaoest","obsD","upper","lower","l","inds","reps"
5e-04,100,100,100,100.0005,100.0005,1,5623,50
0.0015,100,100,100,100.0015,100.0015,1,5623,50
0.0015,100,100,100,100.0015,100.0015,1,5623,50
0.905366582795978,100,100,100,100,100,1,5623,50
0.728054810781032,100,100,100,100,100,1,5623,50
0.158362255198881,100,100,100,100,100,1,5623,50
0.0698584183119237,100,100,100,100,100,1,5623,50
5e-04,100,100,100,100.0005,100.0005,1,5623,50
0.196194315794855,100,100,100,100,100,1,5623,50
0.0363918000366539,100,100,100,100,100,1,5623,50
0.462942355312407,100,100,100,100,100,1,5623,50
0.829543043859303,100,100,100,100,100,1,5623,50
0.701545222429559,100,100,100,100,100,1,5623,50
0.0539973666891456,100,100,100,100,100,1,5623,50
0.884554687188938,100,100,100,100,100,1,5623,50
0.477659347234294,100,100,100,100,100,1,5623,50
0.10271019814536,100,100,100,100,100,1,5623,50
5e-04,100,100,100,100.0005,100.0005,1,5623,50
0.883957279846072,100,100,100,100,100,1,5623,50
0.596793983830139,100,100,100,100,100,1,5623,50
0.403178813867271,100,100,100,100,100,1,5623,50
0.849699856247753,100,100,100,100,100,1,5623,50
0.420590868219733,100,100,100,100,100,1,5623,50
0.839369535446167,100,100,100,100,100,1,5623,50
5e-04,100,100,100,100.0005,100.0005,1,5623,50
0.220377542776987,100,100,100,100,100,1,5623,50
0.22151800035499,100,100,100,100,100,1,5623,50
0.463284319965169,100,100,100,100,100,1,5623,50
5e-04,100,100,100,100.0005,100.0005,1,5623,50
0.76329870079644,100,100,100,100,100,1,5623,50
0.357062417082489,100,100,100,100,100,1,5623,50
0.861856288975105,100,100,100,100,100,1,5623,50
0.407667378196493,100,100,100,100,100,1,5623,50
0.8255580002442,100,100,100,100,100,1,5623,50
0.282223413232714,100,100,100,100,100,1,5623,50
0.0499773975461721,100,100,100,100,100,1,5623,50
0.991848607780412,100,100,100,100,100,1,5623,50
0.863199432846159,100,100,100,100,100,1,5623,50
0.353368170792237,100,100,100,100,100,1,5623,50
5e-04,100,100,100,100.0005,100.0005,1,5623,50
0.91539116948843,100,100,100,100,100,1,5623,50
0.456943435128778,100,100,100,100,100,1,5623,50
0.58133776136674,100,100,100,100,100,1,5623,50
0.991780533920974,100,100,100,100,100,1,5623,50
0.693425131961703,100,100,100,100,100,1,5623,50
0.0085,100,100,100,100.00825004446,100.00825004446,1,5623,50
0.86743784788996,100,100,100,100,100,1,5623,50
0.389423560583964,100,100,100,100,100,1,5623,50
0.596180043416098,100,100,100,100,100,1,5623,50
0.435236501973122,100,100,100,100,100,1,5623,50
