"p","truediv","chaoest","obsD","upper","lower","l","inds","reps"
0.965673025464639,100,100,100,100,100,1,5623,50
0.725522872759029,100,100,100,100,100,1,5623,50
0.25994569552131,100,100,100,100,100,1,5623,50
0.987913158256561,100,100,100,100,100,1,5623,50
0.38592285127379,100,100,100,100,100,1,5623,50
0.333704958902672,100,100,100,100,100,1,5623,50
0.391261954326183,100,100,100,100,100,1,5623,50
0.130587545456365,100,100,100,100,100,1,5623,50
5e-04,100,100,100,100.0005,100.0005,1,5623,50
0.587266300106421,100,100,100,100,100,1,5623,50
0.509836893994361,100,100,100,100,100,1,5623,50
0.82067944901064,100,100,100,100,100,1,5623,50
0.53127222834155,100,100,100,100,100,1,5623,50
0.0537467466201633,100,100,100,100,100,1,5623,50
0.601874240674078,100,100,100,100,100,1,5623,50
0.376330619910732,100,100,100,100,100,1,5623,50
0.66114259744063,100,100,100,100,100,1,5623,50
0.0492182781454176,100,100,100,100,100,1,5623,50
0.404086678056046,100,100,100,100,100,1,5623,50
0.814175517065451,100,100,100,100,100,1,5623,50
0.875542422058061,100,100,100,100,100,1,5623,50
0.181124891387299,100,100,100,100,100,1,5623,50
0.515756557928398,100,100,100,100,100,1,5623,50
0.981255747610703,100,100,100,100,100,1,5623,50
0.587845759931952,100,100,100,100,100,1,5623,50
5e-04,100,100,100,100.0005,100.0005,1,5623,50
5e-04,100,100,100,100.0005,100.0005,1,5623,50
0.227846381952986,100,100,100,100,100,1,5623,50
0.001,100,100,100,100.001,100.001,1,5623,50
0.111467315815389,100,100,100,100,100,1,5623,50
0.001,100,100,100,100.001,100.001,1,5623,50
0.796525236684829,100,100,100,100,100,1,5623,50
0.618134985445067,100,100,100,100,100,1,5623,50
0.16091970494017,100,100,100,100,100,1,5623,50
0.554501326056197,100,100,100,100,100,1,5623,50
0.001,100,100,100,100.001,100.001,1,5623,50
0.304924285039306,100,100,100,100,100,1,5623,50
5e-04,100,100,100,100.0005,100.0005,1,5623,50
0.637752412818372,100,100,100,100,100,1,5623,50
0.762496276758611,100,100,100,100,100,1,5623,50
0.199898999417201,100,100,100,100,100,1,5623,50
0.769858327228576,100,100,100,100,100,1,5623,50
0.747895569074899,100,100,100,100,100,1,5623,50
0.253380863228813,100,100,100,100,100,1,5623,50
0.137412486365065,100,100,100,100,100,1,5623,50
0.108828177442774,100,100,100,100,100,1,5623,50
0.416580726858228,100,100,100,100,100,1,5623,50
0.0453431515488774,100,100,100,100,100,1,5623,50
0.808921129908413,100,100,100,100,100,1,5623,50
0.00408849283121526,100,100,100,100,100,1,5623,50
