"p","truediv","chaoest","obsD","upper","lower","l","inds","reps"
0.0993291374761611,100,100,100,100,100,1,5623,50
0.22033319529146,100,100,100,100,100,1,5623,50
0.736558138625696,100,100,100,100,100,1,5623,50
5e-04,100,100,100,100.0005,100.0005,1,5623,50
0.656613309402019,100,100,100,100,100,1,5623,50
0.678944203304127,100,100,100,100,100,1,5623,50
0.29992315126583,100,100,100,100,100,1,5623,50
0.26339530874975,100,100,100,100,100,1,5623,50
0.251068795798346,100,100,100,100,100,1,5623,50
0.318263824563473,100,100,100,100,100,1,5623,50
0.689471850404516,100,100,100,100,100,1,5623,50
0.960154017433524,100,100,100,100,100,1,5623,50
0.746864208718762,100,100,100,100,100,1,5623,50
0.159703018143773,100,100,100,100,100,1,5623,50
0.131893567740917,100,100,100,100,100,1,5623,50
0.867893269052729,100,100,100,100,100,1,5623,50
0.953738639131188,100,100,100,100,100,1,5623,50
0.0235,100,100,100,100.0235,100.0235,1,5623,50
0.29543760814704,100,100,100,100,100,1,5623,50
5e-04,100,100,100,100.0005,100.0005,1,5623,50
0.535266662249342,100,100,100,100,100,1,5623,50
0.378078103996813,100,100,100,100,100,1,5623,50
0.0502605673391372,100,100,100,100,100,1,5623,50
0.396900379564613,100,100,100,100,100,1,5623,50
0.649379155598581,100,100,100,100,100,1,5623,50
0.0922493699472398,100,100,100,100,100,1,5623,50
0.142539484193549,100,100,100,100,100,1,5623,50
0.375410708831623,100,100,100,100,100,1,5623,50
0.582737328251824,100,100,100,100,100,1,5623,50
0.682997303083539,100,100,100,100,100,1,5623,50
0.001,100,100,100,100.001,100.001,1,5623,50
0.2630859115161,100,100,100,100,100,1,5623,50
5e-04,100,100,100,100.0005,100.0005,1,5623,50
0.935421193251386,100,100,100,100,100,1,5623,50
0.134536529192701,100,100,100,100,100,1,5623,50
0.324997934279963,100,100,100,100,100,1,5623,50
0.778605202678591,100,100,100,100,100,1,5623,50
5e-04,100,100,100,100.0005,100.0005,1,5623,50
0.748441678006202,100,100,100,100,100,1,5623,50
0.0561025331262499,100,100,100,100,100,1,5623,50
0.0628166312817484,100,100,100,100,100,1,5623,50
0.427839892916381,100,100,100,100,100,1,5623,50
0.001,100,100,100,100.00075004446,100.00075004446,1,5623,50
5e-04,100,100,100,100.0005,100.0005,1,5623,50
0.006,100,100,100,100.006,100.006,1,5623,50
0.970867531374097,100,100,100,100,100,1,5623,50
0.961682881228626,100,100,100,100,100,1,5623,50
0.119690401712433,100,100,100,100,100,1,5623,50
0.475958668161184,100,100,100,100,100,1,5623,50
0.610802403418347,100,100,100,100,100,1,5623,50
