"p","truediv","chaoest","obsD","upper","lower","l","inds","reps"
0.036212855251506,100,100,100,100,100,1,5623,50
5e-04,100,100,100,100.0005,100.0005,1,5623,50
0.624522101832554,100,100,100,100,100,1,5623,50
0.649855681462213,100,100,100,100,100,1,5623,50
0.926025554770604,100,100,100,100,100,1,5623,50
0.626905478769913,100,100,100,100,100,1,5623,50
0.112448514671996,100,100,100,100,100,1,5623,50
5e-04,100,100,100,100.0005,100.0005,1,5623,50
0.217177422717214,100,100,100,100,100,1,5623,50
0.275633420329541,100,100,100,100,100,1,5623,50
0.001,100,100,100,100.001,100.001,1,5623,50
0.0915468265302479,100,100,100,100,100,1,5623,50
0.538043134612963,100,100,100,100,100,1,5623,50
0.609045571880415,100,100,100,100,100,1,5623,50
0.772599386516958,100,100,100,100,100,1,5623,50
5e-04,100,100,100,100.0005,100.0005,1,5623,50
0.476417208788916,100,100,100,100,100,1,5623,50
0.163023785222322,100,100,100,100,100,1,5623,50
0.516760296188295,100,100,100,100,100,1,5623,50
0.730292682768777,100,100,100,100,100,1,5623,50
0.794992653420195,100,100,100,100,100,1,5623,50
0.572649002773687,100,100,100,100,100,1,5623,50
0.861886951606721,100,100,100,100,100,1,5623,50
0.0834240678232163,100,100,100,100,100,1,5623,50
0.749589922139421,100,100,100,100,100,1,5623,50
0.229718729620799,100,100,100,100,100,1,5623,50
5e-04,100,100,100,100.000000088921,100.000000088921,1,5623,50
0.353782122954726,100,100,100,100,100,1,5623,50
5e-04,100,100,100,100.0005,100.0005,1,5623,50
0.492979324422777,100,100,100,100,100,1,5623,50
0.999396275961772,100,100,100,100,100,1,5623,50
0.946299679111689,100,100,100,100,100,1,5623,50
0.546303783543408,100,100,100,100,100,1,5623,50
0.0015,100,100,100,100.001000088921,100.001000088921,1,5623,50
0.65141875622794,100,100,100,100,100,1,5623,50
0.324880714528263,100,100,100,100,100,1,5623,50
0.533950456650928,100,100,100,100,100,1,5623,50
5e-04,100,100,100,100.0005,100.0005,1,5623,50
0.294492953456938,100,100,100,100,100,1,5623,50
0.0889881320763379,100,100,100,100,100,1,5623,50
0.0259060414973646,100,100,100,100,100,1,5623,50
0.001,100,100,100,100.001,100.001,1,5623,50
0.0204393558669835,100,100,100,100,100,1,5623,50
0.0035,100,100,100,100.0035,100.0035,1,5623,50
0.001,100,100,100,100.001,100.001,1,5623,50
0.0290516016539186,100,100,100,100,100,1,5623,50
0.0015,100,100,100,100.0015,100.0015,1,5623,50
0.006,100,100,100,100.006,100.006,1,5623,50
0.692255083238706,100,100,100,100,100,1,5623,50
5e-04,100,100,100,100.0005,100.0005,1,5623,50
