"p","truediv","chaoest","obsD","upper","lower","l","inds","reps"
0.723826442845166,100,100,100,100,100,1,5623,50
0.667849164456129,100,100,100,100,100,1,5623,50
0.00445515080355108,100,100,100,100,100,1,5623,50
0.132966327480972,100,100,100,100,100,1,5623,50
0.490327379899099,100,100,100,100,100,1,5623,50
0.92501969402656,100,100,100,100,100,1,5623,50
0.0085,100,100,100,100.0085,100.0085,1,5623,50
0.015719237504527,100,100,100,100,100,1,5623,50
0.945897425990552,100,100,100,100,100,1,5623,50
0.349560570903122,100,100,100,100,100,1,5623,50
0.471756609156728,100,100,100,100,100,1,5623,50
0.825420005246997,100,100,100,100,100,1,5623,50
0.770905583631247,100,100,100,100,100,1,5623,50
0.001,100,100,100,100.001,100.001,1,5623,50
0.917835311032832,100,100,100,100,100,1,5623,50
0.0015,100,100,100,100.0015,100.0015,1,5623,50
0.638303725514561,100,100,100,100,100,1,5623,50
0.94843353307806,100,100,100,100,100,1,5623,50
0.79684147099033,100,100,100,100,100,1,5623,50
0.837185204494745,100,100,100,100,100,1,5623,50
0.515426535159349,100,100,100,100,100,1,5623,50
0.428906046552584,100,100,100,100,100,1,5623,50
0.003,100,100,100,100.003,100.003,1,5623,50
0.0488660493865609,100,100,100,100,100,1,5623,50
0.769837086321786,100,100,100,100,100,1,5623,50
0.479988731909543,100,100,100,100,100,1,5623,50
0.780311684589833,100,100,100,100,100,1,5623,50
0.757120161084458,100,100,100,100,100,1,5623,50
0.225940886652097,100,100,100,100,100,1,5623,50
0.352712330175564,100,100,100,100,100,1,5623,50
5e-04,100,100,100,100.0005,100.0005,1,5623,50
0.0550968972966075,100,100,100,100,100,1,5623,50
0.489505553385243,100,100,100,100,100,1,5623,50
0.38555410108529,100,100,100,100,100,1,5623,50
5e-04,100,100,100,100.0005,100.0005,1,5623,50
0.707746314816177,100,100,100,100,100,1,5623,50
0.235289953416213,100,100,100,100,100,1,5623,50
0.949239863315597,100,100,100,100,100,1,5623,50
0.654322334565222,100,100,100,100,100,1,5623,50
0.989295621635392,100,100,100,100,100,1,5623,50
0.375683840364218,100,100,100,100,100,1,5623,50
0.442460732534528,100,100,100,100,100,1,5623,50
0.0268321675248444,100,100,100,100,100,1,5623,50
0.624071813421324,100,100,100,100,100,1,5623,50
0.39877440710552,100,100,100,100,100,1,5623,50
0.842620460316539,100,100,100,100,100,1,5623,50
0.613879532320425,100,100,100,100,100,1,5623,50
0.002,100,100,100,100.002,100.002,1,5623,50
5e-04,100,100,100,100.0005,100.0005,1,5623,50
0.640528941527009,100,100,100,100,100,1,5623,50
