"p","truediv","chaoest","obsD","upper","lower","l","inds","reps"
0.33571249502711,100,100,100,100,100,1,5623,50
0.0629075712058693,100,100,100,100,100,1,5623,50
0.0266342652030289,100,100,100,100,100,1,5623,50
0.967118336353451,100,100,100,100,100,1,5623,50
0.723106560530141,100,100,100,100,100,1,5623,50
0.15019337949343,100,100,100,100,100,1,5623,50
0.0015,100,100,100,100.0015,100.0015,1,5623,50
0.316640516277403,100,100,100,100,100,1,5623,50
0.738453918602318,100,100,100,100,100,1,5623,50
0.268310113111511,100,100,100,100,100,1,5623,50
0.740453355479985,100,100,100,100,100,1,5623,50
0.308692257385701,100,100,100,100,100,1,5623,50
0.712732630781829,100,100,100,100,100,1,5623,50
0.0025,100,100,100,100.0025,100.0025,1,5623,50
0.997720324900001,100,100,100,100,100,1,5623,50
0.322740350151435,100,100,100,100,100,1,5623,50
0.535551923792809,100,100,100,100,100,1,5623,50
0.761700942879543,100,100,100,100,100,1,5623,50
0.718677853001282,100,100,100,100,100,1,5623,50
0.73906746157445,100,100,100,100,100,1,5623,50
0.338827629573643,100,100,100,100,100,1,5623,50
0.523760335752741,100,100,100,100,100,1,5623,50
0.070350902620703,100,100,100,100,100,1,5623,50
0.239301213761792,100,100,100,100,100,1,5623,50
0.47716321866028,100,100,100,100,100,1,5623,50
0.528121520532295,100,100,100,100,100,1,5623,50
0.595829605357721,100,100,100,100,100,1,5623,50
0.55514992098324,100,100,100,100,100,1,5623,50
5e-04,100,100,100,100.0005,100.0005,1,5623,50
0.857290049316362,100,100,100,100,100,1,5623,50
0.0015,100,100,100,100.0015,100.0015,1,5623,50
0.008,100,100,100,100.008,100.008,1,5623,50
0.127486247569323,100,100,100,100,100,1,5623,50
0.0035,100,100,100,100.0035,100.0035,1,5623,50
0.0045,100,100,100,100.0045,100.0045,1,5623,50
0.627069779671729,100,100,100,100,100,1,5623,50
0.722971100360155,100,100,100,100,100,1,5623,50
0.670436778804287,100,100,100,100,100,1,5623,50
0.324668276356533,100,100,100,100,100,1,5623,50
0.005,100,100,100,100.005,100.005,1,5623,50
0.544336095685139,100,100,100,100,100,1,5623,50
0.0968725960701704,100,100,100,100,100,1,5623,50
0.0148913017474115,100,100,100,100,100,1,5623,50
5e-04,100,100,100,100.0005,100.0005,1,5623,50
0.0329691171646118,100,100,100,100,100,1,5623,50
0.0015,100,100,100,100.0015,100.0015,1,5623,50
0.001,100,100,100,100.001,100.001,1,5623,50
0.138094067806378,100,100,100,100,100,1,5623,50
0.628144711954519,100,100,100,100,100,1,5623,50
0.41841144557111,100,100,100,100,100,1,5623,50
