"p","truediv","chaoest","obsD","upper","lower","l","inds","reps"
0.171495348215103,100,100,100,100,100,1,5623,50
0.245760797755793,100,100,100,100,100,1,5623,50
0.312567078275606,100,100,100,100,100,1,5623,50
0.161802745657042,100,100,100,100,100,1,5623,50
0.385000732494518,100,100,100,100,100,1,5623,50
0.707379532745108,100,100,100,100,100,1,5623,50
0.942418798105791,100,100,100,100,100,1,5623,50
0.186416249489412,100,100,100,100,100,1,5623,50
0.015371079556644,100,100,100,100,100,1,5623,50
0.25914673670195,100,100,100,100,100,1,5623,50
5e-04,100,100,100,100.0005,100.0005,1,5623,50
0.0781361234840006,100,100,100,100,100,1,5623,50
0.580480527831241,100,100,100,100,100,1,5623,50
0.899044446414337,100,100,100,100,100,1,5623,50
0.933398280292749,100,100,100,100,100,1,5623,50
0.857923310017213,100,100,100,100,100,1,5623,50
5e-04,100,100,100,100.0005,100.0005,1,5623,50
0.0203116913326085,100,100,100,100,100,1,5623,50
0.729592334013432,100,100,100,100,100,1,5623,50
0.321095417020842,100,100,100,100,100,1,5623,50
0.0277284393087029,100,100,100,100,100,1,5623,50
5e-04,100,100,100,100.0005,100.0005,1,5623,50
5e-04,100,100,100,100.000000088921,100.000000088921,1,5623,50
0.005,100,100,100,100.005,100.005,1,5623,50
0.305552907055244,100,100,100,100,100,1,5623,50
0.567895600805059,100,100,100,100,100,1,5623,50
0.566147743957117,100,100,100,100,100,1,5623,50
5e-04,100,100,100,100.0005,100.0005,1,5623,50
0.001,100,100,100,100.001,100.001,1,5623,50
0.394294896395877,100,100,100,100,100,1,5623,50
5e-04,100,100,100,100.0005,100.0005,1,5623,50
0.265210893470794,100,100,100,100,100,1,5623,50
0.296705305809155,100,100,100,100,100,1,5623,50
0.417961627244949,100,100,100,100,100,1,5623,50
0.0850642188452184,100,100,100,100,100,1,5623,50
0.450302631128579,100,100,100,100,100,1,5623,50
0.0751073060091585,100,100,100,100,100,1,5623,50
0.226310486672446,100,100,100,100,100,1,5623,50
0.810085308272392,100,100,100,100,100,1,5623,50
0.505123807350174,100,100,100,100,100,1,5623,50
0.734751246171072,100,100,100,100,100,1,5623,50
0.715943131363019,100,100,100,100,100,1,5623,50
0.237115149153396,100,100,100,100,100,1,5623,50
0.119545802008361,100,100,100,100,100,1,5623,50
0.917369192233309,100,100,100,100,100,1,5623,50
0.382275716401637,100,100,100,100,100,1,5623,50
0.18307781056501,100,100,100,100,100,1,5623,50
0.0378042156808078,100,100,100,100,100,1,5623,50
0.92323570465669,100,100,100,100,100,1,5623,50
0.0557888445910066,100,100,100,100,100,1,5623,50
