"p","truediv","chaoest","obsD","upper","lower","l","inds","reps"
0.548284536926076,100,100,100,100,100,1,5623,50
0.690609155222774,100,100,100,100,100,1,5623,50
5e-04,100,100,100,100.0005,100.0005,1,5623,50
0.602423742413521,100,100,100,100,100,1,5623,50
0.472228883998469,100,100,100,100,100,1,5623,50
0.506776150548831,100,100,100,100,100,1,5623,50
0.29566684528254,100,100,100,100,100,1,5623,50
5e-04,100,100,100,100.0005,100.0005,1,5623,50
0.776334141381085,100,100,100,100,100,1,5623,50
0.640103137120605,100,100,100,100,100,1,5623,50
0.63872288307175,100,100,100,100,100,1,5623,50
0.018,100,100,100,100.01775004446,100.01775004446,1,5623,50
0.0505302229430526,100,100,100,100,100,1,5623,50
0.875055947341025,100,100,100,100,100,1,5623,50
0.628395868930966,100,100,100,100,100,1,5623,50
0.003,100,100,100,100.003,100.003,1,5623,50
0.0889876352157444,100,100,100,100,100,1,5623,50
0.690587152028456,100,100,100,100,100,1,5623,50
0.0327573576942086,100,100,100,100,100,1,5623,50
0.27183037577197,100,100,100,100,100,1,5623,50
0.451265025418252,100,100,100,100,100,1,5623,50
0.987446432700381,100,100,100,100,100,1,5623,50
0.640007810201496,100,100,100,100,100,1,5623,50
0.847705201013014,100,100,100,100,100,1,5623,50
0.630833311472088,100,100,100,100,100,1,5623,50
0.002,100,100,100,100.002,100.002,1,5623,50
0.002,100,100,100,100.002,100.002,1,5623,50
0.0095,100,100,100,100.00925004446,100.00925004446,1,5623,50
0.354946228675544,100,100,100,100,100,1,5623,50
0.728169460780919,100,100,100,100,100,1,5623,50
0.349886043695733,100,100,100,100,100,1,5623,50
0.410656005144119,100,100,100,100,100,1,5623,50
0.654106030939147,100,100,100,100,100,1,5623,50
0.767801290377975,100,100,100,100,100,1,5623,50
0.907284325687215,100,100,100,100,100,1,5623,50
0.30711278738454,100,100,100,100,100,1,5623,50
0.721659098053351,100,100,100,100,100,1,5623,50
5e-04,100,100,100,100.0005,100.0005,1,5623,50
5e-04,100,100,100,100.0005,100.0005,1,5623,50
0.095074781216681,100,100,100,100,100,1,5623,50
0.0015,100,100,100,100.0015,100.0015,1,5623,50
0.566999663598835,100,100,100,100,100,1,5623,50
0.0313752538058907,100,100,100,100,100,1,5623,50
0.0035,100,100,100,100.003000088921,100.003000088921,1,5623,50
0.963222489692271,100,100,100,100,100,1,5623,50
0.0871968036517501,100,100,100,100,100,1,5623,50
0.0025,100,100,100,100.0025,100.0025,1,5623,50
5e-04,100,100,100,100.0005,100.0005,1,5623,50
5e-04,100,100,100,100.0005,100.0005,1,5623,50
5e-04,100,100,100,100.0005,100.0005,1,5623,50
