"p","truediv","chaoest","obsD","upper","lower","l","inds","reps"
0.173857503104955,100,100,100,100,100,1,5623,50
0.911144940648228,100,100,100,100,100,1,5623,50
0.992529192240909,100,100,100,100,100,1,5623,50
0.468871820019558,100,100,100,100,100,1,5623,50
0.707310821628198,100,100,100,100,100,1,5623,50
0.826389311812818,100,100,100,100,100,1,5623,50
0.001,100,100,100,100.001,100.001,1,5623,50
0.0818770378828049,100,100,100,100,100,1,5623,50
0.288387348642573,100,100,100,100,100,1,5623,50
0.0095,100,100,100,100.008500177841,100.008500177841,1,5623,50
0.840578860603273,100,100,100,100,100,1,5623,50
0.40486886491999,100,100,100,100,100,1,5623,50
0.129766279133037,100,100,100,100,100,1,5623,50
0.0394139038398862,100,100,100,100,100,1,5623,50
0.557310494594276,100,100,100,100,100,1,5623,50
0.020622075535357,100,100,100,100,100,1,5623,50
0.62052948307246,100,100,100,100,100,1,5623,50
0.416830618632957,100,100,100,100,100,1,5623,50
0.3233315681573,100,100,100,100,100,1,5623,50
0.88137766928412,100,100,100,100,100,1,5623,50
0.982839045347646,100,100,100,100,100,1,5623,50
0.398351802257821,100,100,100,100,100,1,5623,50
0.634627068880945,100,100,100,100,100,1,5623,50
0.958969412837178,100,100,100,100,100,1,5623,50
0.54659107956104,100,100,100,100,100,1,5623,50
0.717363087460399,100,100,100,100,100,1,5623,50
0.0499142133630812,100,100,100,100,100,1,5623,50
0.872240932192653,100,100,100,100,100,1,5623,50
0.169861998409033,100,100,100,100,100,1,5623,50
0.664708387339488,100,100,100,100,100,1,5623,50
0.009,100,100,100,100.009,100.009,1,5623,50
0.0015,100,100,100,100.0015,100.0015,1,5623,50
0.0317832604050636,100,100,100,100,100,1,5623,50
0.568433376960456,100,100,100,100,100,1,5623,50
0.203441662713885,100,100,100,100,100,1,5623,50
0.80092405853793,100,100,100,100,100,1,5623,50
0.659067672211677,100,100,100,100,100,1,5623,50
0.0755451053846627,100,100,100,100,100,1,5623,50
0.163264761911705,100,100,100,100,100,1,5623,50
0.457213843241334,100,100,100,100,100,1,5623,50
0.962244263151661,100,100,100,100,100,1,5623,50
0.364802862517536,100,100,100,100,100,1,5623,50
0.0015,100,100,100,100.0015,100.0015,1,5623,50
0.334314920706674,100,100,100,100,100,1,5623,50
0.111038536066189,100,100,100,100,100,1,5623,50
0.598953404696658,100,100,100,100,100,1,5623,50
0.270687731681392,100,100,100,100,100,1,5623,50
0.0394080688711256,100,100,100,100,100,1,5623,50
0.939638130133972,100,100,100,100,100,1,5623,50
0.005,100,100,100,100.005,100.005,1,5623,50
