"p","truediv","chaoest","obsD","upper","lower","l","inds","reps"
0.781863601645455,100,100,100,100,100,1,5623,50
0.193430389510468,100,100,100,100,100,1,5623,50
0.834456204902381,100,100,100,100,100,1,5623,50
0.207495480310172,100,100,100,100,100,1,5623,50
0.00650589331053197,100,100,100,100,100,1,5623,50
0.76078800833784,100,100,100,100,100,1,5623,50
0.412611815147102,100,100,100,100,100,1,5623,50
0.0973402748350054,100,100,100,100,100,1,5623,50
0.727491182507947,100,100,100,100,100,1,5623,50
0.208572704344988,100,100,100,100,100,1,5623,50
0.870016223052517,100,100,100,100,100,1,5623,50
0.829840556485578,100,100,100,100,100,1,5623,50
0.512094205478206,100,100,100,100,100,1,5623,50
5e-04,100,100,100,100.0005,100.0005,1,5623,50
0.739278686000034,100,100,100,100,100,1,5623,50
0.731222591828555,100,100,100,100,100,1,5623,50
0.183216254925355,100,100,100,100,100,1,5623,50
0.0423300566617399,100,100,100,100,100,1,5623,50
0.302365105599165,100,100,100,100,100,1,5623,50
0.586478126700968,100,100,100,100,100,1,5623,50
0.664596479386091,100,100,100,100,100,1,5623,50
0.346393157029524,100,100,100,100,100,1,5623,50
0.001,100,100,100,100.001,100.001,1,5623,50
0.0712405168451369,100,100,100,100,100,1,5623,50
0.510935707483441,100,100,100,100,100,1,5623,50
0.0474567224737257,100,100,100,100,100,1,5623,50
0.516202396014705,100,100,100,100,100,1,5623,50
0.629156741313636,100,100,100,100,100,1,5623,50
0.527376561425626,100,100,100,100,100,1,5623,50
0.295712338993326,100,100,100,100,100,1,5623,50
0.70140823489055,100,100,100,100,100,1,5623,50
0.586527453036979,100,100,100,100,100,1,5623,50
0.945191240869462,100,100,100,100,100,1,5623,50
0.719507995760068,100,100,100,100,100,1,5623,50
0.598511943826452,100,100,100,100,100,1,5623,50
0.753744788235053,100,100,100,100,100,1,5623,50
5e-04,100,100,100,100.0005,100.0005,1,5623,50
0.0951192097272724,100,100,100,100,100,1,5623,50
0.274646446341649,100,100,100,100,100,1,5623,50
0.185703500173986,100,100,100,100,100,1,5623,50
0.442336925771087,100,100,100,100,100,1,5623,50
0.0108765235636383,100,100,100,100,100,1,5623,50
0.981616128468886,100,100,100,100,100,1,5623,50
0.452703723683953,100,100,100,100,100,1,5623,50
0.0893856715410948,100,100,100,100,100,1,5623,50
0.51290124328807,100,100,100,100,100,1,5623,50
0.001,100,100,100,100.001,100.001,1,5623,50
0.348040395183489,100,100,100,100,100,1,5623,50
5e-04,100,100,100,100.00025004446,100.00025004446,1,5623,50
0.511317611439154,100,100,100,100,100,1,5623,50
