"p","truediv","chaoest","obsD","upper","lower","l","inds","reps"
0.700189883587882,100,100,100,100,100,1,5623,50
0.458658310119063,100,100,100,100,100,1,5623,50
5e-04,100,100,100,100.0005,100.0005,1,5623,50
0.163902256404981,100,100,100,100,100,1,5623,50
0.790743270423263,100,100,100,100,100,1,5623,50
0.280082820216194,100,100,100,100,100,1,5623,50
0.528228418668732,100,100,100,100,100,1,5623,50
0.001,100,100,100,100.001,100.001,1,5623,50
5e-04,100,100,100,100.0005,100.0005,1,5623,50
0.724459177581593,100,100,100,100,100,1,5623,50
0.26188531331718,100,100,100,100,100,1,5623,50
0.661272357217968,100,100,100,100,100,1,5623,50
0.485129589913413,100,100,100,100,100,1,5623,50
0.798286570468917,100,100,100,100,100,1,5623,50
0.187985892174765,100,100,100,100,100,1,5623,50
0.924342525890097,100,100,100,100,100,1,5623,50
0.277650510892272,100,100,100,100,100,1,5623,50
0.459893148159608,100,100,100,100,100,1,5623,50
0.00906128971837461,100,100,100,100,100,1,5623,50
0.314779523992911,100,100,100,100,100,1,5623,50
0.971228197449818,100,100,100,100,100,1,5623,50
0.0872938877437264,100,100,100,100,100,1,5623,50
0.253128451062366,100,100,100,100,100,1,5623,50
0.001,100,100,100,100.001,100.001,1,5623,50
5e-04,100,100,100,100.0005,100.0005,1,5623,50
0.003,100,100,100,100.003,100.003,1,5623,50
0.131570669822395,100,100,100,100,100,1,5623,50
0.604307094356045,100,100,100,100,100,1,5623,50
5e-04,100,100,100,100.0005,100.0005,1,5623,50
0.832042802125216,100,100,100,100,100,1,5623,50
0.886314319446683,100,100,100,100,100,1,5623,50
0.164762934204191,100,100,100,100,100,1,5623,50
0.670468592783436,100,100,100,100,100,1,5623,50
0.227505271788687,100,100,100,100,100,1,5623,50
0.0015,100,100,100,100.0015,100.0015,1,5623,50
0.207437673117965,100,100,100,100,100,1,5623,50
0.0177205954678357,100,100,100,100,100,1,5623,50
0.703592741861939,100,100,100,100,100,1,5623,50
0.650244469754398,100,100,100,100,100,1,5623,50
0.151224561035633,100,100,100,100,100,1,5623,50
0.628217569086701,100,100,100,100,100,1,5623,50
0.864783638855442,100,100,100,100,100,1,5623,50
0.001,100,100,100,100.001,100.001,1,5623,50
5e-04,100,100,100,100.0005,100.0005,1,5623,50
0.408974948339164,100,100,100,100,100,1,5623,50
0.918358843075112,100,100,100,100,100,1,5623,50
0.765026626409963,100,100,100,100,100,1,5623,50
0.007,100,100,100,100.006500088921,100.006500088921,1,5623,50
0.823558696778491,100,100,100,100,100,1,5623,50
0.247290615225211,100,100,100,100,100,1,5623,50
