"p","truediv","chaoest","obsD","upper","lower","l","inds","reps"
0.537121186032891,100,100,100,100,100,1,5623,50
0.000128596322610974,100,100,100,100,100,1,5623,50
0.890239540254697,100,100,100,100,100,1,5623,50
0.315587080782279,100,100,100,100,100,1,5623,50
0.531989321112633,100,100,100,100,100,1,5623,50
0.0250216699205339,100,100,100,100,100,1,5623,50
0.207412688760087,100,100,100,100,100,1,5623,50
0.216617301804945,100,100,100,100,100,1,5623,50
0.0733876428566873,100,100,100,100,100,1,5623,50
0.226069719996303,100,100,100,100,100,1,5623,50
0.002,100,100,100,100.001500088921,100.001500088921,1,5623,50
0.711386310169473,100,100,100,100,100,1,5623,50
0.649563481798396,100,100,100,100,100,1,5623,50
0.673737867502496,100,100,100,100,100,1,5623,50
0.0800120206549764,100,100,100,100,100,1,5623,50
0.330083170440048,100,100,100,100,100,1,5623,50
0.18143322551623,100,100,100,100,100,1,5623,50
0.341483631171286,100,100,100,100,100,1,5623,50
5e-04,100,100,100,100.0005,100.0005,1,5623,50
0.857633852399886,100,100,100,100,100,1,5623,50
0.601093898527324,100,100,100,100,100,1,5623,50
0.825544459046796,100,100,100,100,100,1,5623,50
0.380127360811457,100,100,100,100,100,1,5623,50
0.494295713491738,100,100,100,100,100,1,5623,50
0.001,100,100,100,100.001,100.001,1,5623,50
0.236711371457204,100,100,100,100,100,1,5623,50
0.0065,100,100,100,100.00625004446,100.00625004446,1,5623,50
0.002,100,100,100,100.002,100.002,1,5623,50
0.0015,100,100,100,100.0015,100.0015,1,5623,50
0.427125754533336,100,100,100,100,100,1,5623,50
0.177374380873516,100,100,100,100,100,1,5623,50
0.000721741234883666,100,100,100,100,100,1,5623,50
0.001,100,100,100,100.001,100.001,1,5623,50
0.511673013912514,100,100,100,100,100,1,5623,50
5e-04,100,100,100,100.0005,100.0005,1,5623,50
0.23004096117802,100,100,100,100,100,1,5623,50
0.0709821963682771,100,100,100,100,100,1,5623,50
0.471394210355356,100,100,100,100,100,1,5623,50
0.0770832232665271,100,100,100,100,100,1,5623,50
0.580875196028501,100,100,100,100,100,1,5623,50
0.748460547300056,100,100,100,100,100,1,5623,50
0.554686549119651,100,100,100,100,100,1,5623,50
0.481581930303946,100,100,100,100,100,1,5623,50
0.796892966143787,100,100,100,100,100,1,5623,50
0.986476505175233,100,100,100,100,100,1,5623,50
5e-04,100,100,100,100.0005,100.0005,1,5623,50
5e-04,100,100,100,100.0005,100.0005,1,5623,50
0.0770643854048103,100,100,100,100,100,1,5623,50
0.149367072619498,100,100,100,100,100,1,5623,50
5e-04,100,100,100,100.0005,100.0005,1,5623,50
