"p","truediv","chaoest","obsD","upper","lower","l","inds","reps"
5e-04,100,100,100,100.0005,100.0005,1,5623,50
0.249118729261681,100,100,100,100,100,1,5623,50
0.369014761876315,100,100,100,100,100,1,5623,50
0.0015,100,100,100,100.0015,100.0015,1,5623,50
0.0457276257220656,100,100,100,100,100,1,5623,50
0.704608902800828,100,100,100,100,100,1,5623,50
0.0045,100,100,100,100.0045,100.0045,1,5623,50
0.172127170488238,100,100,100,100,100,1,5623,50
0.590962054440752,100,100,100,100,100,1,5623,50
0.99370585847646,100,100,100,100,100,1,5623,50
0.689245758811012,100,100,100,100,100,1,5623,50
0.302338953362778,100,100,100,100,100,1,5623,50
0.799801238579676,100,100,100,100,100,1,5623,50
0.001,100,100,100,100.001,100.001,1,5623,50
0.490890808636323,100,100,100,100,100,1,5623,50
0.002,100,100,100,100.002,100.002,1,5623,50
5e-04,100,100,100,100.0005,100.0005,1,5623,50
5e-04,100,100,100,100.0005,100.0005,1,5623,50
0.936656292295083,100,100,100,100,100,1,5623,50
5e-04,100,100,100,100.0005,100.0005,1,5623,50
0.885306576732546,100,100,100,100,100,1,5623,50
0.309519669041038,100,100,100,100,100,1,5623,50
0.0835062013939023,100,100,100,100,100,1,5623,50
5e-04,100,100,100,100.0005,100.0005,1,5623,50
0.535761384293437,100,100,100,100,100,1,5623,50
0.49290656670928,100,100,100,100,100,1,5623,50
0.108894692501053,100,100,100,100,100,1,5623,50
0.965799282072112,100,100,100,100,100,1,5623,50
0.373707592254505,100,100,100,100,100,1,5623,50
0.299831543117762,100,100,100,100,100,1,5623,50
0.110796562163159,100,100,100,100,100,1,5623,50
0.001,100,100,100,100.001,100.001,1,5623,50
0.0055,100,100,100,100.0055,100.0055,1,5623,50
0.0678400923497975,100,100,100,100,100,1,5623,50
0.371858433121815,100,100,100,100,100,1,5623,50
0.003,100,100,100,100.003,100.003,1,5623,50
5e-04,100,100,100,100.0005,100.0005,1,5623,50
0.466656438075006,100,100,100,100,100,1,5623,50
0.611588298808783,100,100,100,100,100,1,5623,50
0.801099029602483,100,100,100,100,100,1,5623,50
0.479746486525983,100,100,100,100,100,1,5623,50
5e-04,100,100,100,100.0005,100.0005,1,5623,50
5e-04,100,100,100,100.0005,100.0005,1,5623,50
0.231816660612822,100,100,100,100,100,1,5623,50
0.673120710067451,100,100,100,100,100,1,5623,50
0.151374931680039,100,100,100,100,100,1,5623,50
0.831853959709406,100,100,100,100,100,1,5623,50
0.481985687278211,100,100,100,100,100,1,5623,50
0.565773883135989,100,100,100,100,100,1,5623,50
0.324452132452279,100,100,100,100,100,1,5623,50
