"p","truediv","chaoest","obsD","upper","lower","l","inds","reps"
0.913727399660274,100,100,100,100,100,1,5623,50
0.170024266699329,100,100,100,100,100,1,5623,50
0.45529087819159,100,100,100,100,100,1,5623,50
0.165981248952448,100,100,100,100,100,1,5623,50
0.001,100,100,100,100.001,100.001,1,5623,50
0.739860895322636,100,100,100,100,100,1,5623,50
0.524272242328152,100,100,100,100,100,1,5623,50
0.727979236515239,100,100,100,100,100,1,5623,50
0.189808605238795,100,100,100,100,100,1,5623,50
0.135557434987277,100,100,100,100,100,1,5623,50
0.349335507722571,100,100,100,100,100,1,5623,50
0.69304241752252,100,100,100,100,100,1,5623,50
0.67255213111639,100,100,100,100,100,1,5623,50
0.124905539676547,100,100,100,100,100,1,5623,50
0.643092688405886,100,100,100,100,100,1,5623,50
0.932921038940549,100,100,100,100,100,1,5623,50
5e-04,100,100,100,100.0005,100.0005,1,5623,50
0.713011596351862,100,100,100,100,100,1,5623,50
0.867702009622008,100,100,100,100,100,1,5623,50
0.833962019067258,100,100,100,100,100,1,5623,50
0.286255171056837,100,100,100,100,100,1,5623,50
0.383540905313566,100,100,100,100,100,1,5623,50
0.813330290373415,100,100,100,100,100,1,5623,50
5e-04,100,100,100,100.0005,100.0005,1,5623,50
0.119665804319084,100,100,100,100,100,1,5623,50
0.958355223992839,100,100,100,100,100,1,5623,50
0.725540312938392,100,100,100,100,100,1,5623,50
0.400488242972642,100,100,100,100,100,1,5623,50
0.58730862243101,100,100,100,100,100,1,5623,50
0.758756574941799,100,100,100,100,100,1,5623,50
0.799535143887624,100,100,100,100,100,1,5623,50
0.628114053979516,100,100,100,100,100,1,5623,50
0.339860369451344,100,100,100,100,100,1,5623,50
0.56158022582531,100,100,100,100,100,1,5623,50
0.672817630926147,100,100,100,100,100,1,5623,50
0.762334453873336,100,100,100,100,100,1,5623,50
0.0015,100,100,100,100.0015,100.0015,1,5623,50
0.13215587544255,100,100,100,100,100,1,5623,50
0.275611253688112,100,100,100,100,100,1,5623,50
0.107356542255729,100,100,100,100,100,1,5623,50
0.473195377970114,100,100,100,100,100,1,5623,50
5e-04,100,100,100,100.0005,100.0005,1,5623,50
0.36772656114772,100,100,100,100,100,1,5623,50
0.294394739205018,100,100,100,100,100,1,5623,50
0.217330609215423,100,100,100,100,100,1,5623,50
0.505199312232435,100,100,100,100,100,1,5623,50
0.340240067103878,100,100,100,100,100,1,5623,50
0.354638439137489,100,100,100,100,100,1,5623,50
5e-04,100,100,100,100.0005,100.0005,1,5623,50
0.832686954410747,100,100,100,100,100,1,5623,50
