"p","truediv","chaoest","obsD","upper","lower","l","inds","reps"
5e-04,100,100,100,100.0005,100.0005,1,5623,50
0.242889040149748,100,100,100,100,100,1,5623,50
0.25908352388069,100,100,100,100,100,1,5623,50
0.0796114075928926,100,100,100,100,100,1,5623,50
0.774049572646618,100,100,100,100,100,1,5623,50
0.61175205395557,100,100,100,100,100,1,5623,50
0.921715645352378,100,100,100,100,100,1,5623,50
5e-04,100,100,100,100.0005,100.0005,1,5623,50
0.769807512871921,100,100,100,100,100,1,5623,50
0.705018252599984,100,100,100,100,100,1,5623,50
0.001,100,100,100,100.001,100.001,1,5623,50
0.166771344840527,100,100,100,100,100,1,5623,50
0.0015,100,100,100,100.0015,100.0015,1,5623,50
0.295342603465542,100,100,100,100,100,1,5623,50
0.96225224644877,100,100,100,100,100,1,5623,50
0.693790984572843,100,100,100,100,100,1,5623,50
0.185259622521698,100,100,100,100,100,1,5623,50
0.0185952140018344,100,100,100,100,100,1,5623,50
0.99964035465382,100,100,100,100,100,1,5623,50
0.342076166067272,100,100,100,100,100,1,5623,50
0.0613045920617878,100,100,100,100,100,1,5623,50
0.646760504227132,100,100,100,100,100,1,5623,50
0.447457850445062,100,100,100,100,100,1,5623,50
0.819740084465593,100,100,100,100,100,1,5623,50
0.002,100,100,100,100.002,100.002,1,5623,50
0.753427971387282,100,100,100,100,100,1,5623,50
0.970019801752642,100,100,100,100,100,1,5623,50
0.701682849787176,100,100,100,100,100,1,5623,50
0.634483926463872,100,100,100,100,100,1,5623,50
0.251062960363925,100,100,100,100,100,1,5623,50
0.32937184907496,100,100,100,100,100,1,5623,50
0.13626459101215,100,100,100,100,100,1,5623,50
0.530660162679851,100,100,100,100,100,1,5623,50
0.342168821720406,100,100,100,100,100,1,5623,50
0.494153614388779,100,100,100,100,100,1,5623,50
0.857249199645594,100,100,100,100,100,1,5623,50
0.618886018171906,100,100,100,100,100,1,5623,50
5e-04,100,100,100,100.0005,100.0005,1,5623,50
0.743755754316226,100,100,100,100,100,1,5623,50
0.18707704753615,100,100,100,100,100,1,5623,50
0.360679302131757,100,100,100,100,100,1,5623,50
0.93051179475151,100,100,100,100,100,1,5623,50
0.167505024699494,100,100,100,100,100,1,5623,50
0.7569510336034,100,100,100,100,100,1,5623,50
0.836050407961011,100,100,100,100,100,1,5623,50
0.323646720964462,100,100,100,100,100,1,5623,50
0.422142441151664,100,100,100,100,100,1,5623,50
0.962014033691958,100,100,100,100,100,1,5623,50
0.0313342006411403,100,100,100,100,100,1,5623,50
0.001,100,100,100,100.001,100.001,1,5623,50
