"p","truediv","chaoest","obsD","upper","lower","l","inds","reps"
0.5975678677205,100,100,100,100,100,1,5623,50
0.752943337662145,100,100,100,100,100,1,5623,50
0.389507109066471,100,100,100,100,100,1,5623,50
5e-04,100,100,100,100.0005,100.0005,1,5623,50
0.474900301778689,100,100,100,100,100,1,5623,50
0.918097914662212,100,100,100,100,100,1,5623,50
0.765552453463897,100,100,100,100,100,1,5623,50
0.9995,100,100,100,99.9997500444603,99.9997500444603,1,5623,50
0.955511452164501,100,100,100,100,100,1,5623,50
0.930304874200374,100,100,100,100,100,1,5623,50
0.005,100,100,100,100.005,100.005,1,5623,50
0.948174812132493,100,100,100,100,100,1,5623,50
0.00086379493586719,100,100,100,100,100,1,5623,50
0.838000947842374,100,100,100,100,100,1,5623,50
0.399108879733831,100,100,100,100,100,1,5623,50
0.007,100,100,100,100.007,100.007,1,5623,50
5e-04,100,100,100,100.0005,100.0005,1,5623,50
0.0015,100,100,100,100.0015,100.0015,1,5623,50
0.394848586525768,100,100,100,100,100,1,5623,50
0.0727940676733851,100,100,100,100,100,1,5623,50
0.845523866359144,100,100,100,100,100,1,5623,50
0.149423432769254,100,100,100,100,100,1,5623,50
0.632446964271367,100,100,100,100,100,1,5623,50
5e-04,100,100,100,100.0005,100.0005,1,5623,50
0.0592203799169511,100,100,100,100,100,1,5623,50
0.722837766632438,100,100,100,100,100,1,5623,50
0.613636455498636,100,100,100,100,100,1,5623,50
0.71014515706338,100,100,100,100,100,1,5623,50
0.840727187460288,100,100,100,100,100,1,5623,50
0.300157994264737,100,100,100,100,100,1,5623,50
0.735488306265324,100,100,100,100,100,1,5623,50
0.503378255292773,100,100,100,100,100,1,5623,50
0.907249995972961,100,100,100,100,100,1,5623,50
0.957024976145476,100,100,100,100,100,1,5623,50
0.465282594086602,100,100,100,100,100,1,5623,50
0.945637610275298,100,100,100,100,100,1,5623,50
0.450933238957077,100,100,100,100,100,1,5623,50
0.543428367003798,100,100,100,100,100,1,5623,50
0.212491960963234,100,100,100,100,100,1,5623,50
0.345051583833992,100,100,100,100,100,1,5623,50
0.820274475961924,100,100,100,100,100,1,5623,50
0.239684019703418,100,100,100,100,100,1,5623,50
0.0015,100,100,100,100.0015,100.0015,1,5623,50
0.764200584730133,100,100,100,100,100,1,5623,50
0.374048478202894,100,100,100,100,100,1,5623,50
0.0015,100,100,100,100.0015,100.0015,1,5623,50
5e-04,100,100,100,100.0005,100.0005,1,5623,50
0.345729743596166,100,100,100,100,100,1,5623,50
0.103493679547682,100,100,100,100,100,1,5623,50
0.949688234366477,100,100,100,100,100,1,5623,50
