"p","truediv","chaoest","obsD","upper","lower","l","inds","reps"
0.052,100,100,100,100.052,99.052,1,5623,50
0.173675959464163,100,100,100,100,100,1,5623,50
0.483896028017625,100,100,100,100,100,1,5623,50
5e-04,100,100,100,100.0005,100.0005,1,5623,50
0.001,100,100,100,100.001,100.001,1,5623,50
0.64296373911202,100,100,100,100,100,1,5623,50
0.492294805822894,100,100,100,100,100,1,5623,50
0.021,100,100,100,100.021,100.021,1,5623,50
0.154102004133165,100,100,100,100,100,1,5623,50
0.56695345742628,100,100,100,100,100,1,5623,50
0.271986629581079,100,100,100,100,100,1,5623,50
0.0658635417930782,100,100,100,100,100,1,5623,50
0.730427719885483,100,100,100,100,100,1,5623,50
0.678771801525727,100,100,100,100,100,1,5623,50
0.258505382807925,100,100,100,100,100,1,5623,50
0.322116883704439,100,100,100,100,100,1,5623,50
0.362398922210559,100,100,100,100,100,1,5623,50
0.46833932865411,100,100,100,100,100,1,5623,50
5e-04,100,100,100,100.0005,100.0005,1,5623,50
0.720255850348622,100,100,100,100,100,1,5623,50
0.795656182337552,100,100,100,100,100,1,5623,50
0.185242409119383,100,100,100,100,100,1,5623,50
0.004,100,100,100,100.004,100.004,1,5623,50
0.985933041200042,100,100,100,100,100,1,5623,50
5e-04,100,100,100,100.0005,100.0005,1,5623,50
0.001,100,100,100,100.001,100.001,1,5623,50
0.880617205519229,100,100,100,100,100,1,5623,50
0.901692548533902,100,100,100,100,100,1,5623,50
0.541284429375082,100,100,100,100,100,1,5623,50
0.0025,100,100,100,100.0025,100.0025,1,5623,50
0.207971066236496,100,100,100,100,100,1,5623,50
0.741544280201197,100,100,100,100,100,1,5623,50
0.461867003003135,100,100,100,100,100,1,5623,50
5e-04,100,100,100,100.0005,100.0005,1,5623,50
0.381710588932037,100,100,100,100,100,1,5623,50
0.74080622359179,100,100,100,100,100,1,5623,50
0.634171811398119,100,100,100,100,100,1,5623,50
0.696778864599764,100,100,100,100,100,1,5623,50
0.352380102965981,100,100,100,100,100,1,5623,50
0.104118595831096,100,100,100,100,100,1,5623,50
0.981576086720452,100,100,100,100,100,1,5623,50
0.0035,100,100,100,100.0035,100.0035,1,5623,50
0.567525316029787,100,100,100,100,100,1,5623,50
0.00660036248154938,100,100,100,100,100,1,5623,50
0.852739052614197,100,100,100,100,100,1,5623,50
0.280124524841085,100,100,100,100,100,1,5623,50
0.0015,100,100,100,100.0015,100.0015,1,5623,50
0.297628077445552,100,100,100,100,100,1,5623,50
0.6559465858154,100,100,100,100,100,1,5623,50
0.492294075898826,100,100,100,100,100,1,5623,50
