"p","truediv","chaoest","obsD","upper","lower","l","inds","reps"
0.939676337642595,100,100,100,100,100,1,5623,50
0.415447006234899,100,100,100,100,100,1,5623,50
0.142611608374864,100,100,100,100,100,1,5623,50
0.908095968654379,100,100,100,100,100,1,5623,50
0.51981141930446,100,100,100,100,100,1,5623,50
0.0283624473959208,100,100,100,100,100,1,5623,50
5e-04,100,100,100,100.0005,100.0005,1,5623,50
0.394110450753942,100,100,100,100,100,1,5623,50
0.307858505519107,100,100,100,100,100,1,5623,50
0.867422227980569,100,100,100,100,100,1,5623,50
0.237467190716416,100,100,100,100,100,1,5623,50
0.0015,100,100,100,100.0015,100.0015,1,5623,50
0.648927556816489,100,100,100,100,100,1,5623,50
0.0075,100,100,100,100.0075,100.0075,1,5623,50
0.504752481821924,100,100,100,100,100,1,5623,50
0.836888284189627,100,100,100,100,100,1,5623,50
0.0025,100,100,100,100.0025,100.0025,1,5623,50
0.001,100,100,100,100.001,100.001,1,5623,50
0.0045,100,100,100,100.0045,100.0045,1,5623,50
5e-04,100,100,100,100.0005,100.0005,1,5623,50
0.838528322055936,100,100,100,100,100,1,5623,50
0.0065,100,100,100,100.0065,100.0065,1,5623,50
0.409198579145595,100,100,100,100,100,1,5623,50
0.220757900038734,100,100,100,100,100,1,5623,50
0.51705907122232,100,100,100,100,100,1,5623,50
0.94742155005224,100,100,100,100,100,1,5623,50
0.001,100,100,100,100.001,100.001,1,5623,50
0.665370545815676,100,100,100,100,100,1,5623,50
5e-04,100,100,100,100.0005,100.0005,1,5623,50
0.00812673103064299,100,100,100,100,100,1,5623,50
0.100029040360823,100,100,100,100,100,1,5623,50
0.360256797866896,100,100,100,100,100,1,5623,50
0.796262120362371,100,100,100,100,100,1,5623,50
0.798070936230943,100,100,100,100,100,1,5623,50
0.755000996403396,100,100,100,100,100,1,5623,50
0.0166424356866628,100,100,100,100,100,1,5623,50
0.413792339386418,100,100,100,100,100,1,5623,50
0.0015,100,100,100,100.0015,100.0015,1,5623,50
0.835509880911559,100,100,100,100,100,1,5623,50
0.0783982360735536,100,100,100,100,100,1,5623,50
0.706075011054054,100,100,100,100,100,1,5623,50
0.828388613183051,100,100,100,100,100,1,5623,50
0.008,100,100,100,100.008,100.008,1,5623,50
0.21412883978337,100,100,100,100,100,1,5623,50
0.593606975628063,100,100,100,100,100,1,5623,50
0.990859189303592,100,100,100,100,100,1,5623,50
0.615144402952865,100,100,100,100,100,1,5623,50
0.003,100,100,100,100.003,100.003,1,5623,50
0.276535890297964,100,100,100,100,100,1,5623,50
0.0768638164736331,100,100,100,100,100,1,5623,50
