"p","truediv","chaoest","obsD","upper","lower","l","inds","reps"
5e-04,100,100,100,100.0005,100.0005,1,5623,50
0.249543944606557,100,100,100,100,100,1,5623,50
0.919223435455933,100,100,100,100,100,1,5623,50
0.983737478498369,100,100,100,100,100,1,5623,50
0.589629971655086,100,100,100,100,100,1,5623,50
0.0961219221353531,100,100,100,100,100,1,5623,50
0.794316294370219,100,100,100,100,100,1,5623,50
0.174388117389753,100,100,100,100,100,1,5623,50
0.690993011463434,100,100,100,100,100,1,5623,50
5e-04,100,100,100,100.0005,100.0005,1,5623,50
0.00212067179381847,100,100,100,100,100,1,5623,50
0.801078675081953,100,100,100,100,100,1,5623,50
0.648718781536445,100,100,100,100,100,1,5623,50
0.67020783177577,100,100,100,100,100,1,5623,50
0.814063757425174,100,100,100,100,100,1,5623,50
0.867599693126976,100,100,100,100,100,1,5623,50
0.0065,100,100,100,100.0065,100.0065,1,5623,50
5e-04,100,100,100,100.0005,100.0005,1,5623,50
0.199191040825099,100,100,100,100,100,1,5623,50
0.278609131462872,100,100,100,100,100,1,5623,50
0.507176030194387,100,100,100,100,100,1,5623,50
0.001,100,100,100,100.001,100.001,1,5623,50
0.580016132444143,100,100,100,100,100,1,5623,50
0.937833862379193,100,100,100,100,100,1,5623,50
0.733645628904924,100,100,100,100,100,1,5623,50
5e-04,100,100,100,100.0005,100.0005,1,5623,50
0.542382007697597,100,100,100,100,100,1,5623,50
5e-04,100,100,100,100.0005,100.0005,1,5623,50
0.805454505607486,100,100,100,100,100,1,5623,50
0.350185081362724,100,100,100,100,100,1,5623,50
0.549627918517217,100,100,100,100,100,1,5623,50
0.0165,100,100,100,100.0165,100.0165,1,5623,50
0.0015,100,100,100,100.0015,100.0015,1,5623,50
0.917361195199192,100,100,100,100,100,1,5623,50
0.777447444852442,100,100,100,100,100,1,5623,50
0.965207761153579,100,100,100,100,100,1,5623,50
0.099612376652658,100,100,100,100,100,1,5623,50
0.0035,100,100,100,100.0035,100.0035,1,5623,50
0.002,100,100,100,100.002,100.002,1,5623,50
0.434776702430099,100,100,100,100,100,1,5623,50
0.025,100,100,100,100.024500088921,99.0245000889205,1,5623,50
0.769803067669272,100,100,100,100,100,1,5623,50
0.800351868150756,100,100,100,100,100,1,5623,50
0.680550329387188,100,100,100,100,100,1,5623,50
0.967252800241113,100,100,100,100,100,1,5623,50
5e-04,100,100,100,100.0005,100.0005,1,5623,50
0.955362141365185,100,100,100,100,100,1,5623,50
0.016,100,100,100,100.013750400142,100.013750400142,1,5623,50
0.262044046772644,100,100,100,100,100,1,5623,50
0.520232780836523,100,100,100,100,100,1,5623,50
