"p","truediv","chaoest","obsD","upper","lower","l","inds","reps"
5e-04,100,100,100,100.0005,100.0005,1,5623,50
0.830405633198097,100,100,100,100,100,1,5623,50
0.0141359290573746,100,100,100,100,100,1,5623,50
0.929553458001465,100,100,100,100,100,1,5623,50
0.867107946891338,100,100,100,100,100,1,5623,50
0.316216341219842,100,100,100,100,100,1,5623,50
0.917431221809238,100,100,100,100,100,1,5623,50
0.371572318952531,100,100,100,100,100,1,5623,50
5e-04,100,100,100,100.0005,100.0005,1,5623,50
0.7441739407368,100,100,100,100,100,1,5623,50
0.0218564891256392,100,100,100,100,100,1,5623,50
0.555742454482242,100,100,100,100,100,1,5623,50
0.859529592329636,100,100,100,100,100,1,5623,50
0.704794591059908,100,100,100,100,100,1,5623,50
0.419698419049382,100,100,100,100,100,1,5623,50
5e-04,100,100,100,100.0005,100.0005,1,5623,50
0.327820523874834,100,100,100,100,100,1,5623,50
5e-04,100,100,100,100.0005,100.0005,1,5623,50
0.825099252164364,100,100,100,100,100,1,5623,50
0.757832335541025,100,100,100,100,100,1,5623,50
0.247947460506111,100,100,100,100,100,1,5623,50
0.966450449079275,100,100,100,100,100,1,5623,50
0.439857975346968,100,100,100,100,100,1,5623,50
0.3244892321527,100,100,100,100,100,1,5623,50
0.922083036741242,100,100,100,100,100,1,5623,50
0.86472967849113,100,100,100,100,100,1,5623,50
0.780029270565137,100,100,100,100,100,1,5623,50
0.0438512044493109,100,100,100,100,100,1,5623,50
5e-04,100,100,100,100.0005,100.0005,1,5623,50
5e-04,100,100,100,100.0005,100.0005,1,5623,50
0.843206465011463,100,100,100,100,100,1,5623,50
0.596231413539499,100,100,100,100,100,1,5623,50
0.009,100,100,100,100.00875004446,100.00875004446,1,5623,50
0.560295692412183,100,100,100,100,100,1,5623,50
0.0025,100,100,100,100.0025,100.0025,1,5623,50
0.001,100,100,100,100.001,100.001,1,5623,50
0.321293787099421,100,100,100,100,100,1,5623,50
0.0015,100,100,100,100.0015,100.0015,1,5623,50
0.0015,100,100,100,100.0015,100.0015,1,5623,50
0.751090682577342,100,100,100,100,100,1,5623,50
0.706257884623483,100,100,100,100,100,1,5623,50
0.258619436062872,100,100,100,100,100,1,5623,50
0.001,100,100,100,100.001,100.001,1,5623,50
0.215333769330755,100,100,100,100,100,1,5623,50
0.35202209232375,100,100,100,100,100,1,5623,50
5e-04,100,100,100,100.0005,100.0005,1,5623,50
0.388170971767977,100,100,100,100,100,1,5623,50
0.737819684669375,100,100,100,100,100,1,5623,50
5e-04,100,100,100,100.0005,100.0005,1,5623,50
0.626372766913846,100,100,100,100,100,1,5623,50
