"p","truediv","chaoest","obsD","upper","lower","l","inds","reps"
0.582486894913018,100,100,100,100,100,1,5623,50
0.322255945997313,100,100,100,100,100,1,5623,50
0.485323238186538,100,100,100,100,100,1,5623,50
0.318223433336243,100,100,100,100,100,1,5623,50
0.473110693506896,100,100,100,100,100,1,5623,50
5e-04,100,100,100,100.0005,100.0005,1,5623,50
0.576953336596489,100,100,100,100,100,1,5623,50
0.728606686461717,100,100,100,100,100,1,5623,50
5e-04,100,100,100,100.0005,100.0005,1,5623,50
0.514756887452677,100,100,100,100,100,1,5623,50
5e-04,100,100,100,100.0005,100.0005,1,5623,50
0.830632156459615,100,100,100,100,100,1,5623,50
0.823201040737331,100,100,100,100,100,1,5623,50
0.840034538414329,100,100,100,100,100,1,5623,50
0.779342819936574,100,100,100,100,100,1,5623,50
0.001,100,100,100,100.001,100.001,1,5623,50
0.0015,100,100,100,100.0015,100.0015,1,5623,50
5e-04,100,100,100,100.0005,100.0005,1,5623,50
0.776560276281089,100,100,100,100,100,1,5623,50
0.853954898891971,100,100,100,100,100,1,5623,50
0.40262570604682,100,100,100,100,100,1,5623,50
0.617570702219382,100,100,100,100,100,1,5623,50
0.459787589032203,100,100,100,100,100,1,5623,50
0.59476483031176,100,100,100,100,100,1,5623,50
0.70342431194149,100,100,100,100,100,1,5623,50
0.218755435198545,100,100,100,100,100,1,5623,50
0.701419491320848,100,100,100,100,100,1,5623,50
0.540641473839059,100,100,100,100,100,1,5623,50
0.767608805326745,100,100,100,100,100,1,5623,50
0.687996918102726,100,100,100,100,100,1,5623,50
0.00456790556199849,100,100,100,100,100,1,5623,50
0.689081388060004,100,100,100,100,100,1,5623,50
0.531433345284313,100,100,100,100,100,1,5623,50
5e-04,100,100,100,100.0005,100.0005,1,5623,50
0.333974800771102,100,100,100,100,100,1,5623,50
0.803408704232424,100,100,100,100,100,1,5623,50
0.970876514911652,100,100,100,100,100,1,5623,50
0.410410926211625,100,100,100,100,100,1,5623,50
0.758995523210615,100,100,100,100,100,1,5623,50
0.803571992553771,100,100,100,100,100,1,5623,50
0.856289850082248,100,100,100,100,100,1,5623,50
0.606319126905873,100,100,100,100,100,1,5623,50
0.821034943219274,100,100,100,100,100,1,5623,50
0.511244768509641,100,100,100,100,100,1,5623,50
0.387123752385378,100,100,100,100,100,1,5623,50
5e-04,100,100,100,100.0005,100.0005,1,5623,50
0.112205657875165,100,100,100,100,100,1,5623,50
0.99518981250003,100,100,100,100,100,1,5623,50
0.001,100,100,100,100.001,100.001,1,5623,50
0.0340832560323179,100,100,100,100,100,1,5623,50
