"p","truediv","chaoest","obsD","upper","lower","l","inds","reps"
0.318452285369858,100,100,100,100,100,1,5623,50
0.252567373216152,100,100,100,100,100,1,5623,50
0.497371490346268,100,100,100,100,100,1,5623,50
5e-04,100,100,100,100.0005,100.0005,1,5623,50
0.175512313609943,100,100,100,100,100,1,5623,50
0.127429682295769,100,100,100,100,100,1,5623,50
0.0495,100,100,100,100.0495,99.0495,1,5623,50
0.920333064161241,100,100,100,100,100,1,5623,50
5e-04,100,100,100,100.0005,100.0005,1,5623,50
0.850215630140156,100,100,100,100,100,1,5623,50
0.664168033981696,100,100,100,100,100,1,5623,50
0.641024073120207,100,100,100,100,100,1,5623,50
0.0199988121166825,100,100,100,100,100,1,5623,50
0.835518099600449,100,100,100,100,100,1,5623,50
0.196104041067883,100,100,100,100,100,1,5623,50
0.251689517870545,100,100,100,100,100,1,5623,50
0.777834768639877,100,100,100,100,100,1,5623,50
0.734517144504935,100,100,100,100,100,1,5623,50
0.268448645947501,100,100,100,100,100,1,5623,50
5e-04,100,100,100,100.0005,100.0005,1,5623,50
0.100359943695366,100,100,100,100,100,1,5623,50
0.001,100,100,100,100.001,100.001,1,5623,50
0.608288529561833,100,100,100,100,100,1,5623,50
0.578542680712417,100,100,100,100,100,1,5623,50
0.197400741977617,100,100,100,100,100,1,5623,50
0.95366691169329,100,100,100,100,100,1,5623,50
0.106414386536926,100,100,100,100,100,1,5623,50
0.202210036106408,100,100,100,100,100,1,5623,50
0.627589248586446,100,100,100,100,100,1,5623,50
0.410074589541182,100,100,100,100,100,1,5623,50
0.89418700709939,100,100,100,100,100,1,5623,50
0.0125,100,100,100,100.0125,100.0125,1,5623,50
0.685254871845245,100,100,100,100,100,1,5623,50
0.388968768529594,100,100,100,100,100,1,5623,50
0.0289991640020162,100,100,100,100,100,1,5623,50
5e-04,100,100,100,100.0005,100.0005,1,5623,50
0.692522968864068,100,100,100,100,100,1,5623,50
0.488857377786189,100,100,100,100,100,1,5623,50
0.865963450167328,100,100,100,100,100,1,5623,50
0.250130984466523,100,100,100,100,100,1,5623,50
0.879206567071378,100,100,100,100,100,1,5623,50
0.767581550870091,100,100,100,100,100,1,5623,50
0.2050375493709,100,100,100,100,100,1,5623,50
0.270071974722669,100,100,100,100,100,1,5623,50
0.214377481024712,100,100,100,100,100,1,5623,50
5e-04,100,100,100,100.0005,100.0005,1,5623,50
5e-04,100,100,100,100.0005,100.0005,1,5623,50
0.355214732466266,100,100,100,100,100,1,5623,50
0.646627096226439,100,100,100,100,100,1,5623,50
0.595915557118133,100,100,100,100,100,1,5623,50
