"p","truediv","chaoest","obsD","upper","lower","l","inds","reps"
0.13203016621992,100,100,100,100,100,1,5623,50
0.696343862218782,100,100,100,100,100,1,5623,50
0.12190255522728,100,100,100,100,100,1,5623,50
0.246547637041658,100,100,100,100,100,1,5623,50
0.889575457433239,100,100,100,100,100,1,5623,50
0.0035,100,100,100,100.0035,100.0035,1,5623,50
0.97429510904476,100,100,100,100,100,1,5623,50
0.433736405568197,100,100,100,100,100,1,5623,50
0.15261766104959,100,100,100,100,100,1,5623,50
0.0561179285869002,100,100,100,100,100,1,5623,50
0.830550340237096,100,100,100,100,100,1,5623,50
0.431104618357494,100,100,100,100,100,1,5623,50
0.0015,100,100,100,100.0015,100.0015,1,5623,50
0.338506902568042,100,100,100,100,100,1,5623,50
0.901245617540553,100,100,100,100,100,1,5623,50
0.406834666384384,100,100,100,100,100,1,5623,50
0.906713570468128,100,100,100,100,100,1,5623,50
0.773646470159292,100,100,100,100,100,1,5623,50
0.669037044048309,100,100,100,100,100,1,5623,50
0.640358937205747,100,100,100,100,100,1,5623,50
0.104503500508144,100,100,100,100,100,1,5623,50
0.19080212735571,100,100,100,100,100,1,5623,50
5e-04,100,100,100,100.0005,100.0005,1,5623,50
0.266164452536032,100,100,100,100,100,1,5623,50
5e-04,100,100,100,100.0005,100.0005,1,5623,50
0.773178095696494,100,100,100,100,100,1,5623,50
0.953078082296997,100,100,100,100,100,1,5623,50
0.183361780596897,100,100,100,100,100,1,5623,50
0.607745599234477,100,100,100,100,100,1,5623,50
0.261698692338541,100,100,100,100,100,1,5623,50
0.404580054804683,100,100,100,100,100,1,5623,50
0.325957027263939,100,100,100,100,100,1,5623,50
0.129499362548813,100,100,100,100,100,1,5623,50
5e-04,100,100,100,100.0005,100.0005,1,5623,50
0.0241834896150976,100,100,100,100,100,1,5623,50
0.450791275128722,100,100,100,100,100,1,5623,50
0.0165712067391723,100,100,100,100,100,1,5623,50
0.295718371868134,100,100,100,100,100,1,5623,50
0.299300412414595,100,100,100,100,100,1,5623,50
0.001,100,100,100,100.001,100.001,1,5623,50
5e-04,100,100,100,100.0005,100.0005,1,5623,50
0.409589561400935,100,100,100,100,100,1,5623,50
0.221433194819838,100,100,100,100,100,1,5623,50
0.229028336238116,100,100,100,100,100,1,5623,50
0.806743784341961,100,100,100,100,100,1,5623,50
0.0424892206210643,100,100,100,100,100,1,5623,50
0.0055,100,100,100,100.0055,100.0055,1,5623,50
0.192692667245865,100,100,100,100,100,1,5623,50
0.240342838456854,100,100,100,100,100,1,5623,50
0.25635878322646,100,100,100,100,100,1,5623,50
