"p","truediv","chaoest","obsD","upper","lower","l","inds","reps"
0.690617409301922,100,100,100,100,100,1,5623,50
0.578597934218124,100,100,100,100,100,1,5623,50
0.922766513191164,100,100,100,100,100,1,5623,50
0.003,100,100,100,100.003,100.003,1,5623,50
0.0221773574594408,100,100,100,100,100,1,5623,50
0.950978734064847,100,100,100,100,100,1,5623,50
0.577648508828133,100,100,100,100,100,1,5623,50
0.57033053948544,100,100,100,100,100,1,5623,50
0.850351096596569,100,100,100,100,100,1,5623,50
0.596004251157865,100,100,100,100,100,1,5623,50
0.254371194168925,100,100,100,100,100,1,5623,50
0.835603651823476,100,100,100,100,100,1,5623,50
0.99519799486734,100,100,100,100,100,1,5623,50
0.108738157199696,100,100,100,100,100,1,5623,50
0.477115290239453,100,100,100,100,100,1,5623,50
0.372784669045359,100,100,100,100,100,1,5623,50
0.257958152331412,100,100,100,100,100,1,5623,50
5e-04,100,100,100,100.0005,100.0005,1,5623,50
0.205956159159541,100,100,100,100,100,1,5623,50
0.0316157315392047,100,100,100,100,100,1,5623,50
0.352277552010491,100,100,100,100,100,1,5623,50
0.436702905455604,100,100,100,100,100,1,5623,50
5e-04,100,100,100,100.0005,100.0005,1,5623,50
0.482252591988072,100,100,100,100,100,1,5623,50
0.447483657626435,100,100,100,100,100,1,5623,50
0.191858933772892,100,100,100,100,100,1,5623,50
5e-04,100,100,100,100.0005,100.0005,1,5623,50
0.155981272924691,100,100,100,100,100,1,5623,50
0.269111915258691,100,100,100,100,100,1,5623,50
0.208290010690689,100,100,100,100,100,1,5623,50
0.24878433928825,100,100,100,100,100,1,5623,50
0.72524079401046,100,100,100,100,100,1,5623,50
0.667991356924176,100,100,100,100,100,1,5623,50
0.674668397754431,100,100,100,100,100,1,5623,50
0.75904248515144,100,100,100,100,100,1,5623,50
0.369864322245121,100,100,100,100,100,1,5623,50
5e-04,100,100,100,100.0005,100.0005,1,5623,50
0.764466896187514,100,100,100,100,100,1,5623,50
0.812666638754308,100,100,100,100,100,1,5623,50
0.601931371493265,100,100,100,100,100,1,5623,50
0.517234115861356,100,100,100,100,100,1,5623,50
5e-04,100,100,100,100.0005,100.0005,1,5623,50
0.228451621718705,100,100,100,100,100,1,5623,50
0.0543803835753351,100,100,100,100,100,1,5623,50
0.235254430444911,100,100,100,100,100,1,5623,50
0.948741503758356,100,100,100,100,100,1,5623,50
0.264099723426625,100,100,100,100,100,1,5623,50
0.805948425084352,100,100,100,100,100,1,5623,50
0.002,100,100,100,100.002,100.002,1,5623,50
0.744586147135124,100,100,100,100,100,1,5623,50
