"p","truediv","chaoest","obsD","upper","lower","l","inds","reps"
0.273091417271644,100,100,100,100,100,1,5623,50
0.0015,100,100,100,100.0015,100.0015,1,5623,50
0.61884812801145,100,100,100,100,100,1,5623,50
0.0788342740852386,100,100,100,100,100,1,5623,50
0.147835770621896,100,100,100,100,100,1,5623,50
0.065150507260114,100,100,100,100,100,1,5623,50
0.129917179467157,100,100,100,100,100,1,5623,50
0.0324362723622471,100,100,100,100,100,1,5623,50
0.980535546550527,100,100,100,100,100,1,5623,50
0.426711003994569,100,100,100,100,100,1,5623,50
0.644113477319479,100,100,100,100,100,1,5623,50
5e-04,100,100,100,100.0005,100.0005,1,5623,50
0.276299280347303,100,100,100,100,100,1,5623,50
0.842509320005774,100,100,100,100,100,1,5623,50
0.430486861383542,100,100,100,100,100,1,5623,50
5e-04,100,100,100,100.0005,100.0005,1,5623,50
0.89224068261683,100,100,100,100,100,1,5623,50
0.637955010170117,100,100,100,100,100,1,5623,50
0.459650336764753,100,100,100,100,100,1,5623,50
0.00393123086541891,100,100,100,100,100,1,5623,50
0.721628568833694,100,100,100,100,100,1,5623,50
0.330034541664645,100,100,100,100,100,1,5623,50
0.005,100,100,100,100.005,100.005,1,5623,50
0.868542974814773,100,100,100,100,100,1,5623,50
0.600657189032063,100,100,100,100,100,1,5623,50
0.995862424373627,100,100,100,100,100,1,5623,50
0.54300137469545,100,100,100,100,100,1,5623,50
0.541467118542641,100,100,100,100,100,1,5623,50
0.984747778391466,100,100,100,100,100,1,5623,50
0.240973641863093,100,100,100,100,100,1,5623,50
0.569949902361259,100,100,100,100,100,1,5623,50
0.19082824815996,100,100,100,100,100,1,5623,50
0.544322491623461,100,100,100,100,100,1,5623,50
5e-04,100,100,100,100.0005,100.0005,1,5623,50
0.001,100,100,100,100.001,100.001,1,5623,50
0.0159202110953629,100,100,100,100,100,1,5623,50
0.324649966554716,100,100,100,100,100,1,5623,50
0.11007496342063,100,100,100,100,100,1,5623,50
0.002,100,100,100,100.002,100.002,1,5623,50
0.96544380299747,100,100,100,100,100,1,5623,50
0.317511179717258,100,100,100,100,100,1,5623,50
0.917837256332859,100,100,100,100,100,1,5623,50
0.001,100,100,100,100.001,100.001,1,5623,50
0.766364800976589,100,100,100,100,100,1,5623,50
0.619646403007209,100,100,100,100,100,1,5623,50
5e-04,100,100,100,100.0005,100.0005,1,5623,50
0.002,100,100,100,100.002,100.002,1,5623,50
0.881512823747471,100,100,100,100,100,1,5623,50
5e-04,100,100,100,100.0005,100.0005,1,5623,50
0.69496926991269,100,100,100,100,100,1,5623,50
