"p","truediv","chaoest","obsD","upper","lower","l","inds","reps"
0.305409679654986,100,100,100,100,100,1,5623,50
5e-04,100,100,100,100.0005,100.0005,1,5623,50
0.001,100,100,100,100.001,100.001,1,5623,50
0.755818066885695,100,100,100,100,100,1,5623,50
0.156141312792897,100,100,100,100,100,1,5623,50
0.0435601975768805,100,100,100,100,100,1,5623,50
0.326255821390077,100,100,100,100,100,1,5623,50
5e-04,100,100,100,100.0005,100.0005,1,5623,50
0.139079580083489,100,100,100,100,100,1,5623,50
0.630630583735183,100,100,100,100,100,1,5623,50
0.689880381105468,100,100,100,100,100,1,5623,50
0.698924537282437,100,100,100,100,100,1,5623,50
0.290678368648514,100,100,100,100,100,1,5623,50
0.331807680195197,100,100,100,100,100,1,5623,50
0.865903859259561,100,100,100,100,100,1,5623,50
0.157158315181732,100,100,100,100,100,1,5623,50
0.001,100,100,100,100.001,100.001,1,5623,50
5e-04,100,100,100,100.0005,100.0005,1,5623,50
0.450939750298858,100,100,100,100,100,1,5623,50
0.113464007619768,100,100,100,100,100,1,5623,50
0.005,100,100,100,100.005,100.005,1,5623,50
5e-04,100,100,100,100.0005,100.0005,1,5623,50
0.0385082175489515,100,100,100,100,100,1,5623,50
0.271976265124977,100,100,100,100,100,1,5623,50
0.945770920952782,100,100,100,100,100,1,5623,50
0.766266562044621,100,100,100,100,100,1,5623,50
5e-04,100,100,100,100.0005,100.0005,1,5623,50
0.0055,100,100,100,100.00525004446,100.00525004446,1,5623,50
0.58164223912172,100,100,100,100,100,1,5623,50
0.001,100,100,100,100.001,100.001,1,5623,50
0.220405773958191,100,100,100,100,100,1,5623,50
5e-04,100,100,100,100.0005,100.0005,1,5623,50
0.746936363168061,100,100,100,100,100,1,5623,50
0.001,100,100,100,100.001,100.001,1,5623,50
5e-04,100,100,100,100.0005,100.0005,1,5623,50
0.189952687593177,100,100,100,100,100,1,5623,50
0.200297990581021,100,100,100,100,100,1,5623,50
0.277021352434531,100,100,100,100,100,1,5623,50
0.304222411243245,100,100,100,100,100,1,5623,50
0.001,100,100,100,100.001,100.001,1,5623,50
0.0045,100,100,100,100.00425004446,100.00425004446,1,5623,50
0.902472152141854,100,100,100,100,100,1,5623,50
0.887928403215483,100,100,100,100,100,1,5623,50
0.005,100,100,100,100.005,100.005,1,5623,50
0.176235498394817,100,100,100,100,100,1,5623,50
0.579037748277187,100,100,100,100,100,1,5623,50
5e-04,100,100,100,100.0005,100.0005,1,5623,50
0.951984562678263,100,100,100,100,100,1,5623,50
5e-04,100,100,100,100.0005,100.0005,1,5623,50
0.416797841433436,100,100,100,100,100,1,5623,50
