"p","truediv","chaoest","obsD","upper","lower","l","inds","reps"
0.903153994586319,100,100,100,100,100,1,5623,50
0.203801568131894,100,100,100,100,100,1,5623,50
0.193148718914017,100,100,100,100,100,1,5623,50
0.481101817684248,100,100,100,100,100,1,5623,50
0.823877892224118,100,100,100,100,100,1,5623,50
0.464220107765868,100,100,100,100,100,1,5623,50
0.792538341367617,100,100,100,100,100,1,5623,50
0.787309031467885,100,100,100,100,100,1,5623,50
0.0680342039559036,100,100,100,100,100,1,5623,50
0.22630199114792,100,100,100,100,100,1,5623,50
0.336524123558775,100,100,100,100,100,1,5623,50
0.0015,100,100,100,100.0015,100.0015,1,5623,50
0.4596938341856,100,100,100,100,100,1,5623,50
0.001,100,100,100,100.001,100.001,1,5623,50
0.0426923749037087,100,100,100,100,100,1,5623,50
0.843569344608113,100,100,100,100,100,1,5623,50
0.645793140633032,100,100,100,100,100,1,5623,50
0.527873275335878,100,100,100,100,100,1,5623,50
0.556985441828147,100,100,100,100,100,1,5623,50
0.984334066044539,100,100,100,100,100,1,5623,50
0.896121972240508,100,100,100,100,100,1,5623,50
0.954318422358483,100,100,100,100,100,1,5623,50
0.182854198850691,100,100,100,100,100,1,5623,50
5e-04,100,100,100,100.0005,100.0005,1,5623,50
0.367591242771596,100,100,100,100,100,1,5623,50
5e-04,100,100,100,100.0005,100.0005,1,5623,50
0.287208143854514,100,100,100,100,100,1,5623,50
0.354121265001595,100,100,100,100,100,1,5623,50
0.348642368568107,100,100,100,100,100,1,5623,50
0.01,100,100,100,100.007250489063,100.007250489063,1,5623,50
0.454477600054815,100,100,100,100,100,1,5623,50
0.542975572869182,100,100,100,100,100,1,5623,50
0.4963391025085,100,100,100,100,100,1,5623,50
0.001,100,100,100,100.001,100.001,1,5623,50
0.002,100,100,100,100.002,100.002,1,5623,50
0.33447866817005,100,100,100,100,100,1,5623,50
0.0825520765502006,100,100,100,100,100,1,5623,50
0.541284155100584,100,100,100,100,100,1,5623,50
0.183046711608768,100,100,100,100,100,1,5623,50
0.290700634708628,100,100,100,100,100,1,5623,50
5e-04,100,100,100,100.0005,100.0005,1,5623,50
5e-04,100,100,100,100.0005,100.0005,1,5623,50
0.637029087170959,100,100,100,100,100,1,5623,50
0.0771866284776479,100,100,100,100,100,1,5623,50
0.991110048489645,100,100,100,100,100,1,5623,50
0.448188246693462,100,100,100,100,100,1,5623,50
0.0025,100,100,100,100.0025,100.0025,1,5623,50
0.001,100,100,100,100.001,100.001,1,5623,50
0.907768913079053,100,100,100,100,100,1,5623,50
5e-04,100,100,100,100.0005,100.0005,1,5623,50
