"p","truediv","chaoest","obsD","upper","lower","l","inds","reps"
0.121606411412358,100,100,100,100,100,1,5623,50
0.053,100,100,100,100.051750222301,99.0517502223013,1,5623,50
5e-04,100,100,100,100.0005,100.0005,1,5623,50
0.969205952482298,100,100,100,100,100,1,5623,50
5e-04,100,100,100,100.0005,100.0005,1,5623,50
0.0230043258052319,100,100,100,100,100,1,5623,50
0.255732950987294,100,100,100,100,100,1,5623,50
0.0015,100,100,100,100.0015,100.0015,1,5623,50
0.433732408331707,100,100,100,100,100,1,5623,50
0.8504008569289,100,100,100,100,100,1,5623,50
0.018032421823591,100,100,100,100,100,1,5623,50
0.850037602242082,100,100,100,100,100,1,5623,50
0.769044365268201,100,100,100,100,100,1,5623,50
0.003,100,100,100,100.003,100.003,1,5623,50
0.589054273208603,100,100,100,100,100,1,5623,50
0.0185,100,100,100,100.0185,100.0185,1,5623,50
0.549818702740595,100,100,100,100,100,1,5623,50
0.106856483966112,100,100,100,100,100,1,5623,50
0.0045,100,100,100,100.0045,100.0045,1,5623,50
0.686976381810382,100,100,100,100,100,1,5623,50
0.669706782791764,100,100,100,100,100,1,5623,50
0.943867701338604,100,100,100,100,100,1,5623,50
0.523301389534026,100,100,100,100,100,1,5623,50
0.631273762090132,100,100,100,100,100,1,5623,50
0.006,100,100,100,100.006,100.006,1,5623,50
0.116480418480933,100,100,100,100,100,1,5623,50
0.51052472833544,100,100,100,100,100,1,5623,50
0.411132664419711,100,100,100,100,100,1,5623,50
0.001,100,100,100,100.001,100.001,1,5623,50
0.001,100,100,100,100.001,100.001,1,5623,50
0.431639343732968,100,100,100,100,100,1,5623,50
0.0655045520979911,100,100,100,100,100,1,5623,50
0.745992558542639,100,100,100,100,100,1,5623,50
0.749016684712842,100,100,100,100,100,1,5623,50
5e-04,100,100,100,100.0005,100.0005,1,5623,50
0.002,100,100,100,100.002,100.002,1,5623,50
0.461192222544923,100,100,100,100,100,1,5623,50
0.0065,100,100,100,100.0065,100.0065,1,5623,50
5e-04,100,100,100,100.0005,100.0005,1,5623,50
0.001,100,100,100,100.001,100.001,1,5623,50
0.0025,100,100,100,100.0025,100.0025,1,5623,50
0.526685317512602,100,100,100,100,100,1,5623,50
0.830332215409726,100,100,100,100,100,1,5623,50
0.244162854971364,100,100,100,100,100,1,5623,50
0.002,100,100,100,100.002,100.002,1,5623,50
0.22130726929754,100,100,100,100,100,1,5623,50
0.006,100,100,100,100.006,100.006,1,5623,50
0.647313715424389,100,100,100,100,100,1,5623,50
0.606838115258142,100,100,100,100,100,1,5623,50
0.304184046806768,100,100,100,100,100,1,5623,50
