"p","truediv","chaoest","obsD","upper","lower","l","inds","reps"
0.970746509497985,100,100,100,100,100,1,5623,50
0.440102216554806,100,100,100,100,100,1,5623,50
0.702685086987913,100,100,100,100,100,1,5623,50
0.728262659162283,100,100,100,100,100,1,5623,50
0.481938266195357,100,100,100,100,100,1,5623,50
0.638428468257189,100,100,100,100,100,1,5623,50
5e-04,100,100,100,100.0005,100.0005,1,5623,50
0.921074515674263,100,100,100,100,100,1,5623,50
0.0055,100,100,100,100.0055,100.0055,1,5623,50
0.255481585860252,100,100,100,100,100,1,5623,50
5e-04,100,100,100,100.0005,100.0005,1,5623,50
0.001,100,100,100,100.001,100.001,1,5623,50
0.670723700197414,100,100,100,100,100,1,5623,50
0.726970398100093,100,100,100,100,100,1,5623,50
0.20037830225192,100,100,100,100,100,1,5623,50
0.221865294035524,100,100,100,100,100,1,5623,50
5e-04,100,100,100,100.0005,100.0005,1,5623,50
0.945908633759245,100,100,100,100,100,1,5623,50
0.002,100,100,100,100.00175004446,100.00175004446,1,5623,50
5e-04,100,100,100,100.0005,100.0005,1,5623,50
0.0992719884961843,100,100,100,100,100,1,5623,50
0.47074868506752,100,100,100,100,100,1,5623,50
0.920259218662977,100,100,100,100,100,1,5623,50
0.001,100,100,100,100.001,100.001,1,5623,50
0.783224592683837,100,100,100,100,100,1,5623,50
0.351933249272406,100,100,100,100,100,1,5623,50
0.0515132532455027,100,100,100,100,100,1,5623,50
0.835842557251453,100,100,100,100,100,1,5623,50
0.403878231765702,100,100,100,100,100,1,5623,50
0.001,100,100,100,100.001,100.001,1,5623,50
0.833137613721192,100,100,100,100,100,1,5623,50
0.608680512290448,100,100,100,100,100,1,5623,50
0.960572098847479,100,100,100,100,100,1,5623,50
0.278356889961287,100,100,100,100,100,1,5623,50
0.239121395628899,100,100,100,100,100,1,5623,50
0.344742830144241,100,100,100,100,100,1,5623,50
0.926911544287577,100,100,100,100,100,1,5623,50
0.627917479490861,100,100,100,100,100,1,5623,50
0.120249954983592,100,100,100,100,100,1,5623,50
5e-04,100,100,100,100.0005,100.0005,1,5623,50
0.185611175140366,100,100,100,100,100,1,5623,50
0.23558395029977,100,100,100,100,100,1,5623,50
0.803100197110325,100,100,100,100,100,1,5623,50
5e-04,100,100,100,100.0005,100.0005,1,5623,50
0.165606771362945,100,100,100,100,100,1,5623,50
0.980273141758516,100,100,100,100,100,1,5623,50
5e-04,100,100,100,100.0005,100.0005,1,5623,50
5e-04,100,100,100,100.0005,100.0005,1,5623,50
0.003,100,100,100,100.003,100.003,1,5623,50
0.001,100,100,100,100.001,100.001,1,5623,50
