"p","truediv","chaoest","obsD","upper","lower","l","inds","reps"
0.188958615064621,100,100,100,100,100,1,5623,50
5e-04,100,100,100,100.0005,100.0005,1,5623,50
0.12698118807748,100,100,100,100,100,1,5623,50
0.719703780254349,100,100,100,100,100,1,5623,50
0.30430466751568,100,100,100,100,100,1,5623,50
0.972933735931292,100,100,100,100,100,1,5623,50
0.217168846866116,100,100,100,100,100,1,5623,50
0.118903018767014,100,100,100,100,100,1,5623,50
0.541229960508645,100,100,100,100,100,1,5623,50
0.677534565096721,100,100,100,100,100,1,5623,50
5e-04,100,100,100,100.0005,100.0005,1,5623,50
0.00335330725647509,100,100,100,100,100,1,5623,50
0.492207123199478,100,100,100,100,100,1,5623,50
0.001,100,100,100,100.001,100.001,1,5623,50
0.0726205252576619,100,100,100,100,100,1,5623,50
0.584606894757599,100,100,100,100,100,1,5623,50
0.448053856845945,100,100,100,100,100,1,5623,50
0.673311292426661,100,100,100,100,100,1,5623,50
0.344361594645306,100,100,100,100,100,1,5623,50
0.30686223693192,100,100,100,100,100,1,5623,50
0.0739787702914327,100,100,100,100,100,1,5623,50
0.201761504402384,100,100,100,100,100,1,5623,50
0.824336871039122,100,100,100,100,100,1,5623,50
0.870728263398632,100,100,100,100,100,1,5623,50
0.681492035510018,100,100,100,100,100,1,5623,50
0.212032786337659,100,100,100,100,100,1,5623,50
0.965915425680578,100,100,100,100,100,1,5623,50
0.0035,100,100,100,100.0035,100.0035,1,5623,50
0.136024532606825,100,100,100,100,100,1,5623,50
0.801642284495756,100,100,100,100,100,1,5623,50
0.283417147118598,100,100,100,100,100,1,5623,50
0.373461665119976,100,100,100,100,100,1,5623,50
5e-04,100,100,100,100.0005,100.0005,1,5623,50
0.443957740673795,100,100,100,100,100,1,5623,50
0.166298124706373,100,100,100,100,100,1,5623,50
0.694246113765985,100,100,100,100,100,1,5623,50
0.961899657966569,100,100,100,100,100,1,5623,50
0.706342621240765,100,100,100,100,100,1,5623,50
0.872449393384159,100,100,100,100,100,1,5623,50
0.70360351074487,100,100,100,100,100,1,5623,50
0.00127580133266747,100,100,100,100,100,1,5623,50
0.357353671919554,100,100,100,100,100,1,5623,50
0.974481738172472,100,100,100,100,100,1,5623,50
0.781544154044241,100,100,100,100,100,1,5623,50
0.283793421462178,100,100,100,100,100,1,5623,50
5e-04,100,100,100,100.0005,100.0005,1,5623,50
0.387142811901867,100,100,100,100,100,1,5623,50
0.120954174082726,100,100,100,100,100,1,5623,50
0.772584331221879,100,100,100,100,100,1,5623,50
0.782885024789721,100,100,100,100,100,1,5623,50
