"p","truediv","chaoest","obsD","upper","lower","l","inds","reps"
0.0045,100,100,100,100.0045,100.0045,1,5623,50
0.576039718929678,100,100,100,100,100,1,5623,50
0.52528825844638,100,100,100,100,100,1,5623,50
0.597135318443179,100,100,100,100,100,1,5623,50
0.009,100,100,100,100.009,100.009,1,5623,50
0.800123263848945,100,100,100,100,100,1,5623,50
0.0035,100,100,100,100.00325004446,100.00325004446,1,5623,50
0.267825853312388,100,100,100,100,100,1,5623,50
0.0025,100,100,100,100.0025,100.0025,1,5623,50
0.999306421726942,100,100,100,100,100,1,5623,50
5e-04,100,100,100,100.0005,100.0005,1,5623,50
0.778054583352059,100,100,100,100,100,1,5623,50
0.35257462435402,100,100,100,100,100,1,5623,50
0.611322851153091,100,100,100,100,100,1,5623,50
0.0015,100,100,100,100.0015,100.0015,1,5623,50
0.207162009319291,100,100,100,100,100,1,5623,50
0.946085920091718,100,100,100,100,100,1,5623,50
0.945097261341289,100,100,100,100,100,1,5623,50
0.931987840449437,100,100,100,100,100,1,5623,50
0.0794325636234134,100,100,100,100,100,1,5623,50
0.001,100,100,100,100.001,100.001,1,5623,50
0.56520960945636,100,100,100,100,100,1,5623,50
0.467731153825298,100,100,100,100,100,1,5623,50
0.0680953441187739,100,100,100,100,100,1,5623,50
0.004,100,100,100,100.004,100.004,1,5623,50
5e-04,100,100,100,100.0005,100.0005,1,5623,50
5e-04,100,100,100,100.0005,100.0005,1,5623,50
0.855399665888399,100,100,100,100,100,1,5623,50
0.990821520332247,100,100,100,100,100,1,5623,50
0.431551977759227,100,100,100,100,100,1,5623,50
0.0234233459923416,100,100,100,100,100,1,5623,50
0.616615402046591,100,100,100,100,100,1,5623,50
0.152849158504978,100,100,100,100,100,1,5623,50
0.578212103806436,100,100,100,100,100,1,5623,50
0.742919806391001,100,100,100,100,100,1,5623,50
0.839107909472659,100,100,100,100,100,1,5623,50
5e-04,100,100,100,100.0005,100.0005,1,5623,50
0.171954748919234,100,100,100,100,100,1,5623,50
5e-04,100,100,100,100.0005,100.0005,1,5623,50
0.006,100,100,100,100.006,100.006,1,5623,50
0.180713207693771,100,100,100,100,100,1,5623,50
0.710587045177817,100,100,100,100,100,1,5623,50
5e-04,100,100,100,100.0005,100.0005,1,5623,50
0.161915364908054,100,100,100,100,100,1,5623,50
0.969892013818026,100,100,100,100,100,1,5623,50
0.873621566686779,100,100,100,100,100,1,5623,50
0.704701956594363,100,100,100,100,100,1,5623,50
0.747720303246751,100,100,100,100,100,1,5623,50
0.0015,100,100,100,100.0015,100.0015,1,5623,50
0.904316677479073,100,100,100,100,100,1,5623,50
