"p","truediv","chaoest","obsD","upper","lower","l","inds","reps"
0.678952092537656,100,100,100,100,100,1,5623,50
0.873957987874746,100,100,100,100,100,1,5623,50
0.001,100,100,100,100.00075004446,100.00075004446,1,5623,50
0.72769301943481,100,100,100,100,100,1,5623,50
0.199080284219235,100,100,100,100,100,1,5623,50
0.0015,100,100,100,100.0015,100.0015,1,5623,50
5e-04,100,100,100,100.0005,100.0005,1,5623,50
0.79512398946099,100,100,100,100,100,1,5623,50
0.642530791461468,100,100,100,100,100,1,5623,50
0.695065032457933,100,100,100,100,100,1,5623,50
0.801143813412637,100,100,100,100,100,1,5623,50
5e-04,100,100,100,100.0005,100.0005,1,5623,50
5e-04,100,100,100,100.0005,100.0005,1,5623,50
0.230551969725639,100,100,100,100,100,1,5623,50
0.283057459862903,100,100,100,100,100,1,5623,50
0.95079629519023,100,100,100,100,100,1,5623,50
0.355419324710965,100,100,100,100,100,1,5623,50
0.0667122374288738,100,100,100,100,100,1,5623,50
0.001,100,100,100,100.001,100.001,1,5623,50
0.713368417927995,100,100,100,100,100,1,5623,50
0.567715198034421,100,100,100,100,100,1,5623,50
0.904379135230556,100,100,100,100,100,1,5623,50
0.0842931610532105,100,100,100,100,100,1,5623,50
0.873600299702957,100,100,100,100,100,1,5623,50
0.001,100,100,100,100.001,100.001,1,5623,50
0.249564263271168,100,100,100,100,100,1,5623,50
0.0015,100,100,100,100.0015,100.0015,1,5623,50
0.335267764749005,100,100,100,100,100,1,5623,50
0.133939279941842,100,100,100,100,100,1,5623,50
5e-04,100,100,100,100.0005,100.0005,1,5623,50
0.821794895920902,100,100,100,100,100,1,5623,50
0.644781845854595,100,100,100,100,100,1,5623,50
0.101437342120335,100,100,100,100,100,1,5623,50
0.815432070521638,100,100,100,100,100,1,5623,50
0.888232755241916,100,100,100,100,100,1,5623,50
0.0912242855411023,100,100,100,100,100,1,5623,50
0.514845601748675,100,100,100,100,100,1,5623,50
0.685196063714102,100,100,100,100,100,1,5623,50
0.579103973228484,100,100,100,100,100,1,5623,50
0.001,100,100,100,100.001,100.001,1,5623,50
0.301536470418796,100,100,100,100,100,1,5623,50
0.55007690237835,100,100,100,100,100,1,5623,50
0.683315170928836,100,100,100,100,100,1,5623,50
0.0613129190169275,100,100,100,100,100,1,5623,50
0.652521083597094,100,100,100,100,100,1,5623,50
0.394294556695968,100,100,100,100,100,1,5623,50
0.825633098836988,100,100,100,100,100,1,5623,50
0.484840279910713,100,100,100,100,100,1,5623,50
0.296635554870591,100,100,100,100,100,1,5623,50
0.0339683631900698,100,100,100,100,100,1,5623,50
