"p","truediv","chaoest","obsD","upper","lower","l","inds","reps"
0.023,100,100,100,100.023,100.023,1,5623,50
0.87678355933167,100,100,100,100,100,1,5623,50
0.69535586796701,100,100,100,100,100,1,5623,50
5e-04,100,100,100,100.0005,100.0005,1,5623,50
0.399362466996536,100,100,100,100,100,1,5623,50
0.297069827793166,100,100,100,100,100,1,5623,50
0.415070273913443,100,100,100,100,100,1,5623,50
0.90878899814561,100,100,100,100,100,1,5623,50
0.111268333857879,100,100,100,100,100,1,5623,50
0.002,100,100,100,100.002,100.002,1,5623,50
0.796659243525937,100,100,100,100,100,1,5623,50
0.44576213741675,100,100,100,100,100,1,5623,50
0.001,100,100,100,100.001,100.001,1,5623,50
0.949146947823465,100,100,100,100,100,1,5623,50
0.491668039700016,100,100,100,100,100,1,5623,50
0.553458221955225,100,100,100,100,100,1,5623,50
0.812275575939566,100,100,100,100,100,1,5623,50
0.0856495201587677,100,100,100,100,100,1,5623,50
0.51271244045347,100,100,100,100,100,1,5623,50
0.414687642129138,100,100,100,100,100,1,5623,50
0.778404356446117,100,100,100,100,100,1,5623,50
0.709203714737669,100,100,100,100,100,1,5623,50
0.106007277499884,100,100,100,100,100,1,5623,50
0.351826194440946,100,100,100,100,100,1,5623,50
0.500217753229663,100,100,100,100,100,1,5623,50
0.835579161299393,100,100,100,100,100,1,5623,50
5e-04,100,100,100,100.0005,100.0005,1,5623,50
0.853895263746381,100,100,100,100,100,1,5623,50
0.453219712246209,100,100,100,100,100,1,5623,50
0.834668984869495,100,100,100,100,100,1,5623,50
0.001,100,100,100,100.001,100.001,1,5623,50
0.666221441701055,100,100,100,100,100,1,5623,50
5e-04,100,100,100,100.0005,100.0005,1,5623,50
0.779438570840284,100,100,100,100,100,1,5623,50
0.908634605351835,100,100,100,100,100,1,5623,50
0.0045,100,100,100,100.00425004446,100.00425004446,1,5623,50
0.960145033197477,100,100,100,100,100,1,5623,50
0.0145110422745347,100,100,100,100,100,1,5623,50
0.408280532574281,100,100,100,100,100,1,5623,50
0.218051892938092,100,100,100,100,100,1,5623,50
0.865076309535652,100,100,100,100,100,1,5623,50
0.279357613762841,100,100,100,100,100,1,5623,50
5e-04,100,100,100,100.0005,100.0005,1,5623,50
0.0457269130274653,100,100,100,100,100,1,5623,50
5e-04,100,100,100,100.0005,100.0005,1,5623,50
0.704880379373208,100,100,100,100,100,1,5623,50
0.16428129398264,100,100,100,100,100,1,5623,50
0.821940094232559,100,100,100,100,100,1,5623,50
0.620923398295417,100,100,100,100,100,1,5623,50
0.761916536372155,100,100,100,100,100,1,5623,50
