"p","truediv","chaoest","obsD","upper","lower","l","inds","reps"
0.330803415738046,100,100,100,100,100,1,5623,50
0.0441286081913859,100,100,100,100,100,1,5623,50
0.526823195861652,100,100,100,100,100,1,5623,50
0.604426465230063,100,100,100,100,100,1,5623,50
0.003,100,100,100,100.003,100.003,1,5623,50
0.590289877029136,100,100,100,100,100,1,5623,50
5e-04,100,100,100,100.0005,100.0005,1,5623,50
0.0205,100,100,100,100.0205,100.0205,1,5623,50
0.862270148703828,100,100,100,100,100,1,5623,50
0.0732161805499345,100,100,100,100,100,1,5623,50
0.152023998787627,100,100,100,100,100,1,5623,50
0.313345903297886,100,100,100,100,100,1,5623,50
0.546396527439356,100,100,100,100,100,1,5623,50
5e-04,100,100,100,100.0005,100.0005,1,5623,50
0.418423361377791,100,100,100,100,100,1,5623,50
0.364239784656093,100,100,100,100,100,1,5623,50
0.979832752607763,100,100,100,100,100,1,5623,50
0.0305041861720383,100,100,100,100,100,1,5623,50
0.50793993845582,100,100,100,100,100,1,5623,50
5e-04,100,100,100,100.0005,100.0005,1,5623,50
0.480736308963969,100,100,100,100,100,1,5623,50
0.810843236511573,100,100,100,100,100,1,5623,50
0.0255,100,100,100,100.0255,99.0255,1,5623,50
0.479703204706311,100,100,100,100,100,1,5623,50
0.726433599134907,100,100,100,100,100,1,5623,50
0.988402933580801,100,100,100,100,100,1,5623,50
0.667181772179902,100,100,100,100,100,1,5623,50
0.505319543648511,100,100,100,100,100,1,5623,50
0.953119992045686,100,100,100,100,100,1,5623,50
0.336197368102148,100,100,100,100,100,1,5623,50
0.693977757822722,100,100,100,100,100,1,5623,50
0.46138892415911,100,100,100,100,100,1,5623,50
0.151692876825109,100,100,100,100,100,1,5623,50
0.982135276310146,100,100,100,100,100,1,5623,50
0.0463178539648652,100,100,100,100,100,1,5623,50
0.268303857417777,100,100,100,100,100,1,5623,50
0.36655195010826,100,100,100,100,100,1,5623,50
0.001,100,100,100,100.001,100.001,1,5623,50
5e-04,100,100,100,100.0005,100.0005,1,5623,50
0.320910236798227,100,100,100,100,100,1,5623,50
0.889843942364678,100,100,100,100,100,1,5623,50
0.807073471834883,100,100,100,100,100,1,5623,50
5e-04,100,100,100,100.0005,100.0005,1,5623,50
0.007,100,100,100,100.007,100.007,1,5623,50
0.252893782919273,100,100,100,100,100,1,5623,50
0.395872092805803,100,100,100,100,100,1,5623,50
5e-04,100,100,100,100.0005,100.0005,1,5623,50
0.422148573212326,100,100,100,100,100,1,5623,50
5e-04,100,100,100,100.0005,100.0005,1,5623,50
0.143442646600306,100,100,100,100,100,1,5623,50
