"p","truediv","chaoest","obsD","upper","lower","l","inds","reps"
0.179123945301399,100,100,100,100,100,1,5623,50
0.630939912050962,100,100,100,100,100,1,5623,50
0.148646697402,100,100,100,100,100,1,5623,50
0.595820115646347,100,100,100,100,100,1,5623,50
0.834292486077175,100,100,100,100,100,1,5623,50
0.838913307059556,100,100,100,100,100,1,5623,50
0.0025,100,100,100,100.0025,100.0025,1,5623,50
0.962367258500308,100,100,100,100,100,1,5623,50
0.0035,100,100,100,100.0035,100.0035,1,5623,50
0.001,100,100,100,100.001,100.001,1,5623,50
0.744890948524699,100,100,100,100,100,1,5623,50
5e-04,100,100,100,100.0005,100.0005,1,5623,50
5e-04,100,100,100,100.0005,100.0005,1,5623,50
0.0065,100,100,100,100.0065,100.0065,1,5623,50
5e-04,100,100,100,100.0005,100.0005,1,5623,50
0.0109830612782389,100,100,100,100,100,1,5623,50
0.645660703536123,100,100,100,100,100,1,5623,50
0.854047400644049,100,100,100,100,100,1,5623,50
0.322302140993997,100,100,100,100,100,1,5623,50
0.001,100,100,100,100.001,100.001,1,5623,50
0.001,100,100,100,100.001,100.001,1,5623,50
0.784267872571945,100,100,100,100,100,1,5623,50
0.249259197385982,100,100,100,100,100,1,5623,50
0.184089862043038,100,100,100,100,100,1,5623,50
0.015684891724959,100,100,100,100,100,1,5623,50
0.492256913334131,100,100,100,100,100,1,5623,50
5e-04,100,100,100,100.0005,100.0005,1,5623,50
0.0652930515352637,100,100,100,100,100,1,5623,50
0.34844395564869,100,100,100,100,100,1,5623,50
5e-04,100,100,100,100.0005,100.0005,1,5623,50
0.0803667877335101,100,100,100,100,100,1,5623,50
0.001,100,100,100,100.001,100.001,1,5623,50
0.005,100,100,100,100.005,100.005,1,5623,50
0.001,100,100,100,100.001,100.001,1,5623,50
0.3085518325679,100,100,100,100,100,1,5623,50
0.455999576253816,100,100,100,100,100,1,5623,50
0.0705087494570762,100,100,100,100,100,1,5623,50
0.245531820692122,100,100,100,100,100,1,5623,50
0.816251344513148,100,100,100,100,100,1,5623,50
0.001,100,100,100,100.001,100.001,1,5623,50
0.67628831230104,100,100,100,100,100,1,5623,50
0.001,100,100,100,100.001,100.001,1,5623,50
0.125051549635828,100,100,100,100,100,1,5623,50
0.0280986737925559,100,100,100,100,100,1,5623,50
0.676881458843127,100,100,100,100,100,1,5623,50
0.448517242213711,100,100,100,100,100,1,5623,50
0.934726364677772,100,100,100,100,100,1,5623,50
5e-04,100,100,100,100.0005,100.0005,1,5623,50
0.386446440359578,100,100,100,100,100,1,5623,50
0.688451151596382,100,100,100,100,100,1,5623,50
