"p","truediv","chaoest","obsD","upper","lower","l","inds","reps"
5e-04,100,100,100,100.0005,100.0005,1,5623,50
5e-04,100,100,100,100.0005,100.0005,1,5623,50
0.828326740767807,100,100,100,100,100,1,5623,50
0.979928397806361,100,100,100,100,100,1,5623,50
0.448501548264176,100,100,100,100,100,1,5623,50
0.359443346504122,100,100,100,100,100,1,5623,50
5e-04,100,100,100,100.0005,100.0005,1,5623,50
5e-04,100,100,100,100.0005,100.0005,1,5623,50
0.0035,100,100,100,100.002250222301,100.002250222301,1,5623,50
5e-04,100,100,100,100.0005,100.0005,1,5623,50
5e-04,100,100,100,100.0005,100.0005,1,5623,50
0.546429213136435,100,100,100,100,100,1,5623,50
0.916217897552997,100,100,100,100,100,1,5623,50
0.915479394840077,100,100,100,100,100,1,5623,50
0.605621021939442,100,100,100,100,100,1,5623,50
0.436502951895818,100,100,100,100,100,1,5623,50
0.787739088060334,100,100,100,100,100,1,5623,50
0.836442255647853,100,100,100,100,100,1,5623,50
0.900333819212392,100,100,100,100,100,1,5623,50
0.371989828534424,100,100,100,100,100,1,5623,50
0.001,100,100,100,100.001,100.001,1,5623,50
0.002,100,100,100,100.002,100.002,1,5623,50
0.756002431502566,100,100,100,100,100,1,5623,50
0.005,100,100,100,100.004500088921,100.004500088921,1,5623,50
0.924302325583994,100,100,100,100,100,1,5623,50
0.00313190510496497,100,100,100,100,100,1,5623,50
5e-04,100,100,100,100.0005,100.0005,1,5623,50
0.0822398085147142,100,100,100,100,100,1,5623,50
0.0568163567222655,100,100,100,100,100,1,5623,50
5e-04,100,100,100,100.0005,100.0005,1,5623,50
0.001,100,100,100,100.001,100.001,1,5623,50
0.375582679640502,100,100,100,100,100,1,5623,50
0.404074644902721,100,100,100,100,100,1,5623,50
0.913412904366851,100,100,100,100,100,1,5623,50
0.110973616829142,100,100,100,100,100,1,5623,50
0.95801441394724,100,100,100,100,100,1,5623,50
0.796622171299532,100,100,100,100,100,1,5623,50
0.107650684192777,100,100,100,100,100,1,5623,50
0.97283911309205,100,100,100,100,100,1,5623,50
0.198382247937843,100,100,100,100,100,1,5623,50
0.391412464901805,100,100,100,100,100,1,5623,50
0.227475731633604,100,100,100,100,100,1,5623,50
0.853405209956691,100,100,100,100,100,1,5623,50
0.259158902801573,100,100,100,100,100,1,5623,50
5e-04,100,100,100,100.0005,100.0005,1,5623,50
0.554615186993033,100,100,100,100,100,1,5623,50
0.938029938144609,100,100,100,100,100,1,5623,50
0.124577478738502,100,100,100,100,100,1,5623,50
0.568294376833364,100,100,100,100,100,1,5623,50
5e-04,100,100,100,100.0005,100.0005,1,5623,50
