"p","truediv","chaoest","obsD","upper","lower","l","inds","reps"
0.132447913056239,100,100,100,100,100,1,5623,50
0.537555522751063,100,100,100,100,100,1,5623,50
0.682571042561904,100,100,100,100,100,1,5623,50
0.993499976349995,100,100,100,100,100,1,5623,50
0.249967887997627,100,100,100,100,100,1,5623,50
0.95366758457385,100,100,100,100,100,1,5623,50
0.278734524967149,100,100,100,100,100,1,5623,50
0.0614318980369717,100,100,100,100,100,1,5623,50
0.0704528070054948,100,100,100,100,100,1,5623,50
5e-04,100,100,100,100.0005,100.0005,1,5623,50
0.349989229114726,100,100,100,100,100,1,5623,50
5e-04,100,100,100,100.0005,100.0005,1,5623,50
0.0591513765975833,100,100,100,100,100,1,5623,50
0.845998657168821,100,100,100,100,100,1,5623,50
0.10636708047241,100,100,100,100,100,1,5623,50
0.001,100,100,100,100.001,100.001,1,5623,50
0.001,100,100,100,100.001,100.001,1,5623,50
0.535134812816978,100,100,100,100,100,1,5623,50
0.809627543902025,100,100,100,100,100,1,5623,50
0.457586523145437,100,100,100,100,100,1,5623,50
0.927124836714938,100,100,100,100,100,1,5623,50
0.518463274464011,100,100,100,100,100,1,5623,50
0.021273392951116,100,100,100,100,100,1,5623,50
0.893285042140633,100,100,100,100,100,1,5623,50
0.970614540623501,100,100,100,100,100,1,5623,50
0.746983841294423,100,100,100,100,100,1,5623,50
0.294393186224625,100,100,100,100,100,1,5623,50
0.142035912023857,100,100,100,100,100,1,5623,50
0.307134490925819,100,100,100,100,100,1,5623,50
0.30752959754318,100,100,100,100,100,1,5623,50
0.74396250047721,100,100,100,100,100,1,5623,50
0.997965335147455,100,100,100,100,100,1,5623,50
0.002,100,100,100,100.002,100.002,1,5623,50
0.282426114426926,100,100,100,100,100,1,5623,50
0.316909622400999,100,100,100,100,100,1,5623,50
0.591021150816232,100,100,100,100,100,1,5623,50
0.437588691012934,100,100,100,100,100,1,5623,50
0.839580980828032,100,100,100,100,100,1,5623,50
0.233159856172279,100,100,100,100,100,1,5623,50
0.978335069958121,100,100,100,100,100,1,5623,50
0.113963441224769,100,100,100,100,100,1,5623,50
0.492989492369816,100,100,100,100,100,1,5623,50
5e-04,100,100,100,100.0005,100.0005,1,5623,50
0.614444456296042,100,100,100,100,100,1,5623,50
0.201731443405151,100,100,100,100,100,1,5623,50
0.529713704017922,100,100,100,100,100,1,5623,50
0.988792436430231,100,100,100,100,100,1,5623,50
5e-04,100,100,100,100.0005,100.0005,1,5623,50
0.619403569027781,100,100,100,100,100,1,5623,50
0.848256102530286,100,100,100,100,100,1,5623,50
