"p","truediv","chaoest","obsD","upper","lower","l","inds","reps"
0.34279638226144,100,100,100,100,100,1,5623,50
0.644126787781715,100,100,100,100,100,1,5623,50
0.008,100,100,100,100.008,100.008,1,5623,50
0.0015,100,100,100,100.0015,100.0015,1,5623,50
0.001,100,100,100,100.001,100.001,1,5623,50
0.942414946388453,100,100,100,100,100,1,5623,50
0.0918687239754945,100,100,100,100,100,1,5623,50
0.0719139953143895,100,100,100,100,100,1,5623,50
5e-04,100,100,100,100.0005,100.0005,1,5623,50
0.835117124021053,100,100,100,100,100,1,5623,50
0.0035,100,100,100,100.0035,100.0035,1,5623,50
0.544343024725094,100,100,100,100,100,1,5623,50
0.603944837115705,100,100,100,100,100,1,5623,50
0.316313298651949,100,100,100,100,100,1,5623,50
0.486821261467412,100,100,100,100,100,1,5623,50
0.26676318841055,100,100,100,100,100,1,5623,50
0.988695269217715,100,100,100,100,100,1,5623,50
0.753272658446804,100,100,100,100,100,1,5623,50
0.20220803655684,100,100,100,100,100,1,5623,50
0.341492919251323,100,100,100,100,100,1,5623,50
0.0025,100,100,100,100.0025,100.0025,1,5623,50
0.578386549139395,100,100,100,100,100,1,5623,50
0.0422678827308118,100,100,100,100,100,1,5623,50
0.49557021423243,100,100,100,100,100,1,5623,50
0.169698898447677,100,100,100,100,100,1,5623,50
0.652768234023824,100,100,100,100,100,1,5623,50
0.25644902815111,100,100,100,100,100,1,5623,50
0.486463491572067,100,100,100,100,100,1,5623,50
0.216037669917569,100,100,100,100,100,1,5623,50
0.579734302591532,100,100,100,100,100,1,5623,50
0.550531591754407,100,100,100,100,100,1,5623,50
0.158242612378672,100,100,100,100,100,1,5623,50
0.834451386937872,100,100,100,100,100,1,5623,50
0.333849206566811,100,100,100,100,100,1,5623,50
0.0749513925984502,100,100,100,100,100,1,5623,50
0.993044372182339,100,100,100,100,100,1,5623,50
0.374238438904285,100,100,100,100,100,1,5623,50
0.656343338312581,100,100,100,100,100,1,5623,50
0.0512601959053427,100,100,100,100,100,1,5623,50
5e-04,100,100,100,100.0005,100.0005,1,5623,50
0.620486481813714,100,100,100,100,100,1,5623,50
0.628517854260281,100,100,100,100,100,1,5623,50
0.694935895269737,100,100,100,100,100,1,5623,50
5e-04,100,100,100,100.0005,100.0005,1,5623,50
5e-04,100,100,100,100.0005,100.0005,1,5623,50
0.347231849329546,100,100,100,100,100,1,5623,50
5e-04,100,100,100,100.0005,100.0005,1,5623,50
0.744594651507214,100,100,100,100,100,1,5623,50
5e-04,100,100,100,100.0005,100.0005,1,5623,50
0.21800882765092,100,100,100,100,100,1,5623,50
