"p","truediv","chaoest","obsD","upper","lower","l","inds","reps"
5e-04,100,100,100,100.0005,100.0005,1,5623,50
0.907346646068618,100,100,100,100,100,1,5623,50
5e-04,100,100,100,100.0005,100.0005,1,5623,50
0.435285429703072,100,100,100,100,100,1,5623,50
0.268749702489004,100,100,100,100,100,1,5623,50
0.423283083131537,100,100,100,100,100,1,5623,50
0.216349247843027,100,100,100,100,100,1,5623,50
0.894873780664057,100,100,100,100,100,1,5623,50
0.532400399213657,100,100,100,100,100,1,5623,50
0.00374131929129362,100,100,100,100,100,1,5623,50
0.975768170785159,100,100,100,100,100,1,5623,50
0.0972136347554624,100,100,100,100,100,1,5623,50
0.367361977230757,100,100,100,100,100,1,5623,50
0.755406443029642,100,100,100,100,100,1,5623,50
0.773341729305685,100,100,100,100,100,1,5623,50
0.726207105675712,100,100,100,100,100,1,5623,50
0.223032234236598,100,100,100,100,100,1,5623,50
0.855854665860534,100,100,100,100,100,1,5623,50
0.846870556008071,100,100,100,100,100,1,5623,50
0.47463449742645,100,100,100,100,100,1,5623,50
0.665156073402613,100,100,100,100,100,1,5623,50
0.373871940886602,100,100,100,100,100,1,5623,50
0.118950142990798,100,100,100,100,100,1,5623,50
0.229145482415333,100,100,100,100,100,1,5623,50
0.0045,100,100,100,100.003750133381,100.003750133381,1,5623,50
0.0015,100,100,100,100.0015,100.0015,1,5623,50
0.0734510857146233,100,100,100,100,100,1,5623,50
0.001,100,100,100,100.001,100.001,1,5623,50
0.46235904074274,100,100,100,100,100,1,5623,50
0.955638454295695,100,100,100,100,100,1,5623,50
0.506067383335903,100,100,100,100,100,1,5623,50
0.357538270531222,100,100,100,100,100,1,5623,50
5e-04,100,100,100,100.0005,100.0005,1,5623,50
0.427037091460079,100,100,100,100,100,1,5623,50
0.802700466942042,100,100,100,100,100,1,5623,50
0.265308636706322,100,100,100,100,100,1,5623,50
0.0328291200567037,100,100,100,100,100,1,5623,50
0.600385505938902,100,100,100,100,100,1,5623,50
0.0045,100,100,100,100.0045,100.0045,1,5623,50
5e-04,100,100,100,100.0005,100.0005,1,5623,50
0.001,100,100,100,100.001,100.001,1,5623,50
5e-04,100,100,100,100.0005,100.0005,1,5623,50
0.906137852463871,100,100,100,100,100,1,5623,50
0.172015729127452,100,100,100,100,100,1,5623,50
0.002,100,100,100,100.002,100.002,1,5623,50
5e-04,100,100,100,100.0005,100.0005,1,5623,50
0.536382181104273,100,100,100,100,100,1,5623,50
0.384409094462171,100,100,100,100,100,1,5623,50
0.865829650778323,100,100,100,100,100,1,5623,50
0.363316205330193,100,100,100,100,100,1,5623,50
