"p","truediv","chaoest","obsD","upper","lower","l","inds","reps"
0.901853511575609,100,100,100,100,100,1,5623,50
0.633823304902762,100,100,100,100,100,1,5623,50
0.0055,100,100,100,100.0055,100.0055,1,5623,50
0.121072452748194,100,100,100,100,100,1,5623,50
0.174739381996915,100,100,100,100,100,1,5623,50
5e-04,100,100,100,100.0005,100.0005,1,5623,50
5e-04,100,100,100,100.0005,100.0005,1,5623,50
0.119839440565556,100,100,100,100,100,1,5623,50
0.514756008051336,100,100,100,100,100,1,5623,50
0.386976228794083,100,100,100,100,100,1,5623,50
0.117104668635875,100,100,100,100,100,1,5623,50
0.913395070005208,100,100,100,100,100,1,5623,50
0.019,100,100,100,100.019,100.019,1,5623,50
5e-04,100,100,100,100.0005,100.0005,1,5623,50
0.312731807120144,100,100,100,100,100,1,5623,50
5e-04,100,100,100,100.0005,100.0005,1,5623,50
0.475643142824993,100,100,100,100,100,1,5623,50
0.905886986060068,100,100,100,100,100,1,5623,50
0.46875196066685,100,100,100,100,100,1,5623,50
0.750104914885014,100,100,100,100,100,1,5623,50
0.441881820559502,100,100,100,100,100,1,5623,50
0.178392827510834,100,100,100,100,100,1,5623,50
0.446894613094628,100,100,100,100,100,1,5623,50
0.0638717880938202,100,100,100,100,100,1,5623,50
0.37550835032016,100,100,100,100,100,1,5623,50
0.537208329886198,100,100,100,100,100,1,5623,50
0.108203759649768,100,100,100,100,100,1,5623,50
5e-04,100,100,100,100.0005,100.0005,1,5623,50
0.332722286693752,100,100,100,100,100,1,5623,50
0.2258856582921,100,100,100,100,100,1,5623,50
0.656352519057691,100,100,100,100,100,1,5623,50
0.001,100,100,100,100.001,100.001,1,5623,50
0.388882434228435,100,100,100,100,100,1,5623,50
0.18047198955901,100,100,100,100,100,1,5623,50
0.001,100,100,100,100.001,100.001,1,5623,50
0.14218121394515,100,100,100,100,100,1,5623,50
0.535748848691583,100,100,100,100,100,1,5623,50
0.878490383503959,100,100,100,100,100,1,5623,50
0.61613711132668,100,100,100,100,100,1,5623,50
5e-04,100,100,100,100.0005,100.0005,1,5623,50
0.623338323319331,100,100,100,100,100,1,5623,50
0.519537601154298,100,100,100,100,100,1,5623,50
0.214167919941247,100,100,100,100,100,1,5623,50
0.59342568507418,100,100,100,100,100,1,5623,50
0.002,100,100,100,100.002,100.002,1,5623,50
0.404111576033756,100,100,100,100,100,1,5623,50
0.16220466978848,100,100,100,100,100,1,5623,50
0.0575411273166537,100,100,100,100,100,1,5623,50
0.0157125208061188,100,100,100,100,100,1,5623,50
0.0649340683594346,100,100,100,100,100,1,5623,50
