"p","truediv","chaoest","obsD","upper","lower","l","inds","reps"
0.154428679961711,100,100,100,100,100,1,5623,50
0.237204175209627,100,100,100,100,100,1,5623,50
0.187692426610738,100,100,100,100,100,1,5623,50
0.469273034483194,100,100,100,100,100,1,5623,50
5e-04,100,100,100,100.0005,100.0005,1,5623,50
5e-04,100,100,100,100.0005,100.0005,1,5623,50
0.438765095546842,100,100,100,100,100,1,5623,50
0.522756318794563,100,100,100,100,100,1,5623,50
0.003,100,100,100,100.002250133381,100.002250133381,1,5623,50
0.928582705324516,100,100,100,100,100,1,5623,50
0.950792326126248,100,100,100,100,100,1,5623,50
0.110218599205837,100,100,100,100,100,1,5623,50
0.849271129118279,100,100,100,100,100,1,5623,50
0.774927441263571,100,100,100,100,100,1,5623,50
0.901000128127635,100,100,100,100,100,1,5623,50
0.462276055244729,100,100,100,100,100,1,5623,50
5e-04,100,100,100,100.0005,100.0005,1,5623,50
0.0211923012975603,100,100,100,100,100,1,5623,50
0.847561658360064,100,100,100,100,100,1,5623,50
0.255656900350004,100,100,100,100,100,1,5623,50
0.0951724238693714,100,100,100,100,100,1,5623,50
0.660368617624044,100,100,100,100,100,1,5623,50
5e-04,100,100,100,100.0005,100.0005,1,5623,50
5e-04,100,100,100,100.0005,100.0005,1,5623,50
0.595441157231107,100,100,100,100,100,1,5623,50
0.0880635417997837,100,100,100,100,100,1,5623,50
0.447509598452598,100,100,100,100,100,1,5623,50
0.0025,100,100,100,100.0025,100.0025,1,5623,50
0.001,100,100,100,100.001,100.001,1,5623,50
0.0025,100,100,100,100.0025,100.0025,1,5623,50
0.0669924430549145,100,100,100,100,100,1,5623,50
0.99926748778671,100,100,100,100,100,1,5623,50
0.0225,100,100,100,100.0225,100.0225,1,5623,50
0.509249504422769,100,100,100,100,100,1,5623,50
0.450633374042809,100,100,100,100,100,1,5623,50
0.84589591412805,100,100,100,100,100,1,5623,50
0.983780172886327,100,100,100,100,100,1,5623,50
5e-04,100,100,100,100.0005,100.0005,1,5623,50
5e-04,100,100,100,100.0005,100.0005,1,5623,50
0.100890722125769,100,100,100,100,100,1,5623,50
0.341146801831201,100,100,100,100,100,1,5623,50
0.69682296551764,100,100,100,100,100,1,5623,50
0.877089540706947,100,100,100,100,100,1,5623,50
5e-04,100,100,100,100.0005,100.0005,1,5623,50
0.846441509434953,100,100,100,100,100,1,5623,50
0.265844967681915,100,100,100,100,100,1,5623,50
0.760120601393282,100,100,100,100,100,1,5623,50
0.940115547738969,100,100,100,100,100,1,5623,50
0.391274554887787,100,100,100,100,100,1,5623,50
0.575491084018722,100,100,100,100,100,1,5623,50
