"p","truediv","chaoest","obsD","upper","lower","l","inds","reps"
0.353134388104081,100,100,100,100,100,1,5623,50
0.836457598954439,100,100,100,100,100,1,5623,50
0.802776067284867,100,100,100,100,100,1,5623,50
0.361114666797221,100,100,100,100,100,1,5623,50
0.476299110101536,100,100,100,100,100,1,5623,50
0.148798658745363,100,100,100,100,100,1,5623,50
0.623535220511258,100,100,100,100,100,1,5623,50
0.172973768087104,100,100,100,100,100,1,5623,50
0.332284510368481,100,100,100,100,100,1,5623,50
0.734129391843453,100,100,100,100,100,1,5623,50
0.923632688587531,100,100,100,100,100,1,5623,50
5e-04,100,100,100,100.00025004446,100.00025004446,1,5623,50
0.932765900390223,100,100,100,100,100,1,5623,50
0.808991586556658,100,100,100,100,100,1,5623,50
0.403899926692247,100,100,100,100,100,1,5623,50
0.605732741998509,100,100,100,100,100,1,5623,50
0.512059049680829,100,100,100,100,100,1,5623,50
0.178074945230037,100,100,100,100,100,1,5623,50
0.283808640437201,100,100,100,100,100,1,5623,50
0.338517864234746,100,100,100,100,100,1,5623,50
0.647840762278065,100,100,100,100,100,1,5623,50
0.20069071277976,100,100,100,100,100,1,5623,50
0.781684422167018,100,100,100,100,100,1,5623,50
0.46956841670908,100,100,100,100,100,1,5623,50
0.116909478558227,100,100,100,100,100,1,5623,50
0.22592882392928,100,100,100,100,100,1,5623,50
5e-04,100,100,100,100.0005,100.0005,1,5623,50
0.878119218396023,100,100,100,100,100,1,5623,50
0.744729146361351,100,100,100,100,100,1,5623,50
0.11392804258503,100,100,100,100,100,1,5623,50
0.841306005371734,100,100,100,100,100,1,5623,50
0.283062477130443,100,100,100,100,100,1,5623,50
0.492253882344812,100,100,100,100,100,1,5623,50
0.505542747676373,100,100,100,100,100,1,5623,50
0.515118431299925,100,100,100,100,100,1,5623,50
5e-04,100,100,100,100.000000088921,100.000000088921,1,5623,50
0.644339433638379,100,100,100,100,100,1,5623,50
0.651799972169101,100,100,100,100,100,1,5623,50
0.0158391972072423,100,100,100,100,100,1,5623,50
0.205069779185578,100,100,100,100,100,1,5623,50
0.95495729171671,100,100,100,100,100,1,5623,50
0.433116612955928,100,100,100,100,100,1,5623,50
0.640548849012703,100,100,100,100,100,1,5623,50
0.53170841303654,100,100,100,100,100,1,5623,50
0.197257852414623,100,100,100,100,100,1,5623,50
0.686582380207255,100,100,100,100,100,1,5623,50
0.662598422728479,100,100,100,100,100,1,5623,50
0.322158425115049,100,100,100,100,100,1,5623,50
0.0025,100,100,100,100.0025,100.0025,1,5623,50
0.870692878961563,100,100,100,100,100,1,5623,50
