"p","truediv","chaoest","obsD","upper","lower","l","inds","reps"
0.781560888048261,100,100,100,100,100,1,5623,50
0.0371177687775344,100,100,100,100,100,1,5623,50
0.558814570540562,100,100,100,100,100,1,5623,50
0.203808013582602,100,100,100,100,100,1,5623,50
0.501238875789568,100,100,100,100,100,1,5623,50
0.94956415030174,100,100,100,100,100,1,5623,50
0.884989180136472,100,100,100,100,100,1,5623,50
0.174186082091182,100,100,100,100,100,1,5623,50
5e-04,100,100,100,100.0005,100.0005,1,5623,50
0.629572636447847,100,100,100,100,100,1,5623,50
5e-04,100,100,100,100.0005,100.0005,1,5623,50
0.315587816759944,100,100,100,100,100,1,5623,50
0.048,100,100,100,100.048,99.048,1,5623,50
0.557980828220025,100,100,100,100,100,1,5623,50
0.882628076244146,100,100,100,100,100,1,5623,50
5e-04,100,100,100,100.0005,100.0005,1,5623,50
0.850520705105737,100,100,100,100,100,1,5623,50
0.76384309399873,100,100,100,100,100,1,5623,50
0.980325016658753,100,100,100,100,100,1,5623,50
0.755594626767561,100,100,100,100,100,1,5623,50
0.101097305305302,100,100,100,100,100,1,5623,50
0.856629768386483,100,100,100,100,100,1,5623,50
0.0233731083571911,100,100,100,100,100,1,5623,50
0.0155,100,100,100,100.0155,100.0155,1,5623,50
0.196179666323587,100,100,100,100,100,1,5623,50
0.478667580755427,100,100,100,100,100,1,5623,50
5e-04,100,100,100,100.0005,100.0005,1,5623,50
0.158270340878516,100,100,100,100,100,1,5623,50
5e-04,100,100,100,100.0005,100.0005,1,5623,50
0.270936302142218,100,100,100,100,100,1,5623,50
0.186523593263701,100,100,100,100,100,1,5623,50
0.128040045499802,100,100,100,100,100,1,5623,50
0.110272614751011,100,100,100,100,100,1,5623,50
0.877895362908021,100,100,100,100,100,1,5623,50
0.22779480018653,100,100,100,100,100,1,5623,50
0.955229682382196,100,100,100,100,100,1,5623,50
0.109036422334611,100,100,100,100,100,1,5623,50
0.512407621135935,100,100,100,100,100,1,5623,50
0.497702415799722,100,100,100,100,100,1,5623,50
0.198779238155112,100,100,100,100,100,1,5623,50
0.799155284883454,100,100,100,100,100,1,5623,50
0.0015,100,100,100,100.0015,100.0015,1,5623,50
0.648408071603626,100,100,100,100,100,1,5623,50
0.284402955789119,100,100,100,100,100,1,5623,50
0.0075,100,100,100,100.00725004446,100.00725004446,1,5623,50
0.946630093734711,100,100,100,100,100,1,5623,50
5e-04,100,100,100,100.0005,100.0005,1,5623,50
5e-04,100,100,100,100.0005,100.0005,1,5623,50
0.925719890743494,100,100,100,100,100,1,5623,50
0.118431564653292,100,100,100,100,100,1,5623,50
