"p","truediv","chaoest","obsD","upper","lower","l","inds","reps"
5e-04,100,100,100,100.0005,100.0005,1,5623,50
0.84188321698457,100,100,100,100,100,1,5623,50
0.757824427448213,100,100,100,100,100,1,5623,50
0.864142226520926,100,100,100,100,100,1,5623,50
0.9995,100,100,100,99.9997500444603,99.9997500444603,1,5623,50
0.9995,100,100,100,99.9997500444603,99.9997500444603,1,5623,50
0.391030052211136,100,100,100,100,100,1,5623,50
0.22268500761129,100,100,100,100,100,1,5623,50
0.57121117413044,100,100,100,100,100,1,5623,50
0.210322464583442,100,100,100,100,100,1,5623,50
0.571188257075846,100,100,100,100,100,1,5623,50
0.505909109255299,100,100,100,100,100,1,5623,50
0.971138573484495,100,100,100,100,100,1,5623,50
0.450176275102422,100,100,100,100,100,1,5623,50
0.006,100,100,100,100.006,100.006,1,5623,50
0.292693385854363,100,100,100,100,100,1,5623,50
5e-04,100,100,100,100.0005,100.0005,1,5623,50
0.532765597570688,100,100,100,100,100,1,5623,50
0.854221386834979,100,100,100,100,100,1,5623,50
0.453668402973562,100,100,100,100,100,1,5623,50
5e-04,100,100,100,100.0005,100.0005,1,5623,50
0.723388260230422,100,100,100,100,100,1,5623,50
0.473948152735829,100,100,100,100,100,1,5623,50
0.820018871454522,100,100,100,100,100,1,5623,50
0.0035,100,100,100,100.002750133381,100.002750133381,1,5623,50
0.471444902010262,100,100,100,100,100,1,5623,50
0.821676085470244,100,100,100,100,100,1,5623,50
0.188126713968813,100,100,100,100,100,1,5623,50
0.126014154404402,100,100,100,100,100,1,5623,50
0.375057460274547,100,100,100,100,100,1,5623,50
0.739883207250386,100,100,100,100,100,1,5623,50
0.780845115426928,100,100,100,100,100,1,5623,50
0.178295812336728,100,100,100,100,100,1,5623,50
0.001,100,100,100,100.001,100.001,1,5623,50
0.781267468351871,100,100,100,100,100,1,5623,50
0.5739965303801,100,100,100,100,100,1,5623,50
0.383824244840071,100,100,100,100,100,1,5623,50
0.0589894214645028,100,100,100,100,100,1,5623,50
0.181182086002082,100,100,100,100,100,1,5623,50
0.002,100,100,100,100.002,100.002,1,5623,50
0.271682556020096,100,100,100,100,100,1,5623,50
0.173150765243918,100,100,100,100,100,1,5623,50
5e-04,100,100,100,100.0005,100.0005,1,5623,50
0.845065562753007,100,100,100,100,100,1,5623,50
0.0752622920554131,100,100,100,100,100,1,5623,50
0.469197015743703,100,100,100,100,100,1,5623,50
0.41334367939271,100,100,100,100,100,1,5623,50
0.541797255398706,100,100,100,100,100,1,5623,50
0.146355461794883,100,100,100,100,100,1,5623,50
0.417671874165535,100,100,100,100,100,1,5623,50
