"p","truediv","chaoest","obsD","upper","lower","l","inds","reps"
0.945142819546163,100,100,100,100,100,1,5623,50
0.922962112817913,100,100,100,100,100,1,5623,50
0.0015,100,100,100,100.0015,100.0015,1,5623,50
5e-04,100,100,100,100.0005,100.0005,1,5623,50
0.668626541737467,100,100,100,100,100,1,5623,50
0.536573653342202,100,100,100,100,100,1,5623,50
0.672125370707363,100,100,100,100,100,1,5623,50
0.662435258505866,100,100,100,100,100,1,5623,50
0.290436977520585,100,100,100,100,100,1,5623,50
0.0632916348986328,100,100,100,100,100,1,5623,50
0.157901209779084,100,100,100,100,100,1,5623,50
0.897357266163453,100,100,100,100,100,1,5623,50
0.855619441950694,100,100,100,100,100,1,5623,50
0.749146371381357,100,100,100,100,100,1,5623,50
0.664298152085394,100,100,100,100,100,1,5623,50
0.981461797375232,100,100,100,100,100,1,5623,50
0.363813496893272,100,100,100,100,100,1,5623,50
0.0025,100,100,100,100.0025,100.0025,1,5623,50
0.746599171776325,100,100,100,100,100,1,5623,50
0.798919698456302,100,100,100,100,100,1,5623,50
0.0629529186990112,100,100,100,100,100,1,5623,50
0.003,100,100,100,100.003,100.003,1,5623,50
0.0015,100,100,100,100.00125004446,100.00125004446,1,5623,50
0.001,100,100,100,100.001,100.001,1,5623,50
0.323917112313211,100,100,100,100,100,1,5623,50
0.0182796551380306,100,100,100,100,100,1,5623,50
0.204439706401899,100,100,100,100,100,1,5623,50
0.697410441469401,100,100,100,100,100,1,5623,50
0.175360509660095,100,100,100,100,100,1,5623,50
0.135609432589263,100,100,100,100,100,1,5623,50
0.90160201350227,100,100,100,100,100,1,5623,50
0.414884555153549,100,100,100,100,100,1,5623,50
0.137678683968261,100,100,100,100,100,1,5623,50
0.149026010883972,100,100,100,100,100,1,5623,50
0.828578129410744,100,100,100,100,100,1,5623,50
0.303373806644231,100,100,100,100,100,1,5623,50
0.310533136827871,100,100,100,100,100,1,5623,50
0.496120401192456,100,100,100,100,100,1,5623,50
0.571415077662095,100,100,100,100,100,1,5623,50
0.51512973383069,100,100,100,100,100,1,5623,50
0.385217557428405,100,100,100,100,100,1,5623,50
0.195585296722129,100,100,100,100,100,1,5623,50
0.002,100,100,100,100.002,100.002,1,5623,50
0.18302238616161,100,100,100,100,100,1,5623,50
0.824598341016099,100,100,100,100,100,1,5623,50
0.369623675942421,100,100,100,100,100,1,5623,50
0.0015,100,100,100,100.0015,100.0015,1,5623,50
0.001,100,100,100,100.001,100.001,1,5623,50
0.371750561753288,100,100,100,100,100,1,5623,50
0.318907625507563,100,100,100,100,100,1,5623,50
