"p","truediv","chaoest","obsD","upper","lower","l","inds","reps"
0.949701061239466,100,100,100,100,100,1,5623,50
0.24831557017751,100,100,100,100,100,1,5623,50
0.0948224444873631,100,100,100,100,100,1,5623,50
0.999415671220049,100,100,100,100,100,1,5623,50
0.789582965895534,100,100,100,100,100,1,5623,50
0.219791872426867,100,100,100,100,100,1,5623,50
0.001,100,100,100,100.001,100.001,1,5623,50
0.737914573866874,100,100,100,100,100,1,5623,50
0.167798078618944,100,100,100,100,100,1,5623,50
0.0533720208331943,100,100,100,100,100,1,5623,50
0.001,100,100,100,100.001,100.001,1,5623,50
0.915943273808807,100,100,100,100,100,1,5623,50
0.667250008089468,100,100,100,100,100,1,5623,50
0.380936295026913,100,100,100,100,100,1,5623,50
0.001,100,100,100,100.001,100.001,1,5623,50
0.426635672803968,100,100,100,100,100,1,5623,50
0.001,100,100,100,100.001,100.001,1,5623,50
0.102966018719599,100,100,100,100,100,1,5623,50
0.001,100,100,100,100.001,100.001,1,5623,50
0.639038720866665,100,100,100,100,100,1,5623,50
5e-04,100,100,100,100.0005,100.0005,1,5623,50
5e-04,100,100,100,100.0005,100.0005,1,5623,50
0.561631935881451,100,100,100,100,100,1,5623,50
0.107430121395737,100,100,100,100,100,1,5623,50
0.222094633150846,100,100,100,100,100,1,5623,50
0.916434232611209,100,100,100,100,100,1,5623,50
0.481329180067405,100,100,100,100,100,1,5623,50
0.563206990715116,100,100,100,100,100,1,5623,50
0.928609453840181,100,100,100,100,100,1,5623,50
0.332575412001461,100,100,100,100,100,1,5623,50
0.641897887922823,100,100,100,100,100,1,5623,50
0.400377648184076,100,100,100,100,100,1,5623,50
0.701489131664857,100,100,100,100,100,1,5623,50
0.255157494917512,100,100,100,100,100,1,5623,50
0.416613354114816,100,100,100,100,100,1,5623,50
0.140754644060507,100,100,100,100,100,1,5623,50
0.186517283553258,100,100,100,100,100,1,5623,50
0.431346138706431,100,100,100,100,100,1,5623,50
5e-04,100,100,100,100.0005,100.0005,1,5623,50
0.0447247540578246,100,100,100,100,100,1,5623,50
0.10264013404958,100,100,100,100,100,1,5623,50
0.114342493005097,100,100,100,100,100,1,5623,50
0.243325179209933,100,100,100,100,100,1,5623,50
0.498706917976961,100,100,100,100,100,1,5623,50
0.003,100,100,100,100.003,100.003,1,5623,50
0.668840196216479,100,100,100,100,100,1,5623,50
0.69679621909745,100,100,100,100,100,1,5623,50
0.033309914637357,100,100,100,100,100,1,5623,50
0.262599552283064,100,100,100,100,100,1,5623,50
0.0055,100,100,100,100.0055,100.0055,1,5623,50
