"p","truediv","chaoest","obsD","upper","lower","l","inds","reps"
0.0581392426975071,100,100,100,100,100,1,5623,50
0.130731412675232,100,100,100,100,100,1,5623,50
0.50812484906055,100,100,100,100,100,1,5623,50
5e-04,100,100,100,100.0005,100.0005,1,5623,50
0.007,100,100,100,100.007,100.007,1,5623,50
0.121539906598628,100,100,100,100,100,1,5623,50
0.22122341976501,100,100,100,100,100,1,5623,50
5e-04,100,100,100,100.0005,100.0005,1,5623,50
0.999286788515747,100,100,100,100,100,1,5623,50
0.002,100,100,100,100.002,100.002,1,5623,50
0.734544837614521,100,100,100,100,100,1,5623,50
0.425854228669778,100,100,100,100,100,1,5623,50
0.345737165072933,100,100,100,100,100,1,5623,50
0.001,100,100,100,100.001,100.001,1,5623,50
0.777361103566363,100,100,100,100,100,1,5623,50
0.0015,100,100,100,100.0015,100.0015,1,5623,50
0.0045,100,100,100,100.0045,100.0045,1,5623,50
0.944173618452623,100,100,100,100,100,1,5623,50
0.613022313220426,100,100,100,100,100,1,5623,50
0.461621303809807,100,100,100,100,100,1,5623,50
0.429482225561514,100,100,100,100,100,1,5623,50
0.525151125155389,100,100,100,100,100,1,5623,50
0.294160751160234,100,100,100,100,100,1,5623,50
0.0015,100,100,100,100.0015,100.0015,1,5623,50
5e-04,100,100,100,100.0005,100.0005,1,5623,50
0.678427898790687,100,100,100,100,100,1,5623,50
0.0461682318709791,100,100,100,100,100,1,5623,50
0.237358619691804,100,100,100,100,100,1,5623,50
0.0015,100,100,100,100.0015,100.0015,1,5623,50
0.85566474404186,100,100,100,100,100,1,5623,50
0.365559224970639,100,100,100,100,100,1,5623,50
0.364177664509043,100,100,100,100,100,1,5623,50
0.0252104196697474,100,100,100,100,100,1,5623,50
0.628485347609967,100,100,100,100,100,1,5623,50
0.24530444573611,100,100,100,100,100,1,5623,50
5e-04,100,100,100,100.0005,100.0005,1,5623,50
0.196940861875191,100,100,100,100,100,1,5623,50
0.001,100,100,100,100.001,100.001,1,5623,50
0.855001596501097,100,100,100,100,100,1,5623,50
0.139272989938036,100,100,100,100,100,1,5623,50
0.98306603054516,100,100,100,100,100,1,5623,50
0.716224293690175,100,100,100,100,100,1,5623,50
0.00793130369856954,100,100,100,100,100,1,5623,50
0.019,100,100,100,100.019,100.019,1,5623,50
5e-04,100,100,100,100.0005,100.0005,1,5623,50
0.21819086605683,100,100,100,100,100,1,5623,50
0.365899465978146,100,100,100,100,100,1,5623,50
0.531349562341347,100,100,100,100,100,1,5623,50
0.670238592894748,100,100,100,100,100,1,5623,50
0.687496323371306,100,100,100,100,100,1,5623,50
