"p","truediv","chaoest","obsD","upper","lower","l","inds","reps"
0.107935128966346,100,100,100,100,100,1,5623,50
0.255878566764295,100,100,100,100,100,1,5623,50
0.138620747951791,100,100,100,100,100,1,5623,50
5e-04,100,100,100,100.0005,100.0005,1,5623,50
0.654290983220562,100,100,100,100,100,1,5623,50
0.14433846110478,100,100,100,100,100,1,5623,50
0.818670658860356,100,100,100,100,100,1,5623,50
5e-04,100,100,100,100.0005,100.0005,1,5623,50
0.290189353283495,100,100,100,100,100,1,5623,50
0.181450301082805,100,100,100,100,100,1,5623,50
0.001,100,100,100,100.001,100.001,1,5623,50
0.76655103941448,100,100,100,100,100,1,5623,50
0.783847862156108,100,100,100,100,100,1,5623,50
0.234740264015272,100,100,100,100,100,1,5623,50
0.433407150441781,100,100,100,100,100,1,5623,50
5e-04,100,100,100,100.0005,100.0005,1,5623,50
0.894450122956187,100,100,100,100,100,1,5623,50
0.758257131557912,100,100,100,100,100,1,5623,50
0.60290511790663,100,100,100,100,100,1,5623,50
0.0604293046053499,100,100,100,100,100,1,5623,50
0.558911939850077,100,100,100,100,100,1,5623,50
0.0015,100,100,100,100.0015,100.0015,1,5623,50
0.939441457157955,100,100,100,100,100,1,5623,50
0.114416296826676,100,100,100,100,100,1,5623,50
0.0292091097217053,100,100,100,100,100,1,5623,50
5e-04,100,100,100,100.0005,100.0005,1,5623,50
0.631917590275407,100,100,100,100,100,1,5623,50
0.554660828318447,100,100,100,100,100,1,5623,50
0.396428094711155,100,100,100,100,100,1,5623,50
0.800397800747305,100,100,100,100,100,1,5623,50
0.451356060104445,100,100,100,100,100,1,5623,50
0.187151048099622,100,100,100,100,100,1,5623,50
0.405367470346391,100,100,100,100,100,1,5623,50
0.420507190516219,100,100,100,100,100,1,5623,50
0.243027437943965,100,100,100,100,100,1,5623,50
0.682733955094591,100,100,100,100,100,1,5623,50
5e-04,100,100,100,100.0005,100.0005,1,5623,50
0.0015,100,100,100,100.0015,100.0015,1,5623,50
0.645031731575727,100,100,100,100,100,1,5623,50
0.734757770318538,100,100,100,100,100,1,5623,50
0.91601874306798,100,100,100,100,100,1,5623,50
0.369943919824436,100,100,100,100,100,1,5623,50
0.971810021204874,100,100,100,100,100,1,5623,50
0.824713805457577,100,100,100,100,100,1,5623,50
0.424731714650989,100,100,100,100,100,1,5623,50
0.001,100,100,100,100.001,100.001,1,5623,50
0.859760472085327,100,100,100,100,100,1,5623,50
0.370734134456143,100,100,100,100,100,1,5623,50
0.117930554552004,100,100,100,100,100,1,5623,50
0.001,100,100,100,100.001,100.001,1,5623,50
