"p","truediv","chaoest","obsD","upper","lower","l","inds","reps"
0.736837610835209,100,100,100,100,100,1,5623,50
0.941975131165236,100,100,100,100,100,1,5623,50
0.46630186564289,100,100,100,100,100,1,5623,50
0.860315176192671,100,100,100,100,100,1,5623,50
0.186755839502439,100,100,100,100,100,1,5623,50
0.375772481318563,100,100,100,100,100,1,5623,50
0.70806204690598,100,100,100,100,100,1,5623,50
0.164174781180918,100,100,100,100,100,1,5623,50
0.592144283931702,100,100,100,100,100,1,5623,50
0.0015,100,100,100,100.0015,100.0015,1,5623,50
0.454593621892855,100,100,100,100,100,1,5623,50
0.300614537671208,100,100,100,100,100,1,5623,50
0.92243972606957,100,100,100,100,100,1,5623,50
0.0903439074754715,100,100,100,100,100,1,5623,50
0.486247044987977,100,100,100,100,100,1,5623,50
0.730936029925942,100,100,100,100,100,1,5623,50
0.527490504551679,100,100,100,100,100,1,5623,50
0.0499295403715223,100,100,100,100,100,1,5623,50
0.384977781446651,100,100,100,100,100,1,5623,50
0.986931558931246,100,100,100,100,100,1,5623,50
0.57837055856362,100,100,100,100,100,1,5623,50
0.525648632785305,100,100,100,100,100,1,5623,50
0.475247756345198,100,100,100,100,100,1,5623,50
0.270224145846441,100,100,100,100,100,1,5623,50
0.001,100,100,100,100.001,100.001,1,5623,50
0.601779216201976,100,100,100,100,100,1,5623,50
0.648284839699045,100,100,100,100,100,1,5623,50
0.310832712333649,100,100,100,100,100,1,5623,50
0.681591410888359,100,100,100,100,100,1,5623,50
0.002,100,100,100,100.002,100.002,1,5623,50
0.683234344236553,100,100,100,100,100,1,5623,50
5e-04,100,100,100,100.0005,100.0005,1,5623,50
0.002,100,100,100,100.002,100.002,1,5623,50
0.001,100,100,100,100.001,100.001,1,5623,50
0.214764518663287,100,100,100,100,100,1,5623,50
0.0791975252795964,100,100,100,100,100,1,5623,50
0.208501985995099,100,100,100,100,100,1,5623,50
0.181991539197043,100,100,100,100,100,1,5623,50
0.112366479123011,100,100,100,100,100,1,5623,50
0.166068882448599,100,100,100,100,100,1,5623,50
0.92080821050331,100,100,100,100,100,1,5623,50
0.001,100,100,100,100.001,100.001,1,5623,50
0.0185,100,100,100,100.0185,100.0185,1,5623,50
0.856805182993412,100,100,100,100,100,1,5623,50
0.001,100,100,100,100.000500088921,100.000500088921,1,5623,50
0.920743386959657,100,100,100,100,100,1,5623,50
0.567021610680968,100,100,100,100,100,1,5623,50
0.883133107097819,100,100,100,100,100,1,5623,50
0.326219434617087,100,100,100,100,100,1,5623,50
0.216626226669177,100,100,100,100,100,1,5623,50
