"p","truediv","chaoest","obsD","upper","lower","l","inds","reps"
0.664680771529675,100,100,100,100,100,1,5623,50
0.857258361298591,100,100,100,100,100,1,5623,50
0.347711902111769,100,100,100,100,100,1,5623,50
0.310451078927144,100,100,100,100,100,1,5623,50
5e-04,100,100,100,100.0005,100.0005,1,5623,50
5e-04,100,100,100,100.0005,100.0005,1,5623,50
0.95407687802799,100,100,100,100,100,1,5623,50
0.440154294017702,100,100,100,100,100,1,5623,50
5e-04,100,100,100,100.0005,100.0005,1,5623,50
0.0055,100,100,100,100.005000088921,100.005000088921,1,5623,50
0.590043775970116,100,100,100,100,100,1,5623,50
0.235054338816553,100,100,100,100,100,1,5623,50
0.666219742503017,100,100,100,100,100,1,5623,50
0.941093791509047,100,100,100,100,100,1,5623,50
0.266585650853813,100,100,100,100,100,1,5623,50
0.001,100,100,100,100.001,100.001,1,5623,50
0.416437759995461,100,100,100,100,100,1,5623,50
0.729888636618853,100,100,100,100,100,1,5623,50
0.0441943660844117,100,100,100,100,100,1,5623,50
0.717381461290643,100,100,100,100,100,1,5623,50
0.290852851001546,100,100,100,100,100,1,5623,50
0.975213706027716,100,100,100,100,100,1,5623,50
0.001,100,100,100,100.001,100.001,1,5623,50
0.712477481458336,100,100,100,100,100,1,5623,50
0.725079626077786,100,100,100,100,100,1,5623,50
0.744330383371562,100,100,100,100,100,1,5623,50
0.53779983939603,100,100,100,100,100,1,5623,50
0.999653955921531,100,100,100,100,100,1,5623,50
0.347842482384294,100,100,100,100,100,1,5623,50
0.697277190396562,100,100,100,100,100,1,5623,50
0.001,100,100,100,100.001,100.001,1,5623,50
0.27414313936606,100,100,100,100,100,1,5623,50
0.585072297370061,100,100,100,100,100,1,5623,50
0.465342167764902,100,100,100,100,100,1,5623,50
0.535545133752748,100,100,100,100,100,1,5623,50
0.931272497633472,100,100,100,100,100,1,5623,50
5e-04,100,100,100,100.0005,100.0005,1,5623,50
5e-04,100,100,100,100.0005,100.0005,1,5623,50
0.457879946334288,100,100,100,100,100,1,5623,50
0.67260084906593,100,100,100,100,100,1,5623,50
0.253601048374549,100,100,100,100,100,1,5623,50
0.257666890975088,100,100,100,100,100,1,5623,50
0.0952416425570846,100,100,100,100,100,1,5623,50
0.672935927985236,100,100,100,100,100,1,5623,50
0.893822310492396,100,100,100,100,100,1,5623,50
0.002,100,100,100,100.002,100.002,1,5623,50
0.297142467694357,100,100,100,100,100,1,5623,50
0.206072114873677,100,100,100,100,100,1,5623,50
0.357373166596517,100,100,100,100,100,1,5623,50
0.524893596302718,100,100,100,100,100,1,5623,50
