"p","truediv","chaoest","obsD","upper","lower","l","inds","reps"
0.0507893648464233,100,100,100,100,100,1,5623,50
5e-04,100,100,100,100.0005,100.0005,1,5623,50
0.985914306016639,100,100,100,100,100,1,5623,50
0.0025,100,100,100,100.0025,100.0025,1,5623,50
5e-04,100,100,100,100.0005,100.0005,1,5623,50
0.00720863416790962,100,100,100,100,100,1,5623,50
0.0045,100,100,100,100.0045,100.0045,1,5623,50
5e-04,100,100,100,100.0005,100.0005,1,5623,50
0.752177851973101,100,100,100,100,100,1,5623,50
0.962866834132001,100,100,100,100,100,1,5623,50
0.138805706985295,100,100,100,100,100,1,5623,50
0.986110303783789,100,100,100,100,100,1,5623,50
0.906252594664693,100,100,100,100,100,1,5623,50
0.693549290532246,100,100,100,100,100,1,5623,50
0.004,100,100,100,100.004,100.004,1,5623,50
5e-04,100,100,100,100.0005,100.0005,1,5623,50
0.610341153806075,100,100,100,100,100,1,5623,50
0.001,100,100,100,100.001,100.001,1,5623,50
0.826122720260173,100,100,100,100,100,1,5623,50
0.0155,100,100,100,100.0155,100.0155,1,5623,50
0.600640303455293,100,100,100,100,100,1,5623,50
0.0025,100,100,100,100.0025,100.0025,1,5623,50
0.748158144531772,100,100,100,100,100,1,5623,50
0.41811786708422,100,100,100,100,100,1,5623,50
0.612733816495165,100,100,100,100,100,1,5623,50
0.751031750347465,100,100,100,100,100,1,5623,50
0.283427844755352,100,100,100,100,100,1,5623,50
5e-04,100,100,100,100.0005,100.0005,1,5623,50
0.16125882207416,100,100,100,100,100,1,5623,50
0.100475635146722,100,100,100,100,100,1,5623,50
0.0931902648881078,100,100,100,100,100,1,5623,50
5e-04,100,100,100,100.0005,100.0005,1,5623,50
0.340014482848346,100,100,100,100,100,1,5623,50
5e-04,100,100,100,100.0005,100.0005,1,5623,50
5e-04,100,100,100,100.0005,100.0005,1,5623,50
0.619838917860761,100,100,100,100,100,1,5623,50
0.001,100,100,100,100.001,100.001,1,5623,50
5e-04,100,100,100,100.0005,100.0005,1,5623,50
0.377430914435536,100,100,100,100,100,1,5623,50
0.0422813175246119,100,100,100,100,100,1,5623,50
0.213590147905052,100,100,100,100,100,1,5623,50
0.264477506047115,100,100,100,100,100,1,5623,50
0.233637768775225,100,100,100,100,100,1,5623,50
0.297851375536993,100,100,100,100,100,1,5623,50
0.895694239297882,100,100,100,100,100,1,5623,50
0.130866501713172,100,100,100,100,100,1,5623,50
0.459895341191441,100,100,100,100,100,1,5623,50
5e-04,100,100,100,100.0005,100.0005,1,5623,50
0.710279166931286,100,100,100,100,100,1,5623,50
0.70484147570096,100,100,100,100,100,1,5623,50
