"p","truediv","chaoest","obsD","upper","lower","l","inds","reps"
0.770054964115843,100,100,100,100,100,1,5623,50
0.955805899109691,100,100,100,100,100,1,5623,50
0.250369999092072,100,100,100,100,100,1,5623,50
0.621501820394769,100,100,100,100,100,1,5623,50
5e-04,100,100,100,100.0005,100.0005,1,5623,50
0.539180105086416,100,100,100,100,100,1,5623,50
0.2172749445308,100,100,100,100,100,1,5623,50
0.675169051392004,100,100,100,100,100,1,5623,50
0.710200742119923,100,100,100,100,100,1,5623,50
0.684701103018597,100,100,100,100,100,1,5623,50
0.815421806648374,100,100,100,100,100,1,5623,50
0.110753268701956,100,100,100,100,100,1,5623,50
5e-04,100,100,100,100.0005,100.0005,1,5623,50
0.472376400372013,100,100,100,100,100,1,5623,50
0.469642189797014,100,100,100,100,100,1,5623,50
0.0025,100,100,100,100.0025,100.0025,1,5623,50
0.412806459004059,100,100,100,100,100,1,5623,50
0.084940483327955,100,100,100,100,100,1,5623,50
0.249525975203142,100,100,100,100,100,1,5623,50
0.205849146004766,100,100,100,100,100,1,5623,50
0.685803188942373,100,100,100,100,100,1,5623,50
5e-04,100,100,100,100.0005,100.0005,1,5623,50
5e-04,100,100,100,100.0005,100.0005,1,5623,50
0.416791196679696,100,100,100,100,100,1,5623,50
0.523359870538116,100,100,100,100,100,1,5623,50
0.001,100,100,100,100.001,100.001,1,5623,50
0.0015,100,100,100,100.00125004446,100.00125004446,1,5623,50
0.135792362736538,100,100,100,100,100,1,5623,50
0.842143343994394,100,100,100,100,100,1,5623,50
0.214168190024793,100,100,100,100,100,1,5623,50
0.247026995522901,100,100,100,100,100,1,5623,50
0.587077195523307,100,100,100,100,100,1,5623,50
0.001,100,100,100,100.001,100.001,1,5623,50
0.423903855960816,100,100,100,100,100,1,5623,50
0.878512082621455,100,100,100,100,100,1,5623,50
5e-04,100,100,100,100.0005,100.0005,1,5623,50
0.0155,100,100,100,100.01525004446,100.01525004446,1,5623,50
0.244944662321359,100,100,100,100,100,1,5623,50
0.0506897701416165,100,100,100,100,100,1,5623,50
0.590707863215357,100,100,100,100,100,1,5623,50
0.544368935516104,100,100,100,100,100,1,5623,50
0.139639468863606,100,100,100,100,100,1,5623,50
0.001,100,100,100,100.001,100.001,1,5623,50
0.337526300223544,100,100,100,100,100,1,5623,50
0.002,100,100,100,100.00175004446,100.00175004446,1,5623,50
0.0473865903913975,100,100,100,100,100,1,5623,50
0.0015,100,100,100,100.0015,100.0015,1,5623,50
0.188362915767357,100,100,100,100,100,1,5623,50
0.453185837250203,100,100,100,100,100,1,5623,50
0.96424559620209,100,100,100,100,100,1,5623,50
