"p","truediv","chaoest","obsD","upper","lower","l","inds","reps"
5e-04,100,100,100,100.0005,100.0005,1,5623,50
0.126657550456002,100,100,100,100,100,1,5623,50
0.799501321977004,100,100,100,100,100,1,5623,50
0.0893464137334377,100,100,100,100,100,1,5623,50
0.82856854563579,100,100,100,100,100,1,5623,50
0.908338973298669,100,100,100,100,100,1,5623,50
0.26139606628567,100,100,100,100,100,1,5623,50
0.913810918107629,100,100,100,100,100,1,5623,50
0.327455771155655,100,100,100,100,100,1,5623,50
0.769467249512672,100,100,100,100,100,1,5623,50
0.426648301305249,100,100,100,100,100,1,5623,50
0.646599875995889,100,100,100,100,100,1,5623,50
0.0683182021602988,100,100,100,100,100,1,5623,50
0.359735367354006,100,100,100,100,100,1,5623,50
5e-04,100,100,100,100.0005,100.0005,1,5623,50
0.799125012010336,100,100,100,100,100,1,5623,50
0.419445356121287,100,100,100,100,100,1,5623,50
0.0365106521639973,100,100,100,100,100,1,5623,50
0.0872190950904042,100,100,100,100,100,1,5623,50
0.144224097486585,100,100,100,100,100,1,5623,50
0.148866989417002,100,100,100,100,100,1,5623,50
0.792815697612241,100,100,100,100,100,1,5623,50
0.401451490819454,100,100,100,100,100,1,5623,50
0.0982069305609912,100,100,100,100,100,1,5623,50
0.429564412450418,100,100,100,100,100,1,5623,50
0.75161689450033,100,100,100,100,100,1,5623,50
0.186516345711425,100,100,100,100,100,1,5623,50
0.959567425074056,100,100,100,100,100,1,5623,50
0.207080809166655,100,100,100,100,100,1,5623,50
0.307830856647342,100,100,100,100,100,1,5623,50
0.002,100,100,100,100.002,100.002,1,5623,50
0.289588190382347,100,100,100,100,100,1,5623,50
0.914374317973852,100,100,100,100,100,1,5623,50
0.700448092073202,100,100,100,100,100,1,5623,50
5e-04,100,100,100,100.0005,100.0005,1,5623,50
0.147549446439371,100,100,100,100,100,1,5623,50
0.643179278355092,100,100,100,100,100,1,5623,50
0.0045,100,100,100,100.0045,100.0045,1,5623,50
0.248417044291273,100,100,100,100,100,1,5623,50
0.327542393701151,100,100,100,100,100,1,5623,50
0.868804814526811,100,100,100,100,100,1,5623,50
0.480651444289833,100,100,100,100,100,1,5623,50
5e-04,100,100,100,100.0005,100.0005,1,5623,50
0.548527331557125,100,100,100,100,100,1,5623,50
0.516111141536385,100,100,100,100,100,1,5623,50
0.329510965617374,100,100,100,100,100,1,5623,50
0.627080846345052,100,100,100,100,100,1,5623,50
0.123926376923919,100,100,100,100,100,1,5623,50
0.0451446077786386,100,100,100,100,100,1,5623,50
0.769276998005807,100,100,100,100,100,1,5623,50
