"p","truediv","chaoest","obsD","upper","lower","l","inds","reps"
0.673317866632715,100,100,100,100,100,1,5623,50
5e-04,100,100,100,100.0005,100.0005,1,5623,50
0.775757687166333,100,100,100,100,100,1,5623,50
0.903267291374505,100,100,100,100,100,1,5623,50
0.328388157999143,100,100,100,100,100,1,5623,50
0.0867785820737481,100,100,100,100,100,1,5623,50
0.368357416940853,100,100,100,100,100,1,5623,50
0.724948444403708,100,100,100,100,100,1,5623,50
0.929735304554924,100,100,100,100,100,1,5623,50
0.0015,100,100,100,100.0015,100.0015,1,5623,50
0.71086987038143,100,100,100,100,100,1,5623,50
0.732117900392041,100,100,100,100,100,1,5623,50
0.847316870233044,100,100,100,100,100,1,5623,50
0.470616213977337,100,100,100,100,100,1,5623,50
0.366346504306421,100,100,100,100,100,1,5623,50
5e-04,100,100,100,100.0005,100.0005,1,5623,50
0.00932015408761799,100,100,100,100,100,1,5623,50
0.340283983852714,100,100,100,100,100,1,5623,50
0.887334869476035,100,100,100,100,100,1,5623,50
0.956265633925796,100,100,100,100,100,1,5623,50
0.820527551695704,100,100,100,100,100,1,5623,50
0.693387919105589,100,100,100,100,100,1,5623,50
0.261814472265542,100,100,100,100,100,1,5623,50
5e-04,100,100,100,100.0005,100.0005,1,5623,50
0.958850946510211,100,100,100,100,100,1,5623,50
0.723041058750823,100,100,100,100,100,1,5623,50
0.586046027485281,100,100,100,100,100,1,5623,50
0.24315636488609,100,100,100,100,100,1,5623,50
0.106656898511574,100,100,100,100,100,1,5623,50
5e-04,100,100,100,100.0005,100.0005,1,5623,50
0.200285763246939,100,100,100,100,100,1,5623,50
0.659359622513875,100,100,100,100,100,1,5623,50
0.72390370676294,100,100,100,100,100,1,5623,50
0.233115339418873,100,100,100,100,100,1,5623,50
0.003,100,100,100,100.003,100.003,1,5623,50
5e-04,100,100,100,100.0005,100.0005,1,5623,50
0.105087975040078,100,100,100,100,100,1,5623,50
0.334408198716119,100,100,100,100,100,1,5623,50
5e-04,100,100,100,100.0005,100.0005,1,5623,50
0.4788041212596,100,100,100,100,100,1,5623,50
0.0055,100,100,100,100.0055,100.0055,1,5623,50
0.453502208925784,100,100,100,100,100,1,5623,50
0.718424925813451,100,100,100,100,100,1,5623,50
0.0195,100,100,100,100.0195,100.0195,1,5623,50
5e-04,100,100,100,100.0005,100.0005,1,5623,50
5e-04,100,100,100,100.0005,100.0005,1,5623,50
0.002,100,100,100,100.002,100.002,1,5623,50
0.820232695201412,100,100,100,100,100,1,5623,50
0.0798460221849382,100,100,100,100,100,1,5623,50
0.709125163266435,100,100,100,100,100,1,5623,50
