"p","truediv","chaoest","obsD","upper","lower","l","inds","reps"
0.001,100,100,100,100.00075004446,100.00075004446,1,5623,50
0.001,100,100,100,100.00075004446,100.00075004446,1,5623,50
0.208982181269675,100,100,100,100,100,1,5623,50
5e-04,100,100,100,100.0005,100.0005,1,5623,50
0.38272055843845,100,100,100,100,100,1,5623,50
0.0015,100,100,100,100.0015,100.0015,1,5623,50
0.168523335130885,100,100,100,100,100,1,5623,50
0.805897092912346,100,100,100,100,100,1,5623,50
0.668165486771613,100,100,100,100,100,1,5623,50
5e-04,100,100,100,100.0005,100.0005,1,5623,50
0.643440903862938,100,100,100,100,100,1,5623,50
0.001,100,100,100,100.001,100.001,1,5623,50
0.008,100,100,100,100.00775004446,100.00775004446,1,5623,50
0.706388778751716,100,100,100,100,100,1,5623,50
0.722464606165886,100,100,100,100,100,1,5623,50
0.465655568288639,100,100,100,100,100,1,5623,50
0.0869872390758246,100,100,100,100,100,1,5623,50
5e-04,100,100,100,100.0005,100.0005,1,5623,50
0.555448277620599,100,100,100,100,100,1,5623,50
0.041,100,100,100,100.041,99.041,1,5623,50
0.883911286713555,100,100,100,100,100,1,5623,50
0.345642721513286,100,100,100,100,100,1,5623,50
0.116368930088356,100,100,100,100,100,1,5623,50
0.92996379872784,100,100,100,100,100,1,5623,50
0.268222060054541,100,100,100,100,100,1,5623,50
0.526873238617554,100,100,100,100,100,1,5623,50
0.007,100,100,100,100.007,100.007,1,5623,50
0.532265392364934,100,100,100,100,100,1,5623,50
5e-04,100,100,100,100.0005,100.0005,1,5623,50
0.004,100,100,100,100.003500088921,100.003500088921,1,5623,50
0.001,100,100,100,100.001,100.001,1,5623,50
0.469286487204954,100,100,100,100,100,1,5623,50
0.609636899782345,100,100,100,100,100,1,5623,50
0.0035,100,100,100,100.0035,100.0035,1,5623,50
0.23570363339968,100,100,100,100,100,1,5623,50
0.97471598116681,100,100,100,100,100,1,5623,50
0.493988578906283,100,100,100,100,100,1,5623,50
0.537880557589233,100,100,100,100,100,1,5623,50
0.114595071645454,100,100,100,100,100,1,5623,50
0.959628436714411,100,100,100,100,100,1,5623,50
0.884694937150925,100,100,100,100,100,1,5623,50
5e-04,100,100,100,100.0005,100.0005,1,5623,50
5e-04,100,100,100,100.0005,100.0005,1,5623,50
5e-04,100,100,100,100.0005,100.0005,1,5623,50
0.501393977552652,100,100,100,100,100,1,5623,50
0.784505261108279,100,100,100,100,100,1,5623,50
5e-04,100,100,100,100.0005,100.0005,1,5623,50
0.399902747943997,100,100,100,100,100,1,5623,50
0.628530856221914,100,100,100,100,100,1,5623,50
0.855633780127391,100,100,100,100,100,1,5623,50
