"p","truediv","chaoest","obsD","upper","lower","l","inds","reps"
0.797968291677535,100,100,100,100,100,1,5623,50
0.146236989414319,100,100,100,100,100,1,5623,50
0.499850721796975,100,100,100,100,100,1,5623,50
0.381768766324967,100,100,100,100,100,1,5623,50
0.697785284835845,100,100,100,100,100,1,5623,50
0.210452362662181,100,100,100,100,100,1,5623,50
0.001,100,100,100,100.000500088921,100.000500088921,1,5623,50
0.618304368341342,100,100,100,100,100,1,5623,50
0.0378594810608774,100,100,100,100,100,1,5623,50
0.472956880228594,100,100,100,100,100,1,5623,50
0.252535077277571,100,100,100,100,100,1,5623,50
0.198859543073922,100,100,100,100,100,1,5623,50
0.146251537138596,100,100,100,100,100,1,5623,50
0.445039790589362,100,100,100,100,100,1,5623,50
0.798593597486615,100,100,100,100,100,1,5623,50
0.943034323863685,100,100,100,100,100,1,5623,50
0.357895383611321,100,100,100,100,100,1,5623,50
0.00127646280452609,100,100,100,100,100,1,5623,50
5e-04,100,100,100,100.0005,100.0005,1,5623,50
0.603386698523536,100,100,100,100,100,1,5623,50
0.63356690085493,100,100,100,100,100,1,5623,50
0.001,100,100,100,100.001,100.001,1,5623,50
0.503223843872547,100,100,100,100,100,1,5623,50
0.792679504491389,100,100,100,100,100,1,5623,50
0.210526201408356,100,100,100,100,100,1,5623,50
0.101161301368847,100,100,100,100,100,1,5623,50
0.866100952262059,100,100,100,100,100,1,5623,50
0.001,100,100,100,100.001,100.001,1,5623,50
0.257947770180181,100,100,100,100,100,1,5623,50
0.942837190115824,100,100,100,100,100,1,5623,50
0.0927671894896775,100,100,100,100,100,1,5623,50
0.821238040691242,100,100,100,100,100,1,5623,50
0.001,100,100,100,100.001,100.001,1,5623,50
0.563441600417718,100,100,100,100,100,1,5623,50
0.154362443834543,100,100,100,100,100,1,5623,50
0.545638576615602,100,100,100,100,100,1,5623,50
0.0015,100,100,100,100.0015,100.0015,1,5623,50
0.191177983069792,100,100,100,100,100,1,5623,50
0.0015,100,100,100,100.0015,100.0015,1,5623,50
0.791628101840615,100,100,100,100,100,1,5623,50
0.170319669879973,100,100,100,100,100,1,5623,50
0.501037399983034,100,100,100,100,100,1,5623,50
0.0025,100,100,100,100.0025,100.0025,1,5623,50
0.599122943589464,100,100,100,100,100,1,5623,50
0.508332744473591,100,100,100,100,100,1,5623,50
0.869539296720177,100,100,100,100,100,1,5623,50
0.911974248010665,100,100,100,100,100,1,5623,50
0.869686813792214,100,100,100,100,100,1,5623,50
0.574143022298813,100,100,100,100,100,1,5623,50
0.274437136715278,100,100,100,100,100,1,5623,50
