"p","truediv","chaoest","obsD","upper","lower","l","inds","reps"
0.986442578723654,100,100,100,100,100,1,5623,50
0.517436317633837,100,100,100,100,100,1,5623,50
5e-04,100,100,100,100.0005,100.0005,1,5623,50
0.765062703518197,100,100,100,100,100,1,5623,50
0.975268863840029,100,100,100,100,100,1,5623,50
0.122444791952148,100,100,100,100,100,1,5623,50
0.153422652976587,100,100,100,100,100,1,5623,50
0.490965110482648,100,100,100,100,100,1,5623,50
0.427847186569124,100,100,100,100,100,1,5623,50
5e-04,100,100,100,100.0005,100.0005,1,5623,50
0.0025,100,100,100,100.0025,100.0025,1,5623,50
0.45845488505438,100,100,100,100,100,1,5623,50
0.186583837028593,100,100,100,100,100,1,5623,50
0.520267695654184,100,100,100,100,100,1,5623,50
0.0015,100,100,100,100.0015,100.0015,1,5623,50
0.0015,100,100,100,100.0015,100.0015,1,5623,50
0.262534243287519,100,100,100,100,100,1,5623,50
0.994742199778557,100,100,100,100,100,1,5623,50
5e-04,100,100,100,100.0005,100.0005,1,5623,50
0.715222632046789,100,100,100,100,100,1,5623,50
0.974794503534213,100,100,100,100,100,1,5623,50
0.584739586571231,100,100,100,100,100,1,5623,50
0.430948356399313,100,100,100,100,100,1,5623,50
0.794161063851789,100,100,100,100,100,1,5623,50
0.201078572077677,100,100,100,100,100,1,5623,50
0.501374986488372,100,100,100,100,100,1,5623,50
0.496554454788566,100,100,100,100,100,1,5623,50
0.0015,100,100,100,100.0015,100.0015,1,5623,50
0.0015,100,100,100,100.0015,100.0015,1,5623,50
0.655703748809174,100,100,100,100,100,1,5623,50
0.376195848220959,100,100,100,100,100,1,5623,50
0.583291040733457,100,100,100,100,100,1,5623,50
0.022,100,100,100,100.022,100.022,1,5623,50
0.992589218309149,100,100,100,100,100,1,5623,50
0.676887896144763,100,100,100,100,100,1,5623,50
0.791915949899703,100,100,100,100,100,1,5623,50
0.964636500691995,100,100,100,100,100,1,5623,50
5e-04,100,100,100,100.0005,100.0005,1,5623,50
0.672174548963085,100,100,100,100,100,1,5623,50
0.627283619949594,100,100,100,100,100,1,5623,50
5e-04,100,100,100,100.0005,100.0005,1,5623,50
0.001,100,100,100,100.001,100.001,1,5623,50
0.0265290690585971,100,100,100,100,100,1,5623,50
0.247466714354232,100,100,100,100,100,1,5623,50
0.943459721514955,100,100,100,100,100,1,5623,50
0.143373950617388,100,100,100,100,100,1,5623,50
0.512988620670512,100,100,100,100,100,1,5623,50
0.578344218200073,100,100,100,100,100,1,5623,50
0.028458506334573,100,100,100,100,100,1,5623,50
0.001,100,100,100,100.001,100.001,1,5623,50
