"p","truediv","chaoest","obsD","upper","lower","l","inds","reps"
0.870618088636547,100,100,100,100,100,1,5623,50
0.003,100,100,100,100.003,100.003,1,5623,50
0.721140334848315,100,100,100,100,100,1,5623,50
0.002,100,100,100,100.002,100.002,1,5623,50
0.956380657618865,100,100,100,100,100,1,5623,50
0.339085780782625,100,100,100,100,100,1,5623,50
0.239454008173198,100,100,100,100,100,1,5623,50
0.141048141987994,100,100,100,100,100,1,5623,50
0.001,100,100,100,100.001,100.001,1,5623,50
5e-04,100,100,100,100.0005,100.0005,1,5623,50
0.561795919202268,100,100,100,100,100,1,5623,50
0.409146445803344,100,100,100,100,100,1,5623,50
0.0015,100,100,100,100.0015,100.0015,1,5623,50
0.82765728700906,100,100,100,100,100,1,5623,50
5e-04,100,100,100,100.0005,100.0005,1,5623,50
0.310152440797538,100,100,100,100,100,1,5623,50
0.479593394789845,100,100,100,100,100,1,5623,50
0.947564888279885,100,100,100,100,100,1,5623,50
0.131239923648536,100,100,100,100,100,1,5623,50
0.884593113092706,100,100,100,100,100,1,5623,50
0.220673108706251,100,100,100,100,100,1,5623,50
0.799031430156901,100,100,100,100,100,1,5623,50
0.263816326158121,100,100,100,100,100,1,5623,50
0.458562401356176,100,100,100,100,100,1,5623,50
0.943014649208635,100,100,100,100,100,1,5623,50
0.389442491810769,100,100,100,100,100,1,5623,50
0.00956054450944066,100,100,100,100,100,1,5623,50
5e-04,100,100,100,100.0005,100.0005,1,5623,50
0.002,100,100,100,100.002,100.002,1,5623,50
0.5596751824487,100,100,100,100,100,1,5623,50
0.408655105158687,100,100,100,100,100,1,5623,50
0.208304542116821,100,100,100,100,100,1,5623,50
0.512232643552125,100,100,100,100,100,1,5623,50
0.555246135452762,100,100,100,100,100,1,5623,50
0.967794962227345,100,100,100,100,100,1,5623,50
0.800420954590663,100,100,100,100,100,1,5623,50
0.948745998786762,100,100,100,100,100,1,5623,50
0.904075292404741,100,100,100,100,100,1,5623,50
0.894079856108874,100,100,100,100,100,1,5623,50
0.0015,100,100,100,100.0015,100.0015,1,5623,50
0.397388322744519,100,100,100,100,100,1,5623,50
0.001,100,100,100,100.001,100.001,1,5623,50
0.989726694766432,100,100,100,100,100,1,5623,50
0.130058833397925,100,100,100,100,100,1,5623,50
0.995948260184377,100,100,100,100,100,1,5623,50
0.579069067025557,100,100,100,100,100,1,5623,50
5e-04,100,100,100,100.0005,100.0005,1,5623,50
0.720959755359218,100,100,100,100,100,1,5623,50
0.924565384630114,100,100,100,100,100,1,5623,50
0.821483257925138,100,100,100,100,100,1,5623,50
