"p","truediv","chaoest","obsD","upper","lower","l","inds","reps"
0.285595450783148,100,100,100,100,100,1,5623,50
5e-04,100,100,100,100.0005,100.0005,1,5623,50
0.954744204180315,100,100,100,100,100,1,5623,50
0.35047216154635,100,100,100,100,100,1,5623,50
0.385977038647979,100,100,100,100,100,1,5623,50
0.001,100,100,100,100.001,100.001,1,5623,50
0.549461461603642,100,100,100,100,100,1,5623,50
0.562651135027409,100,100,100,100,100,1,5623,50
0.569554905407131,100,100,100,100,100,1,5623,50
0.910405594622716,100,100,100,100,100,1,5623,50
0.913391160080209,100,100,100,100,100,1,5623,50
0.319248028099537,100,100,100,100,100,1,5623,50
0.954549436690286,100,100,100,100,100,1,5623,50
0.21540212072432,100,100,100,100,100,1,5623,50
0.771207107463852,100,100,100,100,100,1,5623,50
0.426018386147916,100,100,100,100,100,1,5623,50
0.949178124079481,100,100,100,100,100,1,5623,50
0.457765500526875,100,100,100,100,100,1,5623,50
0.713139955652878,100,100,100,100,100,1,5623,50
0.577616349095479,100,100,100,100,100,1,5623,50
5e-04,100,100,100,100.0005,100.0005,1,5623,50
5e-04,100,100,100,100.0005,100.0005,1,5623,50
0.815425901906565,100,100,100,100,100,1,5623,50
0.297173355007544,100,100,100,100,100,1,5623,50
0.804475087672472,100,100,100,100,100,1,5623,50
0.0188130368478596,100,100,100,100,100,1,5623,50
0.0187575866002589,100,100,100,100,100,1,5623,50
0.860149960499257,100,100,100,100,100,1,5623,50
0.0927311908453703,100,100,100,100,100,1,5623,50
5e-04,100,100,100,100.0005,100.0005,1,5623,50
0.411365656415001,100,100,100,100,100,1,5623,50
0.958987709367648,100,100,100,100,100,1,5623,50
0.306980010122061,100,100,100,100,100,1,5623,50
0.860311369178817,100,100,100,100,100,1,5623,50
0.773024928523228,100,100,100,100,100,1,5623,50
5e-04,100,100,100,100.0005,100.0005,1,5623,50
0.62199276057072,100,100,100,100,100,1,5623,50
0.678543869871646,100,100,100,100,100,1,5623,50
0.001,100,100,100,100.001,100.001,1,5623,50
0.41431570937857,100,100,100,100,100,1,5623,50
0.002,100,100,100,100.002,100.002,1,5623,50
0.60788624570705,100,100,100,100,100,1,5623,50
5e-04,100,100,100,100.0005,100.0005,1,5623,50
0.932540977839381,100,100,100,100,100,1,5623,50
0.59947829740122,100,100,100,100,100,1,5623,50
0.235263143200427,100,100,100,100,100,1,5623,50
0.0346064977347851,100,100,100,100,100,1,5623,50
0.926361796678975,100,100,100,100,100,1,5623,50
5e-04,100,100,100,100.0005,100.0005,1,5623,50
0.406730895163491,100,100,100,100,100,1,5623,50
