"p","truediv","chaoest","obsD","upper","lower","l","inds","reps"
0.218015359714627,100,100,100,100,100,1,5623,50
0.830205194186419,100,100,100,100,100,1,5623,50
5e-04,100,100,100,100.0005,100.0005,1,5623,50
0.0331745895091444,100,100,100,100,100,1,5623,50
0.001,100,100,100,100.001,100.001,1,5623,50
0.613431866746396,100,100,100,100,100,1,5623,50
0.248327639186755,100,100,100,100,100,1,5623,50
0.243041462963447,100,100,100,100,100,1,5623,50
0.69828491169028,100,100,100,100,100,1,5623,50
0.917346600908786,100,100,100,100,100,1,5623,50
0.57622101274319,100,100,100,100,100,1,5623,50
0.590306699741632,100,100,100,100,100,1,5623,50
0.747014560271055,100,100,100,100,100,1,5623,50
0.0015,100,100,100,100.0015,100.0015,1,5623,50
0.458139324327931,100,100,100,100,100,1,5623,50
0.945034301839769,100,100,100,100,100,1,5623,50
0.0868037459440529,100,100,100,100,100,1,5623,50
5e-04,100,100,100,100.0005,100.0005,1,5623,50
0.71882245875895,100,100,100,100,100,1,5623,50
5e-04,100,100,100,100.0005,100.0005,1,5623,50
0.607552559347823,100,100,100,100,100,1,5623,50
0.60560359293595,100,100,100,100,100,1,5623,50
5e-04,100,100,100,100.0005,100.0005,1,5623,50
0.548279793001711,100,100,100,100,100,1,5623,50
0.0758698866702616,100,100,100,100,100,1,5623,50
0.40059432014823,100,100,100,100,100,1,5623,50
0.001,100,100,100,100.001,100.001,1,5623,50
0.434067083289847,100,100,100,100,100,1,5623,50
0.0015,100,100,100,100.0015,100.0015,1,5623,50
5e-04,100,100,100,100.0005,100.0005,1,5623,50
0.053414469351992,100,100,100,100,100,1,5623,50
0.935396112501621,100,100,100,100,100,1,5623,50
0.391097672050819,100,100,100,100,100,1,5623,50
5e-04,100,100,100,100.0005,100.0005,1,5623,50
0.368058184627444,100,100,100,100,100,1,5623,50
0.834239293821156,100,100,100,100,100,1,5623,50
0.750335748773068,100,100,100,100,100,1,5623,50
0.141380217391998,100,100,100,100,100,1,5623,50
0.306220927275717,100,100,100,100,100,1,5623,50
0.228391529759392,100,100,100,100,100,1,5623,50
0.1935390222352,100,100,100,100,100,1,5623,50
0.763262422289699,100,100,100,100,100,1,5623,50
0.765070181339979,100,100,100,100,100,1,5623,50
0.327392071951181,100,100,100,100,100,1,5623,50
0.001,100,100,100,100.001,100.001,1,5623,50
0.669820067239925,100,100,100,100,100,1,5623,50
0.621132490225136,100,100,100,100,100,1,5623,50
0.112688595661893,100,100,100,100,100,1,5623,50
0.995963719906285,100,100,100,100,100,1,5623,50
0.168472330318764,100,100,100,100,100,1,5623,50
