"p","truediv","chaoest","obsD","upper","lower","l","inds","reps"
5e-04,100,100,100,100.0005,100.0005,1,5623,50
0.001,100,100,100,100.001,100.001,1,5623,50
0.950575800612569,100,100,100,100,100,1,5623,50
0.819835415342823,100,100,100,100,100,1,5623,50
5e-04,100,100,100,100.0005,100.0005,1,5623,50
5e-04,100,100,100,100.0005,100.0005,1,5623,50
0.389433138538152,100,100,100,100,100,1,5623,50
0.798813915345818,100,100,100,100,100,1,5623,50
0.968577475519851,100,100,100,100,100,1,5623,50
0.0980371877085418,100,100,100,100,100,1,5623,50
0.0399632814805955,100,100,100,100,100,1,5623,50
0.0765338456258178,100,100,100,100,100,1,5623,50
0.0055,100,100,100,100.0055,100.0055,1,5623,50
0.142408738378435,100,100,100,100,100,1,5623,50
0.856016703881323,100,100,100,100,100,1,5623,50
0.377353651681915,100,100,100,100,100,1,5623,50
0.0025,100,100,100,100.0025,100.0025,1,5623,50
0.834709480637684,100,100,100,100,100,1,5623,50
0.207442873390391,100,100,100,100,100,1,5623,50
0.746216341620311,100,100,100,100,100,1,5623,50
0.792936592362821,100,100,100,100,100,1,5623,50
0.481644817860797,100,100,100,100,100,1,5623,50
0.373502197209746,100,100,100,100,100,1,5623,50
0.805589950177819,100,100,100,100,100,1,5623,50
0.119476146297529,100,100,100,100,100,1,5623,50
5e-04,100,100,100,100.0005,100.0005,1,5623,50
0.77070639654994,100,100,100,100,100,1,5623,50
0.201049391878769,100,100,100,100,100,1,5623,50
0.564481662353501,100,100,100,100,100,1,5623,50
0.790176702896133,100,100,100,100,100,1,5623,50
0.004,100,100,100,100.004,100.004,1,5623,50
0.120394387980923,100,100,100,100,100,1,5623,50
0.359917901689187,100,100,100,100,100,1,5623,50
0.464366058353335,100,100,100,100,100,1,5623,50
0.765394835500047,100,100,100,100,100,1,5623,50
0.401526832254604,100,100,100,100,100,1,5623,50
0.349550166865811,100,100,100,100,100,1,5623,50
0.741021386580542,100,100,100,100,100,1,5623,50
0.329792745644227,100,100,100,100,100,1,5623,50
0.0128439348191023,100,100,100,100,100,1,5623,50
0.493783107725903,100,100,100,100,100,1,5623,50
0.868373229401186,100,100,100,100,100,1,5623,50
0.823267005151138,100,100,100,100,100,1,5623,50
0.34451419999823,100,100,100,100,100,1,5623,50
5e-04,100,100,100,100.0005,100.0005,1,5623,50
0.514444443630055,100,100,100,100,100,1,5623,50
0.41021611657925,100,100,100,100,100,1,5623,50
0.630294607952237,100,100,100,100,100,1,5623,50
0.007,100,100,100,100.007,100.007,1,5623,50
0.359506984241307,100,100,100,100,100,1,5623,50
