"p","truediv","chaoest","obsD","upper","lower","l","inds","reps"
0.486783823696896,100,100,100,100,100,1,5623,50
0.0055,100,100,100,100.0055,100.0055,1,5623,50
0.149496443103999,100,100,100,100,100,1,5623,50
0.432638554600999,100,100,100,100,100,1,5623,50
0.002,100,100,100,100.002,100.002,1,5623,50
0.648740109987557,100,100,100,100,100,1,5623,50
0.407388212857768,100,100,100,100,100,1,5623,50
0.404799383832142,100,100,100,100,100,1,5623,50
0.505673880921677,100,100,100,100,100,1,5623,50
0.446132018696517,100,100,100,100,100,1,5623,50
0.987089779693633,100,100,100,100,100,1,5623,50
0.662120039574802,100,100,100,100,100,1,5623,50
0.467324336525053,100,100,100,100,100,1,5623,50
0.316820993786678,100,100,100,100,100,1,5623,50
0.953994224779308,100,100,100,100,100,1,5623,50
0.684673844370991,100,100,100,100,100,1,5623,50
0.11264277389273,100,100,100,100,100,1,5623,50
0.827775839483365,100,100,100,100,100,1,5623,50
0.322144197532907,100,100,100,100,100,1,5623,50
0.0105,100,100,100,100.0105,100.0105,1,5623,50
0.0134477289393544,100,100,100,100,100,1,5623,50
0.0205,100,100,100,100.02025004446,100.02025004446,1,5623,50
0.455993311712518,100,100,100,100,100,1,5623,50
0.105176700511947,100,100,100,100,100,1,5623,50
0.37016005627811,100,100,100,100,100,1,5623,50
0.971779111074284,100,100,100,100,100,1,5623,50
0.610643975436687,100,100,100,100,100,1,5623,50
0.645552503876388,100,100,100,100,100,1,5623,50
0.458643696736544,100,100,100,100,100,1,5623,50
0.605955640785396,100,100,100,100,100,1,5623,50
0.423506556544453,100,100,100,100,100,1,5623,50
0.348770109703764,100,100,100,100,100,1,5623,50
0.359000254189596,100,100,100,100,100,1,5623,50
0.006,100,100,100,100.006,100.006,1,5623,50
0.535616626031697,100,100,100,100,100,1,5623,50
0.58109491225332,100,100,100,100,100,1,5623,50
0.833557671867311,100,100,100,100,100,1,5623,50
0.713954968377948,100,100,100,100,100,1,5623,50
0.979674909263849,100,100,100,100,100,1,5623,50
0.711246041581035,100,100,100,100,100,1,5623,50
0.681082020048052,100,100,100,100,100,1,5623,50
0.001,100,100,100,100.001,100.001,1,5623,50
0.49767307867296,100,100,100,100,100,1,5623,50
0.600908778607845,100,100,100,100,100,1,5623,50
0.115192392840981,100,100,100,100,100,1,5623,50
0.002,100,100,100,100.002,100.002,1,5623,50
0.847641676664352,100,100,100,100,100,1,5623,50
0.0021553763654083,100,100,100,100,100,1,5623,50
0.57237233268097,100,100,100,100,100,1,5623,50
0.0625078806187958,100,100,100,100,100,1,5623,50
