"p","truediv","chaoest","obsD","upper","lower","l","inds","reps"
0.001,100,100,100,100.001,100.001,1,5623,50
0.892422980396077,100,100,100,100,100,1,5623,50
0.182593956822529,100,100,100,100,100,1,5623,50
0.917029260890558,100,100,100,100,100,1,5623,50
0.297602677950636,100,100,100,100,100,1,5623,50
0.0085,100,100,100,100.0085,100.0085,1,5623,50
0.356223234208301,100,100,100,100,100,1,5623,50
0.0744944859761745,100,100,100,100,100,1,5623,50
0.762339221779257,100,100,100,100,100,1,5623,50
0.109544053440914,100,100,100,100,100,1,5623,50
0.384097152156755,100,100,100,100,100,1,5623,50
0.003,100,100,100,100.003,100.003,1,5623,50
5e-04,100,100,100,100.0005,100.0005,1,5623,50
0.923246115678921,100,100,100,100,100,1,5623,50
0.905781109584495,100,100,100,100,100,1,5623,50
0.408994895871729,100,100,100,100,100,1,5623,50
0.0511293618474156,100,100,100,100,100,1,5623,50
0.662348670652136,100,100,100,100,100,1,5623,50
0.0015,100,100,100,100.0015,100.0015,1,5623,50
0.491559420712292,100,100,100,100,100,1,5623,50
0.0876776550430804,100,100,100,100,100,1,5623,50
0.0904499189928174,100,100,100,100,100,1,5623,50
0.44880209537223,100,100,100,100,100,1,5623,50
0.317240220028907,100,100,100,100,100,1,5623,50
0.0285594933666289,100,100,100,100,100,1,5623,50
0.63395955809392,100,100,100,100,100,1,5623,50
0.902889878954738,100,100,100,100,100,1,5623,50
0.193665303988382,100,100,100,100,100,1,5623,50
0.823069734266028,100,100,100,100,100,1,5623,50
0.491080228704959,100,100,100,100,100,1,5623,50
0.0055,100,100,100,100.00525004446,100.00525004446,1,5623,50
0.532309240894392,100,100,100,100,100,1,5623,50
0.132400140864775,100,100,100,100,100,1,5623,50
0.144858497427776,100,100,100,100,100,1,5623,50
0.0723658760543913,100,100,100,100,100,1,5623,50
0.614312747027725,100,100,100,100,100,1,5623,50
0.0055,100,100,100,100.0055,100.0055,1,5623,50
0.33459168067202,100,100,100,100,100,1,5623,50
5e-04,100,100,100,100.0005,100.0005,1,5623,50
0.826700161211193,100,100,100,100,100,1,5623,50
0.149673750624061,100,100,100,100,100,1,5623,50
0.654166095191613,100,100,100,100,100,1,5623,50
0.876623123185709,100,100,100,100,100,1,5623,50
0.0758897319901735,100,100,100,100,100,1,5623,50
0.432134237140417,100,100,100,100,100,1,5623,50
0.15232805814594,100,100,100,100,100,1,5623,50
0.002,100,100,100,100.001500088921,100.001500088921,1,5623,50
0.001,100,100,100,100.001,100.001,1,5623,50
0.001,100,100,100,100.001,100.001,1,5623,50
0.511889669345692,100,100,100,100,100,1,5623,50
