"p","truediv","chaoest","obsD","upper","lower","l","inds","reps"
0.575691587291658,100,100,100,100,100,1,5623,50
0.515749471029267,100,100,100,100,100,1,5623,50
5e-04,100,100,100,100.0005,100.0005,1,5623,50
0.354477352462709,100,100,100,100,100,1,5623,50
0.86767557146959,100,100,100,100,100,1,5623,50
0.001,100,100,100,100.001,100.001,1,5623,50
0.005,100,100,100,100.004500088921,100.004500088921,1,5623,50
0.2122149807401,100,100,100,100,100,1,5623,50
0.0015,100,100,100,100.0015,100.0015,1,5623,50
0.998464205069467,100,100,100,100,100,1,5623,50
0.629924514563754,100,100,100,100,100,1,5623,50
0.756482567405328,100,100,100,100,100,1,5623,50
5e-04,100,100,100,100.0005,100.0005,1,5623,50
0.971087139099836,100,100,100,100,100,1,5623,50
0.323136743158102,100,100,100,100,100,1,5623,50
0.789453681791201,100,100,100,100,100,1,5623,50
5e-04,100,100,100,100.0005,100.0005,1,5623,50
0.304031577659771,100,100,100,100,100,1,5623,50
5e-04,100,100,100,100.0005,100.0005,1,5623,50
0.978634054306895,100,100,100,100,100,1,5623,50
0.448863529833034,100,100,100,100,100,1,5623,50
0.137482185848057,100,100,100,100,100,1,5623,50
0.817369310418144,100,100,100,100,100,1,5623,50
0.516338454559445,100,100,100,100,100,1,5623,50
0.595845188479871,100,100,100,100,100,1,5623,50
0.907093778019771,100,100,100,100,100,1,5623,50
0.965047455392778,100,100,100,100,100,1,5623,50
0.385712212882936,100,100,100,100,100,1,5623,50
0.767243858426809,100,100,100,100,100,1,5623,50
0.0401859048288316,100,100,100,100,100,1,5623,50
0.0865635243244469,100,100,100,100,100,1,5623,50
0.184293289203197,100,100,100,100,100,1,5623,50
0.543728247750551,100,100,100,100,100,1,5623,50
0.205569884506986,100,100,100,100,100,1,5623,50
0.989767856197432,100,100,100,100,100,1,5623,50
0.830499291187152,100,100,100,100,100,1,5623,50
0.245688468683511,100,100,100,100,100,1,5623,50
0.754874662961811,100,100,100,100,100,1,5623,50
0.597094418713823,100,100,100,100,100,1,5623,50
0.722254954976961,100,100,100,100,100,1,5623,50
0.98252075817436,100,100,100,100,100,1,5623,50
0.503641791641712,100,100,100,100,100,1,5623,50
0.190950621385127,100,100,100,100,100,1,5623,50
0.526599091477692,100,100,100,100,100,1,5623,50
0.73341603926383,100,100,100,100,100,1,5623,50
0.257599435513839,100,100,100,100,100,1,5623,50
0.001,100,100,100,100.001,100.001,1,5623,50
0.0576753283385187,100,100,100,100,100,1,5623,50
0.878326987382025,100,100,100,100,100,1,5623,50
5e-04,100,100,100,100.0005,100.0005,1,5623,50
