"p","truediv","chaoest","obsD","upper","lower","l","inds","reps"
0.0738397818058729,100,100,100,100,100,1,5623,50
0.853141827741638,100,100,100,100,100,1,5623,50
0.080084320390597,100,100,100,100,100,1,5623,50
5e-04,100,100,100,100.0005,100.0005,1,5623,50
5e-04,100,100,100,100.0005,100.0005,1,5623,50
0.809579246211797,100,100,100,100,100,1,5623,50
0.827998101245612,100,100,100,100,100,1,5623,50
0.33305014623329,100,100,100,100,100,1,5623,50
0.189904495375231,100,100,100,100,100,1,5623,50
0.328897864557803,100,100,100,100,100,1,5623,50
0.11324248323217,100,100,100,100,100,1,5623,50
0.433607228798792,100,100,100,100,100,1,5623,50
0.833472005091608,100,100,100,100,100,1,5623,50
0.0581174232065678,100,100,100,100,100,1,5623,50
0.935339907649904,100,100,100,100,100,1,5623,50
0.354940973687917,100,100,100,100,100,1,5623,50
0.996989295585081,100,100,100,100,100,1,5623,50
0.558053340064362,100,100,100,100,100,1,5623,50
0.802101091481745,100,100,100,100,100,1,5623,50
0.601067611249164,100,100,100,100,100,1,5623,50
0.005,100,100,100,100.005,100.005,1,5623,50
0.404630587203428,100,100,100,100,100,1,5623,50
0.0018929794896394,100,100,100,100,100,1,5623,50
0.925644825678319,100,100,100,100,100,1,5623,50
0.0880591562017798,100,100,100,100,100,1,5623,50
0.0025,100,100,100,100.0025,100.0025,1,5623,50
0.373416989808902,100,100,100,100,100,1,5623,50
0.395685313735157,100,100,100,100,100,1,5623,50
0.572991323657334,100,100,100,100,100,1,5623,50
0.87404449749738,100,100,100,100,100,1,5623,50
0.0221328849438578,100,100,100,100,100,1,5623,50
0.826046769274399,100,100,100,100,100,1,5623,50
0.002,100,100,100,100.002,100.002,1,5623,50
0.469466043403372,100,100,100,100,100,1,5623,50
0.20995932072401,100,100,100,100,100,1,5623,50
5e-04,100,100,100,100.0005,100.0005,1,5623,50
0.0963836598675698,100,100,100,100,100,1,5623,50
0.107641005888581,100,100,100,100,100,1,5623,50
0.011,100,100,100,100.011,100.011,1,5623,50
0.609275585273281,100,100,100,100,100,1,5623,50
0.246268906164914,100,100,100,100,100,1,5623,50
0.158057000953704,100,100,100,100,100,1,5623,50
0.0614253615494817,100,100,100,100,100,1,5623,50
0.362,100,100,100,100.36175004446,99.3617500444603,1,5623,50
0.195098571712151,100,100,100,100,100,1,5623,50
0.953204865800217,100,100,100,100,100,1,5623,50
0.186609618831426,100,100,100,100,100,1,5623,50
0.989953771233559,100,100,100,100,100,1,5623,50
0.035098765976727,100,100,100,100,100,1,5623,50
5e-04,100,100,100,100.0005,100.0005,1,5623,50
