"p","truediv","chaoest","obsD","upper","lower","l","inds","reps"
0.785534122260287,100,100,100,100,100,1,5623,50
0.45693061244674,100,100,100,100,100,1,5623,50
0.748543483903632,100,100,100,100,100,1,5623,50
0.62518338044174,100,100,100,100,100,1,5623,50
0.981326790060848,100,100,100,100,100,1,5623,50
0.374898489098996,100,100,100,100,100,1,5623,50
0.347779643023387,100,100,100,100,100,1,5623,50
0.417353556025773,100,100,100,100,100,1,5623,50
0.50190760102123,100,100,100,100,100,1,5623,50
0.566830883501098,100,100,100,100,100,1,5623,50
0.0065,100,100,100,100.0065,100.0065,1,5623,50
5e-04,100,100,100,100.0005,100.0005,1,5623,50
0.680153007851914,100,100,100,100,100,1,5623,50
0.678938204189762,100,100,100,100,100,1,5623,50
0.405265746871009,100,100,100,100,100,1,5623,50
0.237902214983478,100,100,100,100,100,1,5623,50
0.0015,100,100,100,100.0015,100.0015,1,5623,50
0.0015,100,100,100,100.0015,100.0015,1,5623,50
0.681727900868282,100,100,100,100,100,1,5623,50
0.460789074422792,100,100,100,100,100,1,5623,50
0.156939605018124,100,100,100,100,100,1,5623,50
0.880363638047129,100,100,100,100,100,1,5623,50
5e-04,100,100,100,100.0005,100.0005,1,5623,50
0.137823355617002,100,100,100,100,100,1,5623,50
0.852054742863402,100,100,100,100,100,1,5623,50
0.0045,100,100,100,100.00425004446,100.00425004446,1,5623,50
0.689793136436492,100,100,100,100,100,1,5623,50
0.109719615196809,100,100,100,100,100,1,5623,50
0.166768844006583,100,100,100,100,100,1,5623,50
5e-04,100,100,100,100.0005,100.0005,1,5623,50
0.82988543738611,100,100,100,100,100,1,5623,50
0.291615938069299,100,100,100,100,100,1,5623,50
0.824131108820438,100,100,100,100,100,1,5623,50
0.789363403106108,100,100,100,100,100,1,5623,50
5e-04,100,100,100,100.0005,100.0005,1,5623,50
0.221963925054297,100,100,100,100,100,1,5623,50
5e-04,100,100,100,100.0005,100.0005,1,5623,50
0.677934524603188,100,100,100,100,100,1,5623,50
0.288295218488201,100,100,100,100,100,1,5623,50
0.944813720881939,100,100,100,100,100,1,5623,50
0.82007157872431,100,100,100,100,100,1,5623,50
0.009,100,100,100,100.00875004446,100.00875004446,1,5623,50
5e-04,100,100,100,100.0005,100.0005,1,5623,50
5e-04,100,100,100,100.0005,100.0005,1,5623,50
0.898956008953974,100,100,100,100,100,1,5623,50
0.375417245319113,100,100,100,100,100,1,5623,50
5e-04,100,100,100,100.0005,100.0005,1,5623,50
0.595581383444369,100,100,100,100,100,1,5623,50
0.265014792094007,100,100,100,100,100,1,5623,50
0.393103489652276,100,100,100,100,100,1,5623,50
