"p","truediv","chaoest","obsD","upper","lower","l","inds","reps"
0.617988660465926,100,100,100,100,100,1,5623,50
0.618455371120945,100,100,100,100,100,1,5623,50
0.408179208403453,100,100,100,100,100,1,5623,50
0.001,100,100,100,100.001,100.001,1,5623,50
5e-04,100,100,100,100.0005,100.0005,1,5623,50
0.0015,100,100,100,100.0015,100.0015,1,5623,50
0.201348381582648,100,100,100,100,100,1,5623,50
0.26559798233211,100,100,100,100,100,1,5623,50
5e-04,100,100,100,100.0005,100.0005,1,5623,50
0.706923501566052,100,100,100,100,100,1,5623,50
0.001,100,100,100,100.001,100.001,1,5623,50
0.808486083289608,100,100,100,100,100,1,5623,50
0.645956313470379,100,100,100,100,100,1,5623,50
5e-04,100,100,100,100.0005,100.0005,1,5623,50
0.882427179021761,100,100,100,100,100,1,5623,50
0.0552427817601711,100,100,100,100,100,1,5623,50
0.640674646710977,100,100,100,100,100,1,5623,50
0.138425084296614,100,100,100,100,100,1,5623,50
0.313447083579376,100,100,100,100,100,1,5623,50
0.007,100,100,100,100.007,100.007,1,5623,50
0.001,100,100,100,100.001,100.001,1,5623,50
0.21137344231829,100,100,100,100,100,1,5623,50
5e-04,100,100,100,100.0005,100.0005,1,5623,50
0.109900051960722,100,100,100,100,100,1,5623,50
5e-04,100,100,100,100.0005,100.0005,1,5623,50
5e-04,100,100,100,100.0005,100.0005,1,5623,50
5e-04,100,100,100,100.0005,100.0005,1,5623,50
0.658796799601987,100,100,100,100,100,1,5623,50
0.554571618093178,100,100,100,100,100,1,5623,50
0.697227146476507,100,100,100,100,100,1,5623,50
0.002,100,100,100,100.002,100.002,1,5623,50
0.689081165939569,100,100,100,100,100,1,5623,50
0.148862896021456,100,100,100,100,100,1,5623,50
0.540904953842983,100,100,100,100,100,1,5623,50
0.0458375765010715,100,100,100,100,100,1,5623,50
0.45853817788884,100,100,100,100,100,1,5623,50
0.509243356296793,100,100,100,100,100,1,5623,50
5e-04,100,100,100,100.0005,100.0005,1,5623,50
0.0967274294234812,100,100,100,100,100,1,5623,50
0.036805979674682,100,100,100,100,100,1,5623,50
0.123717740410939,100,100,100,100,100,1,5623,50
0.142584547633305,100,100,100,100,100,1,5623,50
0.0801288259681314,100,100,100,100,100,1,5623,50
0.888778736349195,100,100,100,100,100,1,5623,50
0.310917659895495,100,100,100,100,100,1,5623,50
0.748783798189834,100,100,100,100,100,1,5623,50
0.675228145672008,100,100,100,100,100,1,5623,50
0.359835092909634,100,100,100,100,100,1,5623,50
0.492317822296172,100,100,100,100,100,1,5623,50
0.459787584142759,100,100,100,100,100,1,5623,50
