"p","truediv","chaoest","obsD","upper","lower","l","inds","reps"
0.993089678464457,100,100,100,100,100,1,5623,50
0.108795911539346,100,100,100,100,100,1,5623,50
0.719110344303772,100,100,100,100,100,1,5623,50
0.001,100,100,100,100.001,100.001,1,5623,50
5e-04,100,100,100,100.0005,100.0005,1,5623,50
0.002,100,100,100,100.002,100.002,1,5623,50
0.486975285923108,100,100,100,100,100,1,5623,50
0.0025,100,100,100,100.0025,100.0025,1,5623,50
0.784649625653401,100,100,100,100,100,1,5623,50
5e-04,100,100,100,100.0005,100.0005,1,5623,50
0.891759382560849,100,100,100,100,100,1,5623,50
0.0025,100,100,100,100.0025,100.0025,1,5623,50
0.44618830550462,100,100,100,100,100,1,5623,50
0.188626285642385,100,100,100,100,100,1,5623,50
0.604754909640178,100,100,100,100,100,1,5623,50
0.980384526541457,100,100,100,100,100,1,5623,50
0.707760825753212,100,100,100,100,100,1,5623,50
0.822615737793967,100,100,100,100,100,1,5623,50
0.503768725786358,100,100,100,100,100,1,5623,50
0.486254034098238,100,100,100,100,100,1,5623,50
0.973924399353564,100,100,100,100,100,1,5623,50
0.0260595858562738,100,100,100,100,100,1,5623,50
0.021,100,100,100,100.021,100.021,1,5623,50
0.0219451284501702,100,100,100,100,100,1,5623,50
0.00246213818900287,100,100,100,100,100,1,5623,50
5e-04,100,100,100,100.0005,100.0005,1,5623,50
0.69387934054248,100,100,100,100,100,1,5623,50
0.266307328594849,100,100,100,100,100,1,5623,50
0.783142684027553,100,100,100,100,100,1,5623,50
5e-04,100,100,100,100.0005,100.0005,1,5623,50
0.761361179640517,100,100,100,100,100,1,5623,50
0.113466401351616,100,100,100,100,100,1,5623,50
5e-04,100,100,100,100.0005,100.0005,1,5623,50
0.899428763659671,100,100,100,100,100,1,5623,50
0.0155,100,100,100,100.015000088921,100.015000088921,1,5623,50
0.880876880837604,100,100,100,100,100,1,5623,50
0.531135959783569,100,100,100,100,100,1,5623,50
5e-04,100,100,100,100.0005,100.0005,1,5623,50
0.355233751470223,100,100,100,100,100,1,5623,50
0.244648667285219,100,100,100,100,100,1,5623,50
0.837029305519536,100,100,100,100,100,1,5623,50
0.0357587146572769,100,100,100,100,100,1,5623,50
0.625979340402409,100,100,100,100,100,1,5623,50
0.76535203284584,100,100,100,100,100,1,5623,50
0.579500753432512,100,100,100,100,100,1,5623,50
0.0280603226274252,100,100,100,100,100,1,5623,50
0.635354653000832,100,100,100,100,100,1,5623,50
0.566873071715236,100,100,100,100,100,1,5623,50
0.688709753798321,100,100,100,100,100,1,5623,50
0.001,100,100,100,100.001,100.001,1,5623,50
