"p","truediv","chaoest","obsD","upper","lower","l","inds","reps"
0.933683017035946,100,100,100,100,100,1,5623,50
0.986474270466715,100,100,100,100,100,1,5623,50
0.407603564439341,100,100,100,100,100,1,5623,50
0.408890770049766,100,100,100,100,100,1,5623,50
0.413210920756683,100,100,100,100,100,1,5623,50
5e-04,100,100,100,100.0005,100.0005,1,5623,50
0.890244980109856,100,100,100,100,100,1,5623,50
0.843259806046262,100,100,100,100,100,1,5623,50
0.342469212133437,100,100,100,100,100,1,5623,50
0.0035,100,100,100,100.0035,100.0035,1,5623,50
0.001,100,100,100,100.001,100.001,1,5623,50
0.0188836285378784,100,100,100,100,100,1,5623,50
0.441131433006376,100,100,100,100,100,1,5623,50
0.819571435917169,100,100,100,100,100,1,5623,50
0.958542639156803,100,100,100,100,100,1,5623,50
0.655155660584569,100,100,100,100,100,1,5623,50
0.713183736195788,100,100,100,100,100,1,5623,50
0.824820156209171,100,100,100,100,100,1,5623,50
0.002,100,100,100,100.002,100.002,1,5623,50
0.001,100,100,100,100.001,100.001,1,5623,50
0.364588252734393,100,100,100,100,100,1,5623,50
0.350549982860684,100,100,100,100,100,1,5623,50
0.776084497338161,100,100,100,100,100,1,5623,50
0.11275356519036,100,100,100,100,100,1,5623,50
0.844611057080328,100,100,100,100,100,1,5623,50
0.474654964637011,100,100,100,100,100,1,5623,50
5e-04,100,100,100,100.0005,100.0005,1,5623,50
0.001,100,100,100,100.001,100.001,1,5623,50
0.655707883648574,100,100,100,100,100,1,5623,50
0.819390984019265,100,100,100,100,100,1,5623,50
0.632758394116536,100,100,100,100,100,1,5623,50
0.87450782652013,100,100,100,100,100,1,5623,50
0.835354212205857,100,100,100,100,100,1,5623,50
0.687863550381735,100,100,100,100,100,1,5623,50
0.755846025422215,100,100,100,100,100,1,5623,50
0.41233413759619,100,100,100,100,100,1,5623,50
0.776532381074503,100,100,100,100,100,1,5623,50
0.951624193927273,100,100,100,100,100,1,5623,50
0.508314219070598,100,100,100,100,100,1,5623,50
0.392071670619771,100,100,100,100,100,1,5623,50
0.617211589356884,100,100,100,100,100,1,5623,50
0.0025,100,100,100,100.0025,100.0025,1,5623,50
5e-04,100,100,100,100.0005,100.0005,1,5623,50
0.457402169937268,100,100,100,100,100,1,5623,50
5e-04,100,100,100,100.0005,100.0005,1,5623,50
0.0025,100,100,100,100.0025,100.0025,1,5623,50
0.896439323667437,100,100,100,100,100,1,5623,50
0.0986169602256268,100,100,100,100,100,1,5623,50
0.00262141902931035,100,100,100,100,100,1,5623,50
0.0035,100,100,100,100.0035,100.0035,1,5623,50
