"p","truediv","chaoest","obsD","upper","lower","l","inds","reps"
5e-04,100,100,100,100.0005,100.0005,1,5623,50
0.917388456873596,100,100,100,100,100,1,5623,50
0.523748158011585,100,100,100,100,100,1,5623,50
0.81159854750149,100,100,100,100,100,1,5623,50
0.923652714118361,100,100,100,100,100,1,5623,50
0.508829820668325,100,100,100,100,100,1,5623,50
0.760860424721614,100,100,100,100,100,1,5623,50
5e-04,100,100,100,100.0005,100.0005,1,5623,50
0.004,100,100,100,100.004,100.004,1,5623,50
0.698836396215484,100,100,100,100,100,1,5623,50
0.719356012530625,100,100,100,100,100,1,5623,50
0.918211099691689,100,100,100,100,100,1,5623,50
0.94757389370352,100,100,100,100,100,1,5623,50
0.422350435517728,100,100,100,100,100,1,5623,50
0.74169957311824,100,100,100,100,100,1,5623,50
0.261845730245113,100,100,100,100,100,1,5623,50
0.0471837068907917,100,100,100,100,100,1,5623,50
0.284709654282779,100,100,100,100,100,1,5623,50
0.744392418768257,100,100,100,100,100,1,5623,50
0.72188825905323,100,100,100,100,100,1,5623,50
0.113591860746965,100,100,100,100,100,1,5623,50
0.44906651834026,100,100,100,100,100,1,5623,50
0.001,100,100,100,100.001,100.001,1,5623,50
0.254100062418729,100,100,100,100,100,1,5623,50
0.001,100,100,100,100.001,100.001,1,5623,50
0.002,100,100,100,100.002,100.002,1,5623,50
0.740538081154227,100,100,100,100,100,1,5623,50
0.00156932487152517,100,100,100,100,100,1,5623,50
0.660259399330243,100,100,100,100,100,1,5623,50
0.247140273451805,100,100,100,100,100,1,5623,50
0.120115515077487,100,100,100,100,100,1,5623,50
0.801273881457746,100,100,100,100,100,1,5623,50
0.841660185484216,100,100,100,100,100,1,5623,50
0.881236217916012,100,100,100,100,100,1,5623,50
0.171654631383717,100,100,100,100,100,1,5623,50
0.28949223854579,100,100,100,100,100,1,5623,50
0.19458655687049,100,100,100,100,100,1,5623,50
0.0552301940042526,100,100,100,100,100,1,5623,50
0.210933932336047,100,100,100,100,100,1,5623,50
0.0831825858913362,100,100,100,100,100,1,5623,50
0.138987103709951,100,100,100,100,100,1,5623,50
0.837038377299905,100,100,100,100,100,1,5623,50
0.001,100,100,100,100.001,100.001,1,5623,50
0.980446375906467,100,100,100,100,100,1,5623,50
0.001,100,100,100,100.001,100.001,1,5623,50
0.445810374105349,100,100,100,100,100,1,5623,50
5e-04,100,100,100,100.0005,100.0005,1,5623,50
0.881428920431063,100,100,100,100,100,1,5623,50
0.957366046495736,100,100,100,100,100,1,5623,50
0.631295287050307,100,100,100,100,100,1,5623,50
