"p","truediv","chaoest","obsD","upper","lower","l","inds","reps"
0.852537979604676,100,100,100,100,100,1,5623,50
0.72500373586081,100,100,100,100,100,1,5623,50
0.473741539986804,100,100,100,100,100,1,5623,50
0.661076072836295,100,100,100,100,100,1,5623,50
0.001,100,100,100,100.001,100.001,1,5623,50
0.190169952111319,100,100,100,100,100,1,5623,50
0.001,100,100,100,100.001,100.001,1,5623,50
5e-04,100,100,100,100.0005,100.0005,1,5623,50
0.932947074761614,100,100,100,100,100,1,5623,50
0.41471392265521,100,100,100,100,100,1,5623,50
0.741106584668159,100,100,100,100,100,1,5623,50
0.0576616735197604,100,100,100,100,100,1,5623,50
0.009,100,100,100,100.009,100.009,1,5623,50
0.563102973392233,100,100,100,100,100,1,5623,50
5e-04,100,100,100,100.0005,100.0005,1,5623,50
0.889468854758888,100,100,100,100,100,1,5623,50
0.164221537299454,100,100,100,100,100,1,5623,50
0.287315720459446,100,100,100,100,100,1,5623,50
0.800066756084561,100,100,100,100,100,1,5623,50
5e-04,100,100,100,100.0005,100.0005,1,5623,50
0.709456901764497,100,100,100,100,100,1,5623,50
5e-04,100,100,100,100.0005,100.0005,1,5623,50
0.70590407284908,100,100,100,100,100,1,5623,50
0.634230745024979,100,100,100,100,100,1,5623,50
5e-04,100,100,100,100.0005,100.0005,1,5623,50
5e-04,100,100,100,100.0005,100.0005,1,5623,50
0.651622908888385,100,100,100,100,100,1,5623,50
0.112338987179101,100,100,100,100,100,1,5623,50
0.234930232865736,100,100,100,100,100,1,5623,50
0.41205939813517,100,100,100,100,100,1,5623,50
0.639527641935274,100,100,100,100,100,1,5623,50
0.367212458979338,100,100,100,100,100,1,5623,50
0.391936127096415,100,100,100,100,100,1,5623,50
0.121822820510715,100,100,100,100,100,1,5623,50
0.0271489038132131,100,100,100,100,100,1,5623,50
0.441181623842567,100,100,100,100,100,1,5623,50
0.639809796353802,100,100,100,100,100,1,5623,50
0.130327814258635,100,100,100,100,100,1,5623,50
0.0015,100,100,100,100.0015,100.0015,1,5623,50
0.523687314009294,100,100,100,100,100,1,5623,50
0.001,100,100,100,100.001,100.001,1,5623,50
0.46870027622208,100,100,100,100,100,1,5623,50
0.781630161218345,100,100,100,100,100,1,5623,50
0.710558849619702,100,100,100,100,100,1,5623,50
0.608327662572265,100,100,100,100,100,1,5623,50
0.81969850952737,100,100,100,100,100,1,5623,50
0.0500054620206356,100,100,100,100,100,1,5623,50
0.958434008760378,100,100,100,100,100,1,5623,50
0.126050893217325,100,100,100,100,100,1,5623,50
0.852061412064359,100,100,100,100,100,1,5623,50
