"p","truediv","chaoest","obsD","upper","lower","l","inds","reps"
0.0996467198710889,100,100,100,100,100,1,5623,50
5e-04,100,100,100,100.0005,100.0005,1,5623,50
0.0332412694115192,100,100,100,100,100,1,5623,50
5e-04,100,100,100,100.0005,100.0005,1,5623,50
0.525086626410484,100,100,100,100,100,1,5623,50
0.0025,100,100,100,100.0025,100.0025,1,5623,50
0.869140270166099,100,100,100,100,100,1,5623,50
0.214219625806436,100,100,100,100,100,1,5623,50
0.279510205378756,100,100,100,100,100,1,5623,50
0.780320398509502,100,100,100,100,100,1,5623,50
0.0015,100,100,100,100.0015,100.0015,1,5623,50
0.0852125915698707,100,100,100,100,100,1,5623,50
0.944584162672982,100,100,100,100,100,1,5623,50
0.643903531832621,100,100,100,100,100,1,5623,50
0.261511049233377,100,100,100,100,100,1,5623,50
0.0500414744019508,100,100,100,100,100,1,5623,50
0.619235278107226,100,100,100,100,100,1,5623,50
0.661657306365669,100,100,100,100,100,1,5623,50
0.282923300750554,100,100,100,100,100,1,5623,50
0.0015,100,100,100,100.0015,100.0015,1,5623,50
0.217241515871137,100,100,100,100,100,1,5623,50
0.003,100,100,100,100.003,100.003,1,5623,50
0.973177708452567,100,100,100,100,100,1,5623,50
0.319929036544636,100,100,100,100,100,1,5623,50
0.003,100,100,100,100.00250008892,100.00250008892,1,5623,50
0.958866182714701,100,100,100,100,100,1,5623,50
0.0723671757150441,100,100,100,100,100,1,5623,50
0.023,100,100,100,100.023,100.023,1,5623,50
0.123439061222598,100,100,100,100,100,1,5623,50
0.274336899630725,100,100,100,100,100,1,5623,50
0.0015,100,100,100,100.0015,100.0015,1,5623,50
0.922432723687962,100,100,100,100,100,1,5623,50
0.548843947006389,100,100,100,100,100,1,5623,50
0.001,100,100,100,100.001,100.001,1,5623,50
0.13060316327028,100,100,100,100,100,1,5623,50
0.28359946119599,100,100,100,100,100,1,5623,50
0.813661586493254,100,100,100,100,100,1,5623,50
0.0015,100,100,100,100.0015,100.0015,1,5623,50
0.002,100,100,100,100.002,100.002,1,5623,50
0.569487637840211,100,100,100,100,100,1,5623,50
0.390139512950554,100,100,100,100,100,1,5623,50
5e-04,100,100,100,100.0005,100.0005,1,5623,50
0.613240876467898,100,100,100,100,100,1,5623,50
0.504534899722785,100,100,100,100,100,1,5623,50
0.822244891896844,100,100,100,100,100,1,5623,50
0.423524917569011,100,100,100,100,100,1,5623,50
0.0025,100,100,100,100.0025,100.0025,1,5623,50
0.568693537032232,100,100,100,100,100,1,5623,50
0.0735480401199311,100,100,100,100,100,1,5623,50
5e-04,100,100,100,100.0005,100.0005,1,5623,50
