"p","truediv","chaoest","obsD","upper","lower","l","inds","reps"
0.596151161938906,100,100,100,100,100,1,5623,50
0.912642032839358,100,100,100,100,100,1,5623,50
0.948236799798906,100,100,100,100,100,1,5623,50
0.603041532216594,100,100,100,100,100,1,5623,50
0.206206375267357,100,100,100,100,100,1,5623,50
0.158200521720573,100,100,100,100,100,1,5623,50
0.266587345628068,100,100,100,100,100,1,5623,50
0.0015,100,100,100,100.0015,100.0015,1,5623,50
0.656634909799322,100,100,100,100,100,1,5623,50
0.428348736371845,100,100,100,100,100,1,5623,50
0.999305700184777,100,100,100,100,100,1,5623,50
0.252988013671711,100,100,100,100,100,1,5623,50
0.001,100,100,100,100.001,100.001,1,5623,50
0.647934742970392,100,100,100,100,100,1,5623,50
0.359540104866028,100,100,100,100,100,1,5623,50
0.707447528606281,100,100,100,100,100,1,5623,50
0.293088709935546,100,100,100,100,100,1,5623,50
5e-04,100,100,100,100.0005,100.0005,1,5623,50
0.152753068832681,100,100,100,100,100,1,5623,50
0.193749120458961,100,100,100,100,100,1,5623,50
0.769352476578206,100,100,100,100,100,1,5623,50
0.172672356246039,100,100,100,100,100,1,5623,50
0.702594242757186,100,100,100,100,100,1,5623,50
0.377646261593327,100,100,100,100,100,1,5623,50
0.0205919162835926,100,100,100,100,100,1,5623,50
0.384735783329234,100,100,100,100,100,1,5623,50
0.001,100,100,100,100.001,100.001,1,5623,50
0.0015,100,100,100,100.0015,100.0015,1,5623,50
0.507885832805187,100,100,100,100,100,1,5623,50
0.244855450466275,100,100,100,100,100,1,5623,50
0.0276486040093005,100,100,100,100,100,1,5623,50
0.961052221246064,100,100,100,100,100,1,5623,50
5e-04,100,100,100,100.0005,100.0005,1,5623,50
0.001,100,100,100,100.001,100.001,1,5623,50
0.160162026528269,100,100,100,100,100,1,5623,50
0.558661969611421,100,100,100,100,100,1,5623,50
0.001,100,100,100,100.001,100.001,1,5623,50
0.980504135135561,100,100,100,100,100,1,5623,50
0.491325312294066,100,100,100,100,100,1,5623,50
0.0025,100,100,100,100.0025,100.0025,1,5623,50
0.0195,100,100,100,100.019000088921,100.019000088921,1,5623,50
0.615362723590806,100,100,100,100,100,1,5623,50
0.213857244234532,100,100,100,100,100,1,5623,50
5e-04,100,100,100,100.0005,100.0005,1,5623,50
0.973131084116176,100,100,100,100,100,1,5623,50
0.600453971652314,100,100,100,100,100,1,5623,50
0.948838197626173,100,100,100,100,100,1,5623,50
0.331113177118823,100,100,100,100,100,1,5623,50
0.473411278566346,100,100,100,100,100,1,5623,50
0.001,100,100,100,100.001,100.001,1,5623,50
