"p","truediv","chaoest","obsD","upper","lower","l","inds","reps"
0.18724479386583,100,100,100,100,100,1,5623,50
0.286377937532961,100,100,100,100,100,1,5623,50
0.100174659630284,100,100,100,100,100,1,5623,50
0.869365598540753,100,100,100,100,100,1,5623,50
0.002,100,100,100,100.002,100.002,1,5623,50
0.490958405891433,100,100,100,100,100,1,5623,50
0.10221054404974,100,100,100,100,100,1,5623,50
0.558265483705327,100,100,100,100,100,1,5623,50
0.260944955050945,100,100,100,100,100,1,5623,50
0.350113703403622,100,100,100,100,100,1,5623,50
0.501008877297863,100,100,100,100,100,1,5623,50
0.416252702474594,100,100,100,100,100,1,5623,50
0.762206337414682,100,100,100,100,100,1,5623,50
0.0347943059168756,100,100,100,100,100,1,5623,50
0.487795875407755,100,100,100,100,100,1,5623,50
0.484451310709119,100,100,100,100,100,1,5623,50
0.223823916399851,100,100,100,100,100,1,5623,50
5e-04,100,100,100,100.0005,100.0005,1,5623,50
0.797222131397575,100,100,100,100,100,1,5623,50
0.215733462246135,100,100,100,100,100,1,5623,50
0.001,100,100,100,100.001,100.001,1,5623,50
0.58375471830368,100,100,100,100,100,1,5623,50
0.001,100,100,100,100.001,100.001,1,5623,50
0.396938237827271,100,100,100,100,100,1,5623,50
5e-04,100,100,100,100.0005,100.0005,1,5623,50
0.792040564119816,100,100,100,100,100,1,5623,50
0.0637849818449467,100,100,100,100,100,1,5623,50
0.091432481771335,100,100,100,100,100,1,5623,50
0.24343217140995,100,100,100,100,100,1,5623,50
0.832904363982379,100,100,100,100,100,1,5623,50
0.018,100,100,100,100.018,100.018,1,5623,50
0.0015,100,100,100,100.0015,100.0015,1,5623,50
0.194084644550458,100,100,100,100,100,1,5623,50
0.007,100,100,100,100.007,100.007,1,5623,50
5e-04,100,100,100,100.0005,100.0005,1,5623,50
0.9995,100,100,100,99.9997500444603,99.9997500444603,1,5623,50
0.37470989022404,100,100,100,100,100,1,5623,50
5e-04,100,100,100,100.0005,100.0005,1,5623,50
0.581394022796303,100,100,100,100,100,1,5623,50
0.260765532962978,100,100,100,100,100,1,5623,50
0.729507558280602,100,100,100,100,100,1,5623,50
0.319935997482389,100,100,100,100,100,1,5623,50
0.39547286904417,100,100,100,100,100,1,5623,50
0.354052887298167,100,100,100,100,100,1,5623,50
0.998340447898954,100,100,100,100,100,1,5623,50
5e-04,100,100,100,100.0005,100.0005,1,5623,50
0.0662918835878372,100,100,100,100,100,1,5623,50
0.386437836568803,100,100,100,100,100,1,5623,50
0.983249083859846,100,100,100,100,100,1,5623,50
0.493642213288695,100,100,100,100,100,1,5623,50
