"p","truediv","chaoest","obsD","upper","lower","l","inds","reps"
0.0934430474881083,100,100,100,100,100,1,5623,50
0.995117572369054,100,100,100,100,100,1,5623,50
0.916702669812366,100,100,100,100,100,1,5623,50
0.0238093410152942,100,100,100,100,100,1,5623,50
0.473176931031048,100,100,100,100,100,1,5623,50
0.567034100880846,100,100,100,100,100,1,5623,50
0.85422302945517,100,100,100,100,100,1,5623,50
0.0015,100,100,100,100.0015,100.0015,1,5623,50
0.699468972859904,100,100,100,100,100,1,5623,50
0.815502608893439,100,100,100,100,100,1,5623,50
0.0262221449520439,100,100,100,100,100,1,5623,50
0.008,100,100,100,100.008,100.008,1,5623,50
0.0015,100,100,100,100.0015,100.0015,1,5623,50
5e-04,100,100,100,100.0005,100.0005,1,5623,50
0.377621490973979,100,100,100,100,100,1,5623,50
0.997404692228884,100,100,100,100,100,1,5623,50
0.142785988049582,100,100,100,100,100,1,5623,50
0.208475289633498,100,100,100,100,100,1,5623,50
0.263101980788633,100,100,100,100,100,1,5623,50
0.482449387898669,100,100,100,100,100,1,5623,50
0.433613722678274,100,100,100,100,100,1,5623,50
0.0035,100,100,100,100.0035,100.0035,1,5623,50
0.191338115604594,100,100,100,100,100,1,5623,50
0.949388504959643,100,100,100,100,100,1,5623,50
5e-04,100,100,100,100.0005,100.0005,1,5623,50
0.266945504117757,100,100,100,100,100,1,5623,50
0.284082991536707,100,100,100,100,100,1,5623,50
0.787286414997652,100,100,100,100,100,1,5623,50
0.580769650638103,100,100,100,100,100,1,5623,50
5e-04,100,100,100,100.0005,100.0005,1,5623,50
0.926427542697638,100,100,100,100,100,1,5623,50
0.0909775733016431,100,100,100,100,100,1,5623,50
0.227421469287947,100,100,100,100,100,1,5623,50
0.67372213024646,100,100,100,100,100,1,5623,50
0.00336294807493687,100,100,100,100,100,1,5623,50
0.446901684626937,100,100,100,100,100,1,5623,50
5e-04,100,100,100,100.0005,100.0005,1,5623,50
5e-04,100,100,100,100.0005,100.0005,1,5623,50
0.222058424027637,100,100,100,100,100,1,5623,50
0.235632634721696,100,100,100,100,100,1,5623,50
5e-04,100,100,100,100.0005,100.0005,1,5623,50
0.94892720435746,100,100,100,100,100,1,5623,50
0.638588400790468,100,100,100,100,100,1,5623,50
0.744919892167673,100,100,100,100,100,1,5623,50
0.0464037640485913,100,100,100,100,100,1,5623,50
5e-04,100,100,100,100.0005,100.0005,1,5623,50
0.240243555512279,100,100,100,100,100,1,5623,50
0.765433612279594,100,100,100,100,100,1,5623,50
0.120867213234305,100,100,100,100,100,1,5623,50
0.936951870797202,100,100,100,100,100,1,5623,50
