"p","truediv","chaoest","obsD","upper","lower","l","inds","reps"
0.862371980445459,100,100,100,100,100,1,5623,50
0.285170859657228,100,100,100,100,100,1,5623,50
0.530259629478678,100,100,100,100,100,1,5623,50
0.102176367072389,100,100,100,100,100,1,5623,50
0.385382412001491,100,100,100,100,100,1,5623,50
0.434084159089252,100,100,100,100,100,1,5623,50
0.79628028976731,100,100,100,100,100,1,5623,50
0.287890416802838,100,100,100,100,100,1,5623,50
0.440477207070217,100,100,100,100,100,1,5623,50
0.506816050037742,100,100,100,100,100,1,5623,50
0.55061848112382,100,100,100,100,100,1,5623,50
0.707757712341845,100,100,100,100,100,1,5623,50
0.133890478406101,100,100,100,100,100,1,5623,50
0.760992263210937,100,100,100,100,100,1,5623,50
0.504088800633326,100,100,100,100,100,1,5623,50
0.264845555648208,100,100,100,100,100,1,5623,50
5e-04,100,100,100,100.0005,100.0005,1,5623,50
0.619682593038306,100,100,100,100,100,1,5623,50
0.727162853349,100,100,100,100,100,1,5623,50
0.71306000649929,100,100,100,100,100,1,5623,50
5e-04,100,100,100,100.0005,100.0005,1,5623,50
0.972332337638363,100,100,100,100,100,1,5623,50
5e-04,100,100,100,100.0005,100.0005,1,5623,50
0.706382712116465,100,100,100,100,100,1,5623,50
0.975082290824503,100,100,100,100,100,1,5623,50
0.55621244572103,100,100,100,100,100,1,5623,50
5e-04,100,100,100,100.0005,100.0005,1,5623,50
0.002,100,100,100,100.002,100.002,1,5623,50
0.0786181066650897,100,100,100,100,100,1,5623,50
0.473447913303971,100,100,100,100,100,1,5623,50
0.001,100,100,100,100.001,100.001,1,5623,50
0.002,100,100,100,100.002,100.002,1,5623,50
0.439918929245323,100,100,100,100,100,1,5623,50
0.934381089173257,100,100,100,100,100,1,5623,50
0.008,100,100,100,100.008,100.008,1,5623,50
0.367883776314557,100,100,100,100,100,1,5623,50
0.413732262561098,100,100,100,100,100,1,5623,50
0.838692225981504,100,100,100,100,100,1,5623,50
0.663809371879324,100,100,100,100,100,1,5623,50
0.799495351500809,100,100,100,100,100,1,5623,50
0.396975405747071,100,100,100,100,100,1,5623,50
0.16249711997807,100,100,100,100,100,1,5623,50
0.648016004590318,100,100,100,100,100,1,5623,50
0.710536135127768,100,100,100,100,100,1,5623,50
0.00111535307951272,100,100,100,100,100,1,5623,50
0.733283880632371,100,100,100,100,100,1,5623,50
5e-04,100,100,100,100.0005,100.0005,1,5623,50
0.001,100,100,100,100.001,100.001,1,5623,50
0.0416754516772926,100,100,100,100,100,1,5623,50
0.614436340285465,100,100,100,100,100,1,5623,50
