"p","truediv","chaoest","obsD","upper","lower","l","inds","reps"
0.374746730783954,100,100,100,100,100,1,5623,50
0.301179114729166,100,100,100,100,100,1,5623,50
0.0557136458810419,100,100,100,100,100,1,5623,50
0.803014531964436,100,100,100,100,100,1,5623,50
0.634823976317421,100,100,100,100,100,1,5623,50
0.0868012439459562,100,100,100,100,100,1,5623,50
0.621202686335891,100,100,100,100,100,1,5623,50
0.936912657693028,100,100,100,100,100,1,5623,50
0.389521659351885,100,100,100,100,100,1,5623,50
0.646078852936625,100,100,100,100,100,1,5623,50
0.802077033091336,100,100,100,100,100,1,5623,50
0.669572002720088,100,100,100,100,100,1,5623,50
0.579969534650445,100,100,100,100,100,1,5623,50
0.377827249933034,100,100,100,100,100,1,5623,50
0.826168082421646,100,100,100,100,100,1,5623,50
0.287187556037679,100,100,100,100,100,1,5623,50
0.666930631734431,100,100,100,100,100,1,5623,50
0.0101139030884951,100,100,100,100,100,1,5623,50
0.861398824024945,100,100,100,100,100,1,5623,50
5e-04,100,100,100,100.0005,100.0005,1,5623,50
0.804990309756249,100,100,100,100,100,1,5623,50
0.324530858779326,100,100,100,100,100,1,5623,50
0.248232330661267,100,100,100,100,100,1,5623,50
0.001,100,100,100,100.001,100.001,1,5623,50
0.742882319027558,100,100,100,100,100,1,5623,50
0.0015,100,100,100,100.0015,100.0015,1,5623,50
0.771639395738021,100,100,100,100,100,1,5623,50
0.0135,100,100,100,100.01325004446,100.01325004446,1,5623,50
0.814026015810668,100,100,100,100,100,1,5623,50
0.0748675633221865,100,100,100,100,100,1,5623,50
5e-04,100,100,100,100.0005,100.0005,1,5623,50
0.778720967238769,100,100,100,100,100,1,5623,50
0.001,100,100,100,100.001,100.001,1,5623,50
0.993213711772114,100,100,100,100,100,1,5623,50
0.281909752869979,100,100,100,100,100,1,5623,50
0.266550772124901,100,100,100,100,100,1,5623,50
0.882586685009301,100,100,100,100,100,1,5623,50
0.00657579652033746,100,100,100,100,100,1,5623,50
0.257283942075446,100,100,100,100,100,1,5623,50
0.661341686500236,100,100,100,100,100,1,5623,50
0.453835224732757,100,100,100,100,100,1,5623,50
5e-04,100,100,100,100.0005,100.0005,1,5623,50
0.89123328612186,100,100,100,100,100,1,5623,50
0.616454773582518,100,100,100,100,100,1,5623,50
0.402575570391491,100,100,100,100,100,1,5623,50
0.441522969864309,100,100,100,100,100,1,5623,50
0.00676903431303799,100,100,100,100,100,1,5623,50
0.007,100,100,100,100.007,100.007,1,5623,50
0.739496573340148,100,100,100,100,100,1,5623,50
0.00591473467648029,100,100,100,100,100,1,5623,50
