"p","truediv","chaoest","obsD","upper","lower","l","inds","reps"
0.702169828582555,100,100,100,100,100,1,5623,50
0.21643244032748,100,100,100,100,100,1,5623,50
0.563569364603609,100,100,100,100,100,1,5623,50
0.574378840392455,100,100,100,100,100,1,5623,50
0.571097946027294,100,100,100,100,100,1,5623,50
0.424287073779851,100,100,100,100,100,1,5623,50
0.0917905285023153,100,100,100,100,100,1,5623,50
0.67511535086669,100,100,100,100,100,1,5623,50
0.993053879588842,100,100,100,100,100,1,5623,50
0.923955276142806,100,100,100,100,100,1,5623,50
0.413710119901225,100,100,100,100,100,1,5623,50
0.382890093140304,100,100,100,100,100,1,5623,50
0.525306819938123,100,100,100,100,100,1,5623,50
0.346723940921947,100,100,100,100,100,1,5623,50
0.256351673509926,100,100,100,100,100,1,5623,50
0.256704819854349,100,100,100,100,100,1,5623,50
0.805146938422695,100,100,100,100,100,1,5623,50
0.0075,100,100,100,100.00725004446,100.00725004446,1,5623,50
0.729350872337818,100,100,100,100,100,1,5623,50
0.594375426648185,100,100,100,100,100,1,5623,50
0.516109995078295,100,100,100,100,100,1,5623,50
0.507633947068825,100,100,100,100,100,1,5623,50
0.477108760504052,100,100,100,100,100,1,5623,50
0.565007823053747,100,100,100,100,100,1,5623,50
0.348200072534382,100,100,100,100,100,1,5623,50
0.176224156282842,100,100,100,100,100,1,5623,50
0.50844209943898,100,100,100,100,100,1,5623,50
0.101439038990065,100,100,100,100,100,1,5623,50
0.891433025011793,100,100,100,100,100,1,5623,50
0.218747412553057,100,100,100,100,100,1,5623,50
0.833343439269811,100,100,100,100,100,1,5623,50
0.365430203033611,100,100,100,100,100,1,5623,50
0.0971976406872272,100,100,100,100,100,1,5623,50
0.822204934433103,100,100,100,100,100,1,5623,50
0.824913098243997,100,100,100,100,100,1,5623,50
0.46671524993144,100,100,100,100,100,1,5623,50
0.806949246441945,100,100,100,100,100,1,5623,50
0.001,100,100,100,100.001,100.001,1,5623,50
0.0045,100,100,100,100.0045,100.0045,1,5623,50
0.204580379649997,100,100,100,100,100,1,5623,50
0.00334301521070302,100,100,100,100,100,1,5623,50
0.453702002530918,100,100,100,100,100,1,5623,50
0.992359722731635,100,100,100,100,100,1,5623,50
0.978675702121109,100,100,100,100,100,1,5623,50
0.17672527465038,100,100,100,100,100,1,5623,50
0.274929636158049,100,100,100,100,100,1,5623,50
0.763880946440622,100,100,100,100,100,1,5623,50
0.403499657288194,100,100,100,100,100,1,5623,50
0.67184637254104,100,100,100,100,100,1,5623,50
5e-04,100,100,100,100.0005,100.0005,1,5623,50
