"p","truediv","chaoest","obsD","upper","lower","l","inds","reps"
5e-04,100,100,100,100.0005,100.0005,1,5623,50
0.002,100,100,100,100.002,100.002,1,5623,50
0.618904350791126,100,100,100,100,100,1,5623,50
0.001,100,100,100,100.001,100.001,1,5623,50
0.659340817946941,100,100,100,100,100,1,5623,50
0.47172916540876,100,100,100,100,100,1,5623,50
0.267991668079048,100,100,100,100,100,1,5623,50
0.466374815441668,100,100,100,100,100,1,5623,50
0.105349865974858,100,100,100,100,100,1,5623,50
0.230862871510908,100,100,100,100,100,1,5623,50
0.820794297847897,100,100,100,100,100,1,5623,50
0.001,100,100,100,100.001,100.001,1,5623,50
0.285527227446437,100,100,100,100,100,1,5623,50
5e-04,100,100,100,100.0005,100.0005,1,5623,50
0.535363621311262,100,100,100,100,100,1,5623,50
0.845037986524403,100,100,100,100,100,1,5623,50
0.0684146638959646,100,100,100,100,100,1,5623,50
0.167941810563207,100,100,100,100,100,1,5623,50
0.979222417343408,100,100,100,100,100,1,5623,50
0.530019664205611,100,100,100,100,100,1,5623,50
0.912116633495316,100,100,100,100,100,1,5623,50
0.653941463679075,100,100,100,100,100,1,5623,50
0.717758435057476,100,100,100,100,100,1,5623,50
0.341230607358739,100,100,100,100,100,1,5623,50
5e-04,100,100,100,100.0005,100.0005,1,5623,50
0.12652446446009,100,100,100,100,100,1,5623,50
0.580952967982739,100,100,100,100,100,1,5623,50
0.001,100,100,100,100.001,100.001,1,5623,50
0.941082765581086,100,100,100,100,100,1,5623,50
0.940629297168925,100,100,100,100,100,1,5623,50
0.710141519084573,100,100,100,100,100,1,5623,50
0.0015,100,100,100,100.0015,100.0015,1,5623,50
0.429785745451227,100,100,100,100,100,1,5623,50
0.200206089532003,100,100,100,100,100,1,5623,50
0.716332373442128,100,100,100,100,100,1,5623,50
0.650894078426063,100,100,100,100,100,1,5623,50
0.384868240682408,100,100,100,100,100,1,5623,50
0.9896566553507,100,100,100,100,100,1,5623,50
0.993078173138201,100,100,100,100,100,1,5623,50
0.565558288712054,100,100,100,100,100,1,5623,50
0.5336096403189,100,100,100,100,100,1,5623,50
0.295007779961452,100,100,100,100,100,1,5623,50
0.983675576513633,100,100,100,100,100,1,5623,50
0.0259119812399149,100,100,100,100,100,1,5623,50
0.97203102754429,100,100,100,100,100,1,5623,50
0.181192313553765,100,100,100,100,100,1,5623,50
0.184927643276751,100,100,100,100,100,1,5623,50
0.441514862701297,100,100,100,100,100,1,5623,50
0.398751746397465,100,100,100,100,100,1,5623,50
0.66749815014191,100,100,100,100,100,1,5623,50
