"p","truediv","chaoest","obsD","upper","lower","l","inds","reps"
0.864906146656722,100,100,100,100,100,1,5623,50
0.210259019397199,100,100,100,100,100,1,5623,50
0.672759678214788,100,100,100,100,100,1,5623,50
5e-04,100,100,100,100.00025004446,100.00025004446,1,5623,50
0.980400688014925,100,100,100,100,100,1,5623,50
0.667172697605565,100,100,100,100,100,1,5623,50
0.143686725758016,100,100,100,100,100,1,5623,50
0.777819353388622,100,100,100,100,100,1,5623,50
0.0735846327152103,100,100,100,100,100,1,5623,50
0.635175545932725,100,100,100,100,100,1,5623,50
0.0015,100,100,100,100.0015,100.0015,1,5623,50
0.686484481208026,100,100,100,100,100,1,5623,50
0.254090776434168,100,100,100,100,100,1,5623,50
0.644681272329763,100,100,100,100,100,1,5623,50
0.148284839931875,100,100,100,100,100,1,5623,50
0.0943066948093474,100,100,100,100,100,1,5623,50
5e-04,100,100,100,100.0005,100.0005,1,5623,50
0.280545349698514,100,100,100,100,100,1,5623,50
0.875347230350599,100,100,100,100,100,1,5623,50
0.414498295402154,100,100,100,100,100,1,5623,50
0.0045,100,100,100,100.0045,100.0045,1,5623,50
0.0075,100,100,100,100.0075,100.0075,1,5623,50
0.576951588038355,100,100,100,100,100,1,5623,50
0.61649499158375,100,100,100,100,100,1,5623,50
0.445159905357286,100,100,100,100,100,1,5623,50
0.0055,100,100,100,100.0055,100.0055,1,5623,50
0.807874533813447,100,100,100,100,100,1,5623,50
5e-04,100,100,100,100.0005,100.0005,1,5623,50
0.294375849654898,100,100,100,100,100,1,5623,50
0.285290247062221,100,100,100,100,100,1,5623,50
5e-04,100,100,100,100.0005,100.0005,1,5623,50
0.871538784587756,100,100,100,100,100,1,5623,50
0.896173136308789,100,100,100,100,100,1,5623,50
0.995868885423988,100,100,100,100,100,1,5623,50
5e-04,100,100,100,100.0005,100.0005,1,5623,50
5e-04,100,100,100,100.00025004446,100.00025004446,1,5623,50
0.514845383586362,100,100,100,100,100,1,5623,50
0.932852227240801,100,100,100,100,100,1,5623,50
0.101739750942215,100,100,100,100,100,1,5623,50
0.150630390504375,100,100,100,100,100,1,5623,50
0.755826008273289,100,100,100,100,100,1,5623,50
0.107642035931349,100,100,100,100,100,1,5623,50
0.528162812581286,100,100,100,100,100,1,5623,50
0.11307484540157,100,100,100,100,100,1,5623,50
0.850436113076285,100,100,100,100,100,1,5623,50
0.464418058516458,100,100,100,100,100,1,5623,50
0.728170782094821,100,100,100,100,100,1,5623,50
0.0330388902220875,100,100,100,100,100,1,5623,50
0.0015,100,100,100,100.0015,100.0015,1,5623,50
0.93373759300448,100,100,100,100,100,1,5623,50
