"p","truediv","chaoest","obsD","upper","lower","l","inds","reps"
0.882013191934675,100,100,100,100,100,1,5623,50
0.708110085688531,100,100,100,100,100,1,5623,50
0.272963336203247,100,100,100,100,100,1,5623,50
0.500578677747399,100,100,100,100,100,1,5623,50
0.0193010398652405,100,100,100,100,100,1,5623,50
0.788786779390648,100,100,100,100,100,1,5623,50
0.792975978925824,100,100,100,100,100,1,5623,50
0.476660770364106,100,100,100,100,100,1,5623,50
0.409087853971869,100,100,100,100,100,1,5623,50
0.945808065123856,100,100,100,100,100,1,5623,50
0.985129290726036,100,100,100,100,100,1,5623,50
0.652584203053266,100,100,100,100,100,1,5623,50
0.006,100,100,100,100.006,100.006,1,5623,50
5e-04,100,100,100,100.0005,100.0005,1,5623,50
0.758440326666459,100,100,100,100,100,1,5623,50
0.0275514500681311,100,100,100,100,100,1,5623,50
0.505889923777431,100,100,100,100,100,1,5623,50
0.561462127836421,100,100,100,100,100,1,5623,50
0.895034187007695,100,100,100,100,100,1,5623,50
0.544895282946527,100,100,100,100,100,1,5623,50
0.851325914030895,100,100,100,100,100,1,5623,50
0.574304179521278,100,100,100,100,100,1,5623,50
0.0305211034137756,100,100,100,100,100,1,5623,50
0.791878795949742,100,100,100,100,100,1,5623,50
0.545955425128341,100,100,100,100,100,1,5623,50
0.0015,100,100,100,100.0015,100.0015,1,5623,50
0.0908627859316766,100,100,100,100,100,1,5623,50
0.761527185561135,100,100,100,100,100,1,5623,50
0.709062078269199,100,100,100,100,100,1,5623,50
0.346749731339514,100,100,100,100,100,1,5623,50
5e-04,100,100,100,100.0005,100.0005,1,5623,50
5e-04,100,100,100,100.0005,100.0005,1,5623,50
0.875081727281213,100,100,100,100,100,1,5623,50
0.882277767406777,100,100,100,100,100,1,5623,50
0.835918585537001,100,100,100,100,100,1,5623,50
0.159229235257953,100,100,100,100,100,1,5623,50
0.394981381483376,100,100,100,100,100,1,5623,50
0.612806656165048,100,100,100,100,100,1,5623,50
0.185186906484887,100,100,100,100,100,1,5623,50
0.914305047597736,100,100,100,100,100,1,5623,50
0.753232910996303,100,100,100,100,100,1,5623,50
0.9995,100,100,100,99.9997500444603,99.9997500444603,1,5623,50
0.199503034353256,100,100,100,100,100,1,5623,50
0.534348802175373,100,100,100,100,100,1,5623,50
0.133057919563726,100,100,100,100,100,1,5623,50
0.001,100,100,100,100.001,100.001,1,5623,50
0.516184824053198,100,100,100,100,100,1,5623,50
0.470977903110906,100,100,100,100,100,1,5623,50
0.712985566817224,100,100,100,100,100,1,5623,50
0.998154777567834,100,100,100,100,100,1,5623,50
