"p","truediv","chaoest","obsD","upper","lower","l","inds","reps"
0.410387889947742,100,100,100,100,100,1,5623,50
5e-04,100,100,100,100.0005,100.0005,1,5623,50
0.810293221613392,100,100,100,100,100,1,5623,50
0.411838849307969,100,100,100,100,100,1,5623,50
0.0167961048427969,100,100,100,100,100,1,5623,50
0.722990144509822,100,100,100,100,100,1,5623,50
0.733997565461323,100,100,100,100,100,1,5623,50
0.432724070502445,100,100,100,100,100,1,5623,50
0.0117595458868891,100,100,100,100,100,1,5623,50
0.0025,100,100,100,100.00225004446,100.00225004446,1,5623,50
0.0357971976045519,100,100,100,100,100,1,5623,50
5e-04,100,100,100,100.0005,100.0005,1,5623,50
0.463820406701416,100,100,100,100,100,1,5623,50
0.0015,100,100,100,100.0015,100.0015,1,5623,50
0.296541965333745,100,100,100,100,100,1,5623,50
0.770535438787192,100,100,100,100,100,1,5623,50
5e-04,100,100,100,100.0005,100.0005,1,5623,50
0.880146876443177,100,100,100,100,100,1,5623,50
5e-04,100,100,100,100.0005,100.0005,1,5623,50
0.824690235313028,100,100,100,100,100,1,5623,50
0.343799893511459,100,100,100,100,100,1,5623,50
0.982945281080902,100,100,100,100,100,1,5623,50
0.166081291157752,100,100,100,100,100,1,5623,50
0.92472707759589,100,100,100,100,100,1,5623,50
0.774164938600734,100,100,100,100,100,1,5623,50
0.568513210397214,100,100,100,100,100,1,5623,50
0.0824681834783405,100,100,100,100,100,1,5623,50
0.956592408940196,100,100,100,100,100,1,5623,50
0.001,100,100,100,100.001,100.001,1,5623,50
0.179155657300726,100,100,100,100,100,1,5623,50
5e-04,100,100,100,100.0005,100.0005,1,5623,50
0.826371404109523,100,100,100,100,100,1,5623,50
0.488822432234883,100,100,100,100,100,1,5623,50
0.486975203733891,100,100,100,100,100,1,5623,50
5e-04,100,100,100,100.0005,100.0005,1,5623,50
0.050317318411544,100,100,100,100,100,1,5623,50
0.467917138710618,100,100,100,100,100,1,5623,50
0.0316985661629587,100,100,100,100,100,1,5623,50
0.912070758407936,100,100,100,100,100,1,5623,50
0.476038626627997,100,100,100,100,100,1,5623,50
0.128738060826436,100,100,100,100,100,1,5623,50
0.0025,100,100,100,100.0025,100.0025,1,5623,50
5e-04,100,100,100,100.0005,100.0005,1,5623,50
0.389408975373954,100,100,100,100,100,1,5623,50
0.007,100,100,100,100.007,100.007,1,5623,50
0.57700626924634,100,100,100,100,100,1,5623,50
0.584228365914896,100,100,100,100,100,1,5623,50
0.79911275813356,100,100,100,100,100,1,5623,50
0.224532182561234,100,100,100,100,100,1,5623,50
5e-04,100,100,100,100.0005,100.0005,1,5623,50
