"p","truediv","chaoest","obsD","upper","lower","l","inds","reps"
0.0686509513761848,100,100,100,100,100,1,5623,50
0.408679270418361,100,100,100,100,100,1,5623,50
0.170547687681392,100,100,100,100,100,1,5623,50
0.983523507136852,100,100,100,100,100,1,5623,50
0.840926456032321,100,100,100,100,100,1,5623,50
0.242965437239036,100,100,100,100,100,1,5623,50
0.548795235110447,100,100,100,100,100,1,5623,50
0.476318842964247,100,100,100,100,100,1,5623,50
0.77602712623775,100,100,100,100,100,1,5623,50
0.792823303258047,100,100,100,100,100,1,5623,50
0.820281280437484,100,100,100,100,100,1,5623,50
0.715624314500019,100,100,100,100,100,1,5623,50
0.720561227295548,100,100,100,100,100,1,5623,50
0.904483119258657,100,100,100,100,100,1,5623,50
0.40425057685934,100,100,100,100,100,1,5623,50
0.318612070987001,100,100,100,100,100,1,5623,50
0.0722125594038516,100,100,100,100,100,1,5623,50
0.744685530196875,100,100,100,100,100,1,5623,50
0.351696160854772,100,100,100,100,100,1,5623,50
0.590360708069056,100,100,100,100,100,1,5623,50
0.0640930717345327,100,100,100,100,100,1,5623,50
0.526347213657573,100,100,100,100,100,1,5623,50
5e-04,100,100,100,100.0005,100.0005,1,5623,50
0.512312707491219,100,100,100,100,100,1,5623,50
0.001,100,100,100,100.001,100.001,1,5623,50
0.606187989702448,100,100,100,100,100,1,5623,50
0.902540222276002,100,100,100,100,100,1,5623,50
0.541292586829513,100,100,100,100,100,1,5623,50
0.001,100,100,100,100.001,100.001,1,5623,50
0.785592635162175,100,100,100,100,100,1,5623,50
0.839936392148957,100,100,100,100,100,1,5623,50
5e-04,100,100,100,100.0005,100.0005,1,5623,50
0.659246091498062,100,100,100,100,100,1,5623,50
0.248677648603916,100,100,100,100,100,1,5623,50
0.604605758329853,100,100,100,100,100,1,5623,50
0.873553536599502,100,100,100,100,100,1,5623,50
0.001,100,100,100,100.001,100.001,1,5623,50
0.606377881020308,100,100,100,100,100,1,5623,50
0.223862276179716,100,100,100,100,100,1,5623,50
5e-04,100,100,100,100.0005,100.0005,1,5623,50
0.642835698090494,100,100,100,100,100,1,5623,50
0.89721262594685,100,100,100,100,100,1,5623,50
0.174358371179551,100,100,100,100,100,1,5623,50
0.0025,100,100,100,100.0025,100.0025,1,5623,50
0.001,100,100,100,100.001,100.001,1,5623,50
0.127771587111056,100,100,100,100,100,1,5623,50
0.2408295806963,100,100,100,100,100,1,5623,50
0.538049524184316,100,100,100,100,100,1,5623,50
0.948993821861222,100,100,100,100,100,1,5623,50
0.586989224189892,100,100,100,100,100,1,5623,50
