"p","truediv","chaoest","obsD","upper","lower","l","inds","reps"
0.0015,100,100,100,100.0015,100.0015,1,5623,50
0.319027604302391,100,100,100,100,100,1,5623,50
0.753294369438663,100,100,100,100,100,1,5623,50
0.597161578247324,100,100,100,100,100,1,5623,50
0.333488700911403,100,100,100,100,100,1,5623,50
0.001,100,100,100,100.001,100.001,1,5623,50
0.672423224430531,100,100,100,100,100,1,5623,50
0.00785720301792026,100,100,100,100,100,1,5623,50
0.0015,100,100,100,100.0015,100.0015,1,5623,50
0.012,100,100,100,100.011000177841,100.011000177841,1,5623,50
0.735790281323716,100,100,100,100,100,1,5623,50
5e-04,100,100,100,100.0005,100.0005,1,5623,50
0.340012650005519,100,100,100,100,100,1,5623,50
0.384315472096205,100,100,100,100,100,1,5623,50
5e-04,100,100,100,100.0005,100.0005,1,5623,50
0.001,100,100,100,100.00075004446,100.00075004446,1,5623,50
5e-04,100,100,100,100.00025004446,100.00025004446,1,5623,50
0.0411653642076999,100,100,100,100,100,1,5623,50
0.985299458261579,100,100,100,100,100,1,5623,50
0.614273805636913,100,100,100,100,100,1,5623,50
0.064149730373174,100,100,100,100,100,1,5623,50
0.862380907870829,100,100,100,100,100,1,5623,50
0.735164621612057,100,100,100,100,100,1,5623,50
0.815310472855344,100,100,100,100,100,1,5623,50
0.688423027284443,100,100,100,100,100,1,5623,50
0.0543508059345186,100,100,100,100,100,1,5623,50
0.534799507120624,100,100,100,100,100,1,5623,50
0.997103153262287,100,100,100,100,100,1,5623,50
0.006,100,100,100,100.006,100.006,1,5623,50
0.395599988522008,100,100,100,100,100,1,5623,50
0.937614082824439,100,100,100,100,100,1,5623,50
0.403870752081275,100,100,100,100,100,1,5623,50
0.003,100,100,100,100.003,100.003,1,5623,50
5e-04,100,100,100,100.0005,100.0005,1,5623,50
0.672189751872793,100,100,100,100,100,1,5623,50
0.379702227422968,100,100,100,100,100,1,5623,50
0.414147857110947,100,100,100,100,100,1,5623,50
0.524428451433778,100,100,100,100,100,1,5623,50
0.588518640259281,100,100,100,100,100,1,5623,50
0.0045,100,100,100,100.0045,100.0045,1,5623,50
0.167284077499062,100,100,100,100,100,1,5623,50
0.220123199746013,100,100,100,100,100,1,5623,50
0.715367674361914,100,100,100,100,100,1,5623,50
5e-04,100,100,100,100.0005,100.0005,1,5623,50
0.649746124399826,100,100,100,100,100,1,5623,50
0.0015,100,100,100,100.0015,100.0015,1,5623,50
5e-04,100,100,100,100.0005,100.0005,1,5623,50
0.142914171563461,100,100,100,100,100,1,5623,50
0.955803827615455,100,100,100,100,100,1,5623,50
0.726382833439857,100,100,100,100,100,1,5623,50
