"p","truediv","chaoest","obsD","upper","lower","l","inds","reps"
0.648579017259181,100,100,100,100,100,1,5623,50
0.882519752718508,100,100,100,100,100,1,5623,50
0.960861436789855,100,100,100,100,100,1,5623,50
5e-04,100,100,100,100.0005,100.0005,1,5623,50
0.0543759264983237,100,100,100,100,100,1,5623,50
0.0911966543644667,100,100,100,100,100,1,5623,50
0.86268108477816,100,100,100,100,100,1,5623,50
0.524294732837006,100,100,100,100,100,1,5623,50
0.258856425993145,100,100,100,100,100,1,5623,50
5e-04,100,100,100,100.0005,100.0005,1,5623,50
0.198980988468975,100,100,100,100,100,1,5623,50
0.193879205267876,100,100,100,100,100,1,5623,50
0.132096432847902,100,100,100,100,100,1,5623,50
0.002,100,100,100,100.002,100.002,1,5623,50
0.508506030542776,100,100,100,100,100,1,5623,50
0.144403038546443,100,100,100,100,100,1,5623,50
0.963472168426961,100,100,100,100,100,1,5623,50
0.388307703891769,100,100,100,100,100,1,5623,50
0.378913684515283,100,100,100,100,100,1,5623,50
0.410867990693077,100,100,100,100,100,1,5623,50
0.74082928430289,100,100,100,100,100,1,5623,50
0.43977691559121,100,100,100,100,100,1,5623,50
5e-04,100,100,100,100.0005,100.0005,1,5623,50
5e-04,100,100,100,100.0005,100.0005,1,5623,50
0.926560098771006,100,100,100,100,100,1,5623,50
0.002,100,100,100,100.002,100.002,1,5623,50
5e-04,100,100,100,100.0005,100.0005,1,5623,50
0.608386205742136,100,100,100,100,100,1,5623,50
0.155860086204484,100,100,100,100,100,1,5623,50
0.12593806697987,100,100,100,100,100,1,5623,50
0.00694495625793934,100,100,100,100,100,1,5623,50
0.662509238813072,100,100,100,100,100,1,5623,50
0.697723785648122,100,100,100,100,100,1,5623,50
0.498913128394634,100,100,100,100,100,1,5623,50
0.566840666811913,100,100,100,100,100,1,5623,50
0.843539921334013,100,100,100,100,100,1,5623,50
0.472880713874474,100,100,100,100,100,1,5623,50
0.133156496565789,100,100,100,100,100,1,5623,50
0.806589840212837,100,100,100,100,100,1,5623,50
0.794674682896584,100,100,100,100,100,1,5623,50
0.77110899426043,100,100,100,100,100,1,5623,50
0.385869402205572,100,100,100,100,100,1,5623,50
0.667329869931564,100,100,100,100,100,1,5623,50
0.849996485980228,100,100,100,100,100,1,5623,50
0.197195186279714,100,100,100,100,100,1,5623,50
0.393492795992643,100,100,100,100,100,1,5623,50
0.695902392501011,100,100,100,100,100,1,5623,50
0.11600219225511,100,100,100,100,100,1,5623,50
0.520214495016262,100,100,100,100,100,1,5623,50
0.347585962619632,100,100,100,100,100,1,5623,50
