"p","truediv","chaoest","obsD","upper","lower","l","inds","reps"
0.0259703134652227,100,100,100,100,100,1,5623,50
0.0847694443073124,100,100,100,100,100,1,5623,50
0.0138516866136342,100,100,100,100,100,1,5623,50
0.439904281869531,100,100,100,100,100,1,5623,50
0.664199579274282,100,100,100,100,100,1,5623,50
0.392334811855108,100,100,100,100,100,1,5623,50
0.654468916822225,100,100,100,100,100,1,5623,50
0.107583507662639,100,100,100,100,100,1,5623,50
0.579104538308457,100,100,100,100,100,1,5623,50
0.878354457439855,100,100,100,100,100,1,5623,50
0.770570956170559,100,100,100,100,100,1,5623,50
0.920577222248539,100,100,100,100,100,1,5623,50
0.767255289014429,100,100,100,100,100,1,5623,50
0.436308844480664,100,100,100,100,100,1,5623,50
0.343001477885991,100,100,100,100,100,1,5623,50
0.314570028567687,100,100,100,100,100,1,5623,50
0.385128466878086,100,100,100,100,100,1,5623,50
0.560647291364148,100,100,100,100,100,1,5623,50
0.827997511252761,100,100,100,100,100,1,5623,50
0.613001032732427,100,100,100,100,100,1,5623,50
0.47794501343742,100,100,100,100,100,1,5623,50
0.307322004809976,100,100,100,100,100,1,5623,50
0.147169797448441,100,100,100,100,100,1,5623,50
0.834629683056846,100,100,100,100,100,1,5623,50
0.591670279623941,100,100,100,100,100,1,5623,50
0.923753861803561,100,100,100,100,100,1,5623,50
0.537832246627659,100,100,100,100,100,1,5623,50
0.49755286378786,100,100,100,100,100,1,5623,50
0.543721080990508,100,100,100,100,100,1,5623,50
0.21466949605383,100,100,100,100,100,1,5623,50
0.032072450267151,100,100,100,100,100,1,5623,50
0.853958712425083,100,100,100,100,100,1,5623,50
0.295973220840096,100,100,100,100,100,1,5623,50
0.150964033091441,100,100,100,100,100,1,5623,50
0.576764823170379,100,100,100,100,100,1,5623,50
0.593762402655557,100,100,100,100,100,1,5623,50
0.821377035463229,100,100,100,100,100,1,5623,50
0.771598477149382,100,100,100,100,100,1,5623,50
0.548789469990879,100,100,100,100,100,1,5623,50
0.471505464753136,100,100,100,100,100,1,5623,50
0.680938211968169,100,100,100,100,100,1,5623,50
0.600034974748269,100,100,100,100,100,1,5623,50
0.0431158957071602,100,100,100,100,100,1,5623,50
0.225715917302296,100,100,100,100,100,1,5623,50
0.325515116099268,100,100,100,100,100,1,5623,50
0.506677389377728,100,100,100,100,100,1,5623,50
0.627641833387315,100,100,100,100,100,1,5623,50
0.573035973124206,100,100,100,100,100,1,5623,50
0.829756154911593,100,100,100,100,100,1,5623,50
0.188632438657805,100,100,100,100,100,1,5623,50
