"p","truediv","chaoest","obsD","upper","lower","l","inds","reps"
0.831395308254287,100,100,100,100,100,1,5623,50
0.414659911999479,100,100,100,100,100,1,5623,50
0.94599926751107,100,100,100,100,100,1,5623,50
0.893381403759122,100,100,100,100,100,1,5623,50
0.37775135342963,100,100,100,100,100,1,5623,50
0.704658909700811,100,100,100,100,100,1,5623,50
0.968227588105947,100,100,100,100,100,1,5623,50
0.746307192835957,100,100,100,100,100,1,5623,50
0.789480136241764,100,100,100,100,100,1,5623,50
0.757369957631454,100,100,100,100,100,1,5623,50
0.152800631709397,100,100,100,100,100,1,5623,50
0.0708717480301857,100,100,100,100,100,1,5623,50
0.51176990987733,100,100,100,100,100,1,5623,50
0.963031785562634,100,100,100,100,100,1,5623,50
0.765320572303608,100,100,100,100,100,1,5623,50
0.798410431947559,100,100,100,100,100,1,5623,50
0.704782471526414,100,100,100,100,100,1,5623,50
0.747247199993581,100,100,100,100,100,1,5623,50
0.658213519956917,100,100,100,100,100,1,5623,50
0.700293516507372,100,100,100,100,100,1,5623,50
0.770544084254652,100,100,100,100,100,1,5623,50
0.932842744514346,100,100,100,100,100,1,5623,50
0.0155796518083662,100,100,100,100,100,1,5623,50
0.628522986080498,100,100,100,100,100,1,5623,50
0.63055704603903,100,100,100,100,100,1,5623,50
0.168047518469393,100,100,100,100,100,1,5623,50
0.74335720250383,100,100,100,100,100,1,5623,50
0.245828161947429,100,100,100,100,100,1,5623,50
0.312044617719948,100,100,100,100,100,1,5623,50
0.439643707824871,100,100,100,100,100,1,5623,50
0.827523134881631,100,100,100,100,100,1,5623,50
0.433632056694478,100,100,100,100,100,1,5623,50
0.640108686173335,100,100,100,100,100,1,5623,50
0.589608653914183,100,100,100,100,100,1,5623,50
0.526032135356218,100,100,100,100,100,1,5623,50
0.334249421721324,100,100,100,100,100,1,5623,50
0.198552576825023,100,100,100,100,100,1,5623,50
0.453478353098035,100,100,100,100,100,1,5623,50
0.179816943360493,100,100,100,100,100,1,5623,50
0.840944076189771,100,100,100,100,100,1,5623,50
0.286253102589399,100,100,100,100,100,1,5623,50
0.273222426418215,100,100,100,100,100,1,5623,50
0.942395995836705,100,100,100,100,100,1,5623,50
0.510669634444639,100,100,100,100,100,1,5623,50
0.832535617053509,100,100,100,100,100,1,5623,50
0.942492244299501,100,100,100,100,100,1,5623,50
0.378705455223098,100,100,100,100,100,1,5623,50
0.127899056766182,100,100,100,100,100,1,5623,50
0.687514783116058,100,100,100,100,100,1,5623,50
0.069805778330192,100,100,100,100,100,1,5623,50
