"p","truediv","chaoest","obsD","upper","lower","l","inds","reps"
0.865399742033333,100,100,100,100,100,1,5623,50
0.970451590837911,100,100,100,100,100,1,5623,50
0.371389913372695,100,100,100,100,100,1,5623,50
0.442990058800206,100,100,100,100,100,1,5623,50
0.506692031398416,100,100,100,100,100,1,5623,50
0.333356962539256,100,100,100,100,100,1,5623,50
0.0359781428705901,100,100,100,100,100,1,5623,50
0.162828216562048,100,100,100,100,100,1,5623,50
0.55136927543208,100,100,100,100,100,1,5623,50
0.178851972566918,100,100,100,100,100,1,5623,50
0.955929352901876,100,100,100,100,100,1,5623,50
0.0462392598856241,100,100,100,100,100,1,5623,50
0.704217285383493,100,100,100,100,100,1,5623,50
0.0839596311561763,100,100,100,100,100,1,5623,50
0.418622930999845,100,100,100,100,100,1,5623,50
0.423199912533164,100,100,100,100,100,1,5623,50
0.484855617862195,100,100,100,100,100,1,5623,50
0.114851375110447,100,100,100,100,100,1,5623,50
0.086323220981285,100,100,100,100,100,1,5623,50
0.913149321451783,100,100,100,100,100,1,5623,50
0.00885662040673196,100,100,100,100,100,1,5623,50
0.539362719049677,100,100,100,100,100,1,5623,50
0.573702563298866,100,100,100,100,100,1,5623,50
0.863210545154288,100,100,100,100,100,1,5623,50
0.417449130909517,100,100,100,100,100,1,5623,50
0.129762245807797,100,100,100,100,100,1,5623,50
0.835182517068461,100,100,100,100,100,1,5623,50
0.539768528658897,100,100,100,100,100,1,5623,50
0.970157128060237,100,100,100,100,100,1,5623,50
0.585239385720342,100,100,100,100,100,1,5623,50
0.313432764494792,100,100,100,100,100,1,5623,50
0.976186507148668,100,100,100,100,100,1,5623,50
0.0414463630877435,100,100,100,100,100,1,5623,50
0.769343037391081,100,100,100,100,100,1,5623,50
0.0378545795101672,100,100,100,100,100,1,5623,50
0.268155293771997,100,100,100,100,100,1,5623,50
0.659917498007417,100,100,100,100,100,1,5623,50
0.553160420851782,100,100,100,100,100,1,5623,50
0.460622646147385,100,100,100,100,100,1,5623,50
0.586623881477863,100,100,100,100,100,1,5623,50
0.174206628696993,100,100,100,100,100,1,5623,50
0.785346239572391,100,100,100,100,100,1,5623,50
0.523803985444829,100,100,100,100,100,1,5623,50
0.0885674222372472,100,100,100,100,100,1,5623,50
0.392555239843205,100,100,100,100,100,1,5623,50
0.00392790720798075,100,100,100,100,100,1,5623,50
0.323812403483316,100,100,100,100,100,1,5623,50
0.000485776690766215,100,100,100,100,100,1,5623,50
0.0565396244637668,100,100,100,100,100,1,5623,50
0.107909643556923,100,100,100,100,100,1,5623,50
