"p","truediv","chaoest","obsD","upper","lower","l","inds","reps"
0.41663732402958,100,100,100,100,100,1,5623,50
0.629378998186439,100,100,100,100,100,1,5623,50
0.565470789792016,100,100,100,100,100,1,5623,50
0.366743019549176,100,100,100,100,100,1,5623,50
0.350966672878712,100,100,100,100,100,1,5623,50
0.112221417250112,100,100,100,100,100,1,5623,50
0.538262151181698,100,100,100,100,100,1,5623,50
0.726259857648984,100,100,100,100,100,1,5623,50
0.263523520668969,100,100,100,100,100,1,5623,50
0.839982176432386,100,100,100,100,100,1,5623,50
0.83408100460656,100,100,100,100,100,1,5623,50
0.861845848383382,100,100,100,100,100,1,5623,50
0.439201699336991,100,100,100,100,100,1,5623,50
0.758367965463549,100,100,100,100,100,1,5623,50
0.981648367829621,100,100,100,100,100,1,5623,50
0.00274080270901322,100,100,100,100,100,1,5623,50
0.485228196484968,100,100,100,100,100,1,5623,50
0.184222941985354,100,100,100,100,100,1,5623,50
0.104246928356588,100,100,100,100,100,1,5623,50
0.117540074978024,100,100,100,100,100,1,5623,50
0.49095771391876,100,100,100,100,100,1,5623,50
0.224125596228987,100,100,100,100,100,1,5623,50
0.928563245339319,100,100,100,100,100,1,5623,50
0.263673994457349,100,100,100,100,100,1,5623,50
0.846797687234357,100,100,100,100,100,1,5623,50
0.212488005170599,100,100,100,100,100,1,5623,50
0.747765205102041,100,100,100,100,100,1,5623,50
0.13299461081624,100,100,100,100,100,1,5623,50
0.908788012107834,100,100,100,100,100,1,5623,50
0.620636399835348,100,100,100,100,100,1,5623,50
0.867971933912486,100,100,100,100,100,1,5623,50
0.436371095711365,100,100,100,100,100,1,5623,50
0.242017681943253,100,100,100,100,100,1,5623,50
0.504935420351103,100,100,100,100,100,1,5623,50
0.899961271323264,100,100,100,100,100,1,5623,50
0.214264384936541,100,100,100,100,100,1,5623,50
0.988384221913293,100,100,100,100,100,1,5623,50
0.314141097711399,100,100,100,100,100,1,5623,50
0.588248627493158,100,100,100,100,100,1,5623,50
0.393019802169874,100,100,100,100,100,1,5623,50
0.443203863920644,100,100,100,100,100,1,5623,50
0.00597293069586158,100,100,100,100,100,1,5623,50
0.344833290670067,100,100,100,100,100,1,5623,50
0.814545798813924,100,100,100,100,100,1,5623,50
0.455214805435389,100,100,100,100,100,1,5623,50
0.321421120781451,100,100,100,100,100,1,5623,50
0.148463349090889,100,100,100,100,100,1,5623,50
0.584403095999733,100,100,100,100,100,1,5623,50
0.398575433762744,100,100,100,100,100,1,5623,50
0.823304287390783,100,100,100,100,100,1,5623,50
