"p","truediv","chaoest","obsD","upper","lower","l","inds","reps"
0.695143587188795,100,100,100,100,100,1,5623,50
0.839379631681368,100,100,100,100,100,1,5623,50
0.882203665329143,100,100,100,100,100,1,5623,50
0.976842533331364,100,100,100,100,100,1,5623,50
0.840899565489963,100,100,100,100,100,1,5623,50
0.938618990359828,100,100,100,100,100,1,5623,50
0.592196077806875,100,100,100,100,100,1,5623,50
0.600541170919314,100,100,100,100,100,1,5623,50
0.249479965073988,100,100,100,100,100,1,5623,50
0.313658993458375,100,100,100,100,100,1,5623,50
0.0697002676315606,100,100,100,100,100,1,5623,50
0.257753404555842,100,100,100,100,100,1,5623,50
0.526752092409879,100,100,100,100,100,1,5623,50
0.923608877463266,100,100,100,100,100,1,5623,50
0.672334929462522,100,100,100,100,100,1,5623,50
0.404887529555708,100,100,100,100,100,1,5623,50
0.969340109499171,100,100,100,100,100,1,5623,50
0.0706616898532957,100,100,100,100,100,1,5623,50
0.205486642196774,100,100,100,100,100,1,5623,50
0.865665316116065,100,100,100,100,100,1,5623,50
0.801616692217067,100,100,100,100,100,1,5623,50
0.933619603980333,100,100,100,100,100,1,5623,50
0.654647851129994,100,100,100,100,100,1,5623,50
0.942445303080603,100,100,100,100,100,1,5623,50
0.890843652421609,100,100,100,100,100,1,5623,50
0.567058199318126,100,100,100,100,100,1,5623,50
5e-04,100,100,100,100.0005,100.0005,1,5623,50
0.81318142474629,100,100,100,100,100,1,5623,50
0.285517862532288,100,100,100,100,100,1,5623,50
0.199259551009163,100,100,100,100,100,1,5623,50
0.533912464976311,100,100,100,100,100,1,5623,50
0.899464645422995,100,100,100,100,100,1,5623,50
0.853677338454872,100,100,100,100,100,1,5623,50
0.599373192293569,100,100,100,100,100,1,5623,50
0.71435746899806,100,100,100,100,100,1,5623,50
0.764340767404065,100,100,100,100,100,1,5623,50
0.175249882275239,100,100,100,100,100,1,5623,50
0.796652904478833,100,100,100,100,100,1,5623,50
0.437949412502348,100,100,100,100,100,1,5623,50
0.693748047109693,100,100,100,100,100,1,5623,50
0.187682410469279,100,100,100,100,100,1,5623,50
0.86055658897385,100,100,100,100,100,1,5623,50
0.333601548336446,100,100,100,100,100,1,5623,50
0.928701733238995,100,100,100,100,100,1,5623,50
0.769914075965062,100,100,100,100,100,1,5623,50
0.64266476011835,100,100,100,100,100,1,5623,50
0.765841851010919,100,100,100,100,100,1,5623,50
0.170968294842169,100,100,100,100,100,1,5623,50
0.280033282702789,100,100,100,100,100,1,5623,50
0.102247561793774,100,100,100,100,100,1,5623,50
