"p","truediv","chaoest","obsD","upper","lower","l","inds","reps"
0.687758468091488,100,100,100,100,100,1,5623,50
0.694910791469738,100,100,100,100,100,1,5623,50
0.842075289459899,100,100,100,100,100,1,5623,50
0.22600156837143,100,100,100,100,100,1,5623,50
0.488800997845829,100,100,100,100,100,1,5623,50
0.517395484494045,100,100,100,100,100,1,5623,50
0.542677942430601,100,100,100,100,100,1,5623,50
0.379123870283365,100,100,100,100,100,1,5623,50
0.861113864928484,100,100,100,100,100,1,5623,50
0.375836768653244,100,100,100,100,100,1,5623,50
0.728284117765725,100,100,100,100,100,1,5623,50
0.257676135282964,100,100,100,100,100,1,5623,50
0.126171298790723,100,100,100,100,100,1,5623,50
0.729015025077388,100,100,100,100,100,1,5623,50
0.323272325331345,100,100,100,100,100,1,5623,50
0.41540235420689,100,100,100,100,100,1,5623,50
0.483068899484351,100,100,100,100,100,1,5623,50
0.31830226816237,100,100,100,100,100,1,5623,50
0.94983733817935,100,100,100,100,100,1,5623,50
0.47214335994795,100,100,100,100,100,1,5623,50
0.0685708031523973,100,100,100,100,100,1,5623,50
0.984966543503106,100,100,100,100,100,1,5623,50
0.34582485165447,100,100,100,100,100,1,5623,50
0.169242621632293,100,100,100,100,100,1,5623,50
0.721879659686238,100,100,100,100,100,1,5623,50
0.195274678524584,100,100,100,100,100,1,5623,50
0.131645081331953,100,100,100,100,100,1,5623,50
0.894735984038562,100,100,100,100,100,1,5623,50
0.35680769640021,100,100,100,100,100,1,5623,50
0.171289671212435,100,100,100,100,100,1,5623,50
0.467107290402055,100,100,100,100,100,1,5623,50
0.933490008348599,100,100,100,100,100,1,5623,50
0.999623746611178,100,100,100,100,100,1,5623,50
0.228704599197954,100,100,100,100,100,1,5623,50
0.362288587260991,100,100,100,100,100,1,5623,50
0.344807128189132,100,100,100,100,100,1,5623,50
0.522031412925571,100,100,100,100,100,1,5623,50
0.106842912500724,100,100,100,100,100,1,5623,50
0.216570692602545,100,100,100,100,100,1,5623,50
0.192236272385344,100,100,100,100,100,1,5623,50
0.114086377900094,100,100,100,100,100,1,5623,50
0.645702093839645,100,100,100,100,100,1,5623,50
0.4365256766323,100,100,100,100,100,1,5623,50
0.780036253621802,100,100,100,100,100,1,5623,50
0.935516602825373,100,100,100,100,100,1,5623,50
0.0609912844374776,100,100,100,100,100,1,5623,50
0.418763987021521,100,100,100,100,100,1,5623,50
0.665107408771291,100,100,100,100,100,1,5623,50
0.510070061311126,100,100,100,100,100,1,5623,50
0.219642281765118,100,100,100,100,100,1,5623,50
