"p","truediv","chaoest","obsD","upper","lower","l","inds","reps"
0.462835046229884,100,100,100,100,100,1,5623,50
0.0503052335698158,100,100,100,100,100,1,5623,50
0.246642546029761,100,100,100,100,100,1,5623,50
0.119177878368646,100,100,100,100,100,1,5623,50
0.252996831433848,100,100,100,100,100,1,5623,50
0.745225911727175,100,100,100,100,100,1,5623,50
0.190602682298049,100,100,100,100,100,1,5623,50
0.0967153937090188,100,100,100,100,100,1,5623,50
0.262972188647836,100,100,100,100,100,1,5623,50
0.682335325051099,100,100,100,100,100,1,5623,50
0.993024583440274,100,100,100,100,100,1,5623,50
0.645196095574647,100,100,100,100,100,1,5623,50
0.629898242186755,100,100,100,100,100,1,5623,50
0.959211567416787,100,100,100,100,100,1,5623,50
0.59383740532212,100,100,100,100,100,1,5623,50
0.714394979411736,100,100,100,100,100,1,5623,50
0.697333045303822,100,100,100,100,100,1,5623,50
0.724998029647395,100,100,100,100,100,1,5623,50
0.881096870871261,100,100,100,100,100,1,5623,50
0.830941152526066,100,100,100,100,100,1,5623,50
0.360430656466633,100,100,100,100,100,1,5623,50
0.0587166745681316,100,100,100,100,100,1,5623,50
0.00194194237701595,100,100,100,100,100,1,5623,50
0.939697065856308,100,100,100,100,100,1,5623,50
0.171861042268574,100,100,100,100,100,1,5623,50
0.594694338971749,100,100,100,100,100,1,5623,50
0.303725383477286,100,100,100,100,100,1,5623,50
0.452137917280197,100,100,100,100,100,1,5623,50
0.657867622561753,100,100,100,100,100,1,5623,50
0.614028364187106,100,100,100,100,100,1,5623,50
0.762806291226298,100,100,100,100,100,1,5623,50
0.0311771978158504,100,100,100,100,100,1,5623,50
0.852588364621624,100,100,100,100,100,1,5623,50
0.869145968230441,100,100,100,100,100,1,5623,50
0.0727655845694244,100,100,100,100,100,1,5623,50
0.241997686214745,100,100,100,100,100,1,5623,50
0.540159303229302,100,100,100,100,100,1,5623,50
0.0473527084104717,100,100,100,100,100,1,5623,50
5e-04,100,100,100,100.0005,100.0005,1,5623,50
0.497258055955172,100,100,100,100,100,1,5623,50
0.228828561026603,100,100,100,100,100,1,5623,50
0.0708017470315099,100,100,100,100,100,1,5623,50
0.738307155203074,100,100,100,100,100,1,5623,50
0.554174666525796,100,100,100,100,100,1,5623,50
0.858081168495119,100,100,100,100,100,1,5623,50
5e-04,100,100,100,100.0005,100.0005,1,5623,50
0.0783477332442999,100,100,100,100,100,1,5623,50
0.176098693395033,100,100,100,100,100,1,5623,50
0.287406363058835,100,100,100,100,100,1,5623,50
0.064417555462569,100,100,100,100,100,1,5623,50
