"p","truediv","chaoest","obsD","upper","lower","l","inds","reps"
0.871629405766726,100,100,100,100,100,1,5623,50
0.177475118776783,100,100,100,100,100,1,5623,50
0.808742264052853,100,100,100,100,100,1,5623,50
0.756908724550158,100,100,100,100,100,1,5623,50
0.772522893967107,100,100,100,100,100,1,5623,50
0.814548256341368,100,100,100,100,100,1,5623,50
0.530521703884006,100,100,100,100,100,1,5623,50
0.199833762831986,100,100,100,100,100,1,5623,50
0.757398354355246,100,100,100,100,100,1,5623,50
0.527851272141561,100,100,100,100,100,1,5623,50
0.670770404394716,100,100,100,100,100,1,5623,50
0.374348096549511,100,100,100,100,100,1,5623,50
0.768044730881229,100,100,100,100,100,1,5623,50
0.536240134621039,100,100,100,100,100,1,5623,50
0.005,100,100,100,100.005,100.005,1,5623,50
0.59224023623392,100,100,100,100,100,1,5623,50
0.402519285911694,100,100,100,100,100,1,5623,50
0.501886583166197,100,100,100,100,100,1,5623,50
0.490337788127363,100,100,100,100,100,1,5623,50
0.0279520510230213,100,100,100,100,100,1,5623,50
0.531657275976613,100,100,100,100,100,1,5623,50
0.632341405609623,100,100,100,100,100,1,5623,50
0.961803507059813,100,100,100,100,100,1,5623,50
0.551168473670259,100,100,100,100,100,1,5623,50
0.44922950793989,100,100,100,100,100,1,5623,50
0.912449189927429,100,100,100,100,100,1,5623,50
0.230635932413861,100,100,100,100,100,1,5623,50
0.214789554476738,100,100,100,100,100,1,5623,50
0.0508721407968551,100,100,100,100,100,1,5623,50
0.502402699086815,100,100,100,100,100,1,5623,50
0.105796048417687,100,100,100,100,100,1,5623,50
0.0369569875765592,100,100,100,100,100,1,5623,50
0.793425268959254,100,100,100,100,100,1,5623,50
0.23237159778364,100,100,100,100,100,1,5623,50
0.553732087137178,100,100,100,100,100,1,5623,50
0.157163226045668,100,100,100,100,100,1,5623,50
0.808399541303515,100,100,100,100,100,1,5623,50
0.0522512379102409,100,100,100,100,100,1,5623,50
0.874565717764199,100,100,100,100,100,1,5623,50
0.0622067931108177,100,100,100,100,100,1,5623,50
0.863196724792942,100,100,100,100,100,1,5623,50
0.783835356589407,100,100,100,100,100,1,5623,50
0.63275173958391,100,100,100,100,100,1,5623,50
0.792318472871557,100,100,100,100,100,1,5623,50
0.0506571859586984,100,100,100,100,100,1,5623,50
0.263786201598123,100,100,100,100,100,1,5623,50
0.195225102128461,100,100,100,100,100,1,5623,50
0.352572080912068,100,100,100,100,100,1,5623,50
0.236452100099996,100,100,100,100,100,1,5623,50
0.9564918668475,100,100,100,100,100,1,5623,50
