"p","truediv","chaoest","obsD","upper","lower","l","inds","reps"
0.369010841241106,100,100,100,100,100,1,3162,50
5e-04,100,100,100,100.0005,100.0005,1,3162,50
0.0015,100,100,100,100.0015,100.0015,1,3162,50
0.268837488256395,100,100,100,100,100,1,3162,50
5e-04,100,100,100,100.0005,100.0005,1,3162,50
0.004,100,100,100,100.004,100.004,1,3162,50
0.0015,100,100,100,100.0015,100.0015,1,3162,50
5e-04,100,100,100,100.0005,100.0005,1,3162,50
5e-04,100,100,100,100.0005,100.0005,1,3162,50
0.891473864438012,100,100,100,100,100,1,3162,50
0.0275466907769442,100,100,100,100,100,1,3162,50
0.001,100,100,100,100.001,100.001,1,3162,50
0.001,100,100,100,100.001,100.001,1,3162,50
0.001,100,100,100,100.001,100.001,1,3162,50
0.002,100,100,100,100.001750079064,100.001750079064,1,3162,50
0.001,100,100,100,100.000750079064,100.000750079064,1,3162,50
0.002,100,100,100,100.001000316256,100.001000316256,1,3162,50
5e-04,100,100,100,100.0005,100.0005,1,3162,50
0.0015,100,100,100,100.0015,100.0015,1,3162,50
0.332312086597085,100,100,100,100,100,1,3162,50
0.003,100,100,100,100.003,100.003,1,3162,50
0.005,100,100,100,100.005,100.005,1,3162,50
0.003,100,100,100,100.002750079064,100.002750079064,1,3162,50
5e-04,100,100,100,100.000250079064,100.000250079064,1,3162,50
0.0317002537194639,100,100,100,100,100,1,3162,50
0.001,100,100,100,100.001,100.001,1,3162,50
0.002,100,100,100,100.002,100.002,1,3162,50
0.002,100,100,100,100.002,100.002,1,3162,50
0.001,100,100,100,100.001,100.001,1,3162,50
0.14785107690841,100,100,100,100,100,1,3162,50
0.002,100,100,100,100.002,100.002,1,3162,50
5e-04,100,100,100,100.0005,100.0005,1,3162,50
0.572064857464284,100,100,100,100,100,1,3162,50
0.85758839873597,100,100,100,100,100,1,3162,50
0.002,100,100,100,100.002,100.002,1,3162,50
5e-04,100,100,100,100.0005,100.0005,1,3162,50
0.0015,100,100,100,100.0015,100.0015,1,3162,50
5e-04,100,100,100,100.000250079064,100.000250079064,1,3162,50
0.552204922772944,100,100,100,100,100,1,3162,50
0.0150193255394697,100,100,100,100,100,1,3162,50
0.567473472096026,100,100,100,100,100,1,3162,50
0.693719742121175,100,100,100,100,100,1,3162,50
0.390334726078436,100,100,100,100,100,1,3162,50
5e-04,100,100,100,100.0005,100.0005,1,3162,50
0.0015,100,100,100,100.0015,100.0015,1,3162,50
5e-04,100,100,100,100.0005,100.0005,1,3162,50
0.0015,100,100,100,100.0015,100.0015,1,3162,50
5e-04,100,100,100,100.000250079064,100.000250079064,1,3162,50
0.657895592041314,100,100,100,100,100,1,3162,50
0.918421999318525,100,100,100,100,100,1,3162,50
