"p","truediv","chaoest","obsD","upper","lower","l","inds","reps"
0.00128274131566286,100,100,100,100,100,1,5623,50
0.9155649098102,100,100,100,100,100,1,5623,50
0.644272779580206,100,100,100,100,100,1,5623,50
0.515071854926646,100,100,100,100,100,1,5623,50
0.781980617437512,100,100,100,100,100,1,5623,50
0.947075400268659,100,100,100,100,100,1,5623,50
0.820600325008854,100,100,100,100,100,1,5623,50
0.670580178964883,100,100,100,100,100,1,5623,50
0.793885585619137,100,100,100,100,100,1,5623,50
0.19141145166941,100,100,100,100,100,1,5623,50
0.173650579992682,100,100,100,100,100,1,5623,50
0.735167343169451,100,100,100,100,100,1,5623,50
0.546064443420619,100,100,100,100,100,1,5623,50
0.232528894674033,100,100,100,100,100,1,5623,50
0.70661510899663,100,100,100,100,100,1,5623,50
0.741597664775327,100,100,100,100,100,1,5623,50
0.889427778078243,100,100,100,100,100,1,5623,50
0.302680665161461,100,100,100,100,100,1,5623,50
0.309901090338826,100,100,100,100,100,1,5623,50
0.270378817105666,100,100,100,100,100,1,5623,50
0.415134385693818,100,100,100,100,100,1,5623,50
0.531601787777618,100,100,100,100,100,1,5623,50
0.350807460490614,100,100,100,100,100,1,5623,50
0.426713354652748,100,100,100,100,100,1,5623,50
0.0177471179049462,100,100,100,100,100,1,5623,50
0.484256966039538,100,100,100,100,100,1,5623,50
0.457780426135287,100,100,100,100,100,1,5623,50
0.428201200673357,100,100,100,100,100,1,5623,50
0.860085421474651,100,100,100,100,100,1,5623,50
0.400746322469786,100,100,100,100,100,1,5623,50
0.00907939299941063,100,100,100,100,100,1,5623,50
0.1723805249203,100,100,100,100,100,1,5623,50
0.670215744990855,100,100,100,100,100,1,5623,50
0.729694169480354,100,100,100,100,100,1,5623,50
0.228161711478606,100,100,100,100,100,1,5623,50
0.0975173632614315,100,100,100,100,100,1,5623,50
0.995067963842303,100,100,100,100,100,1,5623,50
0.385148363886401,100,100,100,100,100,1,5623,50
0.420550877228379,100,100,100,100,100,1,5623,50
0.434414395364001,100,100,100,100,100,1,5623,50
0.945537282619625,100,100,100,100,100,1,5623,50
0.170406338758767,100,100,100,100,100,1,5623,50
0.897973267827183,100,100,100,100,100,1,5623,50
0.937889643479139,100,100,100,100,100,1,5623,50
0.39347136253491,100,100,100,100,100,1,5623,50
0.127499813912436,100,100,100,100,100,1,5623,50
0.532197799533606,100,100,100,100,100,1,5623,50
0.625860568834469,100,100,100,100,100,1,5623,50
0.809942297637463,100,100,100,100,100,1,5623,50
0.679471655981615,100,100,100,100,100,1,5623,50
