"p","truediv","chaoest","obsD","upper","lower","l","inds","reps"
0.602146539604291,100,100,100,100,100,1,5623,50
0.325476667843759,100,100,100,100,100,1,5623,50
0.449694390408695,100,100,100,100,100,1,5623,50
0.220559711800888,100,100,100,100,100,1,5623,50
0.93971300101839,100,100,100,100,100,1,5623,50
0.397445281967521,100,100,100,100,100,1,5623,50
0.368475694442168,100,100,100,100,100,1,5623,50
0.246449188329279,100,100,100,100,100,1,5623,50
0.878214686177671,100,100,100,100,100,1,5623,50
0.319634867133573,100,100,100,100,100,1,5623,50
0.403898159740493,100,100,100,100,100,1,5623,50
0.697129374369979,100,100,100,100,100,1,5623,50
0.898441614815965,100,100,100,100,100,1,5623,50
0.606802267022431,100,100,100,100,100,1,5623,50
0.993297958746552,100,100,100,100,100,1,5623,50
0.063254437642172,100,100,100,100,100,1,5623,50
0.460459141759202,100,100,100,100,100,1,5623,50
0.380302687874064,100,100,100,100,100,1,5623,50
0.944778459379449,100,100,100,100,100,1,5623,50
0.92480599693954,100,100,100,100,100,1,5623,50
0.0257546678185463,100,100,100,100,100,1,5623,50
0.470948352478445,100,100,100,100,100,1,5623,50
0.0844238316640258,100,100,100,100,100,1,5623,50
0.873919380828738,100,100,100,100,100,1,5623,50
0.442481586942449,100,100,100,100,100,1,5623,50
0.376357367727906,100,100,100,100,100,1,5623,50
0.301734846550971,100,100,100,100,100,1,5623,50
0.32600440364331,100,100,100,100,100,1,5623,50
0.471283763647079,100,100,100,100,100,1,5623,50
0.0283143010456115,100,100,100,100,100,1,5623,50
0.097581155365333,100,100,100,100,100,1,5623,50
0.199012849247083,100,100,100,100,100,1,5623,50
0.452252881601453,100,100,100,100,100,1,5623,50
0.86217107065022,100,100,100,100,100,1,5623,50
0.623985171783715,100,100,100,100,100,1,5623,50
0.71230156510137,100,100,100,100,100,1,5623,50
0.187258426565677,100,100,100,100,100,1,5623,50
0.709904544753954,100,100,100,100,100,1,5623,50
0.92119985865429,100,100,100,100,100,1,5623,50
0.280835568206385,100,100,100,100,100,1,5623,50
0.425109922187403,100,100,100,100,100,1,5623,50
0.470088549423963,100,100,100,100,100,1,5623,50
0.833715088432655,100,100,100,100,100,1,5623,50
0.58696058136411,100,100,100,100,100,1,5623,50
0.819686515256763,100,100,100,100,100,1,5623,50
0.736228468595073,100,100,100,100,100,1,5623,50
0.906149154528975,100,100,100,100,100,1,5623,50
0.583155452739447,100,100,100,100,100,1,5623,50
0.745625517098233,100,100,100,100,100,1,5623,50
0.60322470520623,100,100,100,100,100,1,5623,50
