"p","truediv","chaoest","obsD","upper","lower","l","inds","reps"
0.813502101227641,100,100,100,100,100,1,5623,50
0.590966998133808,100,100,100,100,100,1,5623,50
0.924197365995497,100,100,100,100,100,1,5623,50
0.229632422793657,100,100,100,100,100,1,5623,50
0.700045950943604,100,100,100,100,100,1,5623,50
0.464701191755012,100,100,100,100,100,1,5623,50
0.992560220649466,100,100,100,100,100,1,5623,50
0.878019841387868,100,100,100,100,100,1,5623,50
0.61615322297439,100,100,100,100,100,1,5623,50
0.0562511044554412,100,100,100,100,100,1,5623,50
0.337866307236254,100,100,100,100,100,1,5623,50
0.15700089558959,100,100,100,100,100,1,5623,50
0.51089526549913,100,100,100,100,100,1,5623,50
0.822488024830818,100,100,100,100,100,1,5623,50
0.334946571616456,100,100,100,100,100,1,5623,50
0.208723003976047,100,100,100,100,100,1,5623,50
0.276765456655994,100,100,100,100,100,1,5623,50
0.49063339154236,100,100,100,100,100,1,5623,50
0.335245920345187,100,100,100,100,100,1,5623,50
0.644615780329332,100,100,100,100,100,1,5623,50
0.875310855684802,100,100,100,100,100,1,5623,50
0.476606260286644,100,100,100,100,100,1,5623,50
0.977853411342949,100,100,100,100,100,1,5623,50
0.606131670298055,100,100,100,100,100,1,5623,50
0.590724679874256,100,100,100,100,100,1,5623,50
0.51878628320992,100,100,100,100,100,1,5623,50
0.662379615707323,100,100,100,100,100,1,5623,50
0.697329155169427,100,100,100,100,100,1,5623,50
0.109589187894017,100,100,100,100,100,1,5623,50
0.693251012358814,100,100,100,100,100,1,5623,50
0.585617418400943,100,100,100,100,100,1,5623,50
0.140293141361326,100,100,100,100,100,1,5623,50
0.157664147671312,100,100,100,100,100,1,5623,50
0.211181949824095,100,100,100,100,100,1,5623,50
0.727395119611174,100,100,100,100,100,1,5623,50
0.410698645049706,100,100,100,100,100,1,5623,50
0.567670160904527,100,100,100,100,100,1,5623,50
0.938240344403312,100,100,100,100,100,1,5623,50
0.848308865446597,100,100,100,100,100,1,5623,50
0.204537063604221,100,100,100,100,100,1,5623,50
0.47951491526328,100,100,100,100,100,1,5623,50
0.954781582346186,100,100,100,100,100,1,5623,50
0.574849829543382,100,100,100,100,100,1,5623,50
0.695159905822948,100,100,100,100,100,1,5623,50
0.0361871519125998,100,100,100,100,100,1,5623,50
0.411461596144363,100,100,100,100,100,1,5623,50
0.833051382098347,100,100,100,100,100,1,5623,50
0.151039015734568,100,100,100,100,100,1,5623,50
0.0754804294556379,100,100,100,100,100,1,5623,50
0.941694303881377,100,100,100,100,100,1,5623,50
