"p","truediv","chaoest","obsD","upper","lower","l","inds","reps"
0.114125673426315,100,100,100,100,100,1,5623,50
0.222928756382316,100,100,100,100,100,1,5623,50
0.178654874674976,100,100,100,100,100,1,5623,50
0.055671539157629,100,100,100,100,100,1,5623,50
0.148694803239778,100,100,100,100,100,1,5623,50
0.190134403761476,100,100,100,100,100,1,5623,50
0.40357942529954,100,100,100,100,100,1,5623,50
0.123993505258113,100,100,100,100,100,1,5623,50
0.7242934666574,100,100,100,100,100,1,5623,50
0.122096850769594,100,100,100,100,100,1,5623,50
0.333755860105157,100,100,100,100,100,1,5623,50
0.010856888955459,100,100,100,100,100,1,5623,50
0.186355914687738,100,100,100,100,100,1,5623,50
0.265360370511189,100,100,100,100,100,1,5623,50
0.412312273634598,100,100,100,100,100,1,5623,50
0.31043732049875,100,100,100,100,100,1,5623,50
0.222779178526253,100,100,100,100,100,1,5623,50
0.348237995523959,100,100,100,100,100,1,5623,50
0.643127049086615,100,100,100,100,100,1,5623,50
0.159682648722082,100,100,100,100,100,1,5623,50
0.219535423908383,100,100,100,100,100,1,5623,50
0.969173177145422,100,100,100,100,100,1,5623,50
0.350827681832016,100,100,100,100,100,1,5623,50
0.296448164153844,100,100,100,100,100,1,5623,50
0.263612848473713,100,100,100,100,100,1,5623,50
0.915755601599813,100,100,100,100,100,1,5623,50
0.365727314259857,100,100,100,100,100,1,5623,50
0.131247810553759,100,100,100,100,100,1,5623,50
0.821820905664936,100,100,100,100,100,1,5623,50
0.473800598178059,100,100,100,100,100,1,5623,50
0.907104370649904,100,100,100,100,100,1,5623,50
0.916887683561072,100,100,100,100,100,1,5623,50
0.990470940014347,100,100,100,100,100,1,5623,50
0.487577478401363,100,100,100,100,100,1,5623,50
0.667422955390066,100,100,100,100,100,1,5623,50
0.736540666548535,100,100,100,100,100,1,5623,50
0.198284124489874,100,100,100,100,100,1,5623,50
0.521204194054008,100,100,100,100,100,1,5623,50
0.753255490446463,100,100,100,100,100,1,5623,50
0.106068765977398,100,100,100,100,100,1,5623,50
0.845990728121251,100,100,100,100,100,1,5623,50
0.201280632289127,100,100,100,100,100,1,5623,50
0.387622214620933,100,100,100,100,100,1,5623,50
0.507849209476262,100,100,100,100,100,1,5623,50
0.529255636269227,100,100,100,100,100,1,5623,50
0.401142904069275,100,100,100,100,100,1,5623,50
0.41783140366897,100,100,100,100,100,1,5623,50
0.12419969891198,100,100,100,100,100,1,5623,50
0.0472747345920652,100,100,100,100,100,1,5623,50
0.747108615934849,100,100,100,100,100,1,5623,50
