"p","truediv","chaoest","obsD","upper","lower","l","inds","reps"
0.827640013536438,100,100,100,100,100,1,5623,50
0.702464533271268,100,100,100,100,100,1,5623,50
0.20650777220726,100,100,100,100,100,1,5623,50
0.281654906924814,100,100,100,100,100,1,5623,50
0.127544732065871,100,100,100,100,100,1,5623,50
0.121032839408144,100,100,100,100,100,1,5623,50
0.959084060043097,100,100,100,100,100,1,5623,50
0.596550499554724,100,100,100,100,100,1,5623,50
0.712821715977043,100,100,100,100,100,1,5623,50
0.794137277174741,100,100,100,100,100,1,5623,50
0.621932576177642,100,100,100,100,100,1,5623,50
5e-04,100,100,100,100.0005,100.0005,1,5623,50
0.430886126356199,100,100,100,100,100,1,5623,50
0.230307942023501,100,100,100,100,100,1,5623,50
0.660552514484152,100,100,100,100,100,1,5623,50
0.404594815568998,100,100,100,100,100,1,5623,50
0.000674287090077996,100,100,100,100,100,1,5623,50
0.255670629208907,100,100,100,100,100,1,5623,50
0.397895293310285,100,100,100,100,100,1,5623,50
0.983679295284674,100,100,100,100,100,1,5623,50
0.746844488428906,100,100,100,100,100,1,5623,50
0.928536513121799,100,100,100,100,100,1,5623,50
0.00592048140242696,100,100,100,100,100,1,5623,50
0.989957003621385,100,100,100,100,100,1,5623,50
0.678478376241401,100,100,100,100,100,1,5623,50
0.170589382760227,100,100,100,100,100,1,5623,50
0.0516334525309503,100,100,100,100,100,1,5623,50
0.196588933933526,100,100,100,100,100,1,5623,50
0.379453241592273,100,100,100,100,100,1,5623,50
0.365802078042179,100,100,100,100,100,1,5623,50
0.440751956310123,100,100,100,100,100,1,5623,50
0.726553761865944,100,100,100,100,100,1,5623,50
0.044345471309498,100,100,100,100,100,1,5623,50
0.67544060992077,100,100,100,100,100,1,5623,50
0.372212850954384,100,100,100,100,100,1,5623,50
0.0361854715738446,100,100,100,100,100,1,5623,50
0.74374044383876,100,100,100,100,100,1,5623,50
0.0593263825867325,100,100,100,100,100,1,5623,50
0.0546293393708766,100,100,100,100,100,1,5623,50
0.488424225477502,100,100,100,100,100,1,5623,50
0.491566202603281,100,100,100,100,100,1,5623,50
0.621018859092146,100,100,100,100,100,1,5623,50
0.714926980435848,100,100,100,100,100,1,5623,50
0.671851791907102,100,100,100,100,100,1,5623,50
0.293338290648535,100,100,100,100,100,1,5623,50
0.1725895088166,100,100,100,100,100,1,5623,50
0.629303941503167,100,100,100,100,100,1,5623,50
0.322148945881054,100,100,100,100,100,1,5623,50
0.963134694378823,100,100,100,100,100,1,5623,50
0.0602788531687111,100,100,100,100,100,1,5623,50
