"p","truediv","chaoest","obsD","upper","lower","l","inds","reps"
0.24595278641209,100,100,100,100,100,1,5623,50
0.549900003476068,100,100,100,100,100,1,5623,50
0.392474625492468,100,100,100,100,100,1,5623,50
0.456589958397672,100,100,100,100,100,1,5623,50
0.233009011717513,100,100,100,100,100,1,5623,50
0.728024289244786,100,100,100,100,100,1,5623,50
0.567359698936343,100,100,100,100,100,1,5623,50
0.119765788083896,100,100,100,100,100,1,5623,50
0.417102339444682,100,100,100,100,100,1,5623,50
0.159369629109278,100,100,100,100,100,1,5623,50
0.598408013116568,100,100,100,100,100,1,5623,50
0.850586810149252,100,100,100,100,100,1,5623,50
0.790262032300234,100,100,100,100,100,1,5623,50
0.248867434915155,100,100,100,100,100,1,5623,50
0.485646668821573,100,100,100,100,100,1,5623,50
0.0433189671020955,100,100,100,100,100,1,5623,50
0.749714107951149,100,100,100,100,100,1,5623,50
0.274101916933432,100,100,100,100,100,1,5623,50
0.579115737462416,100,100,100,100,100,1,5623,50
5e-04,100,100,100,100.0005,100.0005,1,5623,50
0.188674390083179,100,100,100,100,100,1,5623,50
0.0240779868327081,100,100,100,100,100,1,5623,50
0.0101353593636304,100,100,100,100,100,1,5623,50
0.435769733274356,100,100,100,100,100,1,5623,50
0.635932638077065,100,100,100,100,100,1,5623,50
0.601921734167263,100,100,100,100,100,1,5623,50
0.909567401045933,100,100,100,100,100,1,5623,50
0.928565197158605,100,100,100,100,100,1,5623,50
0.642456379486248,100,100,100,100,100,1,5623,50
0.465411407174543,100,100,100,100,100,1,5623,50
0.737374981399626,100,100,100,100,100,1,5623,50
0.937075761612505,100,100,100,100,100,1,5623,50
0.767428784631193,100,100,100,100,100,1,5623,50
0.422977441689,100,100,100,100,100,1,5623,50
0.907906602136791,100,100,100,100,100,1,5623,50
0.719924370991066,100,100,100,100,100,1,5623,50
0.0229176725260913,100,100,100,100,100,1,5623,50
0.616129230475053,100,100,100,100,100,1,5623,50
0.0923453627619892,100,100,100,100,100,1,5623,50
0.241554898442701,100,100,100,100,100,1,5623,50
0.338703925255686,100,100,100,100,100,1,5623,50
0.458831219933927,100,100,100,100,100,1,5623,50
0.634123752359301,100,100,100,100,100,1,5623,50
0.96572213456966,100,100,100,100,100,1,5623,50
0.0873881289735436,100,100,100,100,100,1,5623,50
0.177261232864112,100,100,100,100,100,1,5623,50
0.347900730092078,100,100,100,100,100,1,5623,50
0.987199237104505,100,100,100,100,100,1,5623,50
0.986936759203672,100,100,100,100,100,1,5623,50
0.060034227790311,100,100,100,100,100,1,5623,50
