"p","truediv","chaoest","obsD","upper","lower","l","inds","reps"
0.517459052382037,100,100,100,100,100,1,5623,50
0.512017511762679,100,100,100,100,100,1,5623,50
0.673016123007983,100,100,100,100,100,1,5623,50
0.731002228101715,100,100,100,100,100,1,5623,50
0.803439130773768,100,100,100,100,100,1,5623,50
0.469918007496744,100,100,100,100,100,1,5623,50
0.524893031921238,100,100,100,100,100,1,5623,50
0.96787108713761,100,100,100,100,100,1,5623,50
0.388517786283046,100,100,100,100,100,1,5623,50
0.867096993373707,100,100,100,100,100,1,5623,50
0.474763131001964,100,100,100,100,100,1,5623,50
0.796546815894544,100,100,100,100,100,1,5623,50
0.370177712291479,100,100,100,100,100,1,5623,50
0.403793406672776,100,100,100,100,100,1,5623,50
0.94981653871946,100,100,100,100,100,1,5623,50
0.415785376681015,100,100,100,100,100,1,5623,50
0.624510425375775,100,100,100,100,100,1,5623,50
0.155396627029404,100,100,100,100,100,1,5623,50
0.927284206263721,100,100,100,100,100,1,5623,50
0.87682520900853,100,100,100,100,100,1,5623,50
0.0888167209923267,100,100,100,100,100,1,5623,50
0.286412467015907,100,100,100,100,100,1,5623,50
0.281121385516599,100,100,100,100,100,1,5623,50
0.647697524633259,100,100,100,100,100,1,5623,50
0.819896385772154,100,100,100,100,100,1,5623,50
0.781280662165955,100,100,100,100,100,1,5623,50
0.121022721519694,100,100,100,100,100,1,5623,50
0.842328009195626,100,100,100,100,100,1,5623,50
0.381221686722711,100,100,100,100,100,1,5623,50
0.605119886575267,100,100,100,100,100,1,5623,50
0.955849890131503,100,100,100,100,100,1,5623,50
0.626019993098453,100,100,100,100,100,1,5623,50
0.627584095811471,100,100,100,100,100,1,5623,50
0.973729913122952,100,100,100,100,100,1,5623,50
0.0329728124197572,100,100,100,100,100,1,5623,50
0.0318756296765059,100,100,100,100,100,1,5623,50
0.0554628316313028,100,100,100,100,100,1,5623,50
0.639185190666467,100,100,100,100,100,1,5623,50
0.488911442225799,100,100,100,100,100,1,5623,50
0.804800021229312,100,100,100,100,100,1,5623,50
0.366966065019369,100,100,100,100,100,1,5623,50
0.538715742761269,100,100,100,100,100,1,5623,50
0.299926310079172,100,100,100,100,100,1,5623,50
0.191586022265255,100,100,100,100,100,1,5623,50
0.649458661675453,100,100,100,100,100,1,5623,50
0.580737743759528,100,100,100,100,100,1,5623,50
0.978269853396341,100,100,100,100,100,1,5623,50
0.204749505734071,100,100,100,100,100,1,5623,50
0.142117053968832,100,100,100,100,100,1,5623,50
0.725268906913698,100,100,100,100,100,1,5623,50
