"p","truediv","chaoest","obsD","upper","lower","l","inds","reps"
0.0705512098502368,100,100,100,100,100,1,5623,50
0.490456298226491,100,100,100,100,100,1,5623,50
0.186261440161616,100,100,100,100,100,1,5623,50
0.370140256825835,100,100,100,100,100,1,5623,50
0.25280805490911,100,100,100,100,100,1,5623,50
0.102086215978488,100,100,100,100,100,1,5623,50
0.443082391517237,100,100,100,100,100,1,5623,50
0.982109141070396,100,100,100,100,100,1,5623,50
0.157356099458411,100,100,100,100,100,1,5623,50
0.256394461030141,100,100,100,100,100,1,5623,50
0.774804843589664,100,100,100,100,100,1,5623,50
0.0982296129222959,100,100,100,100,100,1,5623,50
0.506848390912637,100,100,100,100,100,1,5623,50
0.922424411401153,100,100,100,100,100,1,5623,50
0.610568041680381,100,100,100,100,100,1,5623,50
0.752166928024963,100,100,100,100,100,1,5623,50
0.299591190181673,100,100,100,100,100,1,5623,50
0.155653207330033,100,100,100,100,100,1,5623,50
0.127792081562802,100,100,100,100,100,1,5623,50
0.488082523457706,100,100,100,100,100,1,5623,50
0.496895453659818,100,100,100,100,100,1,5623,50
0.286973057314754,100,100,100,100,100,1,5623,50
0.435571175999939,100,100,100,100,100,1,5623,50
0.196898940484971,100,100,100,100,100,1,5623,50
0.20900613698177,100,100,100,100,100,1,5623,50
0.473667518701404,100,100,100,100,100,1,5623,50
0.754337600199506,100,100,100,100,100,1,5623,50
0.288545517949387,100,100,100,100,100,1,5623,50
0.433116757776588,100,100,100,100,100,1,5623,50
0.65510510886088,100,100,100,100,100,1,5623,50
0.352840014733374,100,100,100,100,100,1,5623,50
0.890051403548568,100,100,100,100,100,1,5623,50
0.133281122660264,100,100,100,100,100,1,5623,50
0.828306379495189,100,100,100,100,100,1,5623,50
0.608434008667246,100,100,100,100,100,1,5623,50
0.811973990872502,100,100,100,100,100,1,5623,50
0.288371333386749,100,100,100,100,100,1,5623,50
0.000270509393885732,100,100,100,100,100,1,5623,50
0.469140770612285,100,100,100,100,100,1,5623,50
0.237558028893545,100,100,100,100,100,1,5623,50
0.807902651140466,100,100,100,100,100,1,5623,50
0.520803910912946,100,100,100,100,100,1,5623,50
0.0193727768491954,100,100,100,100,100,1,5623,50
0.270316961687058,100,100,100,100,100,1,5623,50
0.700333942659199,100,100,100,100,100,1,5623,50
0.790930670918897,100,100,100,100,100,1,5623,50
0.671786148333922,100,100,100,100,100,1,5623,50
0.416527925059199,100,100,100,100,100,1,5623,50
0.482087464537472,100,100,100,100,100,1,5623,50
0.957140908343717,100,100,100,100,100,1,5623,50
