"p","truediv","chaoest","obsD","upper","lower","l","inds","reps"
0.927431327989325,100,100,100,100,100,1,5623,50
0.918186507187784,100,100,100,100,100,1,5623,50
0.387641461798921,100,100,100,100,100,1,5623,50
0.514447130961344,100,100,100,100,100,1,5623,50
0.951112149050459,100,100,100,100,100,1,5623,50
0.989457267569378,100,100,100,100,100,1,5623,50
0.120608550962061,100,100,100,100,100,1,5623,50
0.756048208335415,100,100,100,100,100,1,5623,50
0.243695631390437,100,100,100,100,100,1,5623,50
0.282350449590012,100,100,100,100,100,1,5623,50
0.496660439064726,100,100,100,100,100,1,5623,50
0.180820275563747,100,100,100,100,100,1,5623,50
0.831917501753196,100,100,100,100,100,1,5623,50
0.191763319307938,100,100,100,100,100,1,5623,50
0.709159243386239,100,100,100,100,100,1,5623,50
0.710124734090641,100,100,100,100,100,1,5623,50
0.730744634056464,100,100,100,100,100,1,5623,50
0.216829843586311,100,100,100,100,100,1,5623,50
0.551657972391695,100,100,100,100,100,1,5623,50
0.900445617968217,100,100,100,100,100,1,5623,50
0.803195035550743,100,100,100,100,100,1,5623,50
0.984103042632341,100,100,100,100,100,1,5623,50
5e-04,100,100,100,100.0005,100.0005,1,5623,50
0.887638362590224,100,100,100,100,100,1,5623,50
0.730326327495277,100,100,100,100,100,1,5623,50
0.984475699951872,100,100,100,100,100,1,5623,50
0.626689346972853,100,100,100,100,100,1,5623,50
0.0167180818971246,100,100,100,100,100,1,5623,50
0.235976824071258,100,100,100,100,100,1,5623,50
0.414295616792515,100,100,100,100,100,1,5623,50
0.96956568560563,100,100,100,100,100,1,5623,50
0.599387080175802,100,100,100,100,100,1,5623,50
0.132138571236283,100,100,100,100,100,1,5623,50
0.0355726508423686,100,100,100,100,100,1,5623,50
0.133185501443222,100,100,100,100,100,1,5623,50
0.175638775108382,100,100,100,100,100,1,5623,50
0.32541437773034,100,100,100,100,100,1,5623,50
0.197528176475316,100,100,100,100,100,1,5623,50
0.374910057755187,100,100,100,100,100,1,5623,50
0.673986638197675,100,100,100,100,100,1,5623,50
0.717867817729712,100,100,100,100,100,1,5623,50
0.576635680859908,100,100,100,100,100,1,5623,50
0.00334926880896091,100,100,100,100,100,1,5623,50
0.654980919091031,100,100,100,100,100,1,5623,50
0.432143945945427,100,100,100,100,100,1,5623,50
0.790283369831741,100,100,100,100,100,1,5623,50
0.0766250649467111,100,100,100,100,100,1,5623,50
0.225108545506373,100,100,100,100,100,1,5623,50
0.786493894644082,100,100,100,100,100,1,5623,50
0.540534969419241,100,100,100,100,100,1,5623,50
