"p","truediv","chaoest","obsD","upper","lower","l","inds","reps"
0.785406747367233,100,100,100,100,100,1,5623,50
0.687348265666515,100,100,100,100,100,1,5623,50
0.275075187673792,100,100,100,100,100,1,5623,50
0.588101509492844,100,100,100,100,100,1,5623,50
0.0647170939482749,100,100,100,100,100,1,5623,50
0.340613647829741,100,100,100,100,100,1,5623,50
0.897287830943242,100,100,100,100,100,1,5623,50
0.927482699044049,100,100,100,100,100,1,5623,50
0.0998222494963557,100,100,100,100,100,1,5623,50
0.309759791009128,100,100,100,100,100,1,5623,50
0.601993137039244,100,100,100,100,100,1,5623,50
0.764396970858797,100,100,100,100,100,1,5623,50
0.515439605806023,100,100,100,100,100,1,5623,50
0.476654100231826,100,100,100,100,100,1,5623,50
0.901927056256682,100,100,100,100,100,1,5623,50
0.419556176755577,100,100,100,100,100,1,5623,50
0.010326046962291,100,100,100,100,100,1,5623,50
0.390238533727825,100,100,100,100,100,1,5623,50
0.577160740969703,100,100,100,100,100,1,5623,50
0.571750082308426,100,100,100,100,100,1,5623,50
0.555450191954151,100,100,100,100,100,1,5623,50
0.186606890056282,100,100,100,100,100,1,5623,50
0.164260193705559,100,100,100,100,100,1,5623,50
0.396425778744742,100,100,100,100,100,1,5623,50
0.883017195621505,100,100,100,100,100,1,5623,50
0.57843823172152,100,100,100,100,100,1,5623,50
0.625419029733166,100,100,100,100,100,1,5623,50
0.106547634350136,100,100,100,100,100,1,5623,50
0.492440421367064,100,100,100,100,100,1,5623,50
0.585507600801066,100,100,100,100,100,1,5623,50
0.617042777128518,100,100,100,100,100,1,5623,50
0.530105327488855,100,100,100,100,100,1,5623,50
0.562057374976575,100,100,100,100,100,1,5623,50
0.610962514765561,100,100,100,100,100,1,5623,50
0.704445122508332,100,100,100,100,100,1,5623,50
0.637739594327286,100,100,100,100,100,1,5623,50
0.0336877927184105,100,100,100,100,100,1,5623,50
0.839338864199817,100,100,100,100,100,1,5623,50
0.0211061723530293,100,100,100,100,100,1,5623,50
0.0479002757929265,100,100,100,100,100,1,5623,50
0.900353805627674,100,100,100,100,100,1,5623,50
0.50499019655399,100,100,100,100,100,1,5623,50
0.613534329924732,100,100,100,100,100,1,5623,50
0.127430093009025,100,100,100,100,100,1,5623,50
0.000373782822862267,100,100,100,100,100,1,5623,50
0.205286822514609,100,100,100,100,100,1,5623,50
0.735797026427463,100,100,100,100,100,1,5623,50
0.762898399727419,100,100,100,100,100,1,5623,50
0.74025881360285,100,100,100,100,100,1,5623,50
0.813169185305014,100,100,100,100,100,1,5623,50
