"p","truediv","chaoest","obsD","upper","lower","l","inds","reps"
0.77522780187428,100,100,100,100,100,1,5623,50
0.891260338481516,100,100,100,100,100,1,5623,50
0.182108489098027,100,100,100,100,100,1,5623,50
0.598119086120278,100,100,100,100,100,1,5623,50
0.725149844773114,100,100,100,100,100,1,5623,50
0.548960845218971,100,100,100,100,100,1,5623,50
0.897145342314616,100,100,100,100,100,1,5623,50
0.990365749690682,100,100,100,100,100,1,5623,50
0.123703993158415,100,100,100,100,100,1,5623,50
0.71852119313553,100,100,100,100,100,1,5623,50
0.0395849095657468,100,100,100,100,100,1,5623,50
0.185653540771455,100,100,100,100,100,1,5623,50
0.573006107006222,100,100,100,100,100,1,5623,50
0.673757028300315,100,100,100,100,100,1,5623,50
0.80300553352572,100,100,100,100,100,1,5623,50
0.958948033163324,100,100,100,100,100,1,5623,50
0.267831447999924,100,100,100,100,100,1,5623,50
0.82469807844609,100,100,100,100,100,1,5623,50
0.963226198684424,100,100,100,100,100,1,5623,50
0.102931658504531,100,100,100,100,100,1,5623,50
0.00469100428745151,100,100,100,100,100,1,5623,50
0.700278750155121,100,100,100,100,100,1,5623,50
0.840390169993043,100,100,100,100,100,1,5623,50
0.819972617551684,100,100,100,100,100,1,5623,50
0.747232495807111,100,100,100,100,100,1,5623,50
0.804392379475757,100,100,100,100,100,1,5623,50
0.634480151114985,100,100,100,100,100,1,5623,50
0.805430134292692,100,100,100,100,100,1,5623,50
0.623474470572546,100,100,100,100,100,1,5623,50
0.787912157131359,100,100,100,100,100,1,5623,50
0.0723136956803501,100,100,100,100,100,1,5623,50
0.785757479723543,100,100,100,100,100,1,5623,50
0.145789477741346,100,100,100,100,100,1,5623,50
0.508064166642725,100,100,100,100,100,1,5623,50
0.84310076199472,100,100,100,100,100,1,5623,50
0.87747725402005,100,100,100,100,100,1,5623,50
0.854217960266396,100,100,100,100,100,1,5623,50
0.963133282028139,100,100,100,100,100,1,5623,50
0.193936447845772,100,100,100,100,100,1,5623,50
0.550596391316503,100,100,100,100,100,1,5623,50
0.461644392227754,100,100,100,100,100,1,5623,50
0.969683550065383,100,100,100,100,100,1,5623,50
0.711965069407597,100,100,100,100,100,1,5623,50
0.276970474049449,100,100,100,100,100,1,5623,50
5e-04,100,100,100,100.0005,100.0005,1,5623,50
0.994467589771375,100,100,100,100,100,1,5623,50
0.345450001070276,100,100,100,100,100,1,5623,50
0.69318909291178,100,100,100,100,100,1,5623,50
0.776096235960722,100,100,100,100,100,1,5623,50
0.904067857190967,100,100,100,100,100,1,5623,50
