"p","truediv","chaoest","obsD","upper","lower","l","inds","reps"
0.323610310908407,100,100,100,100,100,1,5623,50
0.304149803239852,100,100,100,100,100,1,5623,50
0.505637319060043,100,100,100,100,100,1,5623,50
0.19526479463093,100,100,100,100,100,1,5623,50
0.108031207229942,100,100,100,100,100,1,5623,50
0.139177493285388,100,100,100,100,100,1,5623,50
0.530876265373081,100,100,100,100,100,1,5623,50
0.955582631053403,100,100,100,100,100,1,5623,50
0.963501951890066,100,100,100,100,100,1,5623,50
0.935377235058695,100,100,100,100,100,1,5623,50
0.122933878330514,100,100,100,100,100,1,5623,50
0.78347770916298,100,100,100,100,100,1,5623,50
0.322526425123215,100,100,100,100,100,1,5623,50
0.400828065583482,100,100,100,100,100,1,5623,50
0.0509730479680002,100,100,100,100,100,1,5623,50
0.77924027829431,100,100,100,100,100,1,5623,50
0.965438568964601,100,100,100,100,100,1,5623,50
0.167658335063607,100,100,100,100,100,1,5623,50
0.954485358437523,100,100,100,100,100,1,5623,50
0.605263469507918,100,100,100,100,100,1,5623,50
0.139955596765503,100,100,100,100,100,1,5623,50
0.794226216617972,100,100,100,100,100,1,5623,50
0.381663991138339,100,100,100,100,100,1,5623,50
0.980985363712534,100,100,100,100,100,1,5623,50
0.954278081655502,100,100,100,100,100,1,5623,50
0.771744495024905,100,100,100,100,100,1,5623,50
0.536713999230415,100,100,100,100,100,1,5623,50
0.559499420458451,100,100,100,100,100,1,5623,50
0.338570693507791,100,100,100,100,100,1,5623,50
0.204944284399971,100,100,100,100,100,1,5623,50
0.722640648018569,100,100,100,100,100,1,5623,50
0.38565431535244,100,100,100,100,100,1,5623,50
0.840916510904208,100,100,100,100,100,1,5623,50
0.181041098898277,100,100,100,100,100,1,5623,50
0.825072607956827,100,100,100,100,100,1,5623,50
0.242190526798368,100,100,100,100,100,1,5623,50
0.584393690573052,100,100,100,100,100,1,5623,50
0.527372929733247,100,100,100,100,100,1,5623,50
0.3991802057717,100,100,100,100,100,1,5623,50
0.301843130262569,100,100,100,100,100,1,5623,50
0.545837494311854,100,100,100,100,100,1,5623,50
0.605640748050064,100,100,100,100,100,1,5623,50
0.947267912561074,100,100,100,100,100,1,5623,50
0.794792028609663,100,100,100,100,100,1,5623,50
0.66119531984441,100,100,100,100,100,1,5623,50
0.433075123932213,100,100,100,100,100,1,5623,50
0.439396001864225,100,100,100,100,100,1,5623,50
0.65444337320514,100,100,100,100,100,1,5623,50
0.887302204733714,100,100,100,100,100,1,5623,50
0.693041675491259,100,100,100,100,100,1,5623,50
