"p","truediv","chaoest","obsD","upper","lower","l","inds","reps"
0.466455028858036,100,100,100,100,100,1,5623,50
0.153642809251323,100,100,100,100,100,1,5623,50
0.0826802873052657,100,100,100,100,100,1,5623,50
0.710652360925451,100,100,100,100,100,1,5623,50
0.351801350945607,100,100,100,100,100,1,5623,50
0.114803815959021,100,100,100,100,100,1,5623,50
0.953964826650918,100,100,100,100,100,1,5623,50
0.90705495653674,100,100,100,100,100,1,5623,50
0.348274849820882,100,100,100,100,100,1,5623,50
0.638543110573664,100,100,100,100,100,1,5623,50
0.409763873321936,100,100,100,100,100,1,5623,50
0.348257267847657,100,100,100,100,100,1,5623,50
0.47430154425092,100,100,100,100,100,1,5623,50
0.734461124753579,100,100,100,100,100,1,5623,50
0.269664775580168,100,100,100,100,100,1,5623,50
0.923704816726968,100,100,100,100,100,1,5623,50
0.218230726197362,100,100,100,100,100,1,5623,50
0.615114029962569,100,100,100,100,100,1,5623,50
0.694649554556236,100,100,100,100,100,1,5623,50
0.850153229665011,100,100,100,100,100,1,5623,50
0.558646924095228,100,100,100,100,100,1,5623,50
0.385451056296006,100,100,100,100,100,1,5623,50
0.315063995542005,100,100,100,100,100,1,5623,50
0.514055422740057,100,100,100,100,100,1,5623,50
0.402388426242396,100,100,100,100,100,1,5623,50
0.707513867644593,100,100,100,100,100,1,5623,50
0.0598678314127028,100,100,100,100,100,1,5623,50
0.613574882037938,100,100,100,100,100,1,5623,50
0.361789304530248,100,100,100,100,100,1,5623,50
0.769636682933196,100,100,100,100,100,1,5623,50
0.656666549155489,100,100,100,100,100,1,5623,50
0.280686518410221,100,100,100,100,100,1,5623,50
0.444089522119612,100,100,100,100,100,1,5623,50
0.543303941609338,100,100,100,100,100,1,5623,50
0.560882306424901,100,100,100,100,100,1,5623,50
0.717253408860415,100,100,100,100,100,1,5623,50
0.143240012926981,100,100,100,100,100,1,5623,50
0.687593070790172,100,100,100,100,100,1,5623,50
0.386783652706072,100,100,100,100,100,1,5623,50
0.774688732810318,100,100,100,100,100,1,5623,50
0.141357865883037,100,100,100,100,100,1,5623,50
0.624780544312671,100,100,100,100,100,1,5623,50
0.277101888787001,100,100,100,100,100,1,5623,50
0.595479423645884,100,100,100,100,100,1,5623,50
0.515022136969492,100,100,100,100,100,1,5623,50
0.978591370396316,100,100,100,100,100,1,5623,50
0.915084886364639,100,100,100,100,100,1,5623,50
0.882036982337013,100,100,100,100,100,1,5623,50
0.301738269627094,100,100,100,100,100,1,5623,50
0.308422044850886,100,100,100,100,100,1,5623,50
