"p","truediv","chaoest","obsD","upper","lower","l","inds","reps"
0.205175845650956,100,100,100,100,100,1,5623,50
0.694681280991063,100,100,100,100,100,1,5623,50
0.931784896645695,100,100,100,100,100,1,5623,50
0.277677764417604,100,100,100,100,100,1,5623,50
0.79780815821141,100,100,100,100,100,1,5623,50
0.924903170904145,100,100,100,100,100,1,5623,50
0.301078286021948,100,100,100,100,100,1,5623,50
0.743968526599929,100,100,100,100,100,1,5623,50
0.249904132448137,100,100,100,100,100,1,5623,50
0.818974216468632,100,100,100,100,100,1,5623,50
0.532526821363717,100,100,100,100,100,1,5623,50
0.515373793896288,100,100,100,100,100,1,5623,50
0.0108249413315207,100,100,100,100,100,1,5623,50
0.233283419627696,100,100,100,100,100,1,5623,50
0.921590365935117,100,100,100,100,100,1,5623,50
0.814387957565486,100,100,100,100,100,1,5623,50
0.719369600759819,100,100,100,100,100,1,5623,50
0.337706426391378,100,100,100,100,100,1,5623,50
0.424993738299236,100,100,100,100,100,1,5623,50
0.389917178079486,100,100,100,100,100,1,5623,50
0.173530401429161,100,100,100,100,100,1,5623,50
0.432543375762179,100,100,100,100,100,1,5623,50
0.836757995421067,100,100,100,100,100,1,5623,50
0.6628156832885,100,100,100,100,100,1,5623,50
0.468636631034315,100,100,100,100,100,1,5623,50
0.301090972032398,100,100,100,100,100,1,5623,50
0.859365587355569,100,100,100,100,100,1,5623,50
0.290452123852447,100,100,100,100,100,1,5623,50
0.62437410117127,100,100,100,100,100,1,5623,50
0.599883229704574,100,100,100,100,100,1,5623,50
0.557674434036016,100,100,100,100,100,1,5623,50
0.771127531770617,100,100,100,100,100,1,5623,50
0.401092865038663,100,100,100,100,100,1,5623,50
0.937609872315079,100,100,100,100,100,1,5623,50
0.00369895366020501,100,100,100,100,100,1,5623,50
0.411112937144935,100,100,100,100,100,1,5623,50
0.574410693952814,100,100,100,100,100,1,5623,50
0.0466714301146567,100,100,100,100,100,1,5623,50
0.808104027528316,100,100,100,100,100,1,5623,50
0.258416566997766,100,100,100,100,100,1,5623,50
0.469389577629045,100,100,100,100,100,1,5623,50
0.171240707859397,100,100,100,100,100,1,5623,50
0.356401879806072,100,100,100,100,100,1,5623,50
0.552666283678263,100,100,100,100,100,1,5623,50
0.67248668638058,100,100,100,100,100,1,5623,50
0.615208256756887,100,100,100,100,100,1,5623,50
0.494098124094307,100,100,100,100,100,1,5623,50
0.29063445632346,100,100,100,100,100,1,5623,50
0.362612305907533,100,100,100,100,100,1,5623,50
0.994225864764303,100,100,100,100,100,1,5623,50
