"p","truediv","chaoest","obsD","upper","lower","l","inds","reps"
0.281069166027009,100,100,100,100,100,1,5623,50
0.110211035003886,100,100,100,100,100,1,5623,50
0.465039622969925,100,100,100,100,100,1,5623,50
0.561395920580253,100,100,100,100,100,1,5623,50
0.359865728067234,100,100,100,100,100,1,5623,50
0.462041006656364,100,100,100,100,100,1,5623,50
0.938610226148739,100,100,100,100,100,1,5623,50
0.170519253239036,100,100,100,100,100,1,5623,50
0.277079346822575,100,100,100,100,100,1,5623,50
5e-04,100,100,100,100.0005,100.0005,1,5623,50
0.60701480647549,100,100,100,100,100,1,5623,50
0.00915194302797318,100,100,100,100,100,1,5623,50
0.727437995141372,100,100,100,100,100,1,5623,50
0.376987158088014,100,100,100,100,100,1,5623,50
0.803019898710772,100,100,100,100,100,1,5623,50
0.816213281592354,100,100,100,100,100,1,5623,50
0.509878310374916,100,100,100,100,100,1,5623,50
0.294450560817495,100,100,100,100,100,1,5623,50
0.677024690899998,100,100,100,100,100,1,5623,50
0.707523432327434,100,100,100,100,100,1,5623,50
0.450522820465267,100,100,100,100,100,1,5623,50
0.956576927099377,100,100,100,100,100,1,5623,50
0.0365562820807099,100,100,100,100,100,1,5623,50
0.243475311202928,100,100,100,100,100,1,5623,50
0.690327462507412,100,100,100,100,100,1,5623,50
0.976681931642815,100,100,100,100,100,1,5623,50
0.282137792324647,100,100,100,100,100,1,5623,50
0.118548925966024,100,100,100,100,100,1,5623,50
0.567177824210376,100,100,100,100,100,1,5623,50
0.732074019033462,100,100,100,100,100,1,5623,50
0.468071849783882,100,100,100,100,100,1,5623,50
0.603257437469438,100,100,100,100,100,1,5623,50
0.742130452999845,100,100,100,100,100,1,5623,50
0.511998603353277,100,100,100,100,100,1,5623,50
0.93003169959411,100,100,100,100,100,1,5623,50
0.716520685702562,100,100,100,100,100,1,5623,50
0.235554564045742,100,100,100,100,100,1,5623,50
0.755628919694573,100,100,100,100,100,1,5623,50
0.867032985202968,100,100,100,100,100,1,5623,50
0.35048550227657,100,100,100,100,100,1,5623,50
0.669575898442417,100,100,100,100,100,1,5623,50
0.345474858302623,100,100,100,100,100,1,5623,50
0.638771035009995,100,100,100,100,100,1,5623,50
0.297254918608814,100,100,100,100,100,1,5623,50
0.360647540306672,100,100,100,100,100,1,5623,50
0.740110940299928,100,100,100,100,100,1,5623,50
0.837752987165004,100,100,100,100,100,1,5623,50
0.91620784625411,100,100,100,100,100,1,5623,50
0.727365489583462,100,100,100,100,100,1,5623,50
0.667769118677825,100,100,100,100,100,1,5623,50
