"p","truediv","chaoest","obsD","upper","lower","l","inds","reps"
0.990284807514399,100,100,100,100,100,1,3162,50
0.00937577825970948,100,100,100,100,100,1,3162,50
0.782585703302175,100,100,100,100,100,1,3162,50
5e-04,100,100,100,100.0005,100.0005,1,3162,50
0.572430960834026,100,100,100,100,100,1,3162,50
0.021,100,100,100,100.020000316256,100.020000316256,1,3162,50
0.260925479233265,100,100,100,100,100,1,3162,50
0.588417575927451,100,100,100,100,100,1,3162,50
5e-04,100,100,100,100.0005,100.0005,1,3162,50
0.001,100,100,100,100.001,100.001,1,3162,50
0.929244939470664,100,100,100,100,100,1,3162,50
0.389775040792301,100,100,100,100,100,1,3162,50
0.298013424500823,100,100,100,100,100,1,3162,50
0.137316357344389,100,100,100,100,100,1,3162,50
0.934152532601729,100,100,100,100,100,1,3162,50
0.003,100,100,100,100.002750079064,100.002750079064,1,3162,50
0.001,100,100,100,100.001,100.001,1,3162,50
0.001,100,100,100,100.001,100.001,1,3162,50
0.0455,100,100,100,100.043625592979,99.0436255929791,1,3162,50
0.002,100,100,100,100.002,100.002,1,3162,50
0.001,100,100,100,100.001,100.001,1,3162,50
0.0015,100,100,100,100.0015,100.0015,1,3162,50
5e-04,100,100,100,100.0005,100.0005,1,3162,50
0.001,100,100,100,100.001,100.001,1,3162,50
0.002,100,100,100,100.002,100.002,1,3162,50
0.501183783402666,100,100,100,100,100,1,3162,50
0.183689931640401,100,100,100,100,100,1,3162,50
0.001,100,100,100,100.001,100.001,1,3162,50
5e-04,100,100,100,100.0005,100.0005,1,3162,50
0.001,100,100,100,100.001,100.001,1,3162,50
0.306231911992654,100,100,100,100,100,1,3162,50
0.0025,100,100,100,100.0025,100.0025,1,3162,50
0.940261136274785,100,100,100,100,100,1,3162,50
0.0015,100,100,100,100.0015,100.0015,1,3162,50
0.0025,100,100,100,100.0025,100.0025,1,3162,50
0.556244005216286,100,100,100,100,100,1,3162,50
5e-04,100,100,100,100.0005,100.0005,1,3162,50
5e-04,100,100,100,100.0005,100.0005,1,3162,50
0.956088414182886,100,100,100,100,100,1,3162,50
0.0015,100,100,100,100.0015,100.0015,1,3162,50
0.36107979202643,100,100,100,100,100,1,3162,50
0.002,100,100,100,100.002,100.002,1,3162,50
5e-04,100,100,100,100.0005,100.0005,1,3162,50
0.185205601155758,100,100,100,100,100,1,3162,50
0.001,100,100,100,100.001,100.001,1,3162,50
0.0015,100,100,100,100.0015,100.0015,1,3162,50
0.17440165230073,100,100,100,100,100,1,3162,50
0.0015,100,100,100,100.001250079064,100.001250079064,1,3162,50
0.64116292167455,100,100,100,100,100,1,3162,50
0.002,100,100,100,100.001500158128,100.001500158128,1,3162,50
