"p","truediv","chaoest","obsD","upper","lower","l","inds","reps"
0.21049536135979,100,100,100,100,100,1,3162,50
0.0155,100,100,100,100.0155,100.0155,1,3162,50
0.006,100,100,100,100.005500158128,100.005500158128,1,3162,50
0.0015,100,100,100,100.001000158128,100.001000158128,1,3162,50
0.211579254595563,100,100,100,100,100,1,3162,50
0.002,100,100,100,100.002,100.002,1,3162,50
0.001,100,100,100,100.001,100.001,1,3162,50
0.002,100,100,100,100.002,100.002,1,3162,50
0.362019945634529,100,100,100,100,100,1,3162,50
0.003,100,100,100,100.002750079064,100.002750079064,1,3162,50
0.9995,100,100,100,99.9997500790639,99.9997500790639,1,3162,50
0.647665418451652,100,100,100,100,100,1,3162,50
0.003,100,100,100,100.002750079064,100.002750079064,1,3162,50
0.058,100,100,100,100.542346774194,99.0425049019608,1,3162,50
5e-04,100,100,100,100.0005,100.0005,1,3162,50
0.51125709223561,100,100,100,100,100,1,3162,50
0.210174764739349,100,100,100,100,100,1,3162,50
0.508581357076764,100,100,100,100,100,1,3162,50
0.845260053873062,100,100,100,100,100,1,3162,50
0.903415536042303,100,100,100,100,100,1,3162,50
5e-04,100,100,100,100.0005,100.0005,1,3162,50
0.6878803584259,100,100,100,100,100,1,3162,50
0.0015,100,100,100,100.0015,100.0015,1,3162,50
0.002,100,100,100,100.002,100.002,1,3162,50
5e-04,100,100,100,100.0005,100.0005,1,3162,50
5e-04,100,100,100,100.0005,100.0005,1,3162,50
0.842663093935698,100,100,100,100,100,1,3162,50
0.663179162889719,100,100,100,100,100,1,3162,50
0.360188671853393,100,100,100,100,100,1,3162,50
0.383569260826334,100,100,100,100,100,1,3162,50
5e-04,100,100,100,100.0005,100.0005,1,3162,50
0.217255039140582,100,100,100,100,100,1,3162,50
5e-04,100,100,100,100.0005,100.0005,1,3162,50
0.216031174873933,100,100,100,100,100,1,3162,50
0.001,100,100,100,100.001,100.001,1,3162,50
5e-04,100,100,100,100.0005,100.0005,1,3162,50
0.718412031419575,100,100,100,100,100,1,3162,50
5e-04,100,100,100,100.0005,100.0005,1,3162,50
0.51409830362536,100,100,100,100,100,1,3162,50
5e-04,100,100,100,100.0005,100.0005,1,3162,50
0.001,100,100,100,100.001,100.001,1,3162,50
0.001,100,100,100,100.001,100.001,1,3162,50
0.006,100,100,100,100.006,100.006,1,3162,50
0.002,100,100,100,100.002,100.002,1,3162,50
0.0055,100,100,100,100.00487519766,100.00487519766,1,3162,50
0.001,100,100,100,100.001,100.001,1,3162,50
5e-04,100,100,100,100.0005,100.0005,1,3162,50
5e-04,100,100,100,100.0005,100.0005,1,3162,50
0.338751294417307,100,100,100,100,100,1,3162,50
0.001,100,100,100,100.001,100.001,1,3162,50
