"p","truediv","chaoest","obsD","upper","lower","l","inds","reps"
0.64775900891982,100,100,100,100,100,1,5623,50
0.849057087441906,100,100,100,100,100,1,5623,50
0.0518033863045275,100,100,100,100,100,1,5623,50
0.471324437530711,100,100,100,100,100,1,5623,50
0.980350562138483,100,100,100,100,100,1,5623,50
0.274068632163107,100,100,100,100,100,1,5623,50
0.981065591797233,100,100,100,100,100,1,5623,50
0.387503177160397,100,100,100,100,100,1,5623,50
0.8968346551992,100,100,100,100,100,1,5623,50
0.983531957957894,100,100,100,100,100,1,5623,50
0.463824787875637,100,100,100,100,100,1,5623,50
0.543436630163342,100,100,100,100,100,1,5623,50
0.350954029010609,100,100,100,100,100,1,5623,50
0.675929237855598,100,100,100,100,100,1,5623,50
0.200693985680118,100,100,100,100,100,1,5623,50
0.127046501263976,100,100,100,100,100,1,5623,50
0.472523653646931,100,100,100,100,100,1,5623,50
0.746390383690596,100,100,100,100,100,1,5623,50
0.352012703893706,100,100,100,100,100,1,5623,50
0.3653402433265,100,100,100,100,100,1,5623,50
0.513904254650697,100,100,100,100,100,1,5623,50
0.908931817626581,100,100,100,100,100,1,5623,50
0.402242554118857,100,100,100,100,100,1,5623,50
0.9288384988904,100,100,100,100,100,1,5623,50
0.215140476590022,100,100,100,100,100,1,5623,50
0.952943076379597,100,100,100,100,100,1,5623,50
0.825601492775604,100,100,100,100,100,1,5623,50
0.00160957314074039,100,100,100,100,100,1,5623,50
0.500819613225758,100,100,100,100,100,1,5623,50
0.961750301066786,100,100,100,100,100,1,5623,50
0.178847797447816,100,100,100,100,100,1,5623,50
0.575579212745652,100,100,100,100,100,1,5623,50
0.538627921370789,100,100,100,100,100,1,5623,50
0.121895408723503,100,100,100,100,100,1,5623,50
0.0132678679656237,100,100,100,100,100,1,5623,50
0.884178216801956,100,100,100,100,100,1,5623,50
0.467673476785421,100,100,100,100,100,1,5623,50
0.482564933598042,100,100,100,100,100,1,5623,50
0.494716439861804,100,100,100,100,100,1,5623,50
0.978749594883993,100,100,100,100,100,1,5623,50
0.985171977663413,100,100,100,100,100,1,5623,50
0.702669598860666,100,100,100,100,100,1,5623,50
0.318982528056949,100,100,100,100,100,1,5623,50
0.0666616102680564,100,100,100,100,100,1,5623,50
0.669604264199734,100,100,100,100,100,1,5623,50
0.114640177926049,100,100,100,100,100,1,5623,50
0.161888547707349,100,100,100,100,100,1,5623,50
0.409369982080534,100,100,100,100,100,1,5623,50
0.98982238327153,100,100,100,100,100,1,5623,50
0.702913991641253,100,100,100,100,100,1,5623,50
