"p","truediv","chaoest","obsD","upper","lower","l","inds","reps"
0.405017822049558,100,100,100,100,100,1,5623,50
0.975142017472535,100,100,100,100,100,1,5623,50
0.605406396789476,100,100,100,100,100,1,5623,50
0.97747941268608,100,100,100,100,100,1,5623,50
0.995110485469922,100,100,100,100,100,1,5623,50
0.349561744835228,100,100,100,100,100,1,5623,50
0.186691268580034,100,100,100,100,100,1,5623,50
0.399667209712788,100,100,100,100,100,1,5623,50
0.565649370895699,100,100,100,100,100,1,5623,50
0.659600379643962,100,100,100,100,100,1,5623,50
0.00564139499329031,100,100,100,100,100,1,5623,50
0.46114567341283,100,100,100,100,100,1,5623,50
0.011231679469347,100,100,100,100,100,1,5623,50
0.766659669345245,100,100,100,100,100,1,5623,50
5e-04,100,100,100,100.0005,100.0005,1,5623,50
0.690929304109886,100,100,100,100,100,1,5623,50
0.821427335496992,100,100,100,100,100,1,5623,50
0.422424681484699,100,100,100,100,100,1,5623,50
0.387368716765195,100,100,100,100,100,1,5623,50
0.951491524465382,100,100,100,100,100,1,5623,50
0.503694995539263,100,100,100,100,100,1,5623,50
0.891736456891522,100,100,100,100,100,1,5623,50
0.858937937533483,100,100,100,100,100,1,5623,50
0.114131564507261,100,100,100,100,100,1,5623,50
0.475145959993824,100,100,100,100,100,1,5623,50
0.104049377609044,100,100,100,100,100,1,5623,50
0.290247865254059,100,100,100,100,100,1,5623,50
0.640700914198533,100,100,100,100,100,1,5623,50
0.295676059089601,100,100,100,100,100,1,5623,50
0.299923033220693,100,100,100,100,100,1,5623,50
0.158932901453227,100,100,100,100,100,1,5623,50
0.633548018755391,100,100,100,100,100,1,5623,50
0.578550079604611,100,100,100,100,100,1,5623,50
0.9280602238141,100,100,100,100,100,1,5623,50
0.663556744810194,100,100,100,100,100,1,5623,50
0.919509414816275,100,100,100,100,100,1,5623,50
0.263262049527839,100,100,100,100,100,1,5623,50
0.415100884856656,100,100,100,100,100,1,5623,50
0.0296406727284193,100,100,100,100,100,1,5623,50
0.744437233777717,100,100,100,100,100,1,5623,50
0.584245957899839,100,100,100,100,100,1,5623,50
0.772788832196966,100,100,100,100,100,1,5623,50
0.11946963891387,100,100,100,100,100,1,5623,50
0.845528275705874,100,100,100,100,100,1,5623,50
0.498941367026418,100,100,100,100,100,1,5623,50
0.430211408063769,100,100,100,100,100,1,5623,50
0.249567453982309,100,100,100,100,100,1,5623,50
0.765715425601229,100,100,100,100,100,1,5623,50
0.665611869189888,100,100,100,100,100,1,5623,50
0.97910780296661,100,100,100,100,100,1,5623,50
