"p","truediv","chaoest","obsD","upper","lower","l","inds","reps"
0.623148790327832,100,100,100,100,100,1,5623,50
0.829744569258764,100,100,100,100,100,1,5623,50
0.27748762560077,100,100,100,100,100,1,5623,50
0.227720003109425,100,100,100,100,100,1,5623,50
0.242856753291562,100,100,100,100,100,1,5623,50
0.55055883503519,100,100,100,100,100,1,5623,50
0.884866546839476,100,100,100,100,100,1,5623,50
0.475147909251973,100,100,100,100,100,1,5623,50
0.536911367904395,100,100,100,100,100,1,5623,50
0.799905506661162,100,100,100,100,100,1,5623,50
0.215924944262952,100,100,100,100,100,1,5623,50
0.806465484434739,100,100,100,100,100,1,5623,50
0.866719969082624,100,100,100,100,100,1,5623,50
0.587152961175889,100,100,100,100,100,1,5623,50
0.357056741835549,100,100,100,100,100,1,5623,50
0.265396516770124,100,100,100,100,100,1,5623,50
0.263481207890436,100,100,100,100,100,1,5623,50
0.189772511599585,100,100,100,100,100,1,5623,50
0.918428075034171,100,100,100,100,100,1,5623,50
0.175892592873424,100,100,100,100,100,1,5623,50
0.610448098508641,100,100,100,100,100,1,5623,50
0.141309206839651,100,100,100,100,100,1,5623,50
0.238885852973908,100,100,100,100,100,1,5623,50
0.916134272469208,100,100,100,100,100,1,5623,50
0.657201930182055,100,100,100,100,100,1,5623,50
0.259313373593614,100,100,100,100,100,1,5623,50
0.632175520062447,100,100,100,100,100,1,5623,50
0.395355810876936,100,100,100,100,100,1,5623,50
0.0202498435974121,100,100,100,100,100,1,5623,50
0.150284244678915,100,100,100,100,100,1,5623,50
0.0245796092785895,100,100,100,100,100,1,5623,50
0.25206876010634,100,100,100,100,100,1,5623,50
0.993917568586767,100,100,100,100,100,1,5623,50
0.521503878524527,100,100,100,100,100,1,5623,50
0.697126897750422,100,100,100,100,100,1,5623,50
0.086531815584749,100,100,100,100,100,1,5623,50
0.611135065322742,100,100,100,100,100,1,5623,50
0.947678324067965,100,100,100,100,100,1,5623,50
0.287757518934086,100,100,100,100,100,1,5623,50
0.0247387269046158,100,100,100,100,100,1,5623,50
0.135245157638565,100,100,100,100,100,1,5623,50
0.943182003684342,100,100,100,100,100,1,5623,50
0.379586331546307,100,100,100,100,100,1,5623,50
0.391329583944753,100,100,100,100,100,1,5623,50
0.564208902418613,100,100,100,100,100,1,5623,50
0.903370768297464,100,100,100,100,100,1,5623,50
0.51316845160909,100,100,100,100,100,1,5623,50
0.354018417187035,100,100,100,100,100,1,5623,50
0.518287763930857,100,100,100,100,100,1,5623,50
0.757668671896681,100,100,100,100,100,1,5623,50
