"p","truediv","chaoest","obsD","upper","lower","l","inds","reps"
0.498479298548773,100,100,100,100,100,1,5623,50
0.172561538172886,100,100,100,100,100,1,5623,50
0.360497877234593,100,100,100,100,100,1,5623,50
0.508773544803262,100,100,100,100,100,1,5623,50
0.764920128276572,100,100,100,100,100,1,5623,50
0.156281201401725,100,100,100,100,100,1,5623,50
0.879447228973731,100,100,100,100,100,1,5623,50
0.737869976088405,100,100,100,100,100,1,5623,50
0.366219413699582,100,100,100,100,100,1,5623,50
0.365122695919126,100,100,100,100,100,1,5623,50
0.582734231837094,100,100,100,100,100,1,5623,50
0.172686478355899,100,100,100,100,100,1,5623,50
0.950738538987935,100,100,100,100,100,1,5623,50
0.902207278413698,100,100,100,100,100,1,5623,50
0.0801723373588175,100,100,100,100,100,1,5623,50
0.0778231522999704,100,100,100,100,100,1,5623,50
0.901556992903352,100,100,100,100,100,1,5623,50
0.76233101496473,100,100,100,100,100,1,5623,50
0.210685351165012,100,100,100,100,100,1,5623,50
0.642405814956874,100,100,100,100,100,1,5623,50
0.463130843127146,100,100,100,100,100,1,5623,50
0.0357228296343237,100,100,100,100,100,1,5623,50
0.448140250984579,100,100,100,100,100,1,5623,50
0.898038106039166,100,100,100,100,100,1,5623,50
0.244237078819424,100,100,100,100,100,1,5623,50
0.878647819627076,100,100,100,100,100,1,5623,50
0.140333987073973,100,100,100,100,100,1,5623,50
0.772395805222914,100,100,100,100,100,1,5623,50
0.255708259297535,100,100,100,100,100,1,5623,50
0.0719842165708542,100,100,100,100,100,1,5623,50
0.0888128527440131,100,100,100,100,100,1,5623,50
0.647364859702066,100,100,100,100,100,1,5623,50
0.729822562541813,100,100,100,100,100,1,5623,50
0.500327924964949,100,100,100,100,100,1,5623,50
0.419525744626299,100,100,100,100,100,1,5623,50
0.81436568684876,100,100,100,100,100,1,5623,50
0.219014725880697,100,100,100,100,100,1,5623,50
0.457481307443231,100,100,100,100,100,1,5623,50
0.185828896472231,100,100,100,100,100,1,5623,50
0.765179881826043,100,100,100,100,100,1,5623,50
0.719562964979559,100,100,100,100,100,1,5623,50
0.190782837802544,100,100,100,100,100,1,5623,50
0.446300242096186,100,100,100,100,100,1,5623,50
0.888209154596552,100,100,100,100,100,1,5623,50
0.959603135706857,100,100,100,100,100,1,5623,50
0.135596565669402,100,100,100,100,100,1,5623,50
0.672634633025154,100,100,100,100,100,1,5623,50
0.366132207913324,100,100,100,100,100,1,5623,50
0.685099812922999,100,100,100,100,100,1,5623,50
0.981063363375142,100,100,100,100,100,1,5623,50
