"p","truediv","chaoest","obsD","upper","lower","l","inds","reps"
0.44560927990824,100,100,100,100,100,1,5623,50
0.803272486897185,100,100,100,100,100,1,5623,50
0.984352000756189,100,100,100,100,100,1,5623,50
0.869814067613333,100,100,100,100,100,1,5623,50
0.518344009993598,100,100,100,100,100,1,5623,50
0.641563150333241,100,100,100,100,100,1,5623,50
0.463860023068264,100,100,100,100,100,1,5623,50
0.30329501372762,100,100,100,100,100,1,5623,50
0.167787851765752,100,100,100,100,100,1,5623,50
0.770818516844884,100,100,100,100,100,1,5623,50
0.775609091157094,100,100,100,100,100,1,5623,50
0.931545792147517,100,100,100,100,100,1,5623,50
0.0551300025545061,100,100,100,100,100,1,5623,50
0.787629341473803,100,100,100,100,100,1,5623,50
0.150105602107942,100,100,100,100,100,1,5623,50
0.398931248812005,100,100,100,100,100,1,5623,50
0.656168370740488,100,100,100,100,100,1,5623,50
0.256858524633572,100,100,100,100,100,1,5623,50
0.476474800379947,100,100,100,100,100,1,5623,50
0.738531720591709,100,100,100,100,100,1,5623,50
0.599550248356536,100,100,100,100,100,1,5623,50
0.419421449769288,100,100,100,100,100,1,5623,50
0.0228519649244845,100,100,100,100,100,1,5623,50
0.708896310301498,100,100,100,100,100,1,5623,50
0.150509170489386,100,100,100,100,100,1,5623,50
0.004585798131302,100,100,100,100,100,1,5623,50
0.976808341220021,100,100,100,100,100,1,5623,50
0.395451202522963,100,100,100,100,100,1,5623,50
0.188552715582773,100,100,100,100,100,1,5623,50
0.712880810955539,100,100,100,100,100,1,5623,50
0.098101184470579,100,100,100,100,100,1,5623,50
0.585683940211311,100,100,100,100,100,1,5623,50
0.699701604433358,100,100,100,100,100,1,5623,50
0.98247595038265,100,100,100,100,100,1,5623,50
0.908549387240782,100,100,100,100,100,1,5623,50
0.604507296346128,100,100,100,100,100,1,5623,50
0.885680477134883,100,100,100,100,100,1,5623,50
0.161744313314557,100,100,100,100,100,1,5623,50
0.103181702783331,100,100,100,100,100,1,5623,50
0.687023842707276,100,100,100,100,100,1,5623,50
0.883097122656181,100,100,100,100,100,1,5623,50
0.359572634566575,100,100,100,100,100,1,5623,50
0.108763260301203,100,100,100,100,100,1,5623,50
0.282550306292251,100,100,100,100,100,1,5623,50
0.702912667300552,100,100,100,100,100,1,5623,50
0.0822282440494746,100,100,100,100,100,1,5623,50
0.355621304363012,100,100,100,100,100,1,5623,50
0.313175163697451,100,100,100,100,100,1,5623,50
0.0295054572634399,100,100,100,100,100,1,5623,50
0.896826378535479,100,100,100,100,100,1,5623,50
