"p","truediv","chaoest","obsD","upper","lower","l","inds","reps"
0.649339062161744,100,100,100,100,100,1,5623,50
0.885311462450773,100,100,100,100,100,1,5623,50
0.557676114141941,100,100,100,100,100,1,5623,50
0.763298101956025,100,100,100,100,100,1,5623,50
0.790551046142355,100,100,100,100,100,1,5623,50
0.439250495284796,100,100,100,100,100,1,5623,50
0.957057237625122,100,100,100,100,100,1,5623,50
0.530846178764477,100,100,100,100,100,1,5623,50
0.692252081120387,100,100,100,100,100,1,5623,50
0.624102582922205,100,100,100,100,100,1,5623,50
0.0281398331280798,100,100,100,100,100,1,5623,50
0.674284965498373,100,100,100,100,100,1,5623,50
0.929242610232905,100,100,100,100,100,1,5623,50
0.143600501585752,100,100,100,100,100,1,5623,50
0.386710042366758,100,100,100,100,100,1,5623,50
0.299777295906097,100,100,100,100,100,1,5623,50
0.169146899832413,100,100,100,100,100,1,5623,50
0.670939209405333,100,100,100,100,100,1,5623,50
0.375108231557533,100,100,100,100,100,1,5623,50
0.682588625466451,100,100,100,100,100,1,5623,50
0.413393166614696,100,100,100,100,100,1,5623,50
0.660302568692714,100,100,100,100,100,1,5623,50
0.26237567467615,100,100,100,100,100,1,5623,50
0.897515563294291,100,100,100,100,100,1,5623,50
0.403362491866574,100,100,100,100,100,1,5623,50
0.692469626432285,100,100,100,100,100,1,5623,50
0.515087950276211,100,100,100,100,100,1,5623,50
0.337961927289143,100,100,100,100,100,1,5623,50
0.71724769170396,100,100,100,100,100,1,5623,50
0.259669792372733,100,100,100,100,100,1,5623,50
0.42520657973364,100,100,100,100,100,1,5623,50
0.774110273923725,100,100,100,100,100,1,5623,50
0.559240161906928,100,100,100,100,100,1,5623,50
0.508924710331485,100,100,100,100,100,1,5623,50
0.768565271981061,100,100,100,100,100,1,5623,50
0.48672213521786,100,100,100,100,100,1,5623,50
0.0172605961561203,100,100,100,100,100,1,5623,50
0.368056112900376,100,100,100,100,100,1,5623,50
0.305237900000066,100,100,100,100,100,1,5623,50
0.98757171118632,100,100,100,100,100,1,5623,50
0.923110582632944,100,100,100,100,100,1,5623,50
0.40484064258635,100,100,100,100,100,1,5623,50
0.877391763729975,100,100,100,100,100,1,5623,50
0.713584297336638,100,100,100,100,100,1,5623,50
0.861521753016859,100,100,100,100,100,1,5623,50
0.718924327054992,100,100,100,100,100,1,5623,50
0.626707449788228,100,100,100,100,100,1,5623,50
0.376513757975772,100,100,100,100,100,1,5623,50
0.32335768500343,100,100,100,100,100,1,5623,50
0.946083739865571,100,100,100,100,100,1,5623,50
