"p","truediv","chaoest","obsD","upper","lower","l","inds","reps"
0.22073799232021,100,100,100,100,100,1,5623,50
0.328166747232899,100,100,100,100,100,1,5623,50
0.000904554966837168,100,100,100,100,100,1,5623,50
0.0441139668691903,100,100,100,100,100,1,5623,50
0.220562373055145,100,100,100,100,100,1,5623,50
0.479556038742885,100,100,100,100,100,1,5623,50
0.978972599841654,100,100,100,100,100,1,5623,50
0.696060168556869,100,100,100,100,100,1,5623,50
0.0465785379055887,100,100,100,100,100,1,5623,50
0.106109810993075,100,100,100,100,100,1,5623,50
0.623869276139885,100,100,100,100,100,1,5623,50
0.335482633206993,100,100,100,100,100,1,5623,50
0.975913362111896,100,100,100,100,100,1,5623,50
0.244909264380112,100,100,100,100,100,1,5623,50
0.538618036778644,100,100,100,100,100,1,5623,50
0.622860250761732,100,100,100,100,100,1,5623,50
0.0587050723843277,100,100,100,100,100,1,5623,50
0.204243867890909,100,100,100,100,100,1,5623,50
0.456343861995265,100,100,100,100,100,1,5623,50
0.610266109928489,100,100,100,100,100,1,5623,50
0.175877263303846,100,100,100,100,100,1,5623,50
0.459999594371766,100,100,100,100,100,1,5623,50
0.0976787377148867,100,100,100,100,100,1,5623,50
0.208288969937712,100,100,100,100,100,1,5623,50
0.203544370364398,100,100,100,100,100,1,5623,50
0.591690607601777,100,100,100,100,100,1,5623,50
0.591706736478955,100,100,100,100,100,1,5623,50
0.656646935269237,100,100,100,100,100,1,5623,50
0.261650252854452,100,100,100,100,100,1,5623,50
0.97586681926623,100,100,100,100,100,1,5623,50
0.568714186782017,100,100,100,100,100,1,5623,50
0.395944819785655,100,100,100,100,100,1,5623,50
0.250276407692581,100,100,100,100,100,1,5623,50
0.714642211794853,100,100,100,100,100,1,5623,50
0.816314762458205,100,100,100,100,100,1,5623,50
0.0855193024035543,100,100,100,100,100,1,5623,50
0.0103950912598521,100,100,100,100,100,1,5623,50
0.365385127486661,100,100,100,100,100,1,5623,50
0.376908010803163,100,100,100,100,100,1,5623,50
0.493529110681266,100,100,100,100,100,1,5623,50
0.784810980083421,100,100,100,100,100,1,5623,50
0.592791116330773,100,100,100,100,100,1,5623,50
0.552179305348545,100,100,100,100,100,1,5623,50
0.766408844385296,100,100,100,100,100,1,5623,50
0.966492382111028,100,100,100,100,100,1,5623,50
0.319074817933142,100,100,100,100,100,1,5623,50
0.0736919459886849,100,100,100,100,100,1,5623,50
0.218281635316089,100,100,100,100,100,1,5623,50
0.708259765524417,100,100,100,100,100,1,5623,50
0.450589238433167,100,100,100,100,100,1,5623,50
