"p","truediv","chaoest","obsD","upper","lower","l","inds","reps"
0.145705877570435,100,100,100,100,100,1,5623,50
0.849354968871921,100,100,100,100,100,1,5623,50
0.0015,100,100,100,100.0015,100.0015,1,5623,50
0.244589171605185,100,100,100,100,100,1,5623,50
5e-04,100,100,100,100.0005,100.0005,1,5623,50
0.999795115552843,100,100,100,100,100,1,5623,50
0.19283524970524,100,100,100,100,100,1,5623,50
0.0211735824123025,100,100,100,100,100,1,5623,50
0.359101352049038,100,100,100,100,100,1,5623,50
0.125438503688201,100,100,100,100,100,1,5623,50
0.113472210941836,100,100,100,100,100,1,5623,50
0.897791531635448,100,100,100,100,100,1,5623,50
0.759751413483173,100,100,100,100,100,1,5623,50
0.0124959046952426,100,100,100,100,100,1,5623,50
0.272347257006913,100,100,100,100,100,1,5623,50
0.964388946536928,100,100,100,100,100,1,5623,50
0.380459409905598,100,100,100,100,100,1,5623,50
0.405112476320937,100,100,100,100,100,1,5623,50
0.297943976707757,100,100,100,100,100,1,5623,50
0.827603879850358,100,100,100,100,100,1,5623,50
0.428989795502275,100,100,100,100,100,1,5623,50
0.925529456697404,100,100,100,100,100,1,5623,50
0.191612752154469,100,100,100,100,100,1,5623,50
0.0796899895649403,100,100,100,100,100,1,5623,50
0.0552788565400988,100,100,100,100,100,1,5623,50
0.537283768644556,100,100,100,100,100,1,5623,50
0.665561438072473,100,100,100,100,100,1,5623,50
0.153422714909539,100,100,100,100,100,1,5623,50
0.625006607035175,100,100,100,100,100,1,5623,50
0.341449415311217,100,100,100,100,100,1,5623,50
0.551623426144943,100,100,100,100,100,1,5623,50
0.224578207125887,100,100,100,100,100,1,5623,50
0.0401542817708105,100,100,100,100,100,1,5623,50
0.755519902100787,100,100,100,100,100,1,5623,50
0.000336325261741877,100,100,100,100,100,1,5623,50
0.0470856404863298,100,100,100,100,100,1,5623,50
0.228699250379577,100,100,100,100,100,1,5623,50
0.201137029798701,100,100,100,100,100,1,5623,50
0.729654587572441,100,100,100,100,100,1,5623,50
0.144381841644645,100,100,100,100,100,1,5623,50
0.695642929757014,100,100,100,100,100,1,5623,50
0.859950404847041,100,100,100,100,100,1,5623,50
0.715349840233102,100,100,100,100,100,1,5623,50
0.0112120306584984,100,100,100,100,100,1,5623,50
0.0188193977810442,100,100,100,100,100,1,5623,50
0.566666569560766,100,100,100,100,100,1,5623,50
0.0481598458718508,100,100,100,100,100,1,5623,50
0.943288539536297,100,100,100,100,100,1,5623,50
0.437129089375958,100,100,100,100,100,1,5623,50
0.852265101158991,100,100,100,100,100,1,5623,50
