"p","truediv","chaoest","obsD","upper","lower","l","inds","reps"
0.50481845648028,100,100,100,100,100,1,5623,50
0.0270874102134258,100,100,100,100,100,1,5623,50
0.842801147606224,100,100,100,100,100,1,5623,50
0.357921271119267,100,100,100,100,100,1,5623,50
0.449681404279545,100,100,100,100,100,1,5623,50
0.935178348561749,100,100,100,100,100,1,5623,50
0.2229823123198,100,100,100,100,100,1,5623,50
0.668599196476862,100,100,100,100,100,1,5623,50
0.845344125758857,100,100,100,100,100,1,5623,50
0.228111387696117,100,100,100,100,100,1,5623,50
0.425533815985546,100,100,100,100,100,1,5623,50
0.10276191518642,100,100,100,100,100,1,5623,50
0.265737341251224,100,100,100,100,100,1,5623,50
0.900380305713043,100,100,100,100,100,1,5623,50
0.287952335784212,100,100,100,100,100,1,5623,50
0.0257726942654699,100,100,100,100,100,1,5623,50
0.49046294670552,100,100,100,100,100,1,5623,50
0.457539955852553,100,100,100,100,100,1,5623,50
0.792770687257871,100,100,100,100,100,1,5623,50
0.221418063156307,100,100,100,100,100,1,5623,50
0.857181050349027,100,100,100,100,100,1,5623,50
0.495464438572526,100,100,100,100,100,1,5623,50
0.428542307345197,100,100,100,100,100,1,5623,50
0.61805206630379,100,100,100,100,100,1,5623,50
0.117190977325663,100,100,100,100,100,1,5623,50
0.389294653432444,100,100,100,100,100,1,5623,50
0.941072418820113,100,100,100,100,100,1,5623,50
0.745863329386339,100,100,100,100,100,1,5623,50
0.481037822552025,100,100,100,100,100,1,5623,50
0.312498896382749,100,100,100,100,100,1,5623,50
0.238791803363711,100,100,100,100,100,1,5623,50
0.954625903861597,100,100,100,100,100,1,5623,50
0.538067480782047,100,100,100,100,100,1,5623,50
0.988002543104813,100,100,100,100,100,1,5623,50
0.908180471975356,100,100,100,100,100,1,5623,50
0.529731580754742,100,100,100,100,100,1,5623,50
0.154483346501365,100,100,100,100,100,1,5623,50
0.788359424564987,100,100,100,100,100,1,5623,50
0.145565798506141,100,100,100,100,100,1,5623,50
0.239003879250959,100,100,100,100,100,1,5623,50
0.860000990331173,100,100,100,100,100,1,5623,50
0.0321266308892518,100,100,100,100,100,1,5623,50
0.145168801536784,100,100,100,100,100,1,5623,50
0.252228289842606,100,100,100,100,100,1,5623,50
0.318762745009735,100,100,100,100,100,1,5623,50
0.956518712220713,100,100,100,100,100,1,5623,50
0.508120313752443,100,100,100,100,100,1,5623,50
0.595104975625873,100,100,100,100,100,1,5623,50
0.380903653334826,100,100,100,100,100,1,5623,50
0.331260098842904,100,100,100,100,100,1,5623,50
