"p","truediv","chaoest","obsD","upper","lower","l","inds","reps"
0.304947071243078,100,100,100,100,100,1,5623,50
0.569998010993004,100,100,100,100,100,1,5623,50
0.0251917967107147,100,100,100,100,100,1,5623,50
0.129791983170435,100,100,100,100,100,1,5623,50
0.111510541522875,100,100,100,100,100,1,5623,50
0.342623749980703,100,100,100,100,100,1,5623,50
0.909175571519881,100,100,100,100,100,1,5623,50
0.831774608232081,100,100,100,100,100,1,5623,50
0.550956537714228,100,100,100,100,100,1,5623,50
0.715948278782889,100,100,100,100,100,1,5623,50
0.333316227421165,100,100,100,100,100,1,5623,50
0.264923241920769,100,100,100,100,100,1,5623,50
0.928587671369314,100,100,100,100,100,1,5623,50
0.201234575128183,100,100,100,100,100,1,5623,50
0.137483277125284,100,100,100,100,100,1,5623,50
0.768931383965537,100,100,100,100,100,1,5623,50
0.509903276804835,100,100,100,100,100,1,5623,50
0.845108029199764,100,100,100,100,100,1,5623,50
0.89385148184374,100,100,100,100,100,1,5623,50
0.726635073311627,100,100,100,100,100,1,5623,50
0.433363856747746,100,100,100,100,100,1,5623,50
0.164892165223137,100,100,100,100,100,1,5623,50
0.804668036289513,100,100,100,100,100,1,5623,50
0.755014339927584,100,100,100,100,100,1,5623,50
0.84116675099358,100,100,100,100,100,1,5623,50
0.568653426133096,100,100,100,100,100,1,5623,50
0.888493890641257,100,100,100,100,100,1,5623,50
0.999140110332519,100,100,100,100,100,1,5623,50
0.533367850584909,100,100,100,100,100,1,5623,50
0.973348933970556,100,100,100,100,100,1,5623,50
0.853015008848161,100,100,100,100,100,1,5623,50
0.905891340225935,100,100,100,100,100,1,5623,50
0.143993823323399,100,100,100,100,100,1,5623,50
0.00746342935599387,100,100,100,100,100,1,5623,50
0.878447620198131,100,100,100,100,100,1,5623,50
0.901697729015723,100,100,100,100,100,1,5623,50
0.869368193903938,100,100,100,100,100,1,5623,50
0.19510179804638,100,100,100,100,100,1,5623,50
5e-04,100,100,100,100.0005,100.0005,1,5623,50
0.117364200297743,100,100,100,100,100,1,5623,50
0.638777892338112,100,100,100,100,100,1,5623,50
0.159943293081596,100,100,100,100,100,1,5623,50
0.475748807424679,100,100,100,100,100,1,5623,50
0.000371352070942521,100,100,100,100,100,1,5623,50
0.883141009602696,100,100,100,100,100,1,5623,50
0.111635523149744,100,100,100,100,100,1,5623,50
0.245464750565588,100,100,100,100,100,1,5623,50
0.544904524227604,100,100,100,100,100,1,5623,50
0.224795869085938,100,100,100,100,100,1,5623,50
0.633318679407239,100,100,100,100,100,1,5623,50
