"p","truediv","chaoest","obsD","upper","lower","l","inds","reps"
0.625973693327978,100,100,100,100,100,1,5623,50
0.247982568107545,100,100,100,100,100,1,5623,50
0.66818174906075,100,100,100,100,100,1,5623,50
0.835885293548927,100,100,100,100,100,1,5623,50
0.458050045883283,100,100,100,100,100,1,5623,50
0.788766940589994,100,100,100,100,100,1,5623,50
0.872996546095237,100,100,100,100,100,1,5623,50
0.00865080719813704,100,100,100,100,100,1,5623,50
0.0971536214929074,100,100,100,100,100,1,5623,50
0.774232030380517,100,100,100,100,100,1,5623,50
0.603538110852242,100,100,100,100,100,1,5623,50
0.477526577655226,100,100,100,100,100,1,5623,50
0.213212277507409,100,100,100,100,100,1,5623,50
0.58805204113014,100,100,100,100,100,1,5623,50
0.245091887423769,100,100,100,100,100,1,5623,50
0.611494757700711,100,100,100,100,100,1,5623,50
0.639983050292358,100,100,100,100,100,1,5623,50
0.911646753782406,100,100,100,100,100,1,5623,50
0.618483688449487,100,100,100,100,100,1,5623,50
0.919424645602703,100,100,100,100,100,1,5623,50
0.338215875905007,100,100,100,100,100,1,5623,50
0.00934473494999111,100,100,100,100,100,1,5623,50
0.816627544118091,100,100,100,100,100,1,5623,50
0.476847400190309,100,100,100,100,100,1,5623,50
0.0508642534259707,100,100,100,100,100,1,5623,50
0.520817090058699,100,100,100,100,100,1,5623,50
0.863889068132266,100,100,100,100,100,1,5623,50
0.212142491480336,100,100,100,100,100,1,5623,50
0.856863953173161,100,100,100,100,100,1,5623,50
0.548086780356243,100,100,100,100,100,1,5623,50
0.194745150860399,100,100,100,100,100,1,5623,50
0.908203224418685,100,100,100,100,100,1,5623,50
0.368496338138357,100,100,100,100,100,1,5623,50
0.622368574142456,100,100,100,100,100,1,5623,50
0.537054777145386,100,100,100,100,100,1,5623,50
0.862869235454127,100,100,100,100,100,1,5623,50
0.967913590371609,100,100,100,100,100,1,5623,50
0.0238061735872179,100,100,100,100,100,1,5623,50
0.11976482020691,100,100,100,100,100,1,5623,50
0.111688036238775,100,100,100,100,100,1,5623,50
0.205682541476563,100,100,100,100,100,1,5623,50
0.00476797041483223,100,100,100,100,100,1,5623,50
0.235666177002713,100,100,100,100,100,1,5623,50
0.137131177354604,100,100,100,100,100,1,5623,50
0.450933934655041,100,100,100,100,100,1,5623,50
0.938169615343213,100,100,100,100,100,1,5623,50
0.141177632147446,100,100,100,100,100,1,5623,50
0.981345169246197,100,100,100,100,100,1,5623,50
0.294306536903605,100,100,100,100,100,1,5623,50
0.892021630890667,100,100,100,100,100,1,5623,50
