"p","truediv","chaoest","obsD","upper","lower","l","inds","reps"
0.155177182983607,100,100,100,100,100,1,5623,50
0.894392195856199,100,100,100,100,100,1,5623,50
0.738820520229638,100,100,100,100,100,1,5623,50
0.0262020772788674,100,100,100,100,100,1,5623,50
0.524072652449831,100,100,100,100,100,1,5623,50
0.123394584516063,100,100,100,100,100,1,5623,50
0.652045560535043,100,100,100,100,100,1,5623,50
0.493533797562122,100,100,100,100,100,1,5623,50
0.912761657731608,100,100,100,100,100,1,5623,50
0.289596165763214,100,100,100,100,100,1,5623,50
0.92500938125886,100,100,100,100,100,1,5623,50
0.77031864062883,100,100,100,100,100,1,5623,50
0.703095820965245,100,100,100,100,100,1,5623,50
0.430739510105923,100,100,100,100,100,1,5623,50
0.570577505044639,100,100,100,100,100,1,5623,50
0.395051467232406,100,100,100,100,100,1,5623,50
0.795708703808486,100,100,100,100,100,1,5623,50
0.888484452618286,100,100,100,100,100,1,5623,50
0.72327975765802,100,100,100,100,100,1,5623,50
0.180282456567511,100,100,100,100,100,1,5623,50
0.205469541717321,100,100,100,100,100,1,5623,50
0.832460105186328,100,100,100,100,100,1,5623,50
0.863916764268652,100,100,100,100,100,1,5623,50
0.920184995513409,100,100,100,100,100,1,5623,50
0.701039023930207,100,100,100,100,100,1,5623,50
0.304101656656712,100,100,100,100,100,1,5623,50
0.980142996413633,100,100,100,100,100,1,5623,50
0.426651356508955,100,100,100,100,100,1,5623,50
0.513997859554365,100,100,100,100,100,1,5623,50
0.836916287895292,100,100,100,100,100,1,5623,50
0.379816577071324,100,100,100,100,100,1,5623,50
0.164032978238538,100,100,100,100,100,1,5623,50
0.979120961623266,100,100,100,100,100,1,5623,50
0.117860452737659,100,100,100,100,100,1,5623,50
0.987604156369343,100,100,100,100,100,1,5623,50
0.162674237275496,100,100,100,100,100,1,5623,50
0.282082083402202,100,100,100,100,100,1,5623,50
0.851319780107588,100,100,100,100,100,1,5623,50
0.101865740958601,100,100,100,100,100,1,5623,50
0.727758809225634,100,100,100,100,100,1,5623,50
0.129572689533234,100,100,100,100,100,1,5623,50
0.488664135802537,100,100,100,100,100,1,5623,50
0.993316920707002,100,100,100,100,100,1,5623,50
0.42275566724129,100,100,100,100,100,1,5623,50
0.477512198034674,100,100,100,100,100,1,5623,50
0.844753991579637,100,100,100,100,100,1,5623,50
0.510216872673482,100,100,100,100,100,1,5623,50
0.584303192328662,100,100,100,100,100,1,5623,50
0.449750210624188,100,100,100,100,100,1,5623,50
0.891354728490114,100,100,100,100,100,1,5623,50
