"p","truediv","chaoest","obsD","upper","lower","l","inds","reps"
0.928190735867247,100,100,100,100,100,1,5623,50
0.476397430989891,100,100,100,100,100,1,5623,50
0.784104196820408,100,100,100,100,100,1,5623,50
0.321964115602896,100,100,100,100,100,1,5623,50
0.329471860546619,100,100,100,100,100,1,5623,50
0.117874215124175,100,100,100,100,100,1,5623,50
0.0126639630179852,100,100,100,100,100,1,5623,50
0.980134000070393,100,100,100,100,100,1,5623,50
0.738160588545725,100,100,100,100,100,1,5623,50
0.927501190686598,100,100,100,100,100,1,5623,50
0.439489097334445,100,100,100,100,100,1,5623,50
0.777271161554381,100,100,100,100,100,1,5623,50
0.680658281082287,100,100,100,100,100,1,5623,50
0.235047713620588,100,100,100,100,100,1,5623,50
0.655699047958478,100,100,100,100,100,1,5623,50
0.001,100,100,100,100.001,100.001,1,5623,50
0.950902118813246,100,100,100,100,100,1,5623,50
0.182729331310838,100,100,100,100,100,1,5623,50
0.00276533793658018,100,100,100,100,100,1,5623,50
0.662241035839543,100,100,100,100,100,1,5623,50
0.367229306604713,100,100,100,100,100,1,5623,50
0.946778812678531,100,100,100,100,100,1,5623,50
0.389797042589635,100,100,100,100,100,1,5623,50
0.544570860685781,100,100,100,100,100,1,5623,50
0.711075578816235,100,100,100,100,100,1,5623,50
0.253983659436926,100,100,100,100,100,1,5623,50
0.475599188590422,100,100,100,100,100,1,5623,50
0.948021731106564,100,100,100,100,100,1,5623,50
0.455829385435209,100,100,100,100,100,1,5623,50
0.816142582334578,100,100,100,100,100,1,5623,50
0.353695521596819,100,100,100,100,100,1,5623,50
0.395706226117909,100,100,100,100,100,1,5623,50
0.716689395951107,100,100,100,100,100,1,5623,50
0.312176950275898,100,100,100,100,100,1,5623,50
0.600047426531091,100,100,100,100,100,1,5623,50
0.0162431274075061,100,100,100,100,100,1,5623,50
0.841266766889021,100,100,100,100,100,1,5623,50
0.711722432868555,100,100,100,100,100,1,5623,50
0.0316933190915734,100,100,100,100,100,1,5623,50
0.434946154011413,100,100,100,100,100,1,5623,50
0.248945824801922,100,100,100,100,100,1,5623,50
0.437384329037741,100,100,100,100,100,1,5623,50
0.08950090338476,100,100,100,100,100,1,5623,50
0.56047380133532,100,100,100,100,100,1,5623,50
0.942256756126881,100,100,100,100,100,1,5623,50
0.874672775622457,100,100,100,100,100,1,5623,50
0.455649323994294,100,100,100,100,100,1,5623,50
0.352427260484546,100,100,100,100,100,1,5623,50
0.877058861078694,100,100,100,100,100,1,5623,50
0.751278560142964,100,100,100,100,100,1,5623,50
