"p","truediv","chaoest","obsD","upper","lower","l","inds","reps"
0.646466001868248,100,100,100,100,100,1,5623,50
5e-04,100,100,100,100.0005,100.0005,1,5623,50
0.298063616966829,100,100,100,100,100,1,5623,50
0.613191586220637,100,100,100,100,100,1,5623,50
0.123664203798398,100,100,100,100,100,1,5623,50
0.235121897188947,100,100,100,100,100,1,5623,50
0.342596567003056,100,100,100,100,100,1,5623,50
0.22920064534992,100,100,100,100,100,1,5623,50
0.988128430675715,100,100,100,100,100,1,5623,50
0.491832464234903,100,100,100,100,100,1,5623,50
0.601524947211146,100,100,100,100,100,1,5623,50
0.181301555829123,100,100,100,100,100,1,5623,50
0.62235894612968,100,100,100,100,100,1,5623,50
0.842521250946447,100,100,100,100,100,1,5623,50
0.799067124724388,100,100,100,100,100,1,5623,50
0.860862862784415,100,100,100,100,100,1,5623,50
0.858599769650027,100,100,100,100,100,1,5623,50
0.232763497158885,100,100,100,100,100,1,5623,50
0.847522485768422,100,100,100,100,100,1,5623,50
0.289680953836069,100,100,100,100,100,1,5623,50
0.0529215019196272,100,100,100,100,100,1,5623,50
0.58370324363932,100,100,100,100,100,1,5623,50
0.943956726696342,100,100,100,100,100,1,5623,50
0.601461818208918,100,100,100,100,100,1,5623,50
0.826587069546804,100,100,100,100,100,1,5623,50
0.982434513745829,100,100,100,100,100,1,5623,50
0.644954304909334,100,100,100,100,100,1,5623,50
0.0536471439991146,100,100,100,100,100,1,5623,50
0.334720411570743,100,100,100,100,100,1,5623,50
0.819799541728571,100,100,100,100,100,1,5623,50
0.998026518151164,100,100,100,100,100,1,5623,50
0.485589258605614,100,100,100,100,100,1,5623,50
0.006,100,100,100,100.00575004446,100.00575004446,1,5623,50
0.154464636696503,100,100,100,100,100,1,5623,50
0.347451124340296,100,100,100,100,100,1,5623,50
0.903411862906069,100,100,100,100,100,1,5623,50
0.372540179640055,100,100,100,100,100,1,5623,50
0.23975817579776,100,100,100,100,100,1,5623,50
0.817670575808734,100,100,100,100,100,1,5623,50
0.127624164801091,100,100,100,100,100,1,5623,50
0.387186778709292,100,100,100,100,100,1,5623,50
0.12057939148508,100,100,100,100,100,1,5623,50
0.53174184076488,100,100,100,100,100,1,5623,50
0.587132844142616,100,100,100,100,100,1,5623,50
0.765089195687324,100,100,100,100,100,1,5623,50
0.0804516905918717,100,100,100,100,100,1,5623,50
0.580169409746304,100,100,100,100,100,1,5623,50
0.804392367368564,100,100,100,100,100,1,5623,50
0.906184209277853,100,100,100,100,100,1,5623,50
0.581758429994807,100,100,100,100,100,1,5623,50
