"p","truediv","chaoest","obsD","upper","lower","l","inds","reps"
0.354189371922985,100,100,100,100,100,1,5623,50
0.153032764326781,100,100,100,100,100,1,5623,50
0.940520508680493,100,100,100,100,100,1,5623,50
0.0423905248753726,100,100,100,100,100,1,5623,50
0.279561240924522,100,100,100,100,100,1,5623,50
0.840777731267735,100,100,100,100,100,1,5623,50
0.199694679584354,100,100,100,100,100,1,5623,50
0.780772293917835,100,100,100,100,100,1,5623,50
0.0918411887250841,100,100,100,100,100,1,5623,50
0.604933194117621,100,100,100,100,100,1,5623,50
0.552137738792226,100,100,100,100,100,1,5623,50
0.157780979527161,100,100,100,100,100,1,5623,50
0.237830966245383,100,100,100,100,100,1,5623,50
0.323263724567369,100,100,100,100,100,1,5623,50
0.607250503497198,100,100,100,100,100,1,5623,50
0.966942514991388,100,100,100,100,100,1,5623,50
0.800281590549275,100,100,100,100,100,1,5623,50
0.735086411470547,100,100,100,100,100,1,5623,50
0.0803628920111805,100,100,100,100,100,1,5623,50
0.361877785297111,100,100,100,100,100,1,5623,50
0.169053811579943,100,100,100,100,100,1,5623,50
0.184612999903038,100,100,100,100,100,1,5623,50
0.461764296051115,100,100,100,100,100,1,5623,50
0.190543580101803,100,100,100,100,100,1,5623,50
0.350903805112466,100,100,100,100,100,1,5623,50
0.132980603724718,100,100,100,100,100,1,5623,50
5e-04,100,100,100,100.0005,100.0005,1,5623,50
0.0256492744665593,100,100,100,100,100,1,5623,50
0.923194862902164,100,100,100,100,100,1,5623,50
0.710882898187265,100,100,100,100,100,1,5623,50
0.0865362321492285,100,100,100,100,100,1,5623,50
0.441224485170096,100,100,100,100,100,1,5623,50
0.329359500901774,100,100,100,100,100,1,5623,50
0.533048188779503,100,100,100,100,100,1,5623,50
0.381251033628359,100,100,100,100,100,1,5623,50
0.0471371538005769,100,100,100,100,100,1,5623,50
0.56484199478291,100,100,100,100,100,1,5623,50
0.380509621463716,100,100,100,100,100,1,5623,50
0.242136966669932,100,100,100,100,100,1,5623,50
0.837888051290065,100,100,100,100,100,1,5623,50
0.183638521004468,100,100,100,100,100,1,5623,50
0.906010533217341,100,100,100,100,100,1,5623,50
0.0184319638647139,100,100,100,100,100,1,5623,50
0.361571592511609,100,100,100,100,100,1,5623,50
0.975261558545753,100,100,100,100,100,1,5623,50
0.0486452472396195,100,100,100,100,100,1,5623,50
0.785746615612879,100,100,100,100,100,1,5623,50
0.0197606352157891,100,100,100,100,100,1,5623,50
0.621258817613125,100,100,100,100,100,1,5623,50
0.0435600539203733,100,100,100,100,100,1,5623,50
