"p","truediv","chaoest","obsD","upper","lower","l","inds","reps"
0.329419940011576,100,100,100,100,100,1,5623,50
0.572438855422661,100,100,100,100,100,1,5623,50
0.305788697907701,100,100,100,100,100,1,5623,50
0.807422490790486,100,100,100,100,100,1,5623,50
0.382473500678316,100,100,100,100,100,1,5623,50
0.143765959888697,100,100,100,100,100,1,5623,50
0.285335384774953,100,100,100,100,100,1,5623,50
0.538626947207376,100,100,100,100,100,1,5623,50
0.214995405403897,100,100,100,100,100,1,5623,50
0.738823106978089,100,100,100,100,100,1,5623,50
0.322210147511214,100,100,100,100,100,1,5623,50
0.559907239628956,100,100,100,100,100,1,5623,50
0.063460879959166,100,100,100,100,100,1,5623,50
0.984423870453611,100,100,100,100,100,1,5623,50
0.178370186127722,100,100,100,100,100,1,5623,50
0.824463112745434,100,100,100,100,100,1,5623,50
0.289090975187719,100,100,100,100,100,1,5623,50
0.268732523778453,100,100,100,100,100,1,5623,50
0.37987761455588,100,100,100,100,100,1,5623,50
0.733063117833808,100,100,100,100,100,1,5623,50
0.309900624444708,100,100,100,100,100,1,5623,50
0.762281255796552,100,100,100,100,100,1,5623,50
0.713223073631525,100,100,100,100,100,1,5623,50
0.0514825540594757,100,100,100,100,100,1,5623,50
0.850053707137704,100,100,100,100,100,1,5623,50
0.901269748341292,100,100,100,100,100,1,5623,50
0.515837959013879,100,100,100,100,100,1,5623,50
0.950971330050379,100,100,100,100,100,1,5623,50
0.917511710897088,100,100,100,100,100,1,5623,50
0.567392718046904,100,100,100,100,100,1,5623,50
0.787106574047357,100,100,100,100,100,1,5623,50
0.49942920403555,100,100,100,100,100,1,5623,50
0.939003451727331,100,100,100,100,100,1,5623,50
0.821004538564011,100,100,100,100,100,1,5623,50
0.884918947936967,100,100,100,100,100,1,5623,50
0.574219438247383,100,100,100,100,100,1,5623,50
0.994861714309081,100,100,100,100,100,1,5623,50
0.490994291380048,100,100,100,100,100,1,5623,50
0.274530515307561,100,100,100,100,100,1,5623,50
0.604292159900069,100,100,100,100,100,1,5623,50
0.45579302799888,100,100,100,100,100,1,5623,50
0.652213162044063,100,100,100,100,100,1,5623,50
0.376463014166802,100,100,100,100,100,1,5623,50
0.651162747759372,100,100,100,100,100,1,5623,50
0.531590920640156,100,100,100,100,100,1,5623,50
0.33705443656072,100,100,100,100,100,1,5623,50
0.380324793513864,100,100,100,100,100,1,5623,50
0.458159168949351,100,100,100,100,100,1,5623,50
0.233491208869964,100,100,100,100,100,1,5623,50
0.300851463573053,100,100,100,100,100,1,5623,50
