"p","truediv","chaoest","obsD","upper","lower","l","inds","reps"
0.0366088172886521,100,100,100,100,100,1,5623,50
0.040537916822359,100,100,100,100,100,1,5623,50
0.969072702573612,100,100,100,100,100,1,5623,50
0.954359742347151,100,100,100,100,100,1,5623,50
0.352731979219243,100,100,100,100,100,1,5623,50
0.896018604747951,100,100,100,100,100,1,5623,50
0.751269731204957,100,100,100,100,100,1,5623,50
0.147086389129981,100,100,100,100,100,1,5623,50
0.112122975056991,100,100,100,100,100,1,5623,50
0.395227525848895,100,100,100,100,100,1,5623,50
0.975402807584032,100,100,100,100,100,1,5623,50
0.0281444180291146,100,100,100,100,100,1,5623,50
0.303987316787243,100,100,100,100,100,1,5623,50
0.988748869393021,100,100,100,100,100,1,5623,50
0.746916384203359,100,100,100,100,100,1,5623,50
0.99454231816344,100,100,100,100,100,1,5623,50
0.494868135545403,100,100,100,100,100,1,5623,50
0.467358647845685,100,100,100,100,100,1,5623,50
0.876521141501144,100,100,100,100,100,1,5623,50
0.684110059635714,100,100,100,100,100,1,5623,50
0.575959221925586,100,100,100,100,100,1,5623,50
0.0567981344647706,100,100,100,100,100,1,5623,50
0.00973075092770159,100,100,100,100,100,1,5623,50
0.419433865463361,100,100,100,100,100,1,5623,50
0.449566620867699,100,100,100,100,100,1,5623,50
0.177968621952459,100,100,100,100,100,1,5623,50
0.832994449883699,100,100,100,100,100,1,5623,50
0.0885147163644433,100,100,100,100,100,1,5623,50
0.803210416808724,100,100,100,100,100,1,5623,50
0.192968134768307,100,100,100,100,100,1,5623,50
0.909003785578534,100,100,100,100,100,1,5623,50
0.0556366781238467,100,100,100,100,100,1,5623,50
0.299929108237848,100,100,100,100,100,1,5623,50
0.630062513286248,100,100,100,100,100,1,5623,50
0.903951678192243,100,100,100,100,100,1,5623,50
0.955265108030289,100,100,100,100,100,1,5623,50
0.3379035172984,100,100,100,100,100,1,5623,50
0.952111787861213,100,100,100,100,100,1,5623,50
0.327085487544537,100,100,100,100,100,1,5623,50
0.705718087730929,100,100,100,100,100,1,5623,50
0.345594559330493,100,100,100,100,100,1,5623,50
0.739128440152854,100,100,100,100,100,1,5623,50
0.714853165438399,100,100,100,100,100,1,5623,50
5e-04,100,100,100,100.0005,100.0005,1,5623,50
0.589355306699872,100,100,100,100,100,1,5623,50
0.168143578572199,100,100,100,100,100,1,5623,50
0.548857815796509,100,100,100,100,100,1,5623,50
0.450726984534413,100,100,100,100,100,1,5623,50
0.808953421656042,100,100,100,100,100,1,5623,50
0.331632337300107,100,100,100,100,100,1,5623,50
