"p","truediv","chaoest","obsD","upper","lower","l","inds","reps"
0.716772234532982,100,100,100,100,100,1,5623,50
0.124585662502795,100,100,100,100,100,1,5623,50
5e-04,100,100,100,100.0005,100.0005,1,5623,50
0.369196830084547,100,100,100,100,100,1,5623,50
0.574686768464744,100,100,100,100,100,1,5623,50
0.882476454600692,100,100,100,100,100,1,5623,50
0.244631444802508,100,100,100,100,100,1,5623,50
0.505828102352098,100,100,100,100,100,1,5623,50
0.978767979890108,100,100,100,100,100,1,5623,50
0.968484646873549,100,100,100,100,100,1,5623,50
5e-04,100,100,100,100.0005,100.0005,1,5623,50
0.669185805134475,100,100,100,100,100,1,5623,50
0.646860257489607,100,100,100,100,100,1,5623,50
0.500570896314457,100,100,100,100,100,1,5623,50
0.919820207636803,100,100,100,100,100,1,5623,50
5e-04,100,100,100,100.0005,100.0005,1,5623,50
0.840597201371565,100,100,100,100,100,1,5623,50
0.515078376512975,100,100,100,100,100,1,5623,50
0.51047792728059,100,100,100,100,100,1,5623,50
0.74910601018928,100,100,100,100,100,1,5623,50
0.91773030650802,100,100,100,100,100,1,5623,50
0.244180756853893,100,100,100,100,100,1,5623,50
0.349916380131617,100,100,100,100,100,1,5623,50
0.209365797927603,100,100,100,100,100,1,5623,50
0.544007335556671,100,100,100,100,100,1,5623,50
0.983113218098879,100,100,100,100,100,1,5623,50
0.426151795079932,100,100,100,100,100,1,5623,50
0.873408874496818,100,100,100,100,100,1,5623,50
0.597479730844498,100,100,100,100,100,1,5623,50
0.804721157532185,100,100,100,100,100,1,5623,50
0.900672611314803,100,100,100,100,100,1,5623,50
0.352143468335271,100,100,100,100,100,1,5623,50
0.0944034694693983,100,100,100,100,100,1,5623,50
0.0470453086309135,100,100,100,100,100,1,5623,50
0.369657999835908,100,100,100,100,100,1,5623,50
0.242805475834757,100,100,100,100,100,1,5623,50
0.634751746663824,100,100,100,100,100,1,5623,50
0.877164739416912,100,100,100,100,100,1,5623,50
0.640239605447277,100,100,100,100,100,1,5623,50
0.645091731101274,100,100,100,100,100,1,5623,50
0.0564825953915715,100,100,100,100,100,1,5623,50
0.488657597219571,100,100,100,100,100,1,5623,50
0.879351681564003,100,100,100,100,100,1,5623,50
0.552331606391817,100,100,100,100,100,1,5623,50
0.75481551932171,100,100,100,100,100,1,5623,50
0.0514905517920852,100,100,100,100,100,1,5623,50
0.495370428077877,100,100,100,100,100,1,5623,50
0.22980859852396,100,100,100,100,100,1,5623,50
0.723859749967232,100,100,100,100,100,1,5623,50
0.184921864420176,100,100,100,100,100,1,5623,50
