"p","truediv","chaoest","obsD","upper","lower","l","inds","reps"
0.184206936275586,100,100,100,100,100,1,5623,50
0.401574442628771,100,100,100,100,100,1,5623,50
0.636037005111575,100,100,100,100,100,1,5623,50
0.461846532998607,100,100,100,100,100,1,5623,50
0.554641176713631,100,100,100,100,100,1,5623,50
0.909138463437557,100,100,100,100,100,1,5623,50
0.180587216978893,100,100,100,100,100,1,5623,50
0.296539946924895,100,100,100,100,100,1,5623,50
0.416947118705139,100,100,100,100,100,1,5623,50
0.180890485644341,100,100,100,100,100,1,5623,50
0.0321757672354579,100,100,100,100,100,1,5623,50
0.793363115983084,100,100,100,100,100,1,5623,50
0.974241132382303,100,100,100,100,100,1,5623,50
0.647985906573012,100,100,100,100,100,1,5623,50
0.352313356008381,100,100,100,100,100,1,5623,50
0.154283951036632,100,100,100,100,100,1,5623,50
0.952341422205791,100,100,100,100,100,1,5623,50
0.0987157626077533,100,100,100,100,100,1,5623,50
0.832266507670283,100,100,100,100,100,1,5623,50
0.313447362510487,100,100,100,100,100,1,5623,50
0.097137599484995,100,100,100,100,100,1,5623,50
0.533387399511412,100,100,100,100,100,1,5623,50
0.464639508165419,100,100,100,100,100,1,5623,50
0.680460654897615,100,100,100,100,100,1,5623,50
0.861142199020833,100,100,100,100,100,1,5623,50
0.646861910121515,100,100,100,100,100,1,5623,50
0.981371332425624,100,100,100,100,100,1,5623,50
0.607231656555086,100,100,100,100,100,1,5623,50
0.0346626145765185,100,100,100,100,100,1,5623,50
0.977792360819876,100,100,100,100,100,1,5623,50
0.958188734017313,100,100,100,100,100,1,5623,50
0.409472682746127,100,100,100,100,100,1,5623,50
0.648694237461314,100,100,100,100,100,1,5623,50
0.151660821866244,100,100,100,100,100,1,5623,50
0.203683562809601,100,100,100,100,100,1,5623,50
0.522044121054932,100,100,100,100,100,1,5623,50
0.841593065299094,100,100,100,100,100,1,5623,50
0.417950325878337,100,100,100,100,100,1,5623,50
0.271009605843574,100,100,100,100,100,1,5623,50
0.280424183700234,100,100,100,100,100,1,5623,50
0.140226459130645,100,100,100,100,100,1,5623,50
0.343357280362397,100,100,100,100,100,1,5623,50
0.745646706549451,100,100,100,100,100,1,5623,50
0.0846823777537793,100,100,100,100,100,1,5623,50
0.266321714967489,100,100,100,100,100,1,5623,50
0.297095268033445,100,100,100,100,100,1,5623,50
0.779299341607839,100,100,100,100,100,1,5623,50
0.032921391306445,100,100,100,100,100,1,5623,50
0.613680056296289,100,100,100,100,100,1,5623,50
0.77697657328099,100,100,100,100,100,1,5623,50
