"p","truediv","chaoest","obsD","upper","lower","l","inds","reps"
0.708575659431517,100,100,100,100,100,1,5623,50
0.620691092452034,100,100,100,100,100,1,5623,50
0.867183035938069,100,100,100,100,100,1,5623,50
0.44424681388773,100,100,100,100,100,1,5623,50
0.68317510955967,100,100,100,100,100,1,5623,50
0.980348007520661,100,100,100,100,100,1,5623,50
0.332678329432383,100,100,100,100,100,1,5623,50
0.175332522951066,100,100,100,100,100,1,5623,50
0.603938784915954,100,100,100,100,100,1,5623,50
0.687934325775132,100,100,100,100,100,1,5623,50
0.85894908523187,100,100,100,100,100,1,5623,50
0.690824767341837,100,100,100,100,100,1,5623,50
0.652188136475161,100,100,100,100,100,1,5623,50
0.309110220288858,100,100,100,100,100,1,5623,50
0.832960835658014,100,100,100,100,100,1,5623,50
0.659816308412701,100,100,100,100,100,1,5623,50
0.0729208423290402,100,100,100,100,100,1,5623,50
0.668205396505073,100,100,100,100,100,1,5623,50
0.308842913247645,100,100,100,100,100,1,5623,50
0.904724337393418,100,100,100,100,100,1,5623,50
0.648619722342119,100,100,100,100,100,1,5623,50
0.576605930691585,100,100,100,100,100,1,5623,50
0.638559113722295,100,100,100,100,100,1,5623,50
0.431104658171535,100,100,100,100,100,1,5623,50
0.49999804305844,100,100,100,100,100,1,5623,50
0.925934287486598,100,100,100,100,100,1,5623,50
0.586300674825907,100,100,100,100,100,1,5623,50
0.233649730216712,100,100,100,100,100,1,5623,50
0.305239776847884,100,100,100,100,100,1,5623,50
0.388754386920482,100,100,100,100,100,1,5623,50
0.799785200273618,100,100,100,100,100,1,5623,50
0.422534408280626,100,100,100,100,100,1,5623,50
0.564099694369361,100,100,100,100,100,1,5623,50
0.0313942574430257,100,100,100,100,100,1,5623,50
0.152915473328903,100,100,100,100,100,1,5623,50
0.742072784807533,100,100,100,100,100,1,5623,50
0.313372140284628,100,100,100,100,100,1,5623,50
0.476196188246831,100,100,100,100,100,1,5623,50
0.855246315943077,100,100,100,100,100,1,5623,50
0.752149381674826,100,100,100,100,100,1,5623,50
0.238340901676565,100,100,100,100,100,1,5623,50
5e-04,100,100,100,100.0005,100.0005,1,5623,50
0.777902698377147,100,100,100,100,100,1,5623,50
0.226411221781746,100,100,100,100,100,1,5623,50
0.186019278597087,100,100,100,100,100,1,5623,50
0.134578715544194,100,100,100,100,100,1,5623,50
0.0340477898716927,100,100,100,100,100,1,5623,50
0.0473552427720279,100,100,100,100,100,1,5623,50
0.287998687941581,100,100,100,100,100,1,5623,50
0.655134564265609,100,100,100,100,100,1,5623,50
