"p","truediv","chaoest","obsD","upper","lower","l","inds","reps"
0.332933018915355,100,100,100,100,100,1,5623,50
0.734613918466493,100,100,100,100,100,1,5623,50
0.0910015902481973,100,100,100,100,100,1,5623,50
0.0833874847739935,100,100,100,100,100,1,5623,50
0.0665027296636254,100,100,100,100,100,1,5623,50
0.526721183210611,100,100,100,100,100,1,5623,50
0.515773326857015,100,100,100,100,100,1,5623,50
0.419366020942107,100,100,100,100,100,1,5623,50
0.441151832230389,100,100,100,100,100,1,5623,50
0.0481605133973062,100,100,100,100,100,1,5623,50
0.00637382478453219,100,100,100,100,100,1,5623,50
0.31353743863292,100,100,100,100,100,1,5623,50
0.0157375163398683,100,100,100,100,100,1,5623,50
0.508336143102497,100,100,100,100,100,1,5623,50
0.344076039269567,100,100,100,100,100,1,5623,50
0.0418701339513063,100,100,100,100,100,1,5623,50
0.111262026475742,100,100,100,100,100,1,5623,50
0.58857503044419,100,100,100,100,100,1,5623,50
0.765453840140253,100,100,100,100,100,1,5623,50
0.940863629803061,100,100,100,100,100,1,5623,50
0.99076933786273,100,100,100,100,100,1,5623,50
0.0645761366467923,100,100,100,100,100,1,5623,50
0.104947064071894,100,100,100,100,100,1,5623,50
0.105056071421131,100,100,100,100,100,1,5623,50
0.981140949297696,100,100,100,100,100,1,5623,50
0.239099586615339,100,100,100,100,100,1,5623,50
0.157423908356577,100,100,100,100,100,1,5623,50
0.49293454317376,100,100,100,100,100,1,5623,50
0.793924236670136,100,100,100,100,100,1,5623,50
0.485592542914674,100,100,100,100,100,1,5623,50
0.35242591612041,100,100,100,100,100,1,5623,50
0.193046013591811,100,100,100,100,100,1,5623,50
0.190492374356836,100,100,100,100,100,1,5623,50
0.59079703129828,100,100,100,100,100,1,5623,50
0.964101173914969,100,100,100,100,100,1,5623,50
0.322800274007022,100,100,100,100,100,1,5623,50
0.0227648459840566,100,100,100,100,100,1,5623,50
0.0477348258718848,100,100,100,100,100,1,5623,50
0.172105530975387,100,100,100,100,100,1,5623,50
0.114692789269611,100,100,100,100,100,1,5623,50
0.355392888188362,100,100,100,100,100,1,5623,50
0.207169736037031,100,100,100,100,100,1,5623,50
0.471939289011061,100,100,100,100,100,1,5623,50
0.232042170129716,100,100,100,100,100,1,5623,50
0.730567353777587,100,100,100,100,100,1,5623,50
0.792614051839337,100,100,100,100,100,1,5623,50
0.26119234226644,100,100,100,100,100,1,5623,50
0.890043159481138,100,100,100,100,100,1,5623,50
0.195414307061583,100,100,100,100,100,1,5623,50
0.846636767033488,100,100,100,100,100,1,5623,50
