"p","truediv","chaoest","obsD","upper","lower","l","inds","reps"
0.790183747420087,100,100,100,100,100,1,5623,50
0.998555570840836,100,100,100,100,100,1,5623,50
0.961685184389353,100,100,100,100,100,1,5623,50
0.798183258622885,100,100,100,100,100,1,5623,50
0.555729373125359,100,100,100,100,100,1,5623,50
0.0368405827321112,100,100,100,100,100,1,5623,50
0.445624812040478,100,100,100,100,100,1,5623,50
0.397025645477697,100,100,100,100,100,1,5623,50
0.307667166925967,100,100,100,100,100,1,5623,50
0.499800248304382,100,100,100,100,100,1,5623,50
0.125455130357295,100,100,100,100,100,1,5623,50
0.797251684824005,100,100,100,100,100,1,5623,50
0.689956043381244,100,100,100,100,100,1,5623,50
0.952984254341573,100,100,100,100,100,1,5623,50
0.638721719151363,100,100,100,100,100,1,5623,50
0.128927882760763,100,100,100,100,100,1,5623,50
0.585500914603472,100,100,100,100,100,1,5623,50
0.164756664540619,100,100,100,100,100,1,5623,50
0.956226581474766,100,100,100,100,100,1,5623,50
0.949975476134568,100,100,100,100,100,1,5623,50
0.978299425216392,100,100,100,100,100,1,5623,50
0.74545040493831,100,100,100,100,100,1,5623,50
0.783919331617653,100,100,100,100,100,1,5623,50
0.287421810440719,100,100,100,100,100,1,5623,50
0.767554503632709,100,100,100,100,100,1,5623,50
0.315169078297913,100,100,100,100,100,1,5623,50
0.967145290924236,100,100,100,100,100,1,5623,50
0.913486508885399,100,100,100,100,100,1,5623,50
0.652977908495814,100,100,100,100,100,1,5623,50
0.519901050487533,100,100,100,100,100,1,5623,50
0.24329243414104,100,100,100,100,100,1,5623,50
0.829947050660849,100,100,100,100,100,1,5623,50
0.606724160956219,100,100,100,100,100,1,5623,50
0.933157626073807,100,100,100,100,100,1,5623,50
0.782787661300972,100,100,100,100,100,1,5623,50
0.52645478118211,100,100,100,100,100,1,5623,50
0.0729850081261247,100,100,100,100,100,1,5623,50
0.676766555057839,100,100,100,100,100,1,5623,50
0.0282821708824486,100,100,100,100,100,1,5623,50
0.700779007282108,100,100,100,100,100,1,5623,50
0.513294648146257,100,100,100,100,100,1,5623,50
0.861740195890889,100,100,100,100,100,1,5623,50
0.188228523824364,100,100,100,100,100,1,5623,50
0.271894139470533,100,100,100,100,100,1,5623,50
0.504567793570459,100,100,100,100,100,1,5623,50
0.0498596096877009,100,100,100,100,100,1,5623,50
0.807236222550273,100,100,100,100,100,1,5623,50
0.393597007496282,100,100,100,100,100,1,5623,50
0.449958487413824,100,100,100,100,100,1,5623,50
0.243079523555934,100,100,100,100,100,1,5623,50
