"p","truediv","chaoest","obsD","upper","lower","l","inds","reps"
0.0130827687680721,100,100,100,100,100,1,5623,50
0.290942374616861,100,100,100,100,100,1,5623,50
0.985282938694581,100,100,100,100,100,1,5623,50
0.412716829683632,100,100,100,100,100,1,5623,50
0.663041196297854,100,100,100,100,100,1,5623,50
0.420473403064534,100,100,100,100,100,1,5623,50
0.793624097714201,100,100,100,100,100,1,5623,50
0.613993184175342,100,100,100,100,100,1,5623,50
0.929078198736534,100,100,100,100,100,1,5623,50
0.700079109985381,100,100,100,100,100,1,5623,50
0.774042445002124,100,100,100,100,100,1,5623,50
0.351891747675836,100,100,100,100,100,1,5623,50
0.434273297665641,100,100,100,100,100,1,5623,50
0.137303577037528,100,100,100,100,100,1,5623,50
0.961496316129342,100,100,100,100,100,1,5623,50
0.501816833624616,100,100,100,100,100,1,5623,50
0.198665420059115,100,100,100,100,100,1,5623,50
0.707657042425126,100,100,100,100,100,1,5623,50
0.685797705082223,100,100,100,100,100,1,5623,50
0.386706782504916,100,100,100,100,100,1,5623,50
0.907921790145338,100,100,100,100,100,1,5623,50
0.662255432456732,100,100,100,100,100,1,5623,50
0.888551976997405,100,100,100,100,100,1,5623,50
0.896537652239203,100,100,100,100,100,1,5623,50
0.169686730019748,100,100,100,100,100,1,5623,50
0.779205800266936,100,100,100,100,100,1,5623,50
0.508618081454188,100,100,100,100,100,1,5623,50
0.0866719060577452,100,100,100,100,100,1,5623,50
0.224812531610951,100,100,100,100,100,1,5623,50
0.924452431499958,100,100,100,100,100,1,5623,50
0.22722761053592,100,100,100,100,100,1,5623,50
0.0245379291009158,100,100,100,100,100,1,5623,50
0.0954315094277263,100,100,100,100,100,1,5623,50
0.485701572848484,100,100,100,100,100,1,5623,50
0.848451586440206,100,100,100,100,100,1,5623,50
0.350351884495467,100,100,100,100,100,1,5623,50
0.501272017834708,100,100,100,100,100,1,5623,50
0.650871798861772,100,100,100,100,100,1,5623,50
0.489864189410582,100,100,100,100,100,1,5623,50
0.529253735672683,100,100,100,100,100,1,5623,50
0.40341576654464,100,100,100,100,100,1,5623,50
0.073984638787806,100,100,100,100,100,1,5623,50
0.0675070227589458,100,100,100,100,100,1,5623,50
0.099973164498806,100,100,100,100,100,1,5623,50
0.122464411193505,100,100,100,100,100,1,5623,50
0.976542802061886,100,100,100,100,100,1,5623,50
0.632424688432366,100,100,100,100,100,1,5623,50
0.417702223872766,100,100,100,100,100,1,5623,50
0.38655080460012,100,100,100,100,100,1,5623,50
0.383155708666891,100,100,100,100,100,1,5623,50
