"p","truediv","chaoest","obsD","upper","lower","l","inds","reps"
0.0201094604562968,100,100,100,100,100,1,5623,50
0.0136740452144295,100,100,100,100,100,1,5623,50
0.44105585757643,100,100,100,100,100,1,5623,50
0.66247460548766,100,100,100,100,100,1,5623,50
0.932024503592402,100,100,100,100,100,1,5623,50
0.679538673022762,100,100,100,100,100,1,5623,50
0.0990733276121318,100,100,100,100,100,1,5623,50
0.570701209129766,100,100,100,100,100,1,5623,50
0.798927201423794,100,100,100,100,100,1,5623,50
0.716720502125099,100,100,100,100,100,1,5623,50
0.881710547953844,100,100,100,100,100,1,5623,50
0.516680569853634,100,100,100,100,100,1,5623,50
0.929930647136644,100,100,100,100,100,1,5623,50
0.386215989710763,100,100,100,100,100,1,5623,50
0.387551647610962,100,100,100,100,100,1,5623,50
0.112337285419926,100,100,100,100,100,1,5623,50
0.339280826272443,100,100,100,100,100,1,5623,50
0.549069539876655,100,100,100,100,100,1,5623,50
0.0454988579731435,100,100,100,100,100,1,5623,50
0.931817336706445,100,100,100,100,100,1,5623,50
0.653333389433101,100,100,100,100,100,1,5623,50
0.318302579689771,100,100,100,100,100,1,5623,50
0.962792939506471,100,100,100,100,100,1,5623,50
0.573671423830092,100,100,100,100,100,1,5623,50
0.191135566448793,100,100,100,100,100,1,5623,50
0.4727460029535,100,100,100,100,100,1,5623,50
0.596465578535572,100,100,100,100,100,1,5623,50
0.00977389561012387,100,100,100,100,100,1,5623,50
0.274088344769552,100,100,100,100,100,1,5623,50
0.877621143124998,100,100,100,100,100,1,5623,50
0.60599906812422,100,100,100,100,100,1,5623,50
0.756456195609644,100,100,100,100,100,1,5623,50
0.947182195726782,100,100,100,100,100,1,5623,50
0.941869013942778,100,100,100,100,100,1,5623,50
0.726627558236942,100,100,100,100,100,1,5623,50
0.25025065918453,100,100,100,100,100,1,5623,50
0.25310393399559,100,100,100,100,100,1,5623,50
0.149878012714908,100,100,100,100,100,1,5623,50
0.888613569317386,100,100,100,100,100,1,5623,50
0.426472848979756,100,100,100,100,100,1,5623,50
0.898696109186858,100,100,100,100,100,1,5623,50
0.144887083908543,100,100,100,100,100,1,5623,50
5e-04,100,100,100,100.0005,100.0005,1,5623,50
0.205672468990088,100,100,100,100,100,1,5623,50
0.129878901178017,100,100,100,100,100,1,5623,50
0.189408116042614,100,100,100,100,100,1,5623,50
0.751809403765947,100,100,100,100,100,1,5623,50
0.274318388430402,100,100,100,100,100,1,5623,50
0.368929900927469,100,100,100,100,100,1,5623,50
0.241030944045633,100,100,100,100,100,1,5623,50
