"p","truediv","chaoest","obsD","upper","lower","l","inds","reps"
0.102313603507355,100,100,100,100,100,1,5623,50
0.0706542134284973,100,100,100,100,100,1,5623,50
0.161513675935566,100,100,100,100,100,1,5623,50
0.315208126557991,100,100,100,100,100,1,5623,50
0.00806393171660602,100,100,100,100,100,1,5623,50
0.0567731540650129,100,100,100,100,100,1,5623,50
0.520686404779553,100,100,100,100,100,1,5623,50
0.566618859302253,100,100,100,100,100,1,5623,50
0.546172162983567,100,100,100,100,100,1,5623,50
0.0204636191483587,100,100,100,100,100,1,5623,50
0.815561408642679,100,100,100,100,100,1,5623,50
0.107430579606444,100,100,100,100,100,1,5623,50
0.231252178549767,100,100,100,100,100,1,5623,50
0.0015,100,100,100,100.0015,100.0015,1,5623,50
0.45386209199205,100,100,100,100,100,1,5623,50
0.607826839433983,100,100,100,100,100,1,5623,50
0.277724130777642,100,100,100,100,100,1,5623,50
0.400311150820926,100,100,100,100,100,1,5623,50
0.687577018048614,100,100,100,100,100,1,5623,50
0.130306084873155,100,100,100,100,100,1,5623,50
0.0575713412836194,100,100,100,100,100,1,5623,50
0.801180646987632,100,100,100,100,100,1,5623,50
0.112763854442164,100,100,100,100,100,1,5623,50
0.846039053285494,100,100,100,100,100,1,5623,50
0.407829193631187,100,100,100,100,100,1,5623,50
0.333863536128774,100,100,100,100,100,1,5623,50
0.80728290299885,100,100,100,100,100,1,5623,50
0.613892196910456,100,100,100,100,100,1,5623,50
0.912371383514255,100,100,100,100,100,1,5623,50
0.252275829203427,100,100,100,100,100,1,5623,50
0.289205737179145,100,100,100,100,100,1,5623,50
0.775219543837011,100,100,100,100,100,1,5623,50
0.0655452078208327,100,100,100,100,100,1,5623,50
0.21059368411079,100,100,100,100,100,1,5623,50
0.162217689910904,100,100,100,100,100,1,5623,50
0.294664985965937,100,100,100,100,100,1,5623,50
0.468159672571346,100,100,100,100,100,1,5623,50
0.0189696119632572,100,100,100,100,100,1,5623,50
0.55175016541034,100,100,100,100,100,1,5623,50
0.671318933367729,100,100,100,100,100,1,5623,50
0.879297123290598,100,100,100,100,100,1,5623,50
0.35809684637934,100,100,100,100,100,1,5623,50
0.0140844723209739,100,100,100,100,100,1,5623,50
0.0304845366626978,100,100,100,100,100,1,5623,50
0.809174734400585,100,100,100,100,100,1,5623,50
0.0944822693709284,100,100,100,100,100,1,5623,50
0.675217027310282,100,100,100,100,100,1,5623,50
0.281409991206601,100,100,100,100,100,1,5623,50
0.746925073442981,100,100,100,100,100,1,5623,50
0.148320411564782,100,100,100,100,100,1,5623,50
