"p","truediv","chaoest","obsD","upper","lower","l","inds","reps"
0.0931959936860949,100,100,100,100,100,1,5623,50
0.445441973861307,100,100,100,100,100,1,5623,50
0.670251422096044,100,100,100,100,100,1,5623,50
0.260538836708292,100,100,100,100,100,1,5623,50
0.482798865996301,100,100,100,100,100,1,5623,50
0.664832496317104,100,100,100,100,100,1,5623,50
0.274116124724969,100,100,100,100,100,1,5623,50
0.542928540380672,100,100,100,100,100,1,5623,50
0.726012775907293,100,100,100,100,100,1,5623,50
0.677622753195465,100,100,100,100,100,1,5623,50
0.566892280010507,100,100,100,100,100,1,5623,50
0.423540994059294,100,100,100,100,100,1,5623,50
0.445723780663684,100,100,100,100,100,1,5623,50
0.595290627796203,100,100,100,100,100,1,5623,50
0.372561370022595,100,100,100,100,100,1,5623,50
0.611715527018532,100,100,100,100,100,1,5623,50
0.141417138976976,100,100,100,100,100,1,5623,50
0.893148376373574,100,100,100,100,100,1,5623,50
0.205871278652921,100,100,100,100,100,1,5623,50
0.689415061380714,100,100,100,100,100,1,5623,50
0.171087907627225,100,100,100,100,100,1,5623,50
0.980021654861048,100,100,100,100,100,1,5623,50
0.84517783834599,100,100,100,100,100,1,5623,50
0.29704919247888,100,100,100,100,100,1,5623,50
0.435673092026263,100,100,100,100,100,1,5623,50
0.0413886413443834,100,100,100,100,100,1,5623,50
0.2433912018314,100,100,100,100,100,1,5623,50
0.16123645263724,100,100,100,100,100,1,5623,50
0.873756626853719,100,100,100,100,100,1,5623,50
0.704333186848089,100,100,100,100,100,1,5623,50
0.506125607993454,100,100,100,100,100,1,5623,50
0.220317452447489,100,100,100,100,100,1,5623,50
0.310536541976035,100,100,100,100,100,1,5623,50
0.658001319505274,100,100,100,100,100,1,5623,50
0.70439205900766,100,100,100,100,100,1,5623,50
0.277170728193596,100,100,100,100,100,1,5623,50
0.754293358419091,100,100,100,100,100,1,5623,50
0.275700556114316,100,100,100,100,100,1,5623,50
0.249347669072449,100,100,100,100,100,1,5623,50
0.819709342205897,100,100,100,100,100,1,5623,50
0.261602920014411,100,100,100,100,100,1,5623,50
0.154926022747532,100,100,100,100,100,1,5623,50
0.280763805145398,100,100,100,100,100,1,5623,50
0.0505623370409012,100,100,100,100,100,1,5623,50
0.554824788821861,100,100,100,100,100,1,5623,50
0.305406069615856,100,100,100,100,100,1,5623,50
0.793329255888239,100,100,100,100,100,1,5623,50
0.541525513166562,100,100,100,100,100,1,5623,50
0.316389793530107,100,100,100,100,100,1,5623,50
0.37297405442223,100,100,100,100,100,1,5623,50
