"p","truediv","chaoest","obsD","upper","lower","l","inds","reps"
0.933237867895514,100,100,100,100,100,1,5623,50
0.813006377080455,100,100,100,100,100,1,5623,50
0.15910476166755,100,100,100,100,100,1,5623,50
0.959474887233227,100,100,100,100,100,1,5623,50
0.895388949662447,100,100,100,100,100,1,5623,50
0.747267329832539,100,100,100,100,100,1,5623,50
0.703130740439519,100,100,100,100,100,1,5623,50
0.991625840310007,100,100,100,100,100,1,5623,50
0.916372648905963,100,100,100,100,100,1,5623,50
0.412184881279245,100,100,100,100,100,1,5623,50
0.466612792573869,100,100,100,100,100,1,5623,50
0.229273112257943,100,100,100,100,100,1,5623,50
0.110886021051556,100,100,100,100,100,1,5623,50
0.00395036907866597,100,100,100,100,100,1,5623,50
0.548639674670994,100,100,100,100,100,1,5623,50
0.168855565134436,100,100,100,100,100,1,5623,50
0.414523384766653,100,100,100,100,100,1,5623,50
0.36184293916449,100,100,100,100,100,1,5623,50
0.394991266075522,100,100,100,100,100,1,5623,50
0.225917456205934,100,100,100,100,100,1,5623,50
0.330001143505797,100,100,100,100,100,1,5623,50
0.813741325167939,100,100,100,100,100,1,5623,50
0.174696656875312,100,100,100,100,100,1,5623,50
0.643574564484879,100,100,100,100,100,1,5623,50
0.539593748981133,100,100,100,100,100,1,5623,50
0.453729186207056,100,100,100,100,100,1,5623,50
0.929319050861523,100,100,100,100,100,1,5623,50
0.51226361002773,100,100,100,100,100,1,5623,50
0.962575640063733,100,100,100,100,100,1,5623,50
0.452808734495193,100,100,100,100,100,1,5623,50
0.675843153847381,100,100,100,100,100,1,5623,50
0.920696907676756,100,100,100,100,100,1,5623,50
0.103680251399055,100,100,100,100,100,1,5623,50
0.386345817241818,100,100,100,100,100,1,5623,50
0.399370099417865,100,100,100,100,100,1,5623,50
0.838740673381835,100,100,100,100,100,1,5623,50
0.697381232632324,100,100,100,100,100,1,5623,50
0.397801545448601,100,100,100,100,100,1,5623,50
0.427560645155609,100,100,100,100,100,1,5623,50
0.819506146013737,100,100,100,100,100,1,5623,50
0.864678820595145,100,100,100,100,100,1,5623,50
0.736717374995351,100,100,100,100,100,1,5623,50
0.974528486607596,100,100,100,100,100,1,5623,50
0.605951866367832,100,100,100,100,100,1,5623,50
0.884734571212903,100,100,100,100,100,1,5623,50
0.810066930018365,100,100,100,100,100,1,5623,50
0.695624209707603,100,100,100,100,100,1,5623,50
0.00996484677307308,100,100,100,100,100,1,5623,50
0.674700940959156,100,100,100,100,100,1,5623,50
0.625745199387893,100,100,100,100,100,1,5623,50
