"p","truediv","chaoest","obsD","upper","lower","l","inds","reps"
0.150164354825392,100,100,100,100,100,1,5623,50
0.302610977785662,100,100,100,100,100,1,5623,50
0.0857952104415745,100,100,100,100,100,1,5623,50
0.495706922374666,100,100,100,100,100,1,5623,50
0.589682898949832,100,100,100,100,100,1,5623,50
0.623480816371739,100,100,100,100,100,1,5623,50
0.716477174079046,100,100,100,100,100,1,5623,50
0.470933930017054,100,100,100,100,100,1,5623,50
0.857590789208189,100,100,100,100,100,1,5623,50
0.558878335403278,100,100,100,100,100,1,5623,50
0.55614918237552,100,100,100,100,100,1,5623,50
0.25920558325015,100,100,100,100,100,1,5623,50
0.6960379187949,100,100,100,100,100,1,5623,50
0.297805884154513,100,100,100,100,100,1,5623,50
0.987625851063058,100,100,100,100,100,1,5623,50
0.77763264067471,100,100,100,100,100,1,5623,50
0.509410731727257,100,100,100,100,100,1,5623,50
0.102509527932853,100,100,100,100,100,1,5623,50
0.893203284125775,100,100,100,100,100,1,5623,50
0.491072804899886,100,100,100,100,100,1,5623,50
0.63165907538496,100,100,100,100,100,1,5623,50
0.42147057200782,100,100,100,100,100,1,5623,50
0.712670531356707,100,100,100,100,100,1,5623,50
5e-04,100,100,100,100.0005,100.0005,1,5623,50
0.480696758953854,100,100,100,100,100,1,5623,50
0.7979504421819,100,100,100,100,100,1,5623,50
0.0531746644992381,100,100,100,100,100,1,5623,50
0.512516190996394,100,100,100,100,100,1,5623,50
0.701319756917655,100,100,100,100,100,1,5623,50
0.231522402493283,100,100,100,100,100,1,5623,50
0.555839375127107,100,100,100,100,100,1,5623,50
0.995989149669185,100,100,100,100,100,1,5623,50
0.993392786476761,100,100,100,100,100,1,5623,50
0.26798111689277,100,100,100,100,100,1,5623,50
0.603787577943876,100,100,100,100,100,1,5623,50
0.920297311386093,100,100,100,100,100,1,5623,50
0.0183098136913031,100,100,100,100,100,1,5623,50
0.00999669102020562,100,100,100,100,100,1,5623,50
0.626297557493672,100,100,100,100,100,1,5623,50
0.804544499609619,100,100,100,100,100,1,5623,50
0.055994089692831,100,100,100,100,100,1,5623,50
0.0337556260637939,100,100,100,100,100,1,5623,50
0.46386177605018,100,100,100,100,100,1,5623,50
0.336446275236085,100,100,100,100,100,1,5623,50
0.564392647705972,100,100,100,100,100,1,5623,50
0.827927955891937,100,100,100,100,100,1,5623,50
0.667689093854278,100,100,100,100,100,1,5623,50
0.035769305890426,100,100,100,100,100,1,5623,50
0.379886819515377,100,100,100,100,100,1,5623,50
0.270785128232092,100,100,100,100,100,1,5623,50
