"p","truediv","chaoest","obsD","upper","lower","l","inds","reps"
0.718351767864078,100,100,100,100,100,1,5623,50
0.630593775305897,100,100,100,100,100,1,5623,50
0.198681871173903,100,100,100,100,100,1,5623,50
0.360268014483154,100,100,100,100,100,1,5623,50
0.354685082333162,100,100,100,100,100,1,5623,50
0.856545058777556,100,100,100,100,100,1,5623,50
0.521864404669032,100,100,100,100,100,1,5623,50
0.406804706435651,100,100,100,100,100,1,5623,50
0.778016299242154,100,100,100,100,100,1,5623,50
0.57733373506926,100,100,100,100,100,1,5623,50
0.551474927924573,100,100,100,100,100,1,5623,50
0.472939048428088,100,100,100,100,100,1,5623,50
0.270870056934655,100,100,100,100,100,1,5623,50
0.560288001783192,100,100,100,100,100,1,5623,50
0.645296152448282,100,100,100,100,100,1,5623,50
0.442737037083134,100,100,100,100,100,1,5623,50
0.448800553102046,100,100,100,100,100,1,5623,50
0.566137098474428,100,100,100,100,100,1,5623,50
0.652470954926684,100,100,100,100,100,1,5623,50
0.03367905667983,100,100,100,100,100,1,5623,50
0.489008096745238,100,100,100,100,100,1,5623,50
0.824966942192987,100,100,100,100,100,1,5623,50
0.0393869834952056,100,100,100,100,100,1,5623,50
0.568567349808291,100,100,100,100,100,1,5623,50
0.348287040367723,100,100,100,100,100,1,5623,50
0.172721340088174,100,100,100,100,100,1,5623,50
0.689209364587441,100,100,100,100,100,1,5623,50
0.596041203010827,100,100,100,100,100,1,5623,50
0.407818827079609,100,100,100,100,100,1,5623,50
0.891234892653301,100,100,100,100,100,1,5623,50
0.594670127844438,100,100,100,100,100,1,5623,50
0.531885985750705,100,100,100,100,100,1,5623,50
0.183195292018354,100,100,100,100,100,1,5623,50
0.671200995566323,100,100,100,100,100,1,5623,50
0.982982282759622,100,100,100,100,100,1,5623,50
0.84164416231215,100,100,100,100,100,1,5623,50
0.434224824653938,100,100,100,100,100,1,5623,50
0.227275285404176,100,100,100,100,100,1,5623,50
0.199165359837934,100,100,100,100,100,1,5623,50
0.0607124960515648,100,100,100,100,100,1,5623,50
0.594252542359754,100,100,100,100,100,1,5623,50
0.347306811483577,100,100,100,100,100,1,5623,50
0.0802001340780407,100,100,100,100,100,1,5623,50
0.268185469089076,100,100,100,100,100,1,5623,50
0.874643753515556,100,100,100,100,100,1,5623,50
0.846440947148949,100,100,100,100,100,1,5623,50
0.447899680119008,100,100,100,100,100,1,5623,50
0.489708188921213,100,100,100,100,100,1,5623,50
0.110640726285055,100,100,100,100,100,1,5623,50
0.816782178822905,100,100,100,100,100,1,5623,50
