"p","truediv","chaoest","obsD","upper","lower","l","inds","reps"
0.101762804202735,100,100,100,100,100,1,3162,50
5e-04,100,100,100,100.0005,100.0005,1,3162,50
5e-04,100,100,100,100.0005,100.0005,1,3162,50
0.001,100,100,100,100.001,100.001,1,3162,50
0.0045,100,100,100,100.0045,100.0045,1,3162,50
0.002,100,100,100,100.002,100.002,1,3162,50
0.999361365567893,100,100,100,100,100,1,3162,50
0.001,100,100,100,100.001,100.001,1,3162,50
5e-04,100,100,100,100.0005,100.0005,1,3162,50
0.368524444289505,100,100,100,100,100,1,3162,50
5e-04,100,100,100,100.0005,100.0005,1,3162,50
5e-04,100,100,100,100.0005,100.0005,1,3162,50
0.0015,100,100,100,100.0015,100.0015,1,3162,50
5e-04,100,100,100,100.0005,100.0005,1,3162,50
5e-04,100,100,100,100.0005,100.0005,1,3162,50
0.0025,100,100,100,100.0025,100.0025,1,3162,50
0.291671513346955,100,100,100,100,100,1,3162,50
0.777010744670406,100,100,100,100,100,1,3162,50
0.9995,100,100,100,99.9997500790639,99.9997500790639,1,3162,50
0.0015,100,100,100,100.0015,100.0015,1,3162,50
0.282279175939038,100,100,100,100,100,1,3162,50
5e-04,100,100,100,100.0005,100.0005,1,3162,50
0.0065,100,100,100,100.006000158128,100.006000158128,1,3162,50
0.0630224919877946,100,100,100,100,100,1,3162,50
0.009,100,100,100,100.008250237192,100.008250237192,1,3162,50
0.0015,100,100,100,100.0015,100.0015,1,3162,50
0.433258012169972,100,100,100,100,100,1,3162,50
0.001,100,100,100,100.001,100.001,1,3162,50
0.021,100,100,100,100.020250237192,100.020250237192,1,3162,50
0.002,100,100,100,100.002,100.002,1,3162,50
0.229825471062213,100,100,100,100,100,1,3162,50
0.001,100,100,100,100.001,100.001,1,3162,50
0.734928013524041,100,100,100,100,100,1,3162,50
0.0025,100,100,100,100.0025,100.0025,1,3162,50
0.907858303515241,100,100,100,100,100,1,3162,50
0.874492485774681,100,100,100,100,100,1,3162,50
0.283956778701395,100,100,100,100,100,1,3162,50
5e-04,100,100,100,100.0005,100.0005,1,3162,50
0.001,100,100,100,100.000750079064,100.000750079064,1,3162,50
0.0015,100,100,100,100.0015,100.0015,1,3162,50
0.0516442391090095,100,100,100,100,100,1,3162,50
0.41763578937389,100,100,100,100,100,1,3162,50
5e-04,100,100,100,100.0005,100.0005,1,3162,50
5e-04,100,100,100,100.0005,100.0005,1,3162,50
0.834313421277329,100,100,100,100,100,1,3162,50
0.0085,100,100,100,100.0085,100.0085,1,3162,50
0.481790418270975,100,100,100,100,100,1,3162,50
0.006,100,100,100,100.005250237192,100.005250237192,1,3162,50
0.498769013443962,100,100,100,100,100,1,3162,50
0.0015,100,100,100,100.0015,100.0015,1,3162,50
