"p","truediv","chaoest","obsD","upper","lower","l","inds","reps"
0.879679665202275,100,100,100,100,100,1,5623,50
0.128992746351287,100,100,100,100,100,1,5623,50
0.971719542983919,100,100,100,100,100,1,5623,50
0.661925954511389,100,100,100,100,100,1,5623,50
0.414411977399141,100,100,100,100,100,1,5623,50
0.430307635338977,100,100,100,100,100,1,5623,50
0.700633422005922,100,100,100,100,100,1,5623,50
0.663599681807682,100,100,100,100,100,1,5623,50
0.00638785096816719,100,100,100,100,100,1,5623,50
0.0253393582534045,100,100,100,100,100,1,5623,50
0.186591049656272,100,100,100,100,100,1,5623,50
0.297608657972887,100,100,100,100,100,1,5623,50
0.266267889179289,100,100,100,100,100,1,5623,50
0.624863752396777,100,100,100,100,100,1,5623,50
0.150340889580548,100,100,100,100,100,1,5623,50
0.312852883012965,100,100,100,100,100,1,5623,50
0.790789328282699,100,100,100,100,100,1,5623,50
0.528158184140921,100,100,100,100,100,1,5623,50
0.269951521186158,100,100,100,100,100,1,5623,50
0.418162580579519,100,100,100,100,100,1,5623,50
0.877745079807937,100,100,100,100,100,1,5623,50
0.721300985198468,100,100,100,100,100,1,5623,50
0.367184104397893,100,100,100,100,100,1,5623,50
0.492011854657903,100,100,100,100,100,1,5623,50
0.571486955974251,100,100,100,100,100,1,5623,50
0.965172555064783,100,100,100,100,100,1,5623,50
0.674085838487372,100,100,100,100,100,1,5623,50
0.544762991368771,100,100,100,100,100,1,5623,50
0.996756295440719,100,100,100,100,100,1,5623,50
0.51074832957238,100,100,100,100,100,1,5623,50
0.721181961009279,100,100,100,100,100,1,5623,50
0.494082242017612,100,100,100,100,100,1,5623,50
0.124761365819722,100,100,100,100,100,1,5623,50
0.437447214499116,100,100,100,100,100,1,5623,50
0.224475353723392,100,100,100,100,100,1,5623,50
0.719026091974229,100,100,100,100,100,1,5623,50
0.956859634490684,100,100,100,100,100,1,5623,50
0.784142574528232,100,100,100,100,100,1,5623,50
0.100456197280437,100,100,100,100,100,1,5623,50
0.0762767854612321,100,100,100,100,100,1,5623,50
0.371511103585362,100,100,100,100,100,1,5623,50
0.941781546920538,100,100,100,100,100,1,5623,50
0.575654996559024,100,100,100,100,100,1,5623,50
0.579155373387039,100,100,100,100,100,1,5623,50
0.00607718178071082,100,100,100,100,100,1,5623,50
0.50849243067205,100,100,100,100,100,1,5623,50
0.392117011360824,100,100,100,100,100,1,5623,50
0.126762393862009,100,100,100,100,100,1,5623,50
0.289395304629579,100,100,100,100,100,1,5623,50
0.193914130330086,100,100,100,100,100,1,5623,50
