"p","truediv","chaoest","obsD","upper","lower","l","inds","reps"
0.563393737422302,100,100,100,100,100,1,5623,50
0.923808714840561,100,100,100,100,100,1,5623,50
0.349588174372911,100,100,100,100,100,1,5623,50
0.362127361353487,100,100,100,100,100,1,5623,50
0.667803252581507,100,100,100,100,100,1,5623,50
0.329585291678086,100,100,100,100,100,1,5623,50
0.594062879448757,100,100,100,100,100,1,5623,50
0.432371801696718,100,100,100,100,100,1,5623,50
0.213686271104962,100,100,100,100,100,1,5623,50
0.71028391760774,100,100,100,100,100,1,5623,50
0.173648748779669,100,100,100,100,100,1,5623,50
0.751553501235321,100,100,100,100,100,1,5623,50
0.129403407452628,100,100,100,100,100,1,5623,50
0.517791193444282,100,100,100,100,100,1,5623,50
0.0935802971944213,100,100,100,100,100,1,5623,50
0.112546290038154,100,100,100,100,100,1,5623,50
0.885467324638739,100,100,100,100,100,1,5623,50
0.23603030317463,100,100,100,100,100,1,5623,50
0.21751986304298,100,100,100,100,100,1,5623,50
0.128125499701127,100,100,100,100,100,1,5623,50
0.185369371436536,100,100,100,100,100,1,5623,50
0.39925149967894,100,100,100,100,100,1,5623,50
0.228843485470861,100,100,100,100,100,1,5623,50
0.324434933019802,100,100,100,100,100,1,5623,50
0.111100206850097,100,100,100,100,100,1,5623,50
0.834313218016177,100,100,100,100,100,1,5623,50
0.938558834139258,100,100,100,100,100,1,5623,50
0.00254675769247115,100,100,100,100,100,1,5623,50
0.688513984670863,100,100,100,100,100,1,5623,50
0.363097036490217,100,100,100,100,100,1,5623,50
0.822946446016431,100,100,100,100,100,1,5623,50
0.554978297557682,100,100,100,100,100,1,5623,50
0.491023374721408,100,100,100,100,100,1,5623,50
0.208166784606874,100,100,100,100,100,1,5623,50
0.777092179749161,100,100,100,100,100,1,5623,50
0.604368305532262,100,100,100,100,100,1,5623,50
0.439084016252309,100,100,100,100,100,1,5623,50
0.836166891735047,100,100,100,100,100,1,5623,50
0.211927653523162,100,100,100,100,100,1,5623,50
0.460359929827973,100,100,100,100,100,1,5623,50
0.736718411557376,100,100,100,100,100,1,5623,50
0.747283546254039,100,100,100,100,100,1,5623,50
0.84030024567619,100,100,100,100,100,1,5623,50
0.950392065569758,100,100,100,100,100,1,5623,50
0.968945080414414,100,100,100,100,100,1,5623,50
0.174163337098435,100,100,100,100,100,1,5623,50
0.123340622521937,100,100,100,100,100,1,5623,50
0.639033048879355,100,100,100,100,100,1,5623,50
0.882048548897728,100,100,100,100,100,1,5623,50
0.20313764270395,100,100,100,100,100,1,5623,50
