"p","truediv","chaoest","obsD","upper","lower","l","inds","reps"
0.97812414704822,100,100,100,100,100,1,5623,50
0.0512833283282816,100,100,100,100,100,1,5623,50
0.934494714485481,100,100,100,100,100,1,5623,50
0.531120957341045,100,100,100,100,100,1,5623,50
0.80246045999229,100,100,100,100,100,1,5623,50
0.908713089535013,100,100,100,100,100,1,5623,50
0.180636156583205,100,100,100,100,100,1,5623,50
0.849798548966646,100,100,100,100,100,1,5623,50
0.0939334791619331,100,100,100,100,100,1,5623,50
0.101984543260187,100,100,100,100,100,1,5623,50
0.176498589338735,100,100,100,100,100,1,5623,50
0.746661769459024,100,100,100,100,100,1,5623,50
0.192512224661186,100,100,100,100,100,1,5623,50
0.480118693318218,100,100,100,100,100,1,5623,50
0.107571967178956,100,100,100,100,100,1,5623,50
0.9032941123005,100,100,100,100,100,1,5623,50
0.776903438847512,100,100,100,100,100,1,5623,50
0.162802557693794,100,100,100,100,100,1,5623,50
0.445920726982877,100,100,100,100,100,1,5623,50
0.146817205008119,100,100,100,100,100,1,5623,50
0.0763547059614211,100,100,100,100,100,1,5623,50
0.000945120584219694,100,100,100,100,100,1,5623,50
0.114073793170974,100,100,100,100,100,1,5623,50
0.783720920328051,100,100,100,100,100,1,5623,50
0.373970514629036,100,100,100,100,100,1,5623,50
0.0132288783788681,100,100,100,100,100,1,5623,50
0.565735245123506,100,100,100,100,100,1,5623,50
0.890919794561341,100,100,100,100,100,1,5623,50
0.587873560376465,100,100,100,100,100,1,5623,50
0.213673701044172,100,100,100,100,100,1,5623,50
0.0700427144765854,100,100,100,100,100,1,5623,50
0.129615549696609,100,100,100,100,100,1,5623,50
0.930032041389495,100,100,100,100,100,1,5623,50
0.037442929809913,100,100,100,100,100,1,5623,50
0.673282829811797,100,100,100,100,100,1,5623,50
0.751855847425759,100,100,100,100,100,1,5623,50
0.250724711688235,100,100,100,100,100,1,5623,50
0.759501178050414,100,100,100,100,100,1,5623,50
0.936836940702051,100,100,100,100,100,1,5623,50
0.317757637472823,100,100,100,100,100,1,5623,50
0.853665930451825,100,100,100,100,100,1,5623,50
0.883663559798151,100,100,100,100,100,1,5623,50
0.693979093339294,100,100,100,100,100,1,5623,50
0.840648314682767,100,100,100,100,100,1,5623,50
0.993130384478718,100,100,100,100,100,1,5623,50
0.985541447065771,100,100,100,100,100,1,5623,50
0.659394077956676,100,100,100,100,100,1,5623,50
0.82757033011876,100,100,100,100,100,1,5623,50
0.334549941122532,100,100,100,100,100,1,5623,50
0.728236108319834,100,100,100,100,100,1,5623,50
