"p","truediv","chaoest","obsD","upper","lower","l","inds","reps"
0.103396005462855,100,100,100,100,100,1,5623,50
0.538210471393541,100,100,100,100,100,1,5623,50
0.0987332910299301,100,100,100,100,100,1,5623,50
0.555460404604673,100,100,100,100,100,1,5623,50
0.675255595706403,100,100,100,100,100,1,5623,50
0.0477224439382553,100,100,100,100,100,1,5623,50
0.234752581920475,100,100,100,100,100,1,5623,50
0.256136403186247,100,100,100,100,100,1,5623,50
0.889095570659265,100,100,100,100,100,1,5623,50
0.780372948618606,100,100,100,100,100,1,5623,50
0.341713320696726,100,100,100,100,100,1,5623,50
0.5436822460033,100,100,100,100,100,1,5623,50
0.989329367643222,100,100,100,100,100,1,5623,50
0.838282003998756,100,100,100,100,100,1,5623,50
0.126279728021473,100,100,100,100,100,1,5623,50
0.183864515041932,100,100,100,100,100,1,5623,50
0.720258673187345,100,100,100,100,100,1,5623,50
0.273311028722674,100,100,100,100,100,1,5623,50
0.802858769893646,100,100,100,100,100,1,5623,50
0.0709127790760249,100,100,100,100,100,1,5623,50
0.10460680606775,100,100,100,100,100,1,5623,50
0.302769364323467,100,100,100,100,100,1,5623,50
0.75590674392879,100,100,100,100,100,1,5623,50
0.661072770133615,100,100,100,100,100,1,5623,50
0.119125327793881,100,100,100,100,100,1,5623,50
0.0170718654990196,100,100,100,100,100,1,5623,50
0.903670259518549,100,100,100,100,100,1,5623,50
0.255823715822771,100,100,100,100,100,1,5623,50
0.554514506133273,100,100,100,100,100,1,5623,50
0.493536746827886,100,100,100,100,100,1,5623,50
0.44855879782699,100,100,100,100,100,1,5623,50
0.615955454297364,100,100,100,100,100,1,5623,50
0.394457718590274,100,100,100,100,100,1,5623,50
0.232648032717407,100,100,100,100,100,1,5623,50
0.0502829700708389,100,100,100,100,100,1,5623,50
0.318977231159806,100,100,100,100,100,1,5623,50
0.112504043383524,100,100,100,100,100,1,5623,50
0.675027756486088,100,100,100,100,100,1,5623,50
0.460756059968844,100,100,100,100,100,1,5623,50
0.537983942078426,100,100,100,100,100,1,5623,50
0.202257141005248,100,100,100,100,100,1,5623,50
0.321914583211765,100,100,100,100,100,1,5623,50
0.354457275243476,100,100,100,100,100,1,5623,50
0.375464437762275,100,100,100,100,100,1,5623,50
0.41943559423089,100,100,100,100,100,1,5623,50
0.999913627747446,100,100,100,100,100,1,5623,50
0.961122227134183,100,100,100,100,100,1,5623,50
0.329292519716546,100,100,100,100,100,1,5623,50
0.935430362820625,100,100,100,100,100,1,5623,50
0.0534453126601875,100,100,100,100,100,1,5623,50
