"p","truediv","chaoest","obsD","upper","lower","l","inds","reps"
0.870240258052945,100,100,100,100,100,1,5623,50
0.270455997670069,100,100,100,100,100,1,5623,50
0.392929950961843,100,100,100,100,100,1,5623,50
0.230325673008338,100,100,100,100,100,1,5623,50
0.849226702004671,100,100,100,100,100,1,5623,50
0.249850428197533,100,100,100,100,100,1,5623,50
0.0308938764501363,100,100,100,100,100,1,5623,50
0.360604667104781,100,100,100,100,100,1,5623,50
0.839678172254935,100,100,100,100,100,1,5623,50
0.337415524059907,100,100,100,100,100,1,5623,50
0.979365365114063,100,100,100,100,100,1,5623,50
0.189073749817908,100,100,100,100,100,1,5623,50
0.865675691748038,100,100,100,100,100,1,5623,50
0.226773536764085,100,100,100,100,100,1,5623,50
0.765322013059631,100,100,100,100,100,1,5623,50
0.213857908267528,100,100,100,100,100,1,5623,50
0.894255265360698,100,100,100,100,100,1,5623,50
0.788740294985473,100,100,100,100,100,1,5623,50
0.717314328998327,100,100,100,100,100,1,5623,50
0.562613697955385,100,100,100,100,100,1,5623,50
0.889441940933466,100,100,100,100,100,1,5623,50
0.613493545213714,100,100,100,100,100,1,5623,50
0.123620247235522,100,100,100,100,100,1,5623,50
0.643378356005996,100,100,100,100,100,1,5623,50
0.662762448191643,100,100,100,100,100,1,5623,50
0.442769625224173,100,100,100,100,100,1,5623,50
0.857137139420956,100,100,100,100,100,1,5623,50
0.269858406390995,100,100,100,100,100,1,5623,50
0.584444316336885,100,100,100,100,100,1,5623,50
0.981938215671107,100,100,100,100,100,1,5623,50
0.246999193448573,100,100,100,100,100,1,5623,50
0.310459925560281,100,100,100,100,100,1,5623,50
0.659971144516021,100,100,100,100,100,1,5623,50
0.482395800529048,100,100,100,100,100,1,5623,50
0.355120475171134,100,100,100,100,100,1,5623,50
0.460625763982534,100,100,100,100,100,1,5623,50
0.648775133769959,100,100,100,100,100,1,5623,50
0.0103325420059264,100,100,100,100,100,1,5623,50
0.548958688508719,100,100,100,100,100,1,5623,50
0.561566053656861,100,100,100,100,100,1,5623,50
0.612208169419318,100,100,100,100,100,1,5623,50
0.856926098233089,100,100,100,100,100,1,5623,50
0.348952021449804,100,100,100,100,100,1,5623,50
0.36754997051321,100,100,100,100,100,1,5623,50
0.103148400550708,100,100,100,100,100,1,5623,50
0.584248362574726,100,100,100,100,100,1,5623,50
0.385081654414535,100,100,100,100,100,1,5623,50
0.252206337405369,100,100,100,100,100,1,5623,50
0.26455288589932,100,100,100,100,100,1,5623,50
0.0831970809958875,100,100,100,100,100,1,5623,50
