"p","truediv","chaoest","obsD","upper","lower","l","inds","reps"
0.275855138432235,100,100,100,100,100,1,5623,50
0.379406705033034,100,100,100,100,100,1,5623,50
0.365263789892197,100,100,100,100,100,1,5623,50
0.692094792611897,100,100,100,100,100,1,5623,50
0.31119536748156,100,100,100,100,100,1,5623,50
0.791114857885987,100,100,100,100,100,1,5623,50
0.87856450653635,100,100,100,100,100,1,5623,50
0.122054103994742,100,100,100,100,100,1,5623,50
0.93225549836643,100,100,100,100,100,1,5623,50
0.500698320101947,100,100,100,100,100,1,5623,50
0.607037448091432,100,100,100,100,100,1,5623,50
0.746462555369362,100,100,100,100,100,1,5623,50
0.507554556010291,100,100,100,100,100,1,5623,50
0.449294803664088,100,100,100,100,100,1,5623,50
0.914524936350062,100,100,100,100,100,1,5623,50
0.928843647474423,100,100,100,100,100,1,5623,50
0.961372882127762,100,100,100,100,100,1,5623,50
0.0773627758026123,100,100,100,100,100,1,5623,50
0.574176281224936,100,100,100,100,100,1,5623,50
0.136294377967715,100,100,100,100,100,1,5623,50
0.864353233715519,100,100,100,100,100,1,5623,50
0.458738582441583,100,100,100,100,100,1,5623,50
0.694747878005728,100,100,100,100,100,1,5623,50
0.354765275958925,100,100,100,100,100,1,5623,50
0.298464856809005,100,100,100,100,100,1,5623,50
0.130723714828491,100,100,100,100,100,1,5623,50
0.407417136710137,100,100,100,100,100,1,5623,50
0.803877928992733,100,100,100,100,100,1,5623,50
0.610272081801668,100,100,100,100,100,1,5623,50
0.0860870357137173,100,100,100,100,100,1,5623,50
0.739484710618854,100,100,100,100,100,1,5623,50
0.831399582559243,100,100,100,100,100,1,5623,50
0.729815573897213,100,100,100,100,100,1,5623,50
0.890569058246911,100,100,100,100,100,1,5623,50
0.928295583929867,100,100,100,100,100,1,5623,50
0.379171015694737,100,100,100,100,100,1,5623,50
0.817611323669553,100,100,100,100,100,1,5623,50
0.44898431468755,100,100,100,100,100,1,5623,50
0.484076478984207,100,100,100,100,100,1,5623,50
0.0658182078041136,100,100,100,100,100,1,5623,50
0.581327060470358,100,100,100,100,100,1,5623,50
0.186417463468388,100,100,100,100,100,1,5623,50
0.681449987692758,100,100,100,100,100,1,5623,50
0.77104792627506,100,100,100,100,100,1,5623,50
0.78324961126782,100,100,100,100,100,1,5623,50
0.536695631453767,100,100,100,100,100,1,5623,50
0.665232892613858,100,100,100,100,100,1,5623,50
0.242122335359454,100,100,100,100,100,1,5623,50
0.350836803438142,100,100,100,100,100,1,5623,50
0.774381412891671,100,100,100,100,100,1,5623,50
