"p","truediv","chaoest","obsD","upper","lower","l","inds","reps"
0.960517559899017,100,100,100,100,100,1,5623,50
0.749948146985844,100,100,100,100,100,1,5623,50
0.735530791338533,100,100,100,100,100,1,5623,50
0.138489137869328,100,100,100,100,100,1,5623,50
0.408724290784448,100,100,100,100,100,1,5623,50
0.0890475406777114,100,100,100,100,100,1,5623,50
5e-04,100,100,100,100.0005,100.0005,1,5623,50
0.462874577846378,100,100,100,100,100,1,5623,50
0.439390220213681,100,100,100,100,100,1,5623,50
0.896653987234458,100,100,100,100,100,1,5623,50
0.291230583330616,100,100,100,100,100,1,5623,50
0.880977952620015,100,100,100,100,100,1,5623,50
0.793145213043317,100,100,100,100,100,1,5623,50
0.0851088513154536,100,100,100,100,100,1,5623,50
0.18628065683879,100,100,100,100,100,1,5623,50
0.605562036158517,100,100,100,100,100,1,5623,50
0.205498680705205,100,100,100,100,100,1,5623,50
0.764577961759642,100,100,100,100,100,1,5623,50
0.729393993038684,100,100,100,100,100,1,5623,50
0.940257487585768,100,100,100,100,100,1,5623,50
0.593965134816244,100,100,100,100,100,1,5623,50
0.576001535868272,100,100,100,100,100,1,5623,50
0.696286160731688,100,100,100,100,100,1,5623,50
0.277895937906578,100,100,100,100,100,1,5623,50
0.282306644134223,100,100,100,100,100,1,5623,50
0.301684259669855,100,100,100,100,100,1,5623,50
0.0015,100,100,100,100.0015,100.0015,1,5623,50
0.517730599269271,100,100,100,100,100,1,5623,50
0.286411102861166,100,100,100,100,100,1,5623,50
0.432810345198959,100,100,100,100,100,1,5623,50
0.601687247399241,100,100,100,100,100,1,5623,50
0.445040500955656,100,100,100,100,100,1,5623,50
0.466077049961314,100,100,100,100,100,1,5623,50
0.366968902759254,100,100,100,100,100,1,5623,50
0.210824084468186,100,100,100,100,100,1,5623,50
0.809899826766923,100,100,100,100,100,1,5623,50
0.0664690514095128,100,100,100,100,100,1,5623,50
0.323820939520374,100,100,100,100,100,1,5623,50
0.813754793955013,100,100,100,100,100,1,5623,50
0.844851633533835,100,100,100,100,100,1,5623,50
0.523520804708824,100,100,100,100,100,1,5623,50
0.96412771823816,100,100,100,100,100,1,5623,50
0.543616702081636,100,100,100,100,100,1,5623,50
0.986387498443946,100,100,100,100,100,1,5623,50
0.336121479514986,100,100,100,100,100,1,5623,50
0.324100613128394,100,100,100,100,100,1,5623,50
0.195791161619127,100,100,100,100,100,1,5623,50
0.476141226943582,100,100,100,100,100,1,5623,50
0.385126036824659,100,100,100,100,100,1,5623,50
0.124799539335072,100,100,100,100,100,1,5623,50
