"p","truediv","chaoest","obsD","upper","lower","l","inds","reps"
0.864282480208203,100,100,100,100,100,1,5623,50
0.160160018829629,100,100,100,100,100,1,5623,50
0.116290383972228,100,100,100,100,100,1,5623,50
0.700082466006279,100,100,100,100,100,1,5623,50
0.940836921567097,100,100,100,100,100,1,5623,50
0.743738874327391,100,100,100,100,100,1,5623,50
0.264560928102583,100,100,100,100,100,1,5623,50
0.109008713392541,100,100,100,100,100,1,5623,50
0.609734835568815,100,100,100,100,100,1,5623,50
0.00732856756076217,100,100,100,100,100,1,5623,50
0.460355252027512,100,100,100,100,100,1,5623,50
0.808151416247711,100,100,100,100,100,1,5623,50
0.812075135530904,100,100,100,100,100,1,5623,50
0.997862356947735,100,100,100,100,100,1,5623,50
0.871057946467772,100,100,100,100,100,1,5623,50
0.00138783315196633,100,100,100,100,100,1,5623,50
0.674514088081196,100,100,100,100,100,1,5623,50
0.377229180885479,100,100,100,100,100,1,5623,50
0.183865429600701,100,100,100,100,100,1,5623,50
5e-04,100,100,100,100.0005,100.0005,1,5623,50
0.734890772728249,100,100,100,100,100,1,5623,50
0.04013556917198,100,100,100,100,100,1,5623,50
0.402196613373235,100,100,100,100,100,1,5623,50
0.115206924499944,100,100,100,100,100,1,5623,50
0.843630858464167,100,100,100,100,100,1,5623,50
0.0334642683155835,100,100,100,100,100,1,5623,50
0.751935356296599,100,100,100,100,100,1,5623,50
0.898495155386627,100,100,100,100,100,1,5623,50
0.328014620346949,100,100,100,100,100,1,5623,50
0.511034077266231,100,100,100,100,100,1,5623,50
0.111425800248981,100,100,100,100,100,1,5623,50
0.78826083173044,100,100,100,100,100,1,5623,50
0.690003406954929,100,100,100,100,100,1,5623,50
0.437186497962102,100,100,100,100,100,1,5623,50
0.0168312047608197,100,100,100,100,100,1,5623,50
0.258978499798104,100,100,100,100,100,1,5623,50
0.9953470651526,100,100,100,100,100,1,5623,50
0.105423351516947,100,100,100,100,100,1,5623,50
5e-04,100,100,100,100.0005,100.0005,1,5623,50
0.241819815943018,100,100,100,100,100,1,5623,50
0.412397073348984,100,100,100,100,100,1,5623,50
0.0910144567023963,100,100,100,100,100,1,5623,50
0.915459881071001,100,100,100,100,100,1,5623,50
0.87283973256126,100,100,100,100,100,1,5623,50
0.141795771662146,100,100,100,100,100,1,5623,50
0.870266337413341,100,100,100,100,100,1,5623,50
0.873308945447206,100,100,100,100,100,1,5623,50
0.435019364813343,100,100,100,100,100,1,5623,50
0.992073886329308,100,100,100,100,100,1,5623,50
0.122984278015792,100,100,100,100,100,1,5623,50
