"p","truediv","chaoest","obsD","upper","lower","l","inds","reps"
0.682538032531738,100,100,100,100,100,1,5623,50
0.00466582900844514,100,100,100,100,100,1,5623,50
0.216052918229252,100,100,100,100,100,1,5623,50
0.502590931952,100,100,100,100,100,1,5623,50
0.849366965005174,100,100,100,100,100,1,5623,50
0.307566958945245,100,100,100,100,100,1,5623,50
0.531473289476708,100,100,100,100,100,1,5623,50
0.0423591071739793,100,100,100,100,100,1,5623,50
0.929513221373782,100,100,100,100,100,1,5623,50
0.00796092487871647,100,100,100,100,100,1,5623,50
0.787284992868081,100,100,100,100,100,1,5623,50
0.736956311389804,100,100,100,100,100,1,5623,50
0.415203329175711,100,100,100,100,100,1,5623,50
0.758169251959771,100,100,100,100,100,1,5623,50
0.508365728659555,100,100,100,100,100,1,5623,50
0.0811835336498916,100,100,100,100,100,1,5623,50
0.0470488239079714,100,100,100,100,100,1,5623,50
0.440150340786204,100,100,100,100,100,1,5623,50
0.476917910389602,100,100,100,100,100,1,5623,50
0.635861373739317,100,100,100,100,100,1,5623,50
5e-04,100,100,100,100.0005,100.0005,1,5623,50
0.0367672680877149,100,100,100,100,100,1,5623,50
0.901044223457575,100,100,100,100,100,1,5623,50
0.558302275370806,100,100,100,100,100,1,5623,50
0.152596660656855,100,100,100,100,100,1,5623,50
0.695546815637499,100,100,100,100,100,1,5623,50
0.917400621343404,100,100,100,100,100,1,5623,50
0.491374984616414,100,100,100,100,100,1,5623,50
0.74145172117278,100,100,100,100,100,1,5623,50
0.321027124300599,100,100,100,100,100,1,5623,50
0.629449961474165,100,100,100,100,100,1,5623,50
0.0632997089996934,100,100,100,100,100,1,5623,50
0.993265730096027,100,100,100,100,100,1,5623,50
0.119523969711736,100,100,100,100,100,1,5623,50
0.970339291729033,100,100,100,100,100,1,5623,50
0.648059742758051,100,100,100,100,100,1,5623,50
0.172731882194057,100,100,100,100,100,1,5623,50
0.843536441447213,100,100,100,100,100,1,5623,50
5e-04,100,100,100,100.0005,100.0005,1,5623,50
0.560766910202801,100,100,100,100,100,1,5623,50
0.264527422841638,100,100,100,100,100,1,5623,50
0.0792540593538433,100,100,100,100,100,1,5623,50
0.292486117454246,100,100,100,100,100,1,5623,50
0.403175956802443,100,100,100,100,100,1,5623,50
0.162311509018764,100,100,100,100,100,1,5623,50
0.0284073813818395,100,100,100,100,100,1,5623,50
0.968880914384499,100,100,100,100,100,1,5623,50
0.07421337463893,100,100,100,100,100,1,5623,50
0.762110101059079,100,100,100,100,100,1,5623,50
0.727023627609015,100,100,100,100,100,1,5623,50
