"p","truediv","chaoest","obsD","upper","lower","l","inds","reps"
0.982541167642921,100,100,100,100,100,1,5623,50
0.486443981993943,100,100,100,100,100,1,5623,50
0.440124858636409,100,100,100,100,100,1,5623,50
0.524120340356603,100,100,100,100,100,1,5623,50
0.168853706680238,100,100,100,100,100,1,5623,50
0.0906301233917475,100,100,100,100,100,1,5623,50
0.365072764456272,100,100,100,100,100,1,5623,50
0.390000000828877,100,100,100,100,100,1,5623,50
0.992033353308216,100,100,100,100,100,1,5623,50
0.401024908060208,100,100,100,100,100,1,5623,50
0.0999111121054739,100,100,100,100,100,1,5623,50
0.762022806331515,100,100,100,100,100,1,5623,50
0.0892681397963315,100,100,100,100,100,1,5623,50
0.991689700400457,100,100,100,100,100,1,5623,50
0.1360920262523,100,100,100,100,100,1,5623,50
0.973557373974472,100,100,100,100,100,1,5623,50
0.312387120909989,100,100,100,100,100,1,5623,50
0.373079155106097,100,100,100,100,100,1,5623,50
0.75470621464774,100,100,100,100,100,1,5623,50
0.641888053389266,100,100,100,100,100,1,5623,50
0.273585144197568,100,100,100,100,100,1,5623,50
0.306891781510785,100,100,100,100,100,1,5623,50
0.847536000423133,100,100,100,100,100,1,5623,50
0.84288910869509,100,100,100,100,100,1,5623,50
0.901719443267211,100,100,100,100,100,1,5623,50
0.257905801991001,100,100,100,100,100,1,5623,50
0.426184704527259,100,100,100,100,100,1,5623,50
0.60847257100977,100,100,100,100,100,1,5623,50
0.12168678548187,100,100,100,100,100,1,5623,50
0.0490434975363314,100,100,100,100,100,1,5623,50
0.780209849355742,100,100,100,100,100,1,5623,50
0.997287230333313,100,100,100,100,100,1,5623,50
0.185034055495635,100,100,100,100,100,1,5623,50
0.042624676367268,100,100,100,100,100,1,5623,50
0.0237398818135262,100,100,100,100,100,1,5623,50
0.536876788362861,100,100,100,100,100,1,5623,50
0.418863122118637,100,100,100,100,100,1,5623,50
0.927951931254938,100,100,100,100,100,1,5623,50
0.83990050572902,100,100,100,100,100,1,5623,50
0.077102272072807,100,100,100,100,100,1,5623,50
0.573135600192472,100,100,100,100,100,1,5623,50
0.42339386837557,100,100,100,100,100,1,5623,50
0.16537552466616,100,100,100,100,100,1,5623,50
0.35940243746154,100,100,100,100,100,1,5623,50
0.392294434597716,100,100,100,100,100,1,5623,50
0.275703325867653,100,100,100,100,100,1,5623,50
0.0331868750508875,100,100,100,100,100,1,5623,50
0.99575964268297,100,100,100,100,100,1,5623,50
0.154035765910521,100,100,100,100,100,1,5623,50
0.530269777867943,100,100,100,100,100,1,5623,50
