"p","truediv","chaoest","obsD","upper","lower","l","inds","reps"
0.386423339135945,100,100,100,100,100,1,5623,50
0.340806228807196,100,100,100,100,100,1,5623,50
0.50219232449308,100,100,100,100,100,1,5623,50
0.511282545281574,100,100,100,100,100,1,5623,50
0.30161796649918,100,100,100,100,100,1,5623,50
0.157839215360582,100,100,100,100,100,1,5623,50
0.706059461692348,100,100,100,100,100,1,5623,50
0.725902767619118,100,100,100,100,100,1,5623,50
0.747203241568059,100,100,100,100,100,1,5623,50
0.736703129019588,100,100,100,100,100,1,5623,50
0.138714117696509,100,100,100,100,100,1,5623,50
0.980680724605918,100,100,100,100,100,1,5623,50
0.001,100,100,100,100.001,100.001,1,5623,50
0.865785475354642,100,100,100,100,100,1,5623,50
0.785115852020681,100,100,100,100,100,1,5623,50
0.177924644201994,100,100,100,100,100,1,5623,50
0.955989981302992,100,100,100,100,100,1,5623,50
0.853524709586054,100,100,100,100,100,1,5623,50
0.418611893430352,100,100,100,100,100,1,5623,50
0.365538437617943,100,100,100,100,100,1,5623,50
0.157372862566262,100,100,100,100,100,1,5623,50
0.337250629672781,100,100,100,100,100,1,5623,50
0.0647396182175726,100,100,100,100,100,1,5623,50
0.407703954027966,100,100,100,100,100,1,5623,50
0.0108785680495203,100,100,100,100,100,1,5623,50
0.513038259465247,100,100,100,100,100,1,5623,50
0.434301235713065,100,100,100,100,100,1,5623,50
0.817336283857003,100,100,100,100,100,1,5623,50
0.661901199724525,100,100,100,100,100,1,5623,50
0.159107570070773,100,100,100,100,100,1,5623,50
0.00665329489856958,100,100,100,100,100,1,5623,50
0.565734914503992,100,100,100,100,100,1,5623,50
0.750163338612765,100,100,100,100,100,1,5623,50
0.396978124743327,100,100,100,100,100,1,5623,50
0.0749022432137281,100,100,100,100,100,1,5623,50
0.553924679290503,100,100,100,100,100,1,5623,50
0.437049375381321,100,100,100,100,100,1,5623,50
0.178775075357407,100,100,100,100,100,1,5623,50
0.354301202809438,100,100,100,100,100,1,5623,50
0.560761020286009,100,100,100,100,100,1,5623,50
0.567149443784729,100,100,100,100,100,1,5623,50
0.651710300939158,100,100,100,100,100,1,5623,50
0.848307952284813,100,100,100,100,100,1,5623,50
0.215085460105911,100,100,100,100,100,1,5623,50
0.582071897108108,100,100,100,100,100,1,5623,50
0.9627569031436,100,100,100,100,100,1,5623,50
0.136702237650752,100,100,100,100,100,1,5623,50
0.144008562201634,100,100,100,100,100,1,5623,50
0.3136185714975,100,100,100,100,100,1,5623,50
0.147597377421334,100,100,100,100,100,1,5623,50
