"p","truediv","chaoest","obsD","upper","lower","l","inds","reps"
0.89952553412877,100,100,100,100,100,1,5623,50
0.90192860737443,100,100,100,100,100,1,5623,50
0.192112453747541,100,100,100,100,100,1,5623,50
0.399956356734037,100,100,100,100,100,1,5623,50
0.433214784599841,100,100,100,100,100,1,5623,50
0.995595163898543,100,100,100,100,100,1,5623,50
0.578904714901,100,100,100,100,100,1,5623,50
0.701464981306344,100,100,100,100,100,1,5623,50
0.596312067005783,100,100,100,100,100,1,5623,50
0.231789905577898,100,100,100,100,100,1,5623,50
0.418749808799475,100,100,100,100,100,1,5623,50
0.705565650714561,100,100,100,100,100,1,5623,50
0.88386363745667,100,100,100,100,100,1,5623,50
0.267847234848887,100,100,100,100,100,1,5623,50
0.974632744677365,100,100,100,100,100,1,5623,50
0.295143050840124,100,100,100,100,100,1,5623,50
0.587546589318663,100,100,100,100,100,1,5623,50
0.447449940256774,100,100,100,100,100,1,5623,50
0.208411136409268,100,100,100,100,100,1,5623,50
0.779096339829266,100,100,100,100,100,1,5623,50
0.800607768585905,100,100,100,100,100,1,5623,50
0.7623617190402,100,100,100,100,100,1,5623,50
0.973711554193869,100,100,100,100,100,1,5623,50
0.959753021365032,100,100,100,100,100,1,5623,50
0.317942957393825,100,100,100,100,100,1,5623,50
0.96568150469102,100,100,100,100,100,1,5623,50
0.362269590608776,100,100,100,100,100,1,5623,50
5e-04,100,100,100,100.0005,100.0005,1,5623,50
0.22810017853044,100,100,100,100,100,1,5623,50
0.131849316181615,100,100,100,100,100,1,5623,50
0.601178213953972,100,100,100,100,100,1,5623,50
0.37888474133797,100,100,100,100,100,1,5623,50
0.684698849450797,100,100,100,100,100,1,5623,50
0.336336500942707,100,100,100,100,100,1,5623,50
0.730881286552176,100,100,100,100,100,1,5623,50
0.913912365678698,100,100,100,100,100,1,5623,50
0.14698216621764,100,100,100,100,100,1,5623,50
0.224700709339231,100,100,100,100,100,1,5623,50
0.216554646845907,100,100,100,100,100,1,5623,50
0.246396473608911,100,100,100,100,100,1,5623,50
0.961959771579131,100,100,100,100,100,1,5623,50
0.531860177405179,100,100,100,100,100,1,5623,50
0.00637692352756858,100,100,100,100,100,1,5623,50
0.946600533323362,100,100,100,100,100,1,5623,50
0.709001203998923,100,100,100,100,100,1,5623,50
0.871296462137252,100,100,100,100,100,1,5623,50
0.420295846648514,100,100,100,100,100,1,5623,50
0.816276353318244,100,100,100,100,100,1,5623,50
0.822450645966455,100,100,100,100,100,1,5623,50
0.514554371358827,100,100,100,100,100,1,5623,50
