"p","truediv","chaoest","obsD","upper","lower","l","inds","reps"
0.307769572362304,100,100,100,100,100,1,5623,50
0.961196115473285,100,100,100,100,100,1,5623,50
0.272217644611374,100,100,100,100,100,1,5623,50
0.881409876747057,100,100,100,100,100,1,5623,50
0.759592309594154,100,100,100,100,100,1,5623,50
0.0963460179045796,100,100,100,100,100,1,5623,50
0.0339813390746713,100,100,100,100,100,1,5623,50
0.157537426101044,100,100,100,100,100,1,5623,50
0.782663478050381,100,100,100,100,100,1,5623,50
0.0317759027238935,100,100,100,100,100,1,5623,50
0.80673132953234,100,100,100,100,100,1,5623,50
0.108289103256539,100,100,100,100,100,1,5623,50
0.0015,100,100,100,100.0015,100.0015,1,5623,50
0.710202908143401,100,100,100,100,100,1,5623,50
0.420512181939557,100,100,100,100,100,1,5623,50
0.318096224218607,100,100,100,100,100,1,5623,50
0.863421014044434,100,100,100,100,100,1,5623,50
0.673228283179924,100,100,100,100,100,1,5623,50
0.254765844671056,100,100,100,100,100,1,5623,50
0.001,100,100,100,100.001,100.001,1,5623,50
0.344256218522787,100,100,100,100,100,1,5623,50
0.972397857578471,100,100,100,100,100,1,5623,50
0.155303086619824,100,100,100,100,100,1,5623,50
0.00851262407377362,100,100,100,100,100,1,5623,50
0.613361990544945,100,100,100,100,100,1,5623,50
0.0449507993180305,100,100,100,100,100,1,5623,50
0.337402111385018,100,100,100,100,100,1,5623,50
0.922691173152998,100,100,100,100,100,1,5623,50
0.546547195641324,100,100,100,100,100,1,5623,50
0.218233887804672,100,100,100,100,100,1,5623,50
0.152637800434604,100,100,100,100,100,1,5623,50
0.49082624935545,100,100,100,100,100,1,5623,50
0.683472037082538,100,100,100,100,100,1,5623,50
0.88741288264282,100,100,100,100,100,1,5623,50
0.80328554357402,100,100,100,100,100,1,5623,50
0.215197073295712,100,100,100,100,100,1,5623,50
0.79332736087963,100,100,100,100,100,1,5623,50
0.812180448090658,100,100,100,100,100,1,5623,50
0.325719799846411,100,100,100,100,100,1,5623,50
0.543123980052769,100,100,100,100,100,1,5623,50
0.902726864209399,100,100,100,100,100,1,5623,50
0.0120500216726214,100,100,100,100,100,1,5623,50
0.00519987172447145,100,100,100,100,100,1,5623,50
0.510843158932403,100,100,100,100,100,1,5623,50
5e-04,100,100,100,100.0005,100.0005,1,5623,50
0.878487062407658,100,100,100,100,100,1,5623,50
0.810781922657043,100,100,100,100,100,1,5623,50
0.472159082069993,100,100,100,100,100,1,5623,50
0.844939142698422,100,100,100,100,100,1,5623,50
0.311724667437375,100,100,100,100,100,1,5623,50
