"p","truediv","chaoest","obsD","upper","lower","l","inds","reps"
0.928401085082442,100,100,100,100,100,1,5623,50
0.17975334264338,100,100,100,100,100,1,5623,50
0.429854280781001,100,100,100,100,100,1,5623,50
0.994307803921402,100,100,100,100,100,1,5623,50
0.675094291334972,100,100,100,100,100,1,5623,50
0.513593138195574,100,100,100,100,100,1,5623,50
0.829630897380412,100,100,100,100,100,1,5623,50
0.212783847004175,100,100,100,100,100,1,5623,50
0.47355394391343,100,100,100,100,100,1,5623,50
0.696495668496937,100,100,100,100,100,1,5623,50
0.0476130212191492,100,100,100,100,100,1,5623,50
0.594097441527992,100,100,100,100,100,1,5623,50
0.0665750224143267,100,100,100,100,100,1,5623,50
0.870713906362653,100,100,100,100,100,1,5623,50
0.812917314702645,100,100,100,100,100,1,5623,50
0.0270572167355567,100,100,100,100,100,1,5623,50
0.429405194940045,100,100,100,100,100,1,5623,50
0.115423570619896,100,100,100,100,100,1,5623,50
0.399346608435735,100,100,100,100,100,1,5623,50
0.396289419615641,100,100,100,100,100,1,5623,50
0.084888745797798,100,100,100,100,100,1,5623,50
0.863084234762937,100,100,100,100,100,1,5623,50
0.563219274627045,100,100,100,100,100,1,5623,50
0.170479679014534,100,100,100,100,100,1,5623,50
0.763761665206403,100,100,100,100,100,1,5623,50
0.706709833582863,100,100,100,100,100,1,5623,50
0.74618438212201,100,100,100,100,100,1,5623,50
0.63111706264317,100,100,100,100,100,1,5623,50
0.697292622877285,100,100,100,100,100,1,5623,50
0.718597357627004,100,100,100,100,100,1,5623,50
0.636477620108053,100,100,100,100,100,1,5623,50
0.889636487467214,100,100,100,100,100,1,5623,50
0.920031823217869,100,100,100,100,100,1,5623,50
0.293689544079825,100,100,100,100,100,1,5623,50
0.490706821670756,100,100,100,100,100,1,5623,50
0.703317419392988,100,100,100,100,100,1,5623,50
0.435181807493791,100,100,100,100,100,1,5623,50
0.316441635135561,100,100,100,100,100,1,5623,50
0.727508801035583,100,100,100,100,100,1,5623,50
0.773204816505313,100,100,100,100,100,1,5623,50
0.825256219832227,100,100,100,100,100,1,5623,50
0.611230065347627,100,100,100,100,100,1,5623,50
0.135657079517841,100,100,100,100,100,1,5623,50
0.112193170236424,100,100,100,100,100,1,5623,50
0.986101838992909,100,100,100,100,100,1,5623,50
0.307093532755971,100,100,100,100,100,1,5623,50
0.61950728460215,100,100,100,100,100,1,5623,50
0.215537480078638,100,100,100,100,100,1,5623,50
0.865448124241084,100,100,100,100,100,1,5623,50
0.391114342259243,100,100,100,100,100,1,5623,50
