"p","truediv","chaoest","obsD","upper","lower","l","inds","reps"
0.391417111968622,100,100,100,100,100,1,5623,50
0.476764892227948,100,100,100,100,100,1,5623,50
0.744971305597574,100,100,100,100,100,1,5623,50
5e-04,100,100,100,100.0005,100.0005,1,5623,50
0.507684641750529,100,100,100,100,100,1,5623,50
0.268701765686274,100,100,100,100,100,1,5623,50
0.929012168431655,100,100,100,100,100,1,5623,50
0.0145486702676862,100,100,100,100,100,1,5623,50
0.383797847898677,100,100,100,100,100,1,5623,50
0.957765837898478,100,100,100,100,100,1,5623,50
0.653123086551204,100,100,100,100,100,1,5623,50
0.901139219524339,100,100,100,100,100,1,5623,50
0.247908799909055,100,100,100,100,100,1,5623,50
0.0885439610574394,100,100,100,100,100,1,5623,50
0.100224102381617,100,100,100,100,100,1,5623,50
0.250943691236898,100,100,100,100,100,1,5623,50
0.628273382550105,100,100,100,100,100,1,5623,50
0.614787294529378,100,100,100,100,100,1,5623,50
0.615857445867732,100,100,100,100,100,1,5623,50
0.894894467899576,100,100,100,100,100,1,5623,50
0.354742876486853,100,100,100,100,100,1,5623,50
0.686877048807219,100,100,100,100,100,1,5623,50
0.950588859850541,100,100,100,100,100,1,5623,50
0.344546417007223,100,100,100,100,100,1,5623,50
0.102764163166285,100,100,100,100,100,1,5623,50
0.956172922160476,100,100,100,100,100,1,5623,50
0.934404803207144,100,100,100,100,100,1,5623,50
0.266627650475129,100,100,100,100,100,1,5623,50
0.127991653745994,100,100,100,100,100,1,5623,50
0.70918602636084,100,100,100,100,100,1,5623,50
0.860180492978543,100,100,100,100,100,1,5623,50
0.965312973828986,100,100,100,100,100,1,5623,50
0.0468308087438345,100,100,100,100,100,1,5623,50
0.948064106982201,100,100,100,100,100,1,5623,50
0.503184244735166,100,100,100,100,100,1,5623,50
0.311435909243301,100,100,100,100,100,1,5623,50
0.707392900018021,100,100,100,100,100,1,5623,50
0.312191222095862,100,100,100,100,100,1,5623,50
0.886013666633517,100,100,100,100,100,1,5623,50
0.754571591271088,100,100,100,100,100,1,5623,50
0.24787485646084,100,100,100,100,100,1,5623,50
0.0676290527917445,100,100,100,100,100,1,5623,50
0.473216140642762,100,100,100,100,100,1,5623,50
0.96686051110737,100,100,100,100,100,1,5623,50
0.918842713581398,100,100,100,100,100,1,5623,50
0.213895185152069,100,100,100,100,100,1,5623,50
0.318434071959928,100,100,100,100,100,1,5623,50
0.413230028236285,100,100,100,100,100,1,5623,50
0.600494514917955,100,100,100,100,100,1,5623,50
0.95143183064647,100,100,100,100,100,1,5623,50
