"p","truediv","chaoest","obsD","upper","lower","l","inds","reps"
0.559307535178959,100,100,100,100,100,1,5623,50
0.281254422618076,100,100,100,100,100,1,5623,50
0.219747096765786,100,100,100,100,100,1,5623,50
0.592632587999105,100,100,100,100,100,1,5623,50
0.257804297842085,100,100,100,100,100,1,5623,50
0.0256718753371388,100,100,100,100,100,1,5623,50
0.161210307618603,100,100,100,100,100,1,5623,50
0.0810486765112728,100,100,100,100,100,1,5623,50
0.498378708492965,100,100,100,100,100,1,5623,50
0.419907742412761,100,100,100,100,100,1,5623,50
0.122962068533525,100,100,100,100,100,1,5623,50
0.104920575860888,100,100,100,100,100,1,5623,50
0.408024285221472,100,100,100,100,100,1,5623,50
0.718601399799809,100,100,100,100,100,1,5623,50
0.107499044155702,100,100,100,100,100,1,5623,50
0.206679349998012,100,100,100,100,100,1,5623,50
0.231905607972294,100,100,100,100,100,1,5623,50
0.761654731584713,100,100,100,100,100,1,5623,50
0.468176474329084,100,100,100,100,100,1,5623,50
0.244642747798935,100,100,100,100,100,1,5623,50
0.386048953514546,100,100,100,100,100,1,5623,50
0.944682647706941,100,100,100,100,100,1,5623,50
0.962286296999082,100,100,100,100,100,1,5623,50
0.067186021246016,100,100,100,100,100,1,5623,50
0.103081378387287,100,100,100,100,100,1,5623,50
0.855038441019133,100,100,100,100,100,1,5623,50
0.872120728716254,100,100,100,100,100,1,5623,50
0.806014176923782,100,100,100,100,100,1,5623,50
0.109717665472999,100,100,100,100,100,1,5623,50
0.281531950226054,100,100,100,100,100,1,5623,50
0.855255840579048,100,100,100,100,100,1,5623,50
0.710975259775296,100,100,100,100,100,1,5623,50
0.372908381046727,100,100,100,100,100,1,5623,50
0.501056820852682,100,100,100,100,100,1,5623,50
0.429484648164362,100,100,100,100,100,1,5623,50
0.944108821684495,100,100,100,100,100,1,5623,50
0.0271900382358581,100,100,100,100,100,1,5623,50
0.282425119308755,100,100,100,100,100,1,5623,50
0.789590584812686,100,100,100,100,100,1,5623,50
0.465079053305089,100,100,100,100,100,1,5623,50
0.472494439920411,100,100,100,100,100,1,5623,50
0.468313954304904,100,100,100,100,100,1,5623,50
0.43418953102082,100,100,100,100,100,1,5623,50
0.371184866176918,100,100,100,100,100,1,5623,50
0.23139097657986,100,100,100,100,100,1,5623,50
0.706753141013905,100,100,100,100,100,1,5623,50
0.874587934697047,100,100,100,100,100,1,5623,50
0.987528534606099,100,100,100,100,100,1,5623,50
0.725773582467809,100,100,100,100,100,1,5623,50
0.439503659494221,100,100,100,100,100,1,5623,50
