"p","truediv","chaoest","obsD","upper","lower","l","inds","reps"
0.317118360893801,100,100,100,100,100,1,5623,50
0.793399767717347,100,100,100,100,100,1,5623,50
0.0725350361317396,100,100,100,100,100,1,5623,50
0.832944418070838,100,100,100,100,100,1,5623,50
0.81286947010085,100,100,100,100,100,1,5623,50
0.934851085534319,100,100,100,100,100,1,5623,50
0.044942848617211,100,100,100,100,100,1,5623,50
0.38862588070333,100,100,100,100,100,1,5623,50
0.0490939859300852,100,100,100,100,100,1,5623,50
0.514994786353782,100,100,100,100,100,1,5623,50
0.654749527806416,100,100,100,100,100,1,5623,50
0.519352759234607,100,100,100,100,100,1,5623,50
0.283586007775739,100,100,100,100,100,1,5623,50
0.354491443606094,100,100,100,100,100,1,5623,50
0.381679393583909,100,100,100,100,100,1,5623,50
0.0819224780425429,100,100,100,100,100,1,5623,50
0.88545483443886,100,100,100,100,100,1,5623,50
0.285982942208648,100,100,100,100,100,1,5623,50
0.315862786956131,100,100,100,100,100,1,5623,50
0.236584824509919,100,100,100,100,100,1,5623,50
0.730921670328826,100,100,100,100,100,1,5623,50
0.837882785359398,100,100,100,100,100,1,5623,50
0.638242865214124,100,100,100,100,100,1,5623,50
0.746307836845517,100,100,100,100,100,1,5623,50
0.22875690087676,100,100,100,100,100,1,5623,50
0.96973324380815,100,100,100,100,100,1,5623,50
0.059379095910117,100,100,100,100,100,1,5623,50
0.0638363545294851,100,100,100,100,100,1,5623,50
0.411472560605034,100,100,100,100,100,1,5623,50
0.814099800307304,100,100,100,100,100,1,5623,50
0.0057606678456068,100,100,100,100,100,1,5623,50
0.0872449716553092,100,100,100,100,100,1,5623,50
0.772701082285494,100,100,100,100,100,1,5623,50
0.0277883263770491,100,100,100,100,100,1,5623,50
0.845769698964432,100,100,100,100,100,1,5623,50
0.320800299523398,100,100,100,100,100,1,5623,50
0.862853400176391,100,100,100,100,100,1,5623,50
0.951862771762535,100,100,100,100,100,1,5623,50
0.715148787247017,100,100,100,100,100,1,5623,50
0.657338392687961,100,100,100,100,100,1,5623,50
0.3414684724994,100,100,100,100,100,1,5623,50
0.158469415036961,100,100,100,100,100,1,5623,50
5e-04,100,100,100,100.0005,100.0005,1,5623,50
0.719498578459024,100,100,100,100,100,1,5623,50
0.929767635185272,100,100,100,100,100,1,5623,50
0.35177133558318,100,100,100,100,100,1,5623,50
0.573772800853476,100,100,100,100,100,1,5623,50
0.21696286345832,100,100,100,100,100,1,5623,50
0.320566267007962,100,100,100,100,100,1,5623,50
0.267508586402982,100,100,100,100,100,1,5623,50
