"p","truediv","chaoest","obsD","upper","lower","l","inds","reps"
0.476352169644088,100,100,100,100,100,1,5623,50
0.891184453153983,100,100,100,100,100,1,5623,50
0.641304478980601,100,100,100,100,100,1,5623,50
0.871055148774758,100,100,100,100,100,1,5623,50
0.421007241588086,100,100,100,100,100,1,5623,50
0.269634531578049,100,100,100,100,100,1,5623,50
0.873449618928134,100,100,100,100,100,1,5623,50
0.370463825529441,100,100,100,100,100,1,5623,50
0.94595698826015,100,100,100,100,100,1,5623,50
0.260389853967354,100,100,100,100,100,1,5623,50
0.97317196126096,100,100,100,100,100,1,5623,50
0.95466330088675,100,100,100,100,100,1,5623,50
0.191406319616362,100,100,100,100,100,1,5623,50
0.712991701904684,100,100,100,100,100,1,5623,50
0.287029546685517,100,100,100,100,100,1,5623,50
0.501323034055531,100,100,100,100,100,1,5623,50
0.220325180096552,100,100,100,100,100,1,5623,50
0.935406546341255,100,100,100,100,100,1,5623,50
0.504061640938744,100,100,100,100,100,1,5623,50
0.291472448036075,100,100,100,100,100,1,5623,50
0.830605062190443,100,100,100,100,100,1,5623,50
0.644852375378832,100,100,100,100,100,1,5623,50
0.271620047511533,100,100,100,100,100,1,5623,50
0.751775280572474,100,100,100,100,100,1,5623,50
0.44231009320356,100,100,100,100,100,1,5623,50
0.213941949419677,100,100,100,100,100,1,5623,50
0.295167124131694,100,100,100,100,100,1,5623,50
0.35586078488268,100,100,100,100,100,1,5623,50
0.884203365538269,100,100,100,100,100,1,5623,50
0.385776130016893,100,100,100,100,100,1,5623,50
0.827695875195786,100,100,100,100,100,1,5623,50
0.989424130413681,100,100,100,100,100,1,5623,50
0.168486257549375,100,100,100,100,100,1,5623,50
0.65213857148774,100,100,100,100,100,1,5623,50
0.159206327516586,100,100,100,100,100,1,5623,50
0.700147135881707,100,100,100,100,100,1,5623,50
0.100078146904707,100,100,100,100,100,1,5623,50
0.0870327386073768,100,100,100,100,100,1,5623,50
0.0262970724143088,100,100,100,100,100,1,5623,50
0.193990313913673,100,100,100,100,100,1,5623,50
0.692223475081846,100,100,100,100,100,1,5623,50
0.0025,100,100,100,100.0025,100.0025,1,5623,50
0.0413252322468907,100,100,100,100,100,1,5623,50
0.991823093267158,100,100,100,100,100,1,5623,50
0.741650712443516,100,100,100,100,100,1,5623,50
0.313965656794608,100,100,100,100,100,1,5623,50
0.0312932000961155,100,100,100,100,100,1,5623,50
0.253687971271574,100,100,100,100,100,1,5623,50
0.398553627310321,100,100,100,100,100,1,5623,50
0.922697604401037,100,100,100,100,100,1,5623,50
