"p","truediv","chaoest","obsD","upper","lower","l","inds","reps"
0.0265932348556817,100,100,100,100,100,1,5623,50
0.00773959304206073,100,100,100,100,100,1,5623,50
0.247741910861805,100,100,100,100,100,1,5623,50
0.896736553870142,100,100,100,100,100,1,5623,50
0.813033558893949,100,100,100,100,100,1,5623,50
0.990939642302692,100,100,100,100,100,1,5623,50
0.957630313932896,100,100,100,100,100,1,5623,50
0.99144390411675,100,100,100,100,100,1,5623,50
0.647874069865793,100,100,100,100,100,1,5623,50
0.12212812807411,100,100,100,100,100,1,5623,50
0.716640307335183,100,100,100,100,100,1,5623,50
0.490733264945447,100,100,100,100,100,1,5623,50
0.308809349080548,100,100,100,100,100,1,5623,50
0.310048156883568,100,100,100,100,100,1,5623,50
0.549051090609282,100,100,100,100,100,1,5623,50
0.0142094262409955,100,100,100,100,100,1,5623,50
0.376348092220724,100,100,100,100,100,1,5623,50
0.0299491768237203,100,100,100,100,100,1,5623,50
0.249615491833538,100,100,100,100,100,1,5623,50
0.39931308850646,100,100,100,100,100,1,5623,50
0.448565952479839,100,100,100,100,100,1,5623,50
0.419429309898987,100,100,100,100,100,1,5623,50
0.996634821873158,100,100,100,100,100,1,5623,50
0.366925961105153,100,100,100,100,100,1,5623,50
0.744599711848423,100,100,100,100,100,1,5623,50
0.239289269084111,100,100,100,100,100,1,5623,50
0.365398809080943,100,100,100,100,100,1,5623,50
0.958014715462923,100,100,100,100,100,1,5623,50
0.407535586506128,100,100,100,100,100,1,5623,50
0.755040379008278,100,100,100,100,100,1,5623,50
0.986520660109818,100,100,100,100,100,1,5623,50
0.324505713302642,100,100,100,100,100,1,5623,50
0.294760941993445,100,100,100,100,100,1,5623,50
0.952736624749377,100,100,100,100,100,1,5623,50
0.748091395711526,100,100,100,100,100,1,5623,50
0.727771343197674,100,100,100,100,100,1,5623,50
0.0964559244457632,100,100,100,100,100,1,5623,50
0.712827256182209,100,100,100,100,100,1,5623,50
0.762558845803142,100,100,100,100,100,1,5623,50
0.752631800016388,100,100,100,100,100,1,5623,50
0.0599572493229061,100,100,100,100,100,1,5623,50
0.147677858825773,100,100,100,100,100,1,5623,50
0.693698877468705,100,100,100,100,100,1,5623,50
0.849599670385942,100,100,100,100,100,1,5623,50
0.22913038241677,100,100,100,100,100,1,5623,50
0.766195908654481,100,100,100,100,100,1,5623,50
0.548306621378288,100,100,100,100,100,1,5623,50
0.246597099350765,100,100,100,100,100,1,5623,50
0.001,100,100,100,100.001,100.001,1,5623,50
0.780778364278376,100,100,100,100,100,1,5623,50
