"p","truediv","chaoest","obsD","upper","lower","l","inds","reps"
0.001,100,100,100,100.001,100.001,1,3162,50
0.002,100,100,100,100.002,100.002,1,3162,50
0.007,100,100,100,100.006750079064,100.006750079064,1,3162,50
0.314189234515652,100,100,100,100,100,1,3162,50
0.009,100,100,100,100.008000316256,100.008000316256,1,3162,50
0.008,100,100,100,100.007250237192,100.007250237192,1,3162,50
0.007,100,100,100,100.007,100.007,1,3162,50
0.476340346969664,100,100,100,100,100,1,3162,50
5e-04,100,100,100,100.0005,100.0005,1,3162,50
5e-04,100,100,100,100.0005,100.0005,1,3162,50
0.857407584553584,100,100,100,100,100,1,3162,50
0.048,100,100,100,100.043751344086,99.043751344086,1,3162,50
0.019,100,100,100,100.019,100.019,1,3162,50
0.839848693460226,100,100,100,100,100,1,3162,50
0.0015,100,100,100,100.0015,100.0015,1,3162,50
5e-04,100,100,100,100.0005,100.0005,1,3162,50
0.976163239916787,100,100,100,100,100,1,3162,50
0.511701749404892,100,100,100,100,100,1,3162,50
5e-04,100,100,100,100.0005,100.0005,1,3162,50
0.747051249723881,100,100,100,100,100,1,3162,50
5e-04,100,100,100,100.0005,100.0005,1,3162,50
0.003,100,100,100,100.003,100.003,1,3162,50
0.003,100,100,100,100.002250237192,100.002250237192,1,3162,50
0.0015,100,100,100,100.0015,100.0015,1,3162,50
5e-04,100,100,100,100.0005,100.0005,1,3162,50
5e-04,100,100,100,100.0005,100.0005,1,3162,50
0.0035,100,100,100,100.0035,100.0035,1,3162,50
0.0015,100,100,100,100.0015,100.0015,1,3162,50
0.9995,100,100,100,99.9997500790639,99.9997500790639,1,3162,50
5e-04,100,100,100,100.0005,100.0005,1,3162,50
0.102234622696415,100,100,100,100,100,1,3162,50
0.0165,100,100,100,100.0165,100.0165,1,3162,50
0.002,100,100,100,100.002,100.002,1,3162,50
0.002,100,100,100,100.002,100.002,1,3162,50
0.003,100,100,100,100.002750079064,100.002750079064,1,3162,50
5e-04,100,100,100,100.0005,100.0005,1,3162,50
0.24657905427739,100,100,100,100,100,1,3162,50
0.0015,100,100,100,100.0015,100.0015,1,3162,50
0.286911376519129,100,100,100,100,100,1,3162,50
5e-04,100,100,100,100.0005,100.0005,1,3162,50
0.002,100,100,100,100.002,100.002,1,3162,50
5e-04,100,100,100,100.0005,100.0005,1,3162,50
0.601786091690883,100,100,100,100,100,1,3162,50
0.0025,100,100,100,100.0025,100.0025,1,3162,50
0.003,100,100,100,100.003,100.003,1,3162,50
5e-04,100,100,100,100.0005,100.0005,1,3162,50
0.272691946476698,100,100,100,100,100,1,3162,50
5e-04,100,100,100,100.0005,100.0005,1,3162,50
5e-04,100,100,100,100.0005,100.0005,1,3162,50
0.004,100,100,100,100.004,100.004,1,3162,50
