"p","truediv","chaoest","obsD","upper","lower","l","inds","reps"
0.375762225361541,100,100,100,100,100,1,5623,50
0.310836274642497,100,100,100,100,100,1,5623,50
0.916968968696892,100,100,100,100,100,1,5623,50
0.899233130272478,100,100,100,100,100,1,5623,50
0.636559139704332,100,100,100,100,100,1,5623,50
0.663237542379647,100,100,100,100,100,1,5623,50
0.203745574690402,100,100,100,100,100,1,5623,50
0.253393831430003,100,100,100,100,100,1,5623,50
0.66108672763221,100,100,100,100,100,1,5623,50
0.132164522539824,100,100,100,100,100,1,5623,50
0.771246917080134,100,100,100,100,100,1,5623,50
0.295317507581785,100,100,100,100,100,1,5623,50
0.541225575143471,100,100,100,100,100,1,5623,50
0.335767528740689,100,100,100,100,100,1,5623,50
0.553661326644942,100,100,100,100,100,1,5623,50
0.609568627318367,100,100,100,100,100,1,5623,50
0.461719979066402,100,100,100,100,100,1,5623,50
0.450187360169366,100,100,100,100,100,1,5623,50
0.349472913891077,100,100,100,100,100,1,5623,50
0.224564681295305,100,100,100,100,100,1,5623,50
0.277879081200808,100,100,100,100,100,1,5623,50
0.967367861419916,100,100,100,100,100,1,5623,50
0.150479794479907,100,100,100,100,100,1,5623,50
0.0308945616707206,100,100,100,100,100,1,5623,50
0.197923478903249,100,100,100,100,100,1,5623,50
0.136947233928367,100,100,100,100,100,1,5623,50
0.0570612486917526,100,100,100,100,100,1,5623,50
0.501138046616688,100,100,100,100,100,1,5623,50
0.843501013005152,100,100,100,100,100,1,5623,50
0.146755825728178,100,100,100,100,100,1,5623,50
0.0990247302688658,100,100,100,100,100,1,5623,50
0.124162622028962,100,100,100,100,100,1,5623,50
0.444982042070478,100,100,100,100,100,1,5623,50
0.498569931369275,100,100,100,100,100,1,5623,50
0.980128891067579,100,100,100,100,100,1,5623,50
0.266911716433242,100,100,100,100,100,1,5623,50
0.712785128038377,100,100,100,100,100,1,5623,50
0.925722434185445,100,100,100,100,100,1,5623,50
0.510279470356181,100,100,100,100,100,1,5623,50
0.961599280592054,100,100,100,100,100,1,5623,50
0.224258419591933,100,100,100,100,100,1,5623,50
0.477724710479379,100,100,100,100,100,1,5623,50
0.143376090331003,100,100,100,100,100,1,5623,50
0.0368304315488786,100,100,100,100,100,1,5623,50
0.0113318911753595,100,100,100,100,100,1,5623,50
0.450785628287122,100,100,100,100,100,1,5623,50
0.505093349842355,100,100,100,100,100,1,5623,50
0.94662032299675,100,100,100,100,100,1,5623,50
0.43189107417129,100,100,100,100,100,1,5623,50
0.404790176777169,100,100,100,100,100,1,5623,50
