"p","truediv","chaoest","obsD","upper","lower","l","inds","reps"
0.119689739542082,100,100,100,100,100,1,5623,50
0.634967488469556,100,100,100,100,100,1,5623,50
0.383199966046959,100,100,100,100,100,1,5623,50
0.815385493449867,100,100,100,100,100,1,5623,50
0.468342912616208,100,100,100,100,100,1,5623,50
0.715029590763152,100,100,100,100,100,1,5623,50
0.89508929150179,100,100,100,100,100,1,5623,50
0.520041120937094,100,100,100,100,100,1,5623,50
0.605482515413314,100,100,100,100,100,1,5623,50
0.320895300712436,100,100,100,100,100,1,5623,50
0.815512444358319,100,100,100,100,100,1,5623,50
0.887678443919867,100,100,100,100,100,1,5623,50
0.316514197271317,100,100,100,100,100,1,5623,50
0.656052354024723,100,100,100,100,100,1,5623,50
0.711975140497088,100,100,100,100,100,1,5623,50
0.40654739132151,100,100,100,100,100,1,5623,50
0.0713795095216483,100,100,100,100,100,1,5623,50
0.725494083249941,100,100,100,100,100,1,5623,50
0.591699206968769,100,100,100,100,100,1,5623,50
0.957927899900824,100,100,100,100,100,1,5623,50
0.475090679712594,100,100,100,100,100,1,5623,50
0.115737760672346,100,100,100,100,100,1,5623,50
0.962811057688668,100,100,100,100,100,1,5623,50
0.810653325170279,100,100,100,100,100,1,5623,50
0.610342549392954,100,100,100,100,100,1,5623,50
0.0422483854927123,100,100,100,100,100,1,5623,50
0.849321256857365,100,100,100,100,100,1,5623,50
0.818021683720872,100,100,100,100,100,1,5623,50
0.024682367220521,100,100,100,100,100,1,5623,50
0.128024680307135,100,100,100,100,100,1,5623,50
0.262012173887342,100,100,100,100,100,1,5623,50
0.654627614188939,100,100,100,100,100,1,5623,50
0.693221870576963,100,100,100,100,100,1,5623,50
0.010979137616232,100,100,100,100,100,1,5623,50
0.295447135576978,100,100,100,100,100,1,5623,50
0.540854156948626,100,100,100,100,100,1,5623,50
0.559813835658133,100,100,100,100,100,1,5623,50
0.610069706803188,100,100,100,100,100,1,5623,50
0.240091900806874,100,100,100,100,100,1,5623,50
0.759968600003049,100,100,100,100,100,1,5623,50
0.980415914673358,100,100,100,100,100,1,5623,50
0.252854375168681,100,100,100,100,100,1,5623,50
0.822533567436039,100,100,100,100,100,1,5623,50
0.0448438064195216,100,100,100,100,100,1,5623,50
0.971974769607186,100,100,100,100,100,1,5623,50
0.656829670071602,100,100,100,100,100,1,5623,50
0.0686173406429589,100,100,100,100,100,1,5623,50
0.700806895969436,100,100,100,100,100,1,5623,50
0.823803092353046,100,100,100,100,100,1,5623,50
0.243305549258366,100,100,100,100,100,1,5623,50
