"p","truediv","chaoest","obsD","upper","lower","l","inds","reps"
0.0345845038536936,100,100,100,100,100,1,5623,50
0.311166831990704,100,100,100,100,100,1,5623,50
0.148693879833445,100,100,100,100,100,1,5623,50
0.612750485772267,100,100,100,100,100,1,5623,50
0.521188147598878,100,100,100,100,100,1,5623,50
0.00999565795063972,100,100,100,100,100,1,5623,50
0.678505207644776,100,100,100,100,100,1,5623,50
0.183508665068075,100,100,100,100,100,1,5623,50
0.120036579901353,100,100,100,100,100,1,5623,50
0.662001034710556,100,100,100,100,100,1,5623,50
0.310127005679533,100,100,100,100,100,1,5623,50
0.264260184718296,100,100,100,100,100,1,5623,50
0.248874463606626,100,100,100,100,100,1,5623,50
0.190101909451187,100,100,100,100,100,1,5623,50
0.659763664240018,100,100,100,100,100,1,5623,50
0.809442006750032,100,100,100,100,100,1,5623,50
0.27814684342593,100,100,100,100,100,1,5623,50
0.739478030242026,100,100,100,100,100,1,5623,50
0.713165864814073,100,100,100,100,100,1,5623,50
0.847160142380744,100,100,100,100,100,1,5623,50
0.959838217357174,100,100,100,100,100,1,5623,50
0.888727204408497,100,100,100,100,100,1,5623,50
0.534659733995795,100,100,100,100,100,1,5623,50
0.773443835787475,100,100,100,100,100,1,5623,50
0.898511341772974,100,100,100,100,100,1,5623,50
0.432565523544326,100,100,100,100,100,1,5623,50
0.921612039208412,100,100,100,100,100,1,5623,50
0.96212046011351,100,100,100,100,100,1,5623,50
0.837744186399505,100,100,100,100,100,1,5623,50
0.317201010650024,100,100,100,100,100,1,5623,50
0.616394879063591,100,100,100,100,100,1,5623,50
0.451152607332915,100,100,100,100,100,1,5623,50
0.0428045787848532,100,100,100,100,100,1,5623,50
0.554296386428177,100,100,100,100,100,1,5623,50
0.0196180804632604,100,100,100,100,100,1,5623,50
0.975403662770987,100,100,100,100,100,1,5623,50
0.386067879851907,100,100,100,100,100,1,5623,50
0.864570368779823,100,100,100,100,100,1,5623,50
0.428818942978978,100,100,100,100,100,1,5623,50
0.255598868709058,100,100,100,100,100,1,5623,50
0.195906458655372,100,100,100,100,100,1,5623,50
0.654046057723463,100,100,100,100,100,1,5623,50
0.965158918639645,100,100,100,100,100,1,5623,50
0.517804600065574,100,100,100,100,100,1,5623,50
0.384502896107733,100,100,100,100,100,1,5623,50
0.802761859027669,100,100,100,100,100,1,5623,50
0.992756156483665,100,100,100,100,100,1,5623,50
0.725101991090924,100,100,100,100,100,1,5623,50
0.932262490270659,100,100,100,100,100,1,5623,50
0.94502181885764,100,100,100,100,100,1,5623,50
