"p","truediv","chaoest","obsD","upper","lower","l","inds","reps"
0.959141369210556,100,100,100,100,100,1,5623,50
0.717500693863258,100,100,100,100,100,1,5623,50
0.37237529666163,100,100,100,100,100,1,5623,50
0.775277669075876,100,100,100,100,100,1,5623,50
0.663629865739495,100,100,100,100,100,1,5623,50
0.837055324809626,100,100,100,100,100,1,5623,50
0.889242704026401,100,100,100,100,100,1,5623,50
0.517844750545919,100,100,100,100,100,1,5623,50
0.190415702527389,100,100,100,100,100,1,5623,50
0.585933800786734,100,100,100,100,100,1,5623,50
0.827745972434059,100,100,100,100,100,1,5623,50
0.98558986489661,100,100,100,100,100,1,5623,50
0.947425229707733,100,100,100,100,100,1,5623,50
0.45981411752291,100,100,100,100,100,1,5623,50
0.043206027476117,100,100,100,100,100,1,5623,50
0.862489304272458,100,100,100,100,100,1,5623,50
0.796407321933657,100,100,100,100,100,1,5623,50
0.460413856199011,100,100,100,100,100,1,5623,50
0.234895214205608,100,100,100,100,100,1,5623,50
0.953394911717623,100,100,100,100,100,1,5623,50
0.274271342670545,100,100,100,100,100,1,5623,50
0.808143436443061,100,100,100,100,100,1,5623,50
0.0146869735326618,100,100,100,100,100,1,5623,50
0.159732583444566,100,100,100,100,100,1,5623,50
0.229538192041218,100,100,100,100,100,1,5623,50
0.495228198589757,100,100,100,100,100,1,5623,50
0.944180507911369,100,100,100,100,100,1,5623,50
0.485444228164852,100,100,100,100,100,1,5623,50
0.687666402664036,100,100,100,100,100,1,5623,50
0.746936887735501,100,100,100,100,100,1,5623,50
0.21174443163909,100,100,100,100,100,1,5623,50
0.674674503039569,100,100,100,100,100,1,5623,50
0.464761197334155,100,100,100,100,100,1,5623,50
0.634039056487381,100,100,100,100,100,1,5623,50
0.162316804286093,100,100,100,100,100,1,5623,50
0.0352565159555525,100,100,100,100,100,1,5623,50
0.77181281731464,100,100,100,100,100,1,5623,50
0.527287836186588,100,100,100,100,100,1,5623,50
0.429294166620821,100,100,100,100,100,1,5623,50
0.237708046799526,100,100,100,100,100,1,5623,50
0.506773332832381,100,100,100,100,100,1,5623,50
0.489029806340113,100,100,100,100,100,1,5623,50
0.645236714277416,100,100,100,100,100,1,5623,50
0.276941292453557,100,100,100,100,100,1,5623,50
0.000485457247123122,100,100,100,100,100,1,5623,50
0.545890768989921,100,100,100,100,100,1,5623,50
0.329340839060023,100,100,100,100,100,1,5623,50
0.903788408264518,100,100,100,100,100,1,5623,50
0.574074211064726,100,100,100,100,100,1,5623,50
0.0537291914224625,100,100,100,100,100,1,5623,50
