"p","truediv","chaoest","obsD","upper","lower","l","inds","reps"
0.130869957385585,100,100,100,100,100,1,5623,50
0.208352313144132,100,100,100,100,100,1,5623,50
0.0750020029954612,100,100,100,100,100,1,5623,50
0.567803016630933,100,100,100,100,100,1,5623,50
0.413745739730075,100,100,100,100,100,1,5623,50
0.0300868675112724,100,100,100,100,100,1,5623,50
0.218627431197092,100,100,100,100,100,1,5623,50
0.442969693569466,100,100,100,100,100,1,5623,50
0.629784379154444,100,100,100,100,100,1,5623,50
0.346910063875839,100,100,100,100,100,1,5623,50
0.285184779670089,100,100,100,100,100,1,5623,50
0.171181818004698,100,100,100,100,100,1,5623,50
0.686912107979879,100,100,100,100,100,1,5623,50
0.585308017907664,100,100,100,100,100,1,5623,50
0.0626082133967429,100,100,100,100,100,1,5623,50
0.105852091917768,100,100,100,100,100,1,5623,50
0.487458228832111,100,100,100,100,100,1,5623,50
0.00309303728863597,100,100,100,100,100,1,5623,50
0.333332867594436,100,100,100,100,100,1,5623,50
0.615609329659492,100,100,100,100,100,1,5623,50
0.161683180136606,100,100,100,100,100,1,5623,50
0.240711711812764,100,100,100,100,100,1,5623,50
0.707195963244885,100,100,100,100,100,1,5623,50
0.0878516817465425,100,100,100,100,100,1,5623,50
0.285230350214988,100,100,100,100,100,1,5623,50
0.560902329627424,100,100,100,100,100,1,5623,50
0.361080444185063,100,100,100,100,100,1,5623,50
0.0744542807806283,100,100,100,100,100,1,5623,50
0.518854459980503,100,100,100,100,100,1,5623,50
0.777412937022746,100,100,100,100,100,1,5623,50
0.712485279189423,100,100,100,100,100,1,5623,50
0.765620269812644,100,100,100,100,100,1,5623,50
0.582820899318904,100,100,100,100,100,1,5623,50
0.353081106673926,100,100,100,100,100,1,5623,50
0.900253631407395,100,100,100,100,100,1,5623,50
0.620881615905091,100,100,100,100,100,1,5623,50
0.152733457740396,100,100,100,100,100,1,5623,50
0.896079253172502,100,100,100,100,100,1,5623,50
0.484418016858399,100,100,100,100,100,1,5623,50
0.440136191435158,100,100,100,100,100,1,5623,50
0.494052744703367,100,100,100,100,100,1,5623,50
0.416816411539912,100,100,100,100,100,1,5623,50
0.260399874765426,100,100,100,100,100,1,5623,50
0.775958244223148,100,100,100,100,100,1,5623,50
0.643433800665662,100,100,100,100,100,1,5623,50
0.811363314045593,100,100,100,100,100,1,5623,50
0.273698656121269,100,100,100,100,100,1,5623,50
0.27204182301648,100,100,100,100,100,1,5623,50
0.469641810050234,100,100,100,100,100,1,5623,50
0.82778646540828,100,100,100,100,100,1,5623,50
