"p","truediv","chaoest","obsD","upper","lower","l","inds","reps"
0.188815896166489,100,100,100,100,100,1,5623,50
0.420185487251729,100,100,100,100,100,1,5623,50
0.291536471573636,100,100,100,100,100,1,5623,50
0.491282013943419,100,100,100,100,100,1,5623,50
0.608178006950766,100,100,100,100,100,1,5623,50
0.135674758581445,100,100,100,100,100,1,5623,50
0.348108249716461,100,100,100,100,100,1,5623,50
0.512277171947062,100,100,100,100,100,1,5623,50
0.473226705100387,100,100,100,100,100,1,5623,50
0.102632725145668,100,100,100,100,100,1,5623,50
0.745444447500631,100,100,100,100,100,1,5623,50
0.81573767773807,100,100,100,100,100,1,5623,50
0.496450287289917,100,100,100,100,100,1,5623,50
0.0661620027385652,100,100,100,100,100,1,5623,50
0.749609888298437,100,100,100,100,100,1,5623,50
0.527351608965546,100,100,100,100,100,1,5623,50
0.341194291133434,100,100,100,100,100,1,5623,50
0.70668809954077,100,100,100,100,100,1,5623,50
0.299192384118214,100,100,100,100,100,1,5623,50
0.305250430945307,100,100,100,100,100,1,5623,50
0.533403945853934,100,100,100,100,100,1,5623,50
0.931188286049291,100,100,100,100,100,1,5623,50
0.846368899568915,100,100,100,100,100,1,5623,50
0.402771870372817,100,100,100,100,100,1,5623,50
0.606649775058031,100,100,100,100,100,1,5623,50
0.296912183985114,100,100,100,100,100,1,5623,50
0.158541015349329,100,100,100,100,100,1,5623,50
0.1534204762429,100,100,100,100,100,1,5623,50
0.597529803169891,100,100,100,100,100,1,5623,50
0.180644505890086,100,100,100,100,100,1,5623,50
0.214521734509617,100,100,100,100,100,1,5623,50
5e-04,100,100,100,100.0005,100.0005,1,5623,50
0.445556770544499,100,100,100,100,100,1,5623,50
0.357190050184727,100,100,100,100,100,1,5623,50
0.290531455073506,100,100,100,100,100,1,5623,50
0.324196205474436,100,100,100,100,100,1,5623,50
0.828573412494734,100,100,100,100,100,1,5623,50
0.149188996758312,100,100,100,100,100,1,5623,50
0.750498413573951,100,100,100,100,100,1,5623,50
0.106113952584565,100,100,100,100,100,1,5623,50
0.134153276216239,100,100,100,100,100,1,5623,50
0.248951745219529,100,100,100,100,100,1,5623,50
0.431452063377947,100,100,100,100,100,1,5623,50
0.289789785631001,100,100,100,100,100,1,5623,50
0.636298306519166,100,100,100,100,100,1,5623,50
0.922128102974966,100,100,100,100,100,1,5623,50
0.601323133101687,100,100,100,100,100,1,5623,50
0.0819162798579782,100,100,100,100,100,1,5623,50
0.843653070507571,100,100,100,100,100,1,5623,50
0.13666936266236,100,100,100,100,100,1,5623,50
