"p","truediv","chaoest","obsD","upper","lower","l","inds","reps"
0.6210550845135,100,100,100,100,100,1,3162,50
0.0025,100,100,100,100.0025,100.0025,1,3162,50
0.0035,100,100,100,100.002500316256,100.002500316256,1,3162,50
5e-04,100,100,100,100.0005,100.0005,1,3162,50
0.0887841882649809,100,100,100,100,100,1,3162,50
0.0045,100,100,100,100.0045,100.0045,1,3162,50
5e-04,100,100,100,100.0005,100.0005,1,3162,50
0.001,100,100,100,100.001,100.001,1,3162,50
5e-04,100,100,100,100.000250079064,100.000250079064,1,3162,50
0.112931510433555,100,100,100,100,100,1,3162,50
5e-04,100,100,100,100.0005,100.0005,1,3162,50
0.706742239417508,100,100,100,100,100,1,3162,50
5e-04,100,100,100,100.0005,100.0005,1,3162,50
0.0045,100,100,100,100.0045,100.0045,1,3162,50
0.002,100,100,100,100.002,100.002,1,3162,50
0.001,100,100,100,100.001,100.001,1,3162,50
5e-04,100,100,100,100.000250079064,100.000250079064,1,3162,50
5e-04,100,100,100,100.0005,100.0005,1,3162,50
0.0035,100,100,100,100.001250711575,100.001250711575,1,3162,50
0.001,100,100,100,100.001,100.001,1,3162,50
0.410490531241521,100,100,100,100,100,1,3162,50
0.488790107658133,100,100,100,100,100,1,3162,50
5e-04,100,100,100,100.0005,100.0005,1,3162,50
0.289921679068357,100,100,100,100,100,1,3162,50
0.502300162333995,100,100,100,100,100,1,3162,50
0.001,100,100,100,100.001,100.001,1,3162,50
5e-04,100,100,100,100.0005,100.0005,1,3162,50
0.0075,100,100,100,100.007250079064,100.007250079064,1,3162,50
5e-04,100,100,100,100.0005,100.0005,1,3162,50
0.001,100,100,100,100.001,100.001,1,3162,50
0.003,100,100,100,100.003,100.003,1,3162,50
0.0055,100,100,100,100.0055,100.0055,1,3162,50
0.001,100,100,100,100.001,100.001,1,3162,50
0.034962787758559,100,100,100,100,100,1,3162,50
0.824395294766873,100,100,100,100,100,1,3162,50
0.0015,100,100,100,100.0015,100.0015,1,3162,50
0.0015,100,100,100,100.0015,100.0015,1,3162,50
5e-04,100,100,100,100.0005,100.0005,1,3162,50
0.001,100,100,100,100.001,100.001,1,3162,50
0.0015,100,100,100,100.0015,100.0015,1,3162,50
5e-04,100,100,100,100.0005,100.0005,1,3162,50
0.002,100,100,100,100.002,100.002,1,3162,50
5e-04,100,100,100,100.0005,100.0005,1,3162,50
0.001,100,100,100,100.001,100.001,1,3162,50
0.001,100,100,100,100.001,100.001,1,3162,50
5e-04,100,100,100,100.0005,100.0005,1,3162,50
0.001,100,100,100,100.000750079064,100.000750079064,1,3162,50
0.0045,100,100,100,100.0045,100.0045,1,3162,50
0.0015,100,100,100,100.001250079064,100.001250079064,1,3162,50
0.432897691614926,100,100,100,100,100,1,3162,50
