"p","truediv","chaoest","obsD","upper","lower","l","inds","reps"
0.369453505147249,100,100,100,100,100,1,5623,50
0.332304935902357,100,100,100,100,100,1,5623,50
0.786527535645291,100,100,100,100,100,1,5623,50
0.508047945098951,100,100,100,100,100,1,5623,50
0.568505929317325,100,100,100,100,100,1,5623,50
0.518511607311666,100,100,100,100,100,1,5623,50
0.24731664150022,100,100,100,100,100,1,5623,50
0.521553735248744,100,100,100,100,100,1,5623,50
0.410846680635586,100,100,100,100,100,1,5623,50
0.348019143566489,100,100,100,100,100,1,5623,50
0.718662824248895,100,100,100,100,100,1,5623,50
0.917382040061057,100,100,100,100,100,1,5623,50
0.345786792458966,100,100,100,100,100,1,5623,50
0.388396862894297,100,100,100,100,100,1,5623,50
0.473807845031843,100,100,100,100,100,1,5623,50
0.728791118599474,100,100,100,100,100,1,5623,50
0.717047947226092,100,100,100,100,100,1,5623,50
0.868622604757547,100,100,100,100,100,1,5623,50
0.180364224128425,100,100,100,100,100,1,5623,50
0.0470832902938128,100,100,100,100,100,1,5623,50
0.142126839142293,100,100,100,100,100,1,5623,50
0.130835015559569,100,100,100,100,100,1,5623,50
0.375511840684339,100,100,100,100,100,1,5623,50
0.0513311091344804,100,100,100,100,100,1,5623,50
0.418089217040688,100,100,100,100,100,1,5623,50
0.72694719908759,100,100,100,100,100,1,5623,50
0.764688382158056,100,100,100,100,100,1,5623,50
0.723527834517881,100,100,100,100,100,1,5623,50
0.53120454819873,100,100,100,100,100,1,5623,50
0.635003550676629,100,100,100,100,100,1,5623,50
0.045688544632867,100,100,100,100,100,1,5623,50
0.000117206713184714,100,100,100,100,100,1,5623,50
0.794788356637582,100,100,100,100,100,1,5623,50
0.86311595980078,100,100,100,100,100,1,5623,50
0.439973807428032,100,100,100,100,100,1,5623,50
0.785479725105688,100,100,100,100,100,1,5623,50
0.205482951598242,100,100,100,100,100,1,5623,50
0.967681845184416,100,100,100,100,100,1,5623,50
0.586910791927949,100,100,100,100,100,1,5623,50
0.715355986962095,100,100,100,100,100,1,5623,50
0.950324499048293,100,100,100,100,100,1,5623,50
0.627607798669487,100,100,100,100,100,1,5623,50
0.553715356159955,100,100,100,100,100,1,5623,50
0.82106105866842,100,100,100,100,100,1,5623,50
0.948165074223652,100,100,100,100,100,1,5623,50
0.309438759693876,100,100,100,100,100,1,5623,50
0.0103381318040192,100,100,100,100,100,1,5623,50
0.860349492169917,100,100,100,100,100,1,5623,50
0.118026045383886,100,100,100,100,100,1,5623,50
0.635864047566429,100,100,100,100,100,1,5623,50
