"p","truediv","chaoest","obsD","upper","lower","l","inds","reps"
0.602349057095125,100,100,100,100,100,1,5623,50
0.986132937949151,100,100,100,100,100,1,5623,50
0.977292238036171,100,100,100,100,100,1,5623,50
0.787002876866609,100,100,100,100,100,1,5623,50
0.250425783917308,100,100,100,100,100,1,5623,50
0.0343685781117529,100,100,100,100,100,1,5623,50
0.319003833224997,100,100,100,100,100,1,5623,50
0.216425735969096,100,100,100,100,100,1,5623,50
0.394122791942209,100,100,100,100,100,1,5623,50
0.572413491085172,100,100,100,100,100,1,5623,50
0.70524824410677,100,100,100,100,100,1,5623,50
0.481647319858894,100,100,100,100,100,1,5623,50
0.353099542437121,100,100,100,100,100,1,5623,50
0.433448830619454,100,100,100,100,100,1,5623,50
0.373673218302429,100,100,100,100,100,1,5623,50
0.00673862919211388,100,100,100,100,100,1,5623,50
0.939993930514902,100,100,100,100,100,1,5623,50
0.198972612386569,100,100,100,100,100,1,5623,50
0.437562538543716,100,100,100,100,100,1,5623,50
0.649778734892607,100,100,100,100,100,1,5623,50
0.164942804025486,100,100,100,100,100,1,5623,50
0.0575541821308434,100,100,100,100,100,1,5623,50
0.204191832104698,100,100,100,100,100,1,5623,50
0.57133408030495,100,100,100,100,100,1,5623,50
0.544334908714518,100,100,100,100,100,1,5623,50
0.341303615598008,100,100,100,100,100,1,5623,50
0.0532828872092068,100,100,100,100,100,1,5623,50
0.337365221232176,100,100,100,100,100,1,5623,50
0.609280937816948,100,100,100,100,100,1,5623,50
0.692285245750099,100,100,100,100,100,1,5623,50
0.51748123485595,100,100,100,100,100,1,5623,50
0.72314104763791,100,100,100,100,100,1,5623,50
0.653932555345818,100,100,100,100,100,1,5623,50
0.323452828451991,100,100,100,100,100,1,5623,50
0.57390551129356,100,100,100,100,100,1,5623,50
0.327677463646978,100,100,100,100,100,1,5623,50
0.6733061990235,100,100,100,100,100,1,5623,50
0.397730618948117,100,100,100,100,100,1,5623,50
0.0507578859105706,100,100,100,100,100,1,5623,50
0.10068192332983,100,100,100,100,100,1,5623,50
0.231370436260477,100,100,100,100,100,1,5623,50
0.368585595628247,100,100,100,100,100,1,5623,50
0.792016289429739,100,100,100,100,100,1,5623,50
0.753103593597189,100,100,100,100,100,1,5623,50
0.122599306982011,100,100,100,100,100,1,5623,50
0.913733146619052,100,100,100,100,100,1,5623,50
0.10357346618548,100,100,100,100,100,1,5623,50
0.149123288923874,100,100,100,100,100,1,5623,50
0.32845866587013,100,100,100,100,100,1,5623,50
0.939449128462002,100,100,100,100,100,1,5623,50
