"p","truediv","chaoest","obsD","upper","lower","l","inds","reps"
0.873869788600132,100,100,100,100,100,1,5623,50
0.514476954704151,100,100,100,100,100,1,5623,50
0.847238280810416,100,100,100,100,100,1,5623,50
0.52755758096464,100,100,100,100,100,1,5623,50
0.281746218912303,100,100,100,100,100,1,5623,50
0.106557526625693,100,100,100,100,100,1,5623,50
0.675412922166288,100,100,100,100,100,1,5623,50
0.564396522939205,100,100,100,100,100,1,5623,50
0.881738123716787,100,100,100,100,100,1,5623,50
0.0292626384180039,100,100,100,100,100,1,5623,50
0.668022337835282,100,100,100,100,100,1,5623,50
0.905980900395662,100,100,100,100,100,1,5623,50
0.908637308748439,100,100,100,100,100,1,5623,50
0.284158938331529,100,100,100,100,100,1,5623,50
0.383119213627651,100,100,100,100,100,1,5623,50
0.650067263282835,100,100,100,100,100,1,5623,50
0.438378010876477,100,100,100,100,100,1,5623,50
0.952597823692486,100,100,100,100,100,1,5623,50
0.834068269468844,100,100,100,100,100,1,5623,50
0.686528040794656,100,100,100,100,100,1,5623,50
0.43030669959262,100,100,100,100,100,1,5623,50
0.715878593502566,100,100,100,100,100,1,5623,50
0.475350826047361,100,100,100,100,100,1,5623,50
0.796125685563311,100,100,100,100,100,1,5623,50
0.906123175052926,100,100,100,100,100,1,5623,50
0.283275624038652,100,100,100,100,100,1,5623,50
0.449129748856649,100,100,100,100,100,1,5623,50
0.826122222468257,100,100,100,100,100,1,5623,50
0.650609631557018,100,100,100,100,100,1,5623,50
0.00921228528022766,100,100,100,100,100,1,5623,50
0.804211330134422,100,100,100,100,100,1,5623,50
0.730623813578859,100,100,100,100,100,1,5623,50
0.0700619344133884,100,100,100,100,100,1,5623,50
0.253775008721277,100,100,100,100,100,1,5623,50
0.0784643332008272,100,100,100,100,100,1,5623,50
0.631446334533393,100,100,100,100,100,1,5623,50
0.094092653831467,100,100,100,100,100,1,5623,50
0.975503629073501,100,100,100,100,100,1,5623,50
0.518080628011376,100,100,100,100,100,1,5623,50
0.816477817017585,100,100,100,100,100,1,5623,50
0.999129395466298,100,100,100,100,100,1,5623,50
0.684975686250255,100,100,100,100,100,1,5623,50
0.822209808975458,100,100,100,100,100,1,5623,50
0.496720941038802,100,100,100,100,100,1,5623,50
0.556277206400409,100,100,100,100,100,1,5623,50
0.904331412632018,100,100,100,100,100,1,5623,50
0.415159080876037,100,100,100,100,100,1,5623,50
0.986245779320598,100,100,100,100,100,1,5623,50
0.780998490052298,100,100,100,100,100,1,5623,50
0.908334516687319,100,100,100,100,100,1,5623,50
