"p","truediv","chaoest","obsD","upper","lower","l","inds","reps"
0.580470798537135,100,100,100,100,100,1,5623,50
0.843344478402287,100,100,100,100,100,1,5623,50
0.302060819463804,100,100,100,100,100,1,5623,50
0.153115615481511,100,100,100,100,100,1,5623,50
0.674670729786158,100,100,100,100,100,1,5623,50
0.696852284949273,100,100,100,100,100,1,5623,50
0.0535708903335035,100,100,100,100,100,1,5623,50
0.117278394289315,100,100,100,100,100,1,5623,50
0.60018603480421,100,100,100,100,100,1,5623,50
0.728960860753432,100,100,100,100,100,1,5623,50
0.105371561134234,100,100,100,100,100,1,5623,50
0.618935670005158,100,100,100,100,100,1,5623,50
0.494902112754062,100,100,100,100,100,1,5623,50
0.120473622344434,100,100,100,100,100,1,5623,50
0.445798391243443,100,100,100,100,100,1,5623,50
0.313831168692559,100,100,100,100,100,1,5623,50
0.0115980736445636,100,100,100,100,100,1,5623,50
0.208920541917905,100,100,100,100,100,1,5623,50
0.167653450975195,100,100,100,100,100,1,5623,50
0.669003636343405,100,100,100,100,100,1,5623,50
0.850587126333266,100,100,100,100,100,1,5623,50
0.108706623781472,100,100,100,100,100,1,5623,50
0.5554027503822,100,100,100,100,100,1,5623,50
0.0188627920579165,100,100,100,100,100,1,5623,50
0.170119676738977,100,100,100,100,100,1,5623,50
0.9793428897392,100,100,100,100,100,1,5623,50
0.656044415663928,100,100,100,100,100,1,5623,50
0.427298600785434,100,100,100,100,100,1,5623,50
0.401918188203126,100,100,100,100,100,1,5623,50
0.0300553997512907,100,100,100,100,100,1,5623,50
0.0501687433570623,100,100,100,100,100,1,5623,50
0.23344917059876,100,100,100,100,100,1,5623,50
0.687790101161227,100,100,100,100,100,1,5623,50
0.84078272501938,100,100,100,100,100,1,5623,50
0.0715588475577533,100,100,100,100,100,1,5623,50
0.62845213082619,100,100,100,100,100,1,5623,50
5e-04,100,100,100,100.0005,100.0005,1,5623,50
0.663533948361874,100,100,100,100,100,1,5623,50
0.670428955694661,100,100,100,100,100,1,5623,50
0.270993248326704,100,100,100,100,100,1,5623,50
0.933273393893614,100,100,100,100,100,1,5623,50
0.245567457284778,100,100,100,100,100,1,5623,50
0.71372361946851,100,100,100,100,100,1,5623,50
0.124871808104217,100,100,100,100,100,1,5623,50
0.12829634710215,100,100,100,100,100,1,5623,50
0.384185671107844,100,100,100,100,100,1,5623,50
0.509315840201452,100,100,100,100,100,1,5623,50
0.693842907436192,100,100,100,100,100,1,5623,50
0.0824328490998596,100,100,100,100,100,1,5623,50
0.551884012296796,100,100,100,100,100,1,5623,50
