"p","truediv","chaoest","obsD","upper","lower","l","inds","reps"
0.725576260825619,100,100,100,100,100,1,5623,50
0.96030533593148,100,100,100,100,100,1,5623,50
0.343932252842933,100,100,100,100,100,1,5623,50
0.416962381685153,100,100,100,100,100,1,5623,50
0.746930836932734,100,100,100,100,100,1,5623,50
0.449281129753217,100,100,100,100,100,1,5623,50
0.729647052008659,100,100,100,100,100,1,5623,50
0.001,100,100,100,100.001,100.001,1,5623,50
0.374746842542663,100,100,100,100,100,1,5623,50
0.532580764498562,100,100,100,100,100,1,5623,50
0.380976766347885,100,100,100,100,100,1,5623,50
0.536830906989053,100,100,100,100,100,1,5623,50
0.542950728675351,100,100,100,100,100,1,5623,50
0.101367701543495,100,100,100,100,100,1,5623,50
0.698651166632771,100,100,100,100,100,1,5623,50
0.65227558510378,100,100,100,100,100,1,5623,50
0.603961810935289,100,100,100,100,100,1,5623,50
0.468049680115655,100,100,100,100,100,1,5623,50
0.368834878318012,100,100,100,100,100,1,5623,50
0.185933425789699,100,100,100,100,100,1,5623,50
0.897743237670511,100,100,100,100,100,1,5623,50
0.24419919308275,100,100,100,100,100,1,5623,50
0.309281354537234,100,100,100,100,100,1,5623,50
0.0487523053307086,100,100,100,100,100,1,5623,50
0.878196206642315,100,100,100,100,100,1,5623,50
0.836499552475289,100,100,100,100,100,1,5623,50
0.836448878981173,100,100,100,100,100,1,5623,50
0.359124930342659,100,100,100,100,100,1,5623,50
0.626499500824139,100,100,100,100,100,1,5623,50
0.986984946997836,100,100,100,100,100,1,5623,50
0.42688590567559,100,100,100,100,100,1,5623,50
0.186256155604497,100,100,100,100,100,1,5623,50
0.0479449704289436,100,100,100,100,100,1,5623,50
0.491817889502272,100,100,100,100,100,1,5623,50
0.0537581141106784,100,100,100,100,100,1,5623,50
0.521871372358873,100,100,100,100,100,1,5623,50
0.00921182613819838,100,100,100,100,100,1,5623,50
0.733558184932917,100,100,100,100,100,1,5623,50
0.842452555894852,100,100,100,100,100,1,5623,50
0.260971340350807,100,100,100,100,100,1,5623,50
0.113748756237328,100,100,100,100,100,1,5623,50
0.768839862430468,100,100,100,100,100,1,5623,50
0.782358745578676,100,100,100,100,100,1,5623,50
0.267194804968312,100,100,100,100,100,1,5623,50
0.832053144928068,100,100,100,100,100,1,5623,50
0.516691112658009,100,100,100,100,100,1,5623,50
0.678470351267606,100,100,100,100,100,1,5623,50
0.401053376030177,100,100,100,100,100,1,5623,50
0.116044330876321,100,100,100,100,100,1,5623,50
0.247923426795751,100,100,100,100,100,1,5623,50
