"p","truediv","chaoest","obsD","upper","lower","l","inds","reps"
0.002,100,100,100,100.002,100.002,1,3162,50
0.146247261436656,100,100,100,100,100,1,3162,50
0.99058567523025,100,100,100,100,100,1,3162,50
0.840591222979128,100,100,100,100,100,1,3162,50
0.002,100,100,100,100.001750079064,100.001750079064,1,3162,50
0.001,100,100,100,100.001,100.001,1,3162,50
0.0035,100,100,100,100.0035,100.0035,1,3162,50
0.377837320091203,100,100,100,100,100,1,3162,50
0.97004444245249,100,100,100,100,100,1,3162,50
0.859088271157816,100,100,100,100,100,1,3162,50
0.001,100,100,100,100.001,100.001,1,3162,50
5e-04,100,100,100,100.000000158128,100.000000158128,1,3162,50
0.796455424511805,100,100,100,100,100,1,3162,50
0.001,100,100,100,100.001,100.001,1,3162,50
0.841826326213777,100,100,100,100,100,1,3162,50
0.26294711465016,100,100,100,100,100,1,3162,50
5e-04,100,100,100,100.0005,100.0005,1,3162,50
0.001,100,100,100,100.001,100.001,1,3162,50
5e-04,100,100,100,100.0005,100.0005,1,3162,50
5e-04,100,100,100,100.0005,100.0005,1,3162,50
0.586789907654747,100,100,100,100,100,1,3162,50
0.932314248988405,100,100,100,100,100,1,3162,50
0.0185,100,100,100,100.018250079064,100.018250079064,1,3162,50
0.279520856449381,100,100,100,100,100,1,3162,50
5e-04,100,100,100,100.0005,100.0005,1,3162,50
0.55635241069831,100,100,100,100,100,1,3162,50
0.0015,100,100,100,100.0015,100.0015,1,3162,50
5e-04,100,100,100,100.0005,100.0005,1,3162,50
5e-04,100,100,100,100.0005,100.0005,1,3162,50
5e-04,100,100,100,100.0005,100.0005,1,3162,50
5e-04,100,100,100,100.0005,100.0005,1,3162,50
5e-04,100,100,100,100.0005,100.0005,1,3162,50
5e-04,100,100,100,100.0005,100.0005,1,3162,50
0.001,100,100,100,100.001,100.001,1,3162,50
5e-04,100,100,100,100.0005,100.0005,1,3162,50
0.700010371860117,100,100,100,100,100,1,3162,50
0.0035,100,100,100,100.0035,100.0035,1,3162,50
0.002,100,100,100,100.001500158128,100.001500158128,1,3162,50
0.0546074768062681,100,100,100,100,100,1,3162,50
5e-04,100,100,100,100.0005,100.0005,1,3162,50
0.001,100,100,100,100.001,100.001,1,3162,50
0.0015,100,100,100,100.0015,100.0015,1,3162,50
0.715072299353778,100,100,100,100,100,1,3162,50
0.0713197484146804,100,100,100,100,100,1,3162,50
0.893393535399809,100,100,100,100,100,1,3162,50
5e-04,100,100,100,100.0005,100.0005,1,3162,50
5e-04,100,100,100,100.0005,100.0005,1,3162,50
0.001,100,100,100,100.001,100.001,1,3162,50
0.802356196334586,100,100,100,100,100,1,3162,50
0.304207105189562,100,100,100,100,100,1,3162,50
