"p","truediv","chaoest","obsD","upper","lower","l","inds","reps"
0.239460683427751,100,100,100,100,100,1,5623,50
0.960856193909422,100,100,100,100,100,1,5623,50
0.432652328163385,100,100,100,100,100,1,5623,50
0.294153604656458,100,100,100,100,100,1,5623,50
0.383716280572116,100,100,100,100,100,1,5623,50
0.775559411151335,100,100,100,100,100,1,5623,50
0.979994258843362,100,100,100,100,100,1,5623,50
0.28422988159582,100,100,100,100,100,1,5623,50
0.413463664473966,100,100,100,100,100,1,5623,50
0.754254328552634,100,100,100,100,100,1,5623,50
0.406826133839786,100,100,100,100,100,1,5623,50
0.252575328107923,100,100,100,100,100,1,5623,50
0.506213478976861,100,100,100,100,100,1,5623,50
0.415951372124255,100,100,100,100,100,1,5623,50
0.824883801396936,100,100,100,100,100,1,5623,50
0.803702592849731,100,100,100,100,100,1,5623,50
0.48005829565227,100,100,100,100,100,1,5623,50
0.643927828641608,100,100,100,100,100,1,5623,50
0.670324127888307,100,100,100,100,100,1,5623,50
0.943204765440896,100,100,100,100,100,1,5623,50
0.711275019682944,100,100,100,100,100,1,5623,50
0.543772883480415,100,100,100,100,100,1,5623,50
0.131262165261433,100,100,100,100,100,1,5623,50
0.399083126103505,100,100,100,100,100,1,5623,50
0.443608651868999,100,100,100,100,100,1,5623,50
0.95744635281153,100,100,100,100,100,1,5623,50
0.214768882375211,100,100,100,100,100,1,5623,50
0.995421588420868,100,100,100,100,100,1,5623,50
0.655644628684968,100,100,100,100,100,1,5623,50
0.486740799853578,100,100,100,100,100,1,5623,50
0.220620164880529,100,100,100,100,100,1,5623,50
0.292285088682547,100,100,100,100,100,1,5623,50
0.0952138423454016,100,100,100,100,100,1,5623,50
0.680481974501163,100,100,100,100,100,1,5623,50
0.993604724528268,100,100,100,100,100,1,5623,50
0.97982833138667,100,100,100,100,100,1,5623,50
0.184608333976939,100,100,100,100,100,1,5623,50
0.5727077673655,100,100,100,100,100,1,5623,50
0.11996170016937,100,100,100,100,100,1,5623,50
0.636418481590226,100,100,100,100,100,1,5623,50
0.621380064170808,100,100,100,100,100,1,5623,50
0.515674379654229,100,100,100,100,100,1,5623,50
0.80686356080696,100,100,100,100,100,1,5623,50
0.576448239618912,100,100,100,100,100,1,5623,50
0.297848181799054,100,100,100,100,100,1,5623,50
0.268815652932972,100,100,100,100,100,1,5623,50
0.761770862853155,100,100,100,100,100,1,5623,50
0.157885264372453,100,100,100,100,100,1,5623,50
0.416714626597241,100,100,100,100,100,1,5623,50
0.360977399395779,100,100,100,100,100,1,5623,50
