"p","truediv","chaoest","obsD","upper","lower","l","inds","reps"
0.663333315169439,100,100,100,100,100,1,5623,50
0.0200969923753291,100,100,100,100,100,1,5623,50
0.1700506915804,100,100,100,100,100,1,5623,50
0.444814113434404,100,100,100,100,100,1,5623,50
0.841823058901355,100,100,100,100,100,1,5623,50
0.85999644966796,100,100,100,100,100,1,5623,50
0.0433155475184321,100,100,100,100,100,1,5623,50
0.847483775345609,100,100,100,100,100,1,5623,50
0.716189224272966,100,100,100,100,100,1,5623,50
0.79290478117764,100,100,100,100,100,1,5623,50
0.675674722529948,100,100,100,100,100,1,5623,50
0.696250184439123,100,100,100,100,100,1,5623,50
0.83016586699523,100,100,100,100,100,1,5623,50
0.248628831235692,100,100,100,100,100,1,5623,50
0.496180490823463,100,100,100,100,100,1,5623,50
0.55326192243956,100,100,100,100,100,1,5623,50
0.767934474628419,100,100,100,100,100,1,5623,50
0.921747666085139,100,100,100,100,100,1,5623,50
0.245279384544119,100,100,100,100,100,1,5623,50
0.67021119245328,100,100,100,100,100,1,5623,50
0.776155583327636,100,100,100,100,100,1,5623,50
5e-04,100,100,100,100.0005,100.0005,1,5623,50
0.606431138003245,100,100,100,100,100,1,5623,50
0.885945439338684,100,100,100,100,100,1,5623,50
0.377663131570444,100,100,100,100,100,1,5623,50
0.252661105943844,100,100,100,100,100,1,5623,50
0.143242084886879,100,100,100,100,100,1,5623,50
0.726379485800862,100,100,100,100,100,1,5623,50
0.216001475229859,100,100,100,100,100,1,5623,50
0.993892774684355,100,100,100,100,100,1,5623,50
0.361410346115008,100,100,100,100,100,1,5623,50
0.730848713545129,100,100,100,100,100,1,5623,50
0.611902232747525,100,100,100,100,100,1,5623,50
0.730437740217894,100,100,100,100,100,1,5623,50
0.347062114160508,100,100,100,100,100,1,5623,50
0.104011861840263,100,100,100,100,100,1,5623,50
0.548096631420776,100,100,100,100,100,1,5623,50
0.132722215726972,100,100,100,100,100,1,5623,50
0.15014463220723,100,100,100,100,100,1,5623,50
0.310149845900014,100,100,100,100,100,1,5623,50
0.132773535791785,100,100,100,100,100,1,5623,50
0.7891111492645,100,100,100,100,100,1,5623,50
0.558788075344637,100,100,100,100,100,1,5623,50
0.947862881002948,100,100,100,100,100,1,5623,50
0.69199737533927,100,100,100,100,100,1,5623,50
0.354551339522004,100,100,100,100,100,1,5623,50
0.701833308674395,100,100,100,100,100,1,5623,50
0.430252732243389,100,100,100,100,100,1,5623,50
0.238803113577887,100,100,100,100,100,1,5623,50
0.5917883743532,100,100,100,100,100,1,5623,50
