"p","truediv","chaoest","obsD","upper","lower","l","inds","reps"
0.411338914185762,100,100,100,100,100,1,5623,50
0.711304776370525,100,100,100,100,100,1,5623,50
0.433731183409691,100,100,100,100,100,1,5623,50
0.206891814945266,100,100,100,100,100,1,5623,50
0.963959519052878,100,100,100,100,100,1,5623,50
0.58663883106783,100,100,100,100,100,1,5623,50
0.315059803891927,100,100,100,100,100,1,5623,50
0.145903267199174,100,100,100,100,100,1,5623,50
0.494360975222662,100,100,100,100,100,1,5623,50
0.22908150521107,100,100,100,100,100,1,5623,50
0.844242365565151,100,100,100,100,100,1,5623,50
0.265119654126465,100,100,100,100,100,1,5623,50
0.118284889496863,100,100,100,100,100,1,5623,50
0.677863963181153,100,100,100,100,100,1,5623,50
0.0929125586990267,100,100,100,100,100,1,5623,50
0.241933022858575,100,100,100,100,100,1,5623,50
0.490154893836007,100,100,100,100,100,1,5623,50
0.292627268936485,100,100,100,100,100,1,5623,50
0.0836453584488481,100,100,100,100,100,1,5623,50
0.148026345530525,100,100,100,100,100,1,5623,50
0.0505177269224077,100,100,100,100,100,1,5623,50
0.984993408434093,100,100,100,100,100,1,5623,50
0.400068703573197,100,100,100,100,100,1,5623,50
0.430127054685727,100,100,100,100,100,1,5623,50
0.808243606239557,100,100,100,100,100,1,5623,50
0.0796631400007755,100,100,100,100,100,1,5623,50
0.855622296687216,100,100,100,100,100,1,5623,50
0.0921603755559772,100,100,100,100,100,1,5623,50
0.0202025314792991,100,100,100,100,100,1,5623,50
0.190404307795689,100,100,100,100,100,1,5623,50
0.0819738109130412,100,100,100,100,100,1,5623,50
0.48396306228824,100,100,100,100,100,1,5623,50
0.495421537198126,100,100,100,100,100,1,5623,50
0.87668442283757,100,100,100,100,100,1,5623,50
0.560029303655028,100,100,100,100,100,1,5623,50
0.612719408236444,100,100,100,100,100,1,5623,50
0.136034304043278,100,100,100,100,100,1,5623,50
0.927751906216145,100,100,100,100,100,1,5623,50
0.483170518185943,100,100,100,100,100,1,5623,50
0.921722988830879,100,100,100,100,100,1,5623,50
0.521201143739745,100,100,100,100,100,1,5623,50
0.984947709133849,100,100,100,100,100,1,5623,50
0.374598813708872,100,100,100,100,100,1,5623,50
0.308517035795376,100,100,100,100,100,1,5623,50
0.353413128992543,100,100,100,100,100,1,5623,50
0.391182150924578,100,100,100,100,100,1,5623,50
0.64931816724129,100,100,100,100,100,1,5623,50
0.343575150938705,100,100,100,100,100,1,5623,50
0.769552068319172,100,100,100,100,100,1,5623,50
0.254682646365836,100,100,100,100,100,1,5623,50
