"p","truediv","chaoest","obsD","upper","lower","l","inds","reps"
0.239837216213346,100,100,100,100,100,1,5623,50
0.593351023970172,100,100,100,100,100,1,5623,50
0.675071923760697,100,100,100,100,100,1,5623,50
0.186705916654319,100,100,100,100,100,1,5623,50
0.746896215481684,100,100,100,100,100,1,5623,50
0.614048707997426,100,100,100,100,100,1,5623,50
0.531921317102388,100,100,100,100,100,1,5623,50
0.538375570438802,100,100,100,100,100,1,5623,50
0.001,100,100,100,100.001,100.001,1,5623,50
0.763970263069496,100,100,100,100,100,1,5623,50
5e-04,100,100,100,100.0005,100.0005,1,5623,50
0.712926777545363,100,100,100,100,100,1,5623,50
0.597124323248863,100,100,100,100,100,1,5623,50
0.625683220103383,100,100,100,100,100,1,5623,50
0.527365165296942,100,100,100,100,100,1,5623,50
0.895830661291257,100,100,100,100,100,1,5623,50
0.852649097563699,100,100,100,100,100,1,5623,50
0.724394195945933,100,100,100,100,100,1,5623,50
0.945980212418362,100,100,100,100,100,1,5623,50
0.459470764035359,100,100,100,100,100,1,5623,50
0.146207219921052,100,100,100,100,100,1,5623,50
0.0777345104143023,100,100,100,100,100,1,5623,50
0.715254810638726,100,100,100,100,100,1,5623,50
0.607209808425978,100,100,100,100,100,1,5623,50
0.34734611120075,100,100,100,100,100,1,5623,50
0.078748288564384,100,100,100,100,100,1,5623,50
0.0649985810741782,100,100,100,100,100,1,5623,50
0.52222311985679,100,100,100,100,100,1,5623,50
0.64582218346186,100,100,100,100,100,1,5623,50
0.546289241639897,100,100,100,100,100,1,5623,50
0.235667467815802,100,100,100,100,100,1,5623,50
0.363784516695887,100,100,100,100,100,1,5623,50
0.107479384867474,100,100,100,100,100,1,5623,50
0.597203435609117,100,100,100,100,100,1,5623,50
0.464074179297313,100,100,100,100,100,1,5623,50
0.317773767746985,100,100,100,100,100,1,5623,50
0.892039187951013,100,100,100,100,100,1,5623,50
0.988802633015439,100,100,100,100,100,1,5623,50
0.223367334343493,100,100,100,100,100,1,5623,50
0.537383208516985,100,100,100,100,100,1,5623,50
0.752557837404311,100,100,100,100,100,1,5623,50
0.168142779963091,100,100,100,100,100,1,5623,50
0.370406828355044,100,100,100,100,100,1,5623,50
0.0731462126132101,100,100,100,100,100,1,5623,50
0.168425314128399,100,100,100,100,100,1,5623,50
0.437852042960003,100,100,100,100,100,1,5623,50
0.733233438339084,100,100,100,100,100,1,5623,50
0.0506861908361316,100,100,100,100,100,1,5623,50
0.777336036786437,100,100,100,100,100,1,5623,50
0.933809659909457,100,100,100,100,100,1,5623,50
