"p","truediv","chaoest","obsD","upper","lower","l","inds","reps"
0.423983333399519,100,100,100,100,100,1,5623,50
0.304375681094825,100,100,100,100,100,1,5623,50
0.70089594903402,100,100,100,100,100,1,5623,50
0.0653695294167846,100,100,100,100,100,1,5623,50
0.0651106000877917,100,100,100,100,100,1,5623,50
0.27461182884872,100,100,100,100,100,1,5623,50
0.326515649678186,100,100,100,100,100,1,5623,50
0.71473928517662,100,100,100,100,100,1,5623,50
0.0262874739710242,100,100,100,100,100,1,5623,50
0.468745228368789,100,100,100,100,100,1,5623,50
0.164783110376447,100,100,100,100,100,1,5623,50
0.942542200675234,100,100,100,100,100,1,5623,50
0.46431565657258,100,100,100,100,100,1,5623,50
0.363891987362877,100,100,100,100,100,1,5623,50
0.793036071816459,100,100,100,100,100,1,5623,50
0.411966200685129,100,100,100,100,100,1,5623,50
0.191901282873005,100,100,100,100,100,1,5623,50
0.294817066285759,100,100,100,100,100,1,5623,50
0.744791820878163,100,100,100,100,100,1,5623,50
0.958885283907875,100,100,100,100,100,1,5623,50
0.196297782473266,100,100,100,100,100,1,5623,50
0.163265286013484,100,100,100,100,100,1,5623,50
0.347295921994373,100,100,100,100,100,1,5623,50
0.8337091577705,100,100,100,100,100,1,5623,50
0.438393799820915,100,100,100,100,100,1,5623,50
0.193080579396337,100,100,100,100,100,1,5623,50
0.384213254554197,100,100,100,100,100,1,5623,50
0.272527262801304,100,100,100,100,100,1,5623,50
0.899047844810411,100,100,100,100,100,1,5623,50
0.749524762388319,100,100,100,100,100,1,5623,50
5e-04,100,100,100,100.0005,100.0005,1,5623,50
0.859822396188974,100,100,100,100,100,1,5623,50
0.806022057542577,100,100,100,100,100,1,5623,50
0.581930490676314,100,100,100,100,100,1,5623,50
0.938714395044371,100,100,100,100,100,1,5623,50
0.751962350914255,100,100,100,100,100,1,5623,50
0.872512924252078,100,100,100,100,100,1,5623,50
0.0604469149839133,100,100,100,100,100,1,5623,50
0.700777202378958,100,100,100,100,100,1,5623,50
0.0753076674882323,100,100,100,100,100,1,5623,50
0.590057849884033,100,100,100,100,100,1,5623,50
0.87054101517424,100,100,100,100,100,1,5623,50
0.316815587691963,100,100,100,100,100,1,5623,50
0.634729088749737,100,100,100,100,100,1,5623,50
0.690944564063102,100,100,100,100,100,1,5623,50
0.328481206204742,100,100,100,100,100,1,5623,50
0.0858175344765186,100,100,100,100,100,1,5623,50
0.726784132421017,100,100,100,100,100,1,5623,50
0.691907878266647,100,100,100,100,100,1,5623,50
0.842760318424553,100,100,100,100,100,1,5623,50
