"p","truediv","chaoest","obsD","upper","lower","l","inds","reps"
0.60778227658011,100,100,100,100,100,1,5623,50
0.210817391285673,100,100,100,100,100,1,5623,50
0.643821585690603,100,100,100,100,100,1,5623,50
0.650330359349027,100,100,100,100,100,1,5623,50
0.461708321003243,100,100,100,100,100,1,5623,50
0.101151049369946,100,100,100,100,100,1,5623,50
0.984308566898108,100,100,100,100,100,1,5623,50
0.0936169514898211,100,100,100,100,100,1,5623,50
0.121142151998356,100,100,100,100,100,1,5623,50
0.370501514989883,100,100,100,100,100,1,5623,50
0.905463518574834,100,100,100,100,100,1,5623,50
0.662609222810715,100,100,100,100,100,1,5623,50
0.268311361782253,100,100,100,100,100,1,5623,50
0.813861753093079,100,100,100,100,100,1,5623,50
0.826373989228159,100,100,100,100,100,1,5623,50
0.309334663441405,100,100,100,100,100,1,5623,50
0.242501836735755,100,100,100,100,100,1,5623,50
0.730586873134598,100,100,100,100,100,1,5623,50
0.194932985585183,100,100,100,100,100,1,5623,50
0.224892760394141,100,100,100,100,100,1,5623,50
0.358959166100249,100,100,100,100,100,1,5623,50
0.749183938605711,100,100,100,100,100,1,5623,50
0.766499531920999,100,100,100,100,100,1,5623,50
0.225620093289763,100,100,100,100,100,1,5623,50
0.230825004167855,100,100,100,100,100,1,5623,50
0.0167556097730994,100,100,100,100,100,1,5623,50
0.287545204162598,100,100,100,100,100,1,5623,50
0.212089488748461,100,100,100,100,100,1,5623,50
0.718617130070925,100,100,100,100,100,1,5623,50
0.208748014876619,100,100,100,100,100,1,5623,50
0.354843837907538,100,100,100,100,100,1,5623,50
0.935249424073845,100,100,100,100,100,1,5623,50
0.769502804381773,100,100,100,100,100,1,5623,50
0.327772646443918,100,100,100,100,100,1,5623,50
0.378195669734851,100,100,100,100,100,1,5623,50
0.218600330641493,100,100,100,100,100,1,5623,50
0.00782912783324718,100,100,100,100,100,1,5623,50
0.735281955217943,100,100,100,100,100,1,5623,50
0.143289140891284,100,100,100,100,100,1,5623,50
0.800906722201034,100,100,100,100,100,1,5623,50
0.682659269310534,100,100,100,100,100,1,5623,50
0.424928816501051,100,100,100,100,100,1,5623,50
0.101246010046452,100,100,100,100,100,1,5623,50
0.289190980605781,100,100,100,100,100,1,5623,50
0.708659885684028,100,100,100,100,100,1,5623,50
0.543620123760775,100,100,100,100,100,1,5623,50
0.354272676398978,100,100,100,100,100,1,5623,50
0.85072577232495,100,100,100,100,100,1,5623,50
0.569634588900954,100,100,100,100,100,1,5623,50
0.126746567431837,100,100,100,100,100,1,5623,50
