"p","truediv","chaoest","obsD","upper","lower","l","inds","reps"
0.464053027098998,100,100,100,100,100,1,5623,50
0.0327798710204661,100,100,100,100,100,1,5623,50
0.575258735567331,100,100,100,100,100,1,5623,50
0.448361065704376,100,100,100,100,100,1,5623,50
0.488234916701913,100,100,100,100,100,1,5623,50
0.852857848862186,100,100,100,100,100,1,5623,50
0.729091998189688,100,100,100,100,100,1,5623,50
0.0611226134933531,100,100,100,100,100,1,5623,50
0.487259694607928,100,100,100,100,100,1,5623,50
0.536150538595393,100,100,100,100,100,1,5623,50
0.857962124049664,100,100,100,100,100,1,5623,50
0.536728887353092,100,100,100,100,100,1,5623,50
0.849788480671123,100,100,100,100,100,1,5623,50
0.963747108820826,100,100,100,100,100,1,5623,50
0.506984975421801,100,100,100,100,100,1,5623,50
0.594654400832951,100,100,100,100,100,1,5623,50
0.210954088252038,100,100,100,100,100,1,5623,50
0.260566002223641,100,100,100,100,100,1,5623,50
0.547910711029544,100,100,100,100,100,1,5623,50
0.76221243548207,100,100,100,100,100,1,5623,50
0.27191083249636,100,100,100,100,100,1,5623,50
0.192483812803403,100,100,100,100,100,1,5623,50
0.437850200338289,100,100,100,100,100,1,5623,50
0.0794851195532829,100,100,100,100,100,1,5623,50
0.440916223684326,100,100,100,100,100,1,5623,50
0.90873626829125,100,100,100,100,100,1,5623,50
0.707260304130614,100,100,100,100,100,1,5623,50
0.0488082533702254,100,100,100,100,100,1,5623,50
0.858275777893141,100,100,100,100,100,1,5623,50
0.61920551629737,100,100,100,100,100,1,5623,50
0.0310897063463926,100,100,100,100,100,1,5623,50
0.507817443925887,100,100,100,100,100,1,5623,50
0.936040007509291,100,100,100,100,100,1,5623,50
0.743558774935082,100,100,100,100,100,1,5623,50
0.918695278000087,100,100,100,100,100,1,5623,50
0.886749388184398,100,100,100,100,100,1,5623,50
0.0468215194996446,100,100,100,100,100,1,5623,50
5e-04,100,100,100,100.0005,100.0005,1,5623,50
0.490810394752771,100,100,100,100,100,1,5623,50
0.893251149915159,100,100,100,100,100,1,5623,50
0.0566608686931431,100,100,100,100,100,1,5623,50
0.973248737165704,100,100,100,100,100,1,5623,50
0.317342344205827,100,100,100,100,100,1,5623,50
0.691415064036846,100,100,100,100,100,1,5623,50
0.402528773061931,100,100,100,100,100,1,5623,50
0.881799471797422,100,100,100,100,100,1,5623,50
0.42670155595988,100,100,100,100,100,1,5623,50
0.697043997934088,100,100,100,100,100,1,5623,50
0.905936949653551,100,100,100,100,100,1,5623,50
0.32215304649435,100,100,100,100,100,1,5623,50
