"p","truediv","chaoest","obsD","upper","lower","l","inds","reps"
0.56480112997815,100,100,100,100,100,1,5623,50
0.68648519506678,100,100,100,100,100,1,5623,50
0.634606414241716,100,100,100,100,100,1,5623,50
0.885484549216926,100,100,100,100,100,1,5623,50
0.317666842136532,100,100,100,100,100,1,5623,50
0.363265445223078,100,100,100,100,100,1,5623,50
0.930139583069831,100,100,100,100,100,1,5623,50
0.984570890199393,100,100,100,100,100,1,5623,50
0.838738402351737,100,100,100,100,100,1,5623,50
0.0432466901838779,100,100,100,100,100,1,5623,50
0.978544801240787,100,100,100,100,100,1,5623,50
0.177609691862017,100,100,100,100,100,1,5623,50
0.876601610798389,100,100,100,100,100,1,5623,50
0.407766375923529,100,100,100,100,100,1,5623,50
0.00153644662350416,100,100,100,100,100,1,5623,50
0.876095595536754,100,100,100,100,100,1,5623,50
0.342391524696723,100,100,100,100,100,1,5623,50
0.989145671250299,100,100,100,100,100,1,5623,50
0.0511659071780741,100,100,100,100,100,1,5623,50
0.312216097488999,100,100,100,100,100,1,5623,50
0.87395830755122,100,100,100,100,100,1,5623,50
0.750352448550984,100,100,100,100,100,1,5623,50
0.270984615664929,100,100,100,100,100,1,5623,50
0.991556685417891,100,100,100,100,100,1,5623,50
0.497046840842813,100,100,100,100,100,1,5623,50
0.881324716610834,100,100,100,100,100,1,5623,50
0.281115362187847,100,100,100,100,100,1,5623,50
0.402038445463404,100,100,100,100,100,1,5623,50
0.172641138313338,100,100,100,100,100,1,5623,50
0.393654193263501,100,100,100,100,100,1,5623,50
0.226300699869171,100,100,100,100,100,1,5623,50
0.731727110454813,100,100,100,100,100,1,5623,50
0.602929389569908,100,100,100,100,100,1,5623,50
0.272614702116698,100,100,100,100,100,1,5623,50
0.380040894262493,100,100,100,100,100,1,5623,50
5e-04,100,100,100,100.0005,100.0005,1,5623,50
0.599878450855613,100,100,100,100,100,1,5623,50
0.582398823928088,100,100,100,100,100,1,5623,50
0.548668865347281,100,100,100,100,100,1,5623,50
0.702518192352727,100,100,100,100,100,1,5623,50
0.0122575741261244,100,100,100,100,100,1,5623,50
0.840675423853099,100,100,100,100,100,1,5623,50
0.998096542432904,100,100,100,100,100,1,5623,50
0.977687584003434,100,100,100,100,100,1,5623,50
0.168451930163428,100,100,100,100,100,1,5623,50
0.210384349804372,100,100,100,100,100,1,5623,50
0.788359386147931,100,100,100,100,100,1,5623,50
0.474111853633076,100,100,100,100,100,1,5623,50
0.198266515275463,100,100,100,100,100,1,5623,50
0.208239970263094,100,100,100,100,100,1,5623,50
