"p","truediv","chaoest","obsD","upper","lower","l","inds","reps"
0.590153542114422,100,100,100,100,100,1,5623,50
0.264002951560542,100,100,100,100,100,1,5623,50
0.966115176212043,100,100,100,100,100,1,5623,50
0.80740299471654,100,100,100,100,100,1,5623,50
0.48621100676246,100,100,100,100,100,1,5623,50
0.86623408854939,100,100,100,100,100,1,5623,50
0.0503668643068522,100,100,100,100,100,1,5623,50
0.166522540850565,100,100,100,100,100,1,5623,50
0.07095244852826,100,100,100,100,100,1,5623,50
0.438178564654663,100,100,100,100,100,1,5623,50
0.678937175776809,100,100,100,100,100,1,5623,50
0.249214245239273,100,100,100,100,100,1,5623,50
0.182159298099577,100,100,100,100,100,1,5623,50
0.225636162562296,100,100,100,100,100,1,5623,50
0.0015,100,100,100,100.0015,100.0015,1,5623,50
0.264502942096442,100,100,100,100,100,1,5623,50
0.982196832541376,100,100,100,100,100,1,5623,50
0.67212961288169,100,100,100,100,100,1,5623,50
0.458515104837716,100,100,100,100,100,1,5623,50
0.0025,100,100,100,100.0025,100.0025,1,5623,50
0.246148148318753,100,100,100,100,100,1,5623,50
0.674036886077374,100,100,100,100,100,1,5623,50
0.0762738685589284,100,100,100,100,100,1,5623,50
5e-04,100,100,100,100.0005,100.0005,1,5623,50
0.936626228736714,100,100,100,100,100,1,5623,50
0.146001833491027,100,100,100,100,100,1,5623,50
0.0625464394688606,100,100,100,100,100,1,5623,50
0.669328031130135,100,100,100,100,100,1,5623,50
0.753024474019185,100,100,100,100,100,1,5623,50
0.6681830692105,100,100,100,100,100,1,5623,50
0.174442789517343,100,100,100,100,100,1,5623,50
0.238016325747594,100,100,100,100,100,1,5623,50
0.535920072812587,100,100,100,100,100,1,5623,50
0.385590792400762,100,100,100,100,100,1,5623,50
0.0265950346365571,100,100,100,100,100,1,5623,50
0.603200008394197,100,100,100,100,100,1,5623,50
0.165242389775813,100,100,100,100,100,1,5623,50
0.0435860152356327,100,100,100,100,100,1,5623,50
0.779387843795121,100,100,100,100,100,1,5623,50
0.0655271068681031,100,100,100,100,100,1,5623,50
0.658108503557742,100,100,100,100,100,1,5623,50
0.974901763023809,100,100,100,100,100,1,5623,50
0.51897885161452,100,100,100,100,100,1,5623,50
0.299287720350549,100,100,100,100,100,1,5623,50
0.222248536767438,100,100,100,100,100,1,5623,50
0.98678088421002,100,100,100,100,100,1,5623,50
0.52591063757427,100,100,100,100,100,1,5623,50
0.844987131189555,100,100,100,100,100,1,5623,50
0.0302120905835181,100,100,100,100,100,1,5623,50
0.742460530251265,100,100,100,100,100,1,5623,50
