"p","truediv","chaoest","obsD","upper","lower","l","inds","reps"
0.993428668938577,100,100,100,100,100,1,3162,50
0.262598976725712,100,100,100,100,100,1,3162,50
5e-04,100,100,100,100.0005,100.0005,1,3162,50
0.291795400204137,100,100,100,100,100,1,3162,50
5e-04,100,100,100,100.0005,100.0005,1,3162,50
0.0015,100,100,100,100.0015,100.0015,1,3162,50
0.0055,100,100,100,100.0055,100.0055,1,3162,50
0.015,100,100,100,100.015,100.015,1,3162,50
5e-04,100,100,100,100.0005,100.0005,1,3162,50
5e-04,100,100,100,100.0005,100.0005,1,3162,50
0.801669276086614,100,100,100,100,100,1,3162,50
0.628433000529185,100,100,100,100,100,1,3162,50
0.227159047033638,100,100,100,100,100,1,3162,50
0.001,100,100,100,100.001,100.001,1,3162,50
0.708712582709268,100,100,100,100,100,1,3162,50
0.957064153626561,100,100,100,100,100,1,3162,50
0.01,100,100,100,100.01,100.01,1,3162,50
0.001,100,100,100,100.001,100.001,1,3162,50
0.569998133927584,100,100,100,100,100,1,3162,50
0.002,100,100,100,100.001500158128,100.001500158128,1,3162,50
5e-04,100,100,100,100.0005,100.0005,1,3162,50
5e-04,100,100,100,100.0005,100.0005,1,3162,50
0.0045,100,100,100,100.0045,100.0045,1,3162,50
0.878215362783521,100,100,100,100,100,1,3162,50
0.0015,100,100,100,100.0015,100.0015,1,3162,50
0.887516693444923,100,100,100,100,100,1,3162,50
5e-04,100,100,100,100.000250079064,100.000250079064,1,3162,50
0.002,100,100,100,100.001250237192,100.001250237192,1,3162,50
0.344952455954626,100,100,100,100,100,1,3162,50
0.259591232752427,100,100,100,100,100,1,3162,50
0.0095,100,100,100,100.009250079064,100.009250079064,1,3162,50
0.001,100,100,100,100.001,100.001,1,3162,50
0.0015,100,100,100,100.0015,100.0015,1,3162,50
0.0821345560252666,100,100,100,100,100,1,3162,50
0.192199806682765,100,100,100,100,100,1,3162,50
0.001,100,100,100,100.001,100.001,1,3162,50
0.963350818725303,100,100,100,100,100,1,3162,50
0.0015,100,100,100,100.0015,100.0015,1,3162,50
0.0025,100,100,100,100.0025,100.0025,1,3162,50
0.001,100,100,100,100.001,100.001,1,3162,50
0.0025,100,100,100,100.0025,100.0025,1,3162,50
0.322659943951294,100,100,100,100,100,1,3162,50
5e-04,100,100,100,100.0005,100.0005,1,3162,50
0.0015,100,100,100,100.001250079064,100.001250079064,1,3162,50
5e-04,100,100,100,100.0005,100.0005,1,3162,50
0.0015,100,100,100,100.0015,100.0015,1,3162,50
0.0075,100,100,100,100.0075,100.0075,1,3162,50
5e-04,100,100,100,100.0005,100.0005,1,3162,50
5e-04,100,100,100,100.0005,100.0005,1,3162,50
5e-04,100,100,100,100.0005,100.0005,1,3162,50
