"p","truediv","chaoest","obsD","upper","lower","l","inds","reps"
0.180113919079304,100,100,100,100,100,1,5623,50
0.866612484212965,100,100,100,100,100,1,5623,50
0.772897492628545,100,100,100,100,100,1,5623,50
0.235540225170553,100,100,100,100,100,1,5623,50
0.276433439925313,100,100,100,100,100,1,5623,50
0.126426584785804,100,100,100,100,100,1,5623,50
0.873732183827087,100,100,100,100,100,1,5623,50
0.496724791126326,100,100,100,100,100,1,5623,50
0.256809714948758,100,100,100,100,100,1,5623,50
0.600617224117741,100,100,100,100,100,1,5623,50
0.613091445760801,100,100,100,100,100,1,5623,50
0.626250284723938,100,100,100,100,100,1,5623,50
0.321176752913743,100,100,100,100,100,1,5623,50
0.383949410868809,100,100,100,100,100,1,5623,50
0.492730352794752,100,100,100,100,100,1,5623,50
0.997268287697807,100,100,100,100,100,1,5623,50
0.608288077637553,100,100,100,100,100,1,5623,50
0.199389158980921,100,100,100,100,100,1,5623,50
0.337117525283247,100,100,100,100,100,1,5623,50
0.522102918243036,100,100,100,100,100,1,5623,50
0.00718563399277627,100,100,100,100,100,1,5623,50
0.582224257523194,100,100,100,100,100,1,5623,50
0.120593019295484,100,100,100,100,100,1,5623,50
0.722677206387743,100,100,100,100,100,1,5623,50
0.570893023861572,100,100,100,100,100,1,5623,50
0.0434674392454326,100,100,100,100,100,1,5623,50
0.813984399428591,100,100,100,100,100,1,5623,50
0.134170681471005,100,100,100,100,100,1,5623,50
0.154154432471842,100,100,100,100,100,1,5623,50
0.569209802197292,100,100,100,100,100,1,5623,50
0.445380272110924,100,100,100,100,100,1,5623,50
0.693049539811909,100,100,100,100,100,1,5623,50
0.89838312449865,100,100,100,100,100,1,5623,50
0.130466225324199,100,100,100,100,100,1,5623,50
0.59743166458793,100,100,100,100,100,1,5623,50
0.727583014871925,100,100,100,100,100,1,5623,50
0.652657856699079,100,100,100,100,100,1,5623,50
0.0583035172894597,100,100,100,100,100,1,5623,50
0.362689925124869,100,100,100,100,100,1,5623,50
0.533962150104344,100,100,100,100,100,1,5623,50
0.321157332044095,100,100,100,100,100,1,5623,50
0.535275026923046,100,100,100,100,100,1,5623,50
0.657015503617004,100,100,100,100,100,1,5623,50
0.788355686003342,100,100,100,100,100,1,5623,50
0.902843157295138,100,100,100,100,100,1,5623,50
0.525516461813822,100,100,100,100,100,1,5623,50
0.338979140855372,100,100,100,100,100,1,5623,50
0.790070230606943,100,100,100,100,100,1,5623,50
0.093641611514613,100,100,100,100,100,1,5623,50
0.874803901882842,100,100,100,100,100,1,5623,50
