"p","truediv","chaoest","obsD","upper","lower","l","inds","reps"
0.806683029280975,100,100,100,100,100,1,5623,50
0.933059718227014,100,100,100,100,100,1,5623,50
0.586271834326908,100,100,100,100,100,1,5623,50
0.221132372738793,100,100,100,100,100,1,5623,50
0.853504920843989,100,100,100,100,100,1,5623,50
0.189567771973088,100,100,100,100,100,1,5623,50
0.162541214842349,100,100,100,100,100,1,5623,50
0.166478573111817,100,100,100,100,100,1,5623,50
0.931942032650113,100,100,100,100,100,1,5623,50
0.80188049422577,100,100,100,100,100,1,5623,50
0.19956395891495,100,100,100,100,100,1,5623,50
0.974722048500553,100,100,100,100,100,1,5623,50
0.0757662719115615,100,100,100,100,100,1,5623,50
0.331803946290165,100,100,100,100,100,1,5623,50
0.45074623846449,100,100,100,100,100,1,5623,50
0.62085781362839,100,100,100,100,100,1,5623,50
0.494341492652893,100,100,100,100,100,1,5623,50
0.333776247221977,100,100,100,100,100,1,5623,50
0.383213054388762,100,100,100,100,100,1,5623,50
0.386253439588472,100,100,100,100,100,1,5623,50
0.482402137015015,100,100,100,100,100,1,5623,50
0.800255686044693,100,100,100,100,100,1,5623,50
0.263654172187671,100,100,100,100,100,1,5623,50
0.21037485380657,100,100,100,100,100,1,5623,50
0.918296766234562,100,100,100,100,100,1,5623,50
0.808193402132019,100,100,100,100,100,1,5623,50
0.532571071526036,100,100,100,100,100,1,5623,50
0.826213944703341,100,100,100,100,100,1,5623,50
0.0276475250720978,100,100,100,100,100,1,5623,50
0.186441777274013,100,100,100,100,100,1,5623,50
0.188336328137666,100,100,100,100,100,1,5623,50
0.85068769636564,100,100,100,100,100,1,5623,50
0.855140946106985,100,100,100,100,100,1,5623,50
0.482604387681931,100,100,100,100,100,1,5623,50
0.0396457884926349,100,100,100,100,100,1,5623,50
0.88075948623009,100,100,100,100,100,1,5623,50
0.795138437999412,100,100,100,100,100,1,5623,50
0.403321175836027,100,100,100,100,100,1,5623,50
0.753679951652884,100,100,100,100,100,1,5623,50
0.576417147414759,100,100,100,100,100,1,5623,50
0.740763371810317,100,100,100,100,100,1,5623,50
0.787396912928671,100,100,100,100,100,1,5623,50
0.499215710442513,100,100,100,100,100,1,5623,50
0.827667895471677,100,100,100,100,100,1,5623,50
0.764822436729446,100,100,100,100,100,1,5623,50
0.25590780726634,100,100,100,100,100,1,5623,50
0.86663599871099,100,100,100,100,100,1,5623,50
0.574845649534836,100,100,100,100,100,1,5623,50
0.986696080071852,100,100,100,100,100,1,5623,50
5e-04,100,100,100,100.0005,100.0005,1,5623,50
