"p","truediv","chaoest","obsD","upper","lower","l","inds","reps"
0.870148684130982,100,100,100,100,100,1,5623,50
0.186536740045995,100,100,100,100,100,1,5623,50
0.975605856394395,100,100,100,100,100,1,5623,50
0.694381439592689,100,100,100,100,100,1,5623,50
0.114784842822701,100,100,100,100,100,1,5623,50
0.307437183801085,100,100,100,100,100,1,5623,50
0.772279104217887,100,100,100,100,100,1,5623,50
0.68897042516619,100,100,100,100,100,1,5623,50
0.735704022459686,100,100,100,100,100,1,5623,50
0.0226892968639731,100,100,100,100,100,1,5623,50
0.678138586925343,100,100,100,100,100,1,5623,50
0.313906146911904,100,100,100,100,100,1,5623,50
0.734614045359194,100,100,100,100,100,1,5623,50
0.439907062100247,100,100,100,100,100,1,5623,50
0.749524335144088,100,100,100,100,100,1,5623,50
0.711461592465639,100,100,100,100,100,1,5623,50
0.493300178088248,100,100,100,100,100,1,5623,50
0.949317510938272,100,100,100,100,100,1,5623,50
0.927897518500686,100,100,100,100,100,1,5623,50
0.496548308059573,100,100,100,100,100,1,5623,50
0.0935760345309973,100,100,100,100,100,1,5623,50
0.974693381460384,100,100,100,100,100,1,5623,50
0.0747622502967715,100,100,100,100,100,1,5623,50
0.0110685029067099,100,100,100,100,100,1,5623,50
0.74099278752692,100,100,100,100,100,1,5623,50
0.289148943964392,100,100,100,100,100,1,5623,50
0.533926826203242,100,100,100,100,100,1,5623,50
0.338308438658714,100,100,100,100,100,1,5623,50
0.863670594524592,100,100,100,100,100,1,5623,50
0.399331433232874,100,100,100,100,100,1,5623,50
0.875791043974459,100,100,100,100,100,1,5623,50
0.894520486705005,100,100,100,100,100,1,5623,50
0.607527991523966,100,100,100,100,100,1,5623,50
0.433985024224967,100,100,100,100,100,1,5623,50
0.856549104908481,100,100,100,100,100,1,5623,50
0.753917047521099,100,100,100,100,100,1,5623,50
0.547904321923852,100,100,100,100,100,1,5623,50
0.248583100037649,100,100,100,100,100,1,5623,50
0.0402035510633141,100,100,100,100,100,1,5623,50
0.503679103916511,100,100,100,100,100,1,5623,50
0.683175131445751,100,100,100,100,100,1,5623,50
0.340948975645006,100,100,100,100,100,1,5623,50
0.728310995502397,100,100,100,100,100,1,5623,50
0.143718568142503,100,100,100,100,100,1,5623,50
0.663830385776237,100,100,100,100,100,1,5623,50
0.979480001144111,100,100,100,100,100,1,5623,50
0.0335806484799832,100,100,100,100,100,1,5623,50
0.124913150211796,100,100,100,100,100,1,5623,50
0.398317441344261,100,100,100,100,100,1,5623,50
0.594786522909999,100,100,100,100,100,1,5623,50
