"p","truediv","chaoest","obsD","upper","lower","l","inds","reps"
0.748548002447933,100,100,100,100,100,1,5623,50
0.3572273387108,100,100,100,100,100,1,5623,50
0.600308017339557,100,100,100,100,100,1,5623,50
0.144552425481379,100,100,100,100,100,1,5623,50
0.195048886816949,100,100,100,100,100,1,5623,50
0.208237304119393,100,100,100,100,100,1,5623,50
0.611570549895987,100,100,100,100,100,1,5623,50
0.951146493898705,100,100,100,100,100,1,5623,50
0.865989682264626,100,100,100,100,100,1,5623,50
0.619935011025518,100,100,100,100,100,1,5623,50
0.838860831456259,100,100,100,100,100,1,5623,50
0.418158814543858,100,100,100,100,100,1,5623,50
0.899160479893908,100,100,100,100,100,1,5623,50
0.838557387469336,100,100,100,100,100,1,5623,50
0.581061170669273,100,100,100,100,100,1,5623,50
0.905483726412058,100,100,100,100,100,1,5623,50
0.538770110812038,100,100,100,100,100,1,5623,50
0.604024376021698,100,100,100,100,100,1,5623,50
0.386666357982904,100,100,100,100,100,1,5623,50
0.288747771177441,100,100,100,100,100,1,5623,50
0.592699376633391,100,100,100,100,100,1,5623,50
0.197523879585788,100,100,100,100,100,1,5623,50
0.378604676807299,100,100,100,100,100,1,5623,50
0.860856160987169,100,100,100,100,100,1,5623,50
0.585690812440589,100,100,100,100,100,1,5623,50
0.983225736068562,100,100,100,100,100,1,5623,50
0.422690679319203,100,100,100,100,100,1,5623,50
0.701211627339944,100,100,100,100,100,1,5623,50
0.917283685877919,100,100,100,100,100,1,5623,50
0.868197920266539,100,100,100,100,100,1,5623,50
0.484285869402811,100,100,100,100,100,1,5623,50
0.843230167170987,100,100,100,100,100,1,5623,50
0.515196813736111,100,100,100,100,100,1,5623,50
0.962169831851497,100,100,100,100,100,1,5623,50
0.566328899003565,100,100,100,100,100,1,5623,50
0.443331515183672,100,100,100,100,100,1,5623,50
0.988760679028928,100,100,100,100,100,1,5623,50
0.863036372698843,100,100,100,100,100,1,5623,50
0.985640573780984,100,100,100,100,100,1,5623,50
0.028016465716064,100,100,100,100,100,1,5623,50
0.518191077047959,100,100,100,100,100,1,5623,50
0.217471567681059,100,100,100,100,100,1,5623,50
0.186643320368603,100,100,100,100,100,1,5623,50
0.985499910311773,100,100,100,100,100,1,5623,50
0.291203417349607,100,100,100,100,100,1,5623,50
0.829890229273587,100,100,100,100,100,1,5623,50
0.611098742578179,100,100,100,100,100,1,5623,50
0.938394337659702,100,100,100,100,100,1,5623,50
0.481787505559623,100,100,100,100,100,1,5623,50
0.971694875042886,100,100,100,100,100,1,5623,50
