"p","truediv","chaoest","obsD","upper","lower","l","inds","reps"
0.678121420554817,100,100,100,100,100,1,5623,50
0.209732834016904,100,100,100,100,100,1,5623,50
0.0528508662246168,100,100,100,100,100,1,5623,50
0.187144514638931,100,100,100,100,100,1,5623,50
0.0245936666615307,100,100,100,100,100,1,5623,50
0.512664430309087,100,100,100,100,100,1,5623,50
0.154560385504737,100,100,100,100,100,1,5623,50
0.773669360671192,100,100,100,100,100,1,5623,50
0.222378784790635,100,100,100,100,100,1,5623,50
0.0379308573901653,100,100,100,100,100,1,5623,50
0.019477947615087,100,100,100,100,100,1,5623,50
0.180051054805517,100,100,100,100,100,1,5623,50
0.860769711434841,100,100,100,100,100,1,5623,50
0.822730720276013,100,100,100,100,100,1,5623,50
0.907309406204149,100,100,100,100,100,1,5623,50
0.59571547806263,100,100,100,100,100,1,5623,50
0.596315972739831,100,100,100,100,100,1,5623,50
0.46355363749899,100,100,100,100,100,1,5623,50
0.110228054923937,100,100,100,100,100,1,5623,50
0.183026732644066,100,100,100,100,100,1,5623,50
0.808078940259293,100,100,100,100,100,1,5623,50
0.848997167544439,100,100,100,100,100,1,5623,50
0.42291959701106,100,100,100,100,100,1,5623,50
0.0251537561416626,100,100,100,100,100,1,5623,50
0.358834891580045,100,100,100,100,100,1,5623,50
5e-04,100,100,100,100.0005,100.0005,1,5623,50
0.49808141333051,100,100,100,100,100,1,5623,50
0.844556669006124,100,100,100,100,100,1,5623,50
0.45782700041309,100,100,100,100,100,1,5623,50
0.140683239558712,100,100,100,100,100,1,5623,50
0.985903244931251,100,100,100,100,100,1,5623,50
0.190048158867285,100,100,100,100,100,1,5623,50
0.294849263969809,100,100,100,100,100,1,5623,50
0.431915181223303,100,100,100,100,100,1,5623,50
0.125125305028632,100,100,100,100,100,1,5623,50
0.32353803771548,100,100,100,100,100,1,5623,50
0.556295634014532,100,100,100,100,100,1,5623,50
0.892043233383447,100,100,100,100,100,1,5623,50
0.131347849965096,100,100,100,100,100,1,5623,50
0.484004368074238,100,100,100,100,100,1,5623,50
0.911001448985189,100,100,100,100,100,1,5623,50
0.754750032443553,100,100,100,100,100,1,5623,50
0.705562796443701,100,100,100,100,100,1,5623,50
0.522903380449861,100,100,100,100,100,1,5623,50
0.902588892960921,100,100,100,100,100,1,5623,50
0.529270543949679,100,100,100,100,100,1,5623,50
0.756104226456955,100,100,100,100,100,1,5623,50
0.236685578711331,100,100,100,100,100,1,5623,50
0.872398826060817,100,100,100,100,100,1,5623,50
0.523136628558859,100,100,100,100,100,1,5623,50
