"p","truediv","chaoest","obsD","upper","lower","l","inds","reps"
0.175175891956314,100,100,100,100,100,1,5623,50
0.0133542595431209,100,100,100,100,100,1,5623,50
0.797851772746071,100,100,100,100,100,1,5623,50
0.475667525548488,100,100,100,100,100,1,5623,50
0.143907638033852,100,100,100,100,100,1,5623,50
0.517798461019993,100,100,100,100,100,1,5623,50
0.445542683824897,100,100,100,100,100,1,5623,50
0.117600963683799,100,100,100,100,100,1,5623,50
0.363866412546486,100,100,100,100,100,1,5623,50
0.27583690895699,100,100,100,100,100,1,5623,50
0.22301165224053,100,100,100,100,100,1,5623,50
0.341653917217627,100,100,100,100,100,1,5623,50
0.222767273429781,100,100,100,100,100,1,5623,50
5e-04,100,100,100,100.0005,100.0005,1,5623,50
0.577689839527011,100,100,100,100,100,1,5623,50
0.925786821171641,100,100,100,100,100,1,5623,50
0.596218649065122,100,100,100,100,100,1,5623,50
0.114792137872428,100,100,100,100,100,1,5623,50
0.217474683187902,100,100,100,100,100,1,5623,50
0.877780732233077,100,100,100,100,100,1,5623,50
0.665174341062084,100,100,100,100,100,1,5623,50
0.0771193341352046,100,100,100,100,100,1,5623,50
0.439116043737158,100,100,100,100,100,1,5623,50
0.224826558493078,100,100,100,100,100,1,5623,50
0.539427000563592,100,100,100,100,100,1,5623,50
0.0277853368315846,100,100,100,100,100,1,5623,50
0.571627976838499,100,100,100,100,100,1,5623,50
0.213824302423745,100,100,100,100,100,1,5623,50
0.399761511245742,100,100,100,100,100,1,5623,50
0.367924982216209,100,100,100,100,100,1,5623,50
0.546888867393136,100,100,100,100,100,1,5623,50
0.649739912711084,100,100,100,100,100,1,5623,50
0.30400417232886,100,100,100,100,100,1,5623,50
0.680938049452379,100,100,100,100,100,1,5623,50
0.327507118461654,100,100,100,100,100,1,5623,50
0.844531263457611,100,100,100,100,100,1,5623,50
0.19403562718071,100,100,100,100,100,1,5623,50
0.227223953465,100,100,100,100,100,1,5623,50
0.838801548583433,100,100,100,100,100,1,5623,50
0.865238951984793,100,100,100,100,100,1,5623,50
0.145264085382223,100,100,100,100,100,1,5623,50
0.76210501906462,100,100,100,100,100,1,5623,50
0.881282771471888,100,100,100,100,100,1,5623,50
0.138635010458529,100,100,100,100,100,1,5623,50
0.198795795207843,100,100,100,100,100,1,5623,50
0.223026665858924,100,100,100,100,100,1,5623,50
0.524298681179062,100,100,100,100,100,1,5623,50
0.0153208940755576,100,100,100,100,100,1,5623,50
0.805400830460712,100,100,100,100,100,1,5623,50
0.272179410792887,100,100,100,100,100,1,5623,50
