"p","truediv","chaoest","obsD","upper","lower","l","inds","reps"
0.348240913823247,100,100,100,100,100,1,5623,50
0.554590928601101,100,100,100,100,100,1,5623,50
0.256539614871144,100,100,100,100,100,1,5623,50
0.207479543518275,100,100,100,100,100,1,5623,50
0.31549431104213,100,100,100,100,100,1,5623,50
0.393534931587055,100,100,100,100,100,1,5623,50
0.0336367022246122,100,100,100,100,100,1,5623,50
0.291337098926306,100,100,100,100,100,1,5623,50
0.390061907935888,100,100,100,100,100,1,5623,50
0.00925492821261287,100,100,100,100,100,1,5623,50
0.590823052916676,100,100,100,100,100,1,5623,50
0.433187855174765,100,100,100,100,100,1,5623,50
0.51164118712768,100,100,100,100,100,1,5623,50
0.0746716826688498,100,100,100,100,100,1,5623,50
0.914951939601451,100,100,100,100,100,1,5623,50
0.683332306100056,100,100,100,100,100,1,5623,50
0.658517518080771,100,100,100,100,100,1,5623,50
0.22055120463483,100,100,100,100,100,1,5623,50
0.993904847418889,100,100,100,100,100,1,5623,50
0.360790275735781,100,100,100,100,100,1,5623,50
0.511339142918587,100,100,100,100,100,1,5623,50
0.0727777637075633,100,100,100,100,100,1,5623,50
0.0980528928339481,100,100,100,100,100,1,5623,50
0.294053551508114,100,100,100,100,100,1,5623,50
0.705340701155365,100,100,100,100,100,1,5623,50
0.991118304431438,100,100,100,100,100,1,5623,50
0.0388550267089158,100,100,100,100,100,1,5623,50
0.700147385941818,100,100,100,100,100,1,5623,50
0.341387065825984,100,100,100,100,100,1,5623,50
0.513672504108399,100,100,100,100,100,1,5623,50
0.396486807847396,100,100,100,100,100,1,5623,50
0.410906235454604,100,100,100,100,100,1,5623,50
0.264489713590592,100,100,100,100,100,1,5623,50
0.673051555873826,100,100,100,100,100,1,5623,50
0.341820752015337,100,100,100,100,100,1,5623,50
0.823195434175432,100,100,100,100,100,1,5623,50
0.52786161750555,100,100,100,100,100,1,5623,50
0.935858871322125,100,100,100,100,100,1,5623,50
0.635153953451663,100,100,100,100,100,1,5623,50
0.770998388761654,100,100,100,100,100,1,5623,50
0.899064409779385,100,100,100,100,100,1,5623,50
0.278775946237147,100,100,100,100,100,1,5623,50
0.190446767956018,100,100,100,100,100,1,5623,50
0.935091227060184,100,100,100,100,100,1,5623,50
0.713522281264886,100,100,100,100,100,1,5623,50
0.195866047870368,100,100,100,100,100,1,5623,50
0.532860304461792,100,100,100,100,100,1,5623,50
0.340011889813468,100,100,100,100,100,1,5623,50
5e-04,100,100,100,100.0005,100.0005,1,5623,50
0.167033397126943,100,100,100,100,100,1,5623,50
