"p","truediv","chaoest","obsD","upper","lower","l","inds","reps"
0.001,100,100,100,100.000750079064,100.000750079064,1,3162,50
0.0045,100,100,100,100.0045,100.0045,1,3162,50
0.008,100,100,100,100.008,100.008,1,3162,50
0.95428702281788,100,100,100,100,100,1,3162,50
0.0025,100,100,100,100.0025,100.0025,1,3162,50
0.001,100,100,100,100.001,100.001,1,3162,50
0.002,100,100,100,100.002,100.002,1,3162,50
5e-04,100,100,100,100.0005,100.0005,1,3162,50
0.0892391484230757,100,100,100,100,100,1,3162,50
0.609441429143772,100,100,100,100,100,1,3162,50
0.001,100,100,100,100.000750079064,100.000750079064,1,3162,50
0.594104728661478,100,100,100,100,100,1,3162,50
0.383041528053582,100,100,100,100,100,1,3162,50
0.137170492438599,100,100,100,100,100,1,3162,50
0.139724283711985,100,100,100,100,100,1,3162,50
0.001,100,100,100,100.001,100.001,1,3162,50
0.448015310568735,100,100,100,100,100,1,3162,50
0.362774378154427,100,100,100,100,100,1,3162,50
5e-04,100,100,100,100.0005,100.0005,1,3162,50
0.716654916061088,100,100,100,100,100,1,3162,50
0.005,100,100,100,100.004500158128,100.004500158128,1,3162,50
0.285931308520958,100,100,100,100,100,1,3162,50
0.877426251070574,100,100,100,100,100,1,3162,50
0.170853200368583,100,100,100,100,100,1,3162,50
0.0065,100,100,100,100.0065,100.0065,1,3162,50
0.00075542600825429,100,100,100,100,100,1,3162,50
0.307098642690107,100,100,100,100,100,1,3162,50
0.852347608655691,100,100,100,100,100,1,3162,50
0.001,100,100,100,100.001,100.001,1,3162,50
0.0025,100,100,100,100.0025,100.0025,1,3162,50
0.0045,100,100,100,100.004000158128,100.004000158128,1,3162,50
5e-04,100,100,100,100.0005,100.0005,1,3162,50
5e-04,100,100,100,100.0005,100.0005,1,3162,50
0.892971007386222,100,100,100,100,100,1,3162,50
0.001,100,100,100,100.001,100.001,1,3162,50
5e-04,100,100,100,100.0005,100.0005,1,3162,50
0.003,100,100,100,100.003,100.003,1,3162,50
0.259737777756527,100,100,100,100,100,1,3162,50
5e-04,100,100,100,100.0005,100.0005,1,3162,50
0.001,100,100,100,100.000750079064,100.000750079064,1,3162,50
5e-04,100,100,100,100.0005,100.0005,1,3162,50
0.004,100,100,100,100.004,100.004,1,3162,50
0.367487472016364,100,100,100,100,100,1,3162,50
0.437341047916561,100,100,100,100,100,1,3162,50
0.0025,100,100,100,100.0025,100.0025,1,3162,50
0.001,100,100,100,100.001,100.001,1,3162,50
0.28808277240023,100,100,100,100,100,1,3162,50
0.0085,100,100,100,100.008250079064,100.008250079064,1,3162,50
5e-04,100,100,100,100.0005,100.0005,1,3162,50
0.916876890929416,100,100,100,100,100,1,3162,50
