"p","truediv","chaoest","obsD","upper","lower","l","inds","reps"
0.003,100,100,100,100.003,100.003,1,3162,50
0.245673466939479,100,100,100,100,100,1,3162,50
0.0025,100,100,100,100.0025,100.0025,1,3162,50
5e-04,100,100,100,100.0005,100.0005,1,3162,50
0.0015,100,100,100,100.0015,100.0015,1,3162,50
0.002,100,100,100,100.002,100.002,1,3162,50
0.001,100,100,100,100.001,100.001,1,3162,50
0.768806685693562,100,100,100,100,100,1,3162,50
0.0235683773644269,100,100,100,100,100,1,3162,50
0.0025,100,100,100,100.0025,100.0025,1,3162,50
0.001,100,100,100,100.001,100.001,1,3162,50
0.0025,100,100,100,100.001750237192,100.001750237192,1,3162,50
0.519600154599175,100,100,100,100,100,1,3162,50
0.432452289387584,100,100,100,100,100,1,3162,50
5e-04,100,100,100,100.0005,100.0005,1,3162,50
0.0155,100,100,100,100.011501265022,100.011501265022,1,3162,50
0.013,100,100,100,100.012000316256,100.012000316256,1,3162,50
0.782216804800555,100,100,100,100,100,1,3162,50
0.840919501613826,100,100,100,100,100,1,3162,50
0.0035,100,100,100,100.003250079064,100.003250079064,1,3162,50
0.233971781795844,100,100,100,100,100,1,3162,50
5e-04,100,100,100,100.0005,100.0005,1,3162,50
0.9995,100,100,100,99.9997500790639,99.9997500790639,1,3162,50
0.626785896485671,100,100,100,100,100,1,3162,50
0.0015,100,100,100,100.0015,100.0015,1,3162,50
5e-04,100,100,100,100.0005,100.0005,1,3162,50
0.110284008085728,100,100,100,100,100,1,3162,50
0.0015,100,100,100,100.0015,100.0015,1,3162,50
0.216503420611843,100,100,100,100,100,1,3162,50
0.951576899504289,100,100,100,100,100,1,3162,50
0.0015,100,100,100,100.0015,100.0015,1,3162,50
0.0599622027948499,100,100,100,100,100,1,3162,50
0.354018027195707,100,100,100,100,100,1,3162,50
5e-04,100,100,100,100.0005,100.0005,1,3162,50
0.334201145218685,100,100,100,100,100,1,3162,50
0.484256904572248,100,100,100,100,100,1,3162,50
0.001,100,100,100,100.001,100.001,1,3162,50
0.80368614057079,100,100,100,100,100,1,3162,50
5e-04,100,100,100,100.0005,100.0005,1,3162,50
5e-04,100,100,100,100.0005,100.0005,1,3162,50
0.334067509276792,100,100,100,100,100,1,3162,50
5e-04,100,100,100,100.0005,100.0005,1,3162,50
0.824577748775482,100,100,100,100,100,1,3162,50
0.274840676458552,100,100,100,100,100,1,3162,50
5e-04,100,100,100,100.0005,100.0005,1,3162,50
0.674990135710686,100,100,100,100,100,1,3162,50
5e-04,100,100,100,100.0005,100.0005,1,3162,50
0.0035,100,100,100,100.0035,100.0035,1,3162,50
0.002,100,100,100,100.002,100.002,1,3162,50
0.981230358825997,100,100,100,100,100,1,3162,50
