"p","truediv","chaoest","obsD","upper","lower","l","inds","reps"
0.765345939900726,100,100,100,100,100,1,5623,50
0.888131397310644,100,100,100,100,100,1,5623,50
0.323926512151957,100,100,100,100,100,1,5623,50
0.0612298101186752,100,100,100,100,100,1,5623,50
0.121298652142286,100,100,100,100,100,1,5623,50
0.0397462698165327,100,100,100,100,100,1,5623,50
0.2006549409125,100,100,100,100,100,1,5623,50
0.58564206212759,100,100,100,100,100,1,5623,50
0.0702751856297255,100,100,100,100,100,1,5623,50
0.232323232106864,100,100,100,100,100,1,5623,50
0.506793769076467,100,100,100,100,100,1,5623,50
0.355249059852213,100,100,100,100,100,1,5623,50
0.74499215441756,100,100,100,100,100,1,5623,50
0.904714655131102,100,100,100,100,100,1,5623,50
0.393855229951441,100,100,100,100,100,1,5623,50
0.0016361225862056,100,100,100,100,100,1,5623,50
0.128597161965445,100,100,100,100,100,1,5623,50
0.583349581807852,100,100,100,100,100,1,5623,50
0.0919819257687777,100,100,100,100,100,1,5623,50
0.078543474432081,100,100,100,100,100,1,5623,50
0.881660101702437,100,100,100,100,100,1,5623,50
0.183250878937542,100,100,100,100,100,1,5623,50
0.356480041751638,100,100,100,100,100,1,5623,50
0.0680539389140904,100,100,100,100,100,1,5623,50
0.218584259273484,100,100,100,100,100,1,5623,50
0.615298738470301,100,100,100,100,100,1,5623,50
0.856627842411399,100,100,100,100,100,1,5623,50
0.540233405074105,100,100,100,100,100,1,5623,50
0.492413090541959,100,100,100,100,100,1,5623,50
0.101569377584383,100,100,100,100,100,1,5623,50
0.852727486751974,100,100,100,100,100,1,5623,50
5e-04,100,100,100,100.0005,100.0005,1,5623,50
0.143975363345817,100,100,100,100,100,1,5623,50
0.787174909375608,100,100,100,100,100,1,5623,50
0.624540188582614,100,100,100,100,100,1,5623,50
0.0689937688875943,100,100,100,100,100,1,5623,50
0.472816461930051,100,100,100,100,100,1,5623,50
0.91212765709497,100,100,100,100,100,1,5623,50
0.341502914438024,100,100,100,100,100,1,5623,50
0.782764151226729,100,100,100,100,100,1,5623,50
0.332533328328282,100,100,100,100,100,1,5623,50
0.347640699474141,100,100,100,100,100,1,5623,50
0.448401992442086,100,100,100,100,100,1,5623,50
0.162354563595727,100,100,100,100,100,1,5623,50
0.66511524701491,100,100,100,100,100,1,5623,50
0.420517345424742,100,100,100,100,100,1,5623,50
0.746339382603765,100,100,100,100,100,1,5623,50
0.861634076107293,100,100,100,100,100,1,5623,50
0.802334431791678,100,100,100,100,100,1,5623,50
0.486799558391795,100,100,100,100,100,1,5623,50
