"p","truediv","chaoest","obsD","upper","lower","l","inds","reps"
0.0822005884256214,100,100,100,100,100,1,5623,50
0.640846871072426,100,100,100,100,100,1,5623,50
0.805340055841953,100,100,100,100,100,1,5623,50
0.625681921839714,100,100,100,100,100,1,5623,50
0.460629036417231,100,100,100,100,100,1,5623,50
0.0975573770701885,100,100,100,100,100,1,5623,50
0.528728833422065,100,100,100,100,100,1,5623,50
0.760540899122134,100,100,100,100,100,1,5623,50
0.554086747346446,100,100,100,100,100,1,5623,50
0.088983692927286,100,100,100,100,100,1,5623,50
0.32800913718529,100,100,100,100,100,1,5623,50
0.816692927619442,100,100,100,100,100,1,5623,50
0.6756080633495,100,100,100,100,100,1,5623,50
0.345503261312842,100,100,100,100,100,1,5623,50
0.499626808799803,100,100,100,100,100,1,5623,50
0.0910405609756708,100,100,100,100,100,1,5623,50
0.967313797678798,100,100,100,100,100,1,5623,50
0.401972564635798,100,100,100,100,100,1,5623,50
0.195801854133606,100,100,100,100,100,1,5623,50
0.112844597082585,100,100,100,100,100,1,5623,50
0.737272813217714,100,100,100,100,100,1,5623,50
0.134921696735546,100,100,100,100,100,1,5623,50
0.303631672635674,100,100,100,100,100,1,5623,50
0.683727255789563,100,100,100,100,100,1,5623,50
0.37841049185954,100,100,100,100,100,1,5623,50
0.399414723273367,100,100,100,100,100,1,5623,50
0.13780829263851,100,100,100,100,100,1,5623,50
0.577259718673304,100,100,100,100,100,1,5623,50
0.815152936149389,100,100,100,100,100,1,5623,50
0.103285887278616,100,100,100,100,100,1,5623,50
0.313738012919202,100,100,100,100,100,1,5623,50
0.343093104660511,100,100,100,100,100,1,5623,50
0.679932246217504,100,100,100,100,100,1,5623,50
0.963562404969707,100,100,100,100,100,1,5623,50
0.978993034688756,100,100,100,100,100,1,5623,50
0.578656431753188,100,100,100,100,100,1,5623,50
0.997831660555676,100,100,100,100,100,1,5623,50
0.459906815784052,100,100,100,100,100,1,5623,50
0.62416372820735,100,100,100,100,100,1,5623,50
0.446533283917233,100,100,100,100,100,1,5623,50
0.470744029153138,100,100,100,100,100,1,5623,50
0.723500070162117,100,100,100,100,100,1,5623,50
0.844909991137683,100,100,100,100,100,1,5623,50
5e-04,100,100,100,100.0005,100.0005,1,5623,50
0.298355975188315,100,100,100,100,100,1,5623,50
0.991947511676699,100,100,100,100,100,1,5623,50
0.540945381624624,100,100,100,100,100,1,5623,50
0.942459979560226,100,100,100,100,100,1,5623,50
0.419786879792809,100,100,100,100,100,1,5623,50
0.462927541695535,100,100,100,100,100,1,5623,50
