"p","truediv","chaoest","obsD","upper","lower","l","inds","reps"
0.406132109463215,100,100,100,100,100,1,5623,50
0.602144703734666,100,100,100,100,100,1,5623,50
0.726646585389972,100,100,100,100,100,1,5623,50
0.891265931306407,100,100,100,100,100,1,5623,50
0.830541530158371,100,100,100,100,100,1,5623,50
0.572664444334805,100,100,100,100,100,1,5623,50
0.70927426754497,100,100,100,100,100,1,5623,50
0.198929632082582,100,100,100,100,100,1,5623,50
0.65271445713006,100,100,100,100,100,1,5623,50
0.57172978692688,100,100,100,100,100,1,5623,50
0.16437736293301,100,100,100,100,100,1,5623,50
0.786399790551513,100,100,100,100,100,1,5623,50
0.859601210802794,100,100,100,100,100,1,5623,50
0.814092918531969,100,100,100,100,100,1,5623,50
0.120285466779023,100,100,100,100,100,1,5623,50
0.458639595890418,100,100,100,100,100,1,5623,50
0.235417223768309,100,100,100,100,100,1,5623,50
0.52974957623519,100,100,100,100,100,1,5623,50
0.989457471296191,100,100,100,100,100,1,5623,50
0.741374212317169,100,100,100,100,100,1,5623,50
0.444550846004859,100,100,100,100,100,1,5623,50
0.49460285785608,100,100,100,100,100,1,5623,50
0.815908794756979,100,100,100,100,100,1,5623,50
0.926998011767864,100,100,100,100,100,1,5623,50
0.152557305293158,100,100,100,100,100,1,5623,50
0.553033253410831,100,100,100,100,100,1,5623,50
0.91377641633153,100,100,100,100,100,1,5623,50
0.552451685070992,100,100,100,100,100,1,5623,50
0.303402862511575,100,100,100,100,100,1,5623,50
0.880503356922418,100,100,100,100,100,1,5623,50
0.602871340932325,100,100,100,100,100,1,5623,50
0.998431999702007,100,100,100,100,100,1,5623,50
0.876294621033594,100,100,100,100,100,1,5623,50
0.0778576480224729,100,100,100,100,100,1,5623,50
0.168326412793249,100,100,100,100,100,1,5623,50
0.56071832543239,100,100,100,100,100,1,5623,50
0.500591728370637,100,100,100,100,100,1,5623,50
0.32797139743343,100,100,100,100,100,1,5623,50
0.334506316343322,100,100,100,100,100,1,5623,50
0.343818361172453,100,100,100,100,100,1,5623,50
0.528503741836175,100,100,100,100,100,1,5623,50
0.213161346735433,100,100,100,100,100,1,5623,50
0.359960390953347,100,100,100,100,100,1,5623,50
0.959536998765543,100,100,100,100,100,1,5623,50
0.271248611155897,100,100,100,100,100,1,5623,50
0.230388234136626,100,100,100,100,100,1,5623,50
0.28672211850062,100,100,100,100,100,1,5623,50
0.023741569602862,100,100,100,100,100,1,5623,50
0.414100609719753,100,100,100,100,100,1,5623,50
0.289126557298005,100,100,100,100,100,1,5623,50
