"p","truediv","chaoest","obsD","upper","lower","l","inds","reps"
0.931949291145429,100,100,100,100,100,1,5623,50
0.829298811266199,100,100,100,100,100,1,5623,50
0.921742287930101,100,100,100,100,100,1,5623,50
0.537921080598608,100,100,100,100,100,1,5623,50
0.252144742291421,100,100,100,100,100,1,5623,50
0.925440150080249,100,100,100,100,100,1,5623,50
0.191470970865339,100,100,100,100,100,1,5623,50
0.766463406616822,100,100,100,100,100,1,5623,50
0.96123914164491,100,100,100,100,100,1,5623,50
0.797412471147254,100,100,100,100,100,1,5623,50
0.775202678749338,100,100,100,100,100,1,5623,50
0.236797314370051,100,100,100,100,100,1,5623,50
0.14324164413847,100,100,100,100,100,1,5623,50
0.0873221799265593,100,100,100,100,100,1,5623,50
0.449305539019406,100,100,100,100,100,1,5623,50
0.632340176263824,100,100,100,100,100,1,5623,50
0.667215957771987,100,100,100,100,100,1,5623,50
0.925805273000151,100,100,100,100,100,1,5623,50
0.80336106615141,100,100,100,100,100,1,5623,50
0.502577604493126,100,100,100,100,100,1,5623,50
0.70193497906439,100,100,100,100,100,1,5623,50
0.480916990200058,100,100,100,100,100,1,5623,50
0.895972084486857,100,100,100,100,100,1,5623,50
0.0200782476458699,100,100,100,100,100,1,5623,50
0.603676293976605,100,100,100,100,100,1,5623,50
0.736755891237408,100,100,100,100,100,1,5623,50
0.366185939637944,100,100,100,100,100,1,5623,50
0.657581410137936,100,100,100,100,100,1,5623,50
0.97471654205583,100,100,100,100,100,1,5623,50
0.633365890709683,100,100,100,100,100,1,5623,50
0.298532071057707,100,100,100,100,100,1,5623,50
0.81745398323983,100,100,100,100,100,1,5623,50
0.593932023039088,100,100,100,100,100,1,5623,50
0.605831379070878,100,100,100,100,100,1,5623,50
5e-04,100,100,100,100.0005,100.0005,1,5623,50
0.720739212818444,100,100,100,100,100,1,5623,50
0.972297397442162,100,100,100,100,100,1,5623,50
0.335155090084299,100,100,100,100,100,1,5623,50
0.113744244445115,100,100,100,100,100,1,5623,50
0.750199283240363,100,100,100,100,100,1,5623,50
0.203363701933995,100,100,100,100,100,1,5623,50
0.543418967165053,100,100,100,100,100,1,5623,50
0.487191701540723,100,100,100,100,100,1,5623,50
0.648016701918095,100,100,100,100,100,1,5623,50
0.608429697807878,100,100,100,100,100,1,5623,50
0.733433739747852,100,100,100,100,100,1,5623,50
0.350034551462159,100,100,100,100,100,1,5623,50
0.315192022128031,100,100,100,100,100,1,5623,50
0.58903988241218,100,100,100,100,100,1,5623,50
0.0923116926569492,100,100,100,100,100,1,5623,50
