"p","truediv","chaoest","obsD","upper","lower","l","inds","reps"
0.787616832181811,100,100,100,100,100,1,5623,50
0.592904315097257,100,100,100,100,100,1,5623,50
0.270998243475333,100,100,100,100,100,1,5623,50
0.684397854143754,100,100,100,100,100,1,5623,50
0.911877147154883,100,100,100,100,100,1,5623,50
0.198616433655843,100,100,100,100,100,1,5623,50
0.754822046495974,100,100,100,100,100,1,5623,50
0.524878628086299,100,100,100,100,100,1,5623,50
0.943640682846308,100,100,100,100,100,1,5623,50
0.082890925463289,100,100,100,100,100,1,5623,50
0.59116470371373,100,100,100,100,100,1,5623,50
0.815724198706448,100,100,100,100,100,1,5623,50
0.0702792995143682,100,100,100,100,100,1,5623,50
0.955058189108968,100,100,100,100,100,1,5623,50
0.457340938737616,100,100,100,100,100,1,5623,50
0.455912623787299,100,100,100,100,100,1,5623,50
5e-04,100,100,100,100.0005,100.0005,1,5623,50
0.788693581474945,100,100,100,100,100,1,5623,50
0.221270023845136,100,100,100,100,100,1,5623,50
0.373963657999411,100,100,100,100,100,1,5623,50
0.223555303411558,100,100,100,100,100,1,5623,50
0.638398084556684,100,100,100,100,100,1,5623,50
0.373394243652001,100,100,100,100,100,1,5623,50
0.204160637687892,100,100,100,100,100,1,5623,50
0.517698388779536,100,100,100,100,100,1,5623,50
0.677370500285178,100,100,100,100,100,1,5623,50
0.802829316584393,100,100,100,100,100,1,5623,50
0.870432591997087,100,100,100,100,100,1,5623,50
0.173366785980761,100,100,100,100,100,1,5623,50
0.566753221442923,100,100,100,100,100,1,5623,50
0.480103841749951,100,100,100,100,100,1,5623,50
0.680672991788015,100,100,100,100,100,1,5623,50
0.953327245078981,100,100,100,100,100,1,5623,50
0.848212928278372,100,100,100,100,100,1,5623,50
0.893242910737172,100,100,100,100,100,1,5623,50
0.916892983252183,100,100,100,100,100,1,5623,50
0.727703362936154,100,100,100,100,100,1,5623,50
0.0451144205871969,100,100,100,100,100,1,5623,50
0.874045329168439,100,100,100,100,100,1,5623,50
0.788720320211723,100,100,100,100,100,1,5623,50
0.655646307626739,100,100,100,100,100,1,5623,50
0.394806004827842,100,100,100,100,100,1,5623,50
0.875797588611022,100,100,100,100,100,1,5623,50
0.49078064202331,100,100,100,100,100,1,5623,50
0.779286144999787,100,100,100,100,100,1,5623,50
0.596027807565406,100,100,100,100,100,1,5623,50
0.631070621544495,100,100,100,100,100,1,5623,50
0.57729441463016,100,100,100,100,100,1,5623,50
0.515347037930042,100,100,100,100,100,1,5623,50
0.803093348396942,100,100,100,100,100,1,5623,50
