"p","truediv","chaoest","obsD","upper","lower","l","inds","reps"
0.297804943751544,100,100,100,100,100,1,5623,50
0.00723071582615376,100,100,100,100,100,1,5623,50
0.0638496596366167,100,100,100,100,100,1,5623,50
0.164616711437702,100,100,100,100,100,1,5623,50
0.204680674243718,100,100,100,100,100,1,5623,50
0.211324820062146,100,100,100,100,100,1,5623,50
0.981283891247585,100,100,100,100,100,1,5623,50
0.369797483552247,100,100,100,100,100,1,5623,50
0.360282225767151,100,100,100,100,100,1,5623,50
0.6739359756466,100,100,100,100,100,1,5623,50
0.178932036738843,100,100,100,100,100,1,5623,50
0.440418781014159,100,100,100,100,100,1,5623,50
0.866528439801186,100,100,100,100,100,1,5623,50
0.995325712254271,100,100,100,100,100,1,5623,50
0.630105912452564,100,100,100,100,100,1,5623,50
0.659211571794003,100,100,100,100,100,1,5623,50
0.627313780132681,100,100,100,100,100,1,5623,50
0.809549977770075,100,100,100,100,100,1,5623,50
0.524216891964898,100,100,100,100,100,1,5623,50
0.479239059379324,100,100,100,100,100,1,5623,50
0.576718896394596,100,100,100,100,100,1,5623,50
0.584684438770637,100,100,100,100,100,1,5623,50
0.44439625646919,100,100,100,100,100,1,5623,50
0.492392014479265,100,100,100,100,100,1,5623,50
0.417906646616757,100,100,100,100,100,1,5623,50
5e-04,100,100,100,100.0005,100.0005,1,5623,50
0.0703069476876408,100,100,100,100,100,1,5623,50
0.820083900820464,100,100,100,100,100,1,5623,50
0.399270567111671,100,100,100,100,100,1,5623,50
0.205429842462763,100,100,100,100,100,1,5623,50
0.418444516602904,100,100,100,100,100,1,5623,50
0.365594728384167,100,100,100,100,100,1,5623,50
0.710325065767393,100,100,100,100,100,1,5623,50
0.618028806755319,100,100,100,100,100,1,5623,50
0.108310049399734,100,100,100,100,100,1,5623,50
0.102897012839094,100,100,100,100,100,1,5623,50
0.274173772428185,100,100,100,100,100,1,5623,50
0.575294195441529,100,100,100,100,100,1,5623,50
0.841918480815366,100,100,100,100,100,1,5623,50
0.749225309118629,100,100,100,100,100,1,5623,50
0.774957294343039,100,100,100,100,100,1,5623,50
0.623963684076443,100,100,100,100,100,1,5623,50
0.37090487126261,100,100,100,100,100,1,5623,50
0.397911270381883,100,100,100,100,100,1,5623,50
0.600969067309052,100,100,100,100,100,1,5623,50
0.836824459023774,100,100,100,100,100,1,5623,50
0.201609768904746,100,100,100,100,100,1,5623,50
0.557075403863564,100,100,100,100,100,1,5623,50
0.485820381669328,100,100,100,100,100,1,5623,50
0.378966577351093,100,100,100,100,100,1,5623,50
