"p","truediv","chaoest","obsD","upper","lower","l","inds","reps"
0.254696286283433,100,100,100,100,100,1,5623,50
0.695840639062226,100,100,100,100,100,1,5623,50
0.141836530761793,100,100,100,100,100,1,5623,50
0.297762404195964,100,100,100,100,100,1,5623,50
0.486453206045553,100,100,100,100,100,1,5623,50
0.0856338776648045,100,100,100,100,100,1,5623,50
0.163460349198431,100,100,100,100,100,1,5623,50
0.703438814263791,100,100,100,100,100,1,5623,50
0.529266278259456,100,100,100,100,100,1,5623,50
0.162507630884647,100,100,100,100,100,1,5623,50
0.875933442264795,100,100,100,100,100,1,5623,50
0.403035383438691,100,100,100,100,100,1,5623,50
0.045226066140458,100,100,100,100,100,1,5623,50
0.385456417687237,100,100,100,100,100,1,5623,50
0.823504164814949,100,100,100,100,100,1,5623,50
0.560466031543911,100,100,100,100,100,1,5623,50
0.724476212402806,100,100,100,100,100,1,5623,50
0.832314578816295,100,100,100,100,100,1,5623,50
0.662192868301645,100,100,100,100,100,1,5623,50
0.648312968434766,100,100,100,100,100,1,5623,50
0.570404906757176,100,100,100,100,100,1,5623,50
0.391836126334965,100,100,100,100,100,1,5623,50
0.940287662670016,100,100,100,100,100,1,5623,50
0.001,100,100,100,100.001,100.001,1,5623,50
0.805836030747741,100,100,100,100,100,1,5623,50
0.713084334740415,100,100,100,100,100,1,5623,50
0.298725025495514,100,100,100,100,100,1,5623,50
0.494153319392353,100,100,100,100,100,1,5623,50
0.743923847330734,100,100,100,100,100,1,5623,50
0.64698887988925,100,100,100,100,100,1,5623,50
0.473193884594366,100,100,100,100,100,1,5623,50
0.40458822902292,100,100,100,100,100,1,5623,50
0.13988492754288,100,100,100,100,100,1,5623,50
0.527372016571462,100,100,100,100,100,1,5623,50
0.500181746901944,100,100,100,100,100,1,5623,50
0.973082235781476,100,100,100,100,100,1,5623,50
0.418605368584394,100,100,100,100,100,1,5623,50
0.630359798204154,100,100,100,100,100,1,5623,50
0.21989754633978,100,100,100,100,100,1,5623,50
0.054260520497337,100,100,100,100,100,1,5623,50
0.982315018773079,100,100,100,100,100,1,5623,50
0.891943717608228,100,100,100,100,100,1,5623,50
0.0496237745974213,100,100,100,100,100,1,5623,50
0.0133888779673725,100,100,100,100,100,1,5623,50
0.611225105356425,100,100,100,100,100,1,5623,50
0.925166208064184,100,100,100,100,100,1,5623,50
0.600843595573679,100,100,100,100,100,1,5623,50
0.932784243486822,100,100,100,100,100,1,5623,50
0.0676120875868946,100,100,100,100,100,1,5623,50
0.402181598357856,100,100,100,100,100,1,5623,50
