"p","truediv","chaoest","obsD","upper","lower","l","inds","reps"
0.976810478139669,100,100,100,100,100,1,5623,50
0.241889102617279,100,100,100,100,100,1,5623,50
0.340262540383264,100,100,100,100,100,1,5623,50
0.847988417372108,100,100,100,100,100,1,5623,50
0.800290538463742,100,100,100,100,100,1,5623,50
0.227821005275473,100,100,100,100,100,1,5623,50
0.923546132864431,100,100,100,100,100,1,5623,50
0.89867772674188,100,100,100,100,100,1,5623,50
0.303766953991726,100,100,100,100,100,1,5623,50
0.0589068175759166,100,100,100,100,100,1,5623,50
0.0484810792841017,100,100,100,100,100,1,5623,50
0.20330141694285,100,100,100,100,100,1,5623,50
0.876835293602198,100,100,100,100,100,1,5623,50
0.218388430774212,100,100,100,100,100,1,5623,50
0.883741402300075,100,100,100,100,100,1,5623,50
0.960863436106592,100,100,100,100,100,1,5623,50
0.0541357700712979,100,100,100,100,100,1,5623,50
0.236966092372313,100,100,100,100,100,1,5623,50
0.873683577403426,100,100,100,100,100,1,5623,50
0.618602803908288,100,100,100,100,100,1,5623,50
0.812061348930001,100,100,100,100,100,1,5623,50
0.384307506494224,100,100,100,100,100,1,5623,50
0.556225167121738,100,100,100,100,100,1,5623,50
0.59512733342126,100,100,100,100,100,1,5623,50
0.314814768265933,100,100,100,100,100,1,5623,50
0.81379178725183,100,100,100,100,100,1,5623,50
0.584951062453911,100,100,100,100,100,1,5623,50
0.424311084207147,100,100,100,100,100,1,5623,50
0.0564658441580832,100,100,100,100,100,1,5623,50
0.755173331126571,100,100,100,100,100,1,5623,50
0.266565553843975,100,100,100,100,100,1,5623,50
0.824471142143011,100,100,100,100,100,1,5623,50
0.549456333508715,100,100,100,100,100,1,5623,50
0.813735624309629,100,100,100,100,100,1,5623,50
0.839162162970752,100,100,100,100,100,1,5623,50
0.324191870633513,100,100,100,100,100,1,5623,50
0.637261007912457,100,100,100,100,100,1,5623,50
0.210953125264496,100,100,100,100,100,1,5623,50
0.313728155801073,100,100,100,100,100,1,5623,50
0.133123651379719,100,100,100,100,100,1,5623,50
0.378726960159838,100,100,100,100,100,1,5623,50
0.230627588694915,100,100,100,100,100,1,5623,50
0.538117571733892,100,100,100,100,100,1,5623,50
0.861772591480985,100,100,100,100,100,1,5623,50
0.19410131778568,100,100,100,100,100,1,5623,50
0.341032370692119,100,100,100,100,100,1,5623,50
0.626927368575707,100,100,100,100,100,1,5623,50
0.965782466810197,100,100,100,100,100,1,5623,50
0.299702247371897,100,100,100,100,100,1,5623,50
0.896169668063521,100,100,100,100,100,1,5623,50
