"p","truediv","chaoest","obsD","upper","lower","l","inds","reps"
0.021,100,100,100,100.021,100.021,1,3162,50
0.608845666516572,100,100,100,100,100,1,3162,50
0.002,100,100,100,100.002,100.002,1,3162,50
5e-04,100,100,100,100.0005,100.0005,1,3162,50
0.002,100,100,100,100.002,100.002,1,3162,50
0.002,100,100,100,100.002,100.002,1,3162,50
0.003,100,100,100,100.001500474383,100.001500474383,1,3162,50
5e-04,100,100,100,100.0005,100.0005,1,3162,50
0.0035,100,100,100,100.0035,100.0035,1,3162,50
5e-04,100,100,100,100.0005,100.0005,1,3162,50
0.939474135404453,100,100,100,100,100,1,3162,50
0.0846597265917808,100,100,100,100,100,1,3162,50
0.001,100,100,100,100.001,100.001,1,3162,50
0.0035,100,100,100,100.0035,100.0035,1,3162,50
0.023,100,100,100,100.022000316256,100.022000316256,1,3162,50
0.585176984779537,100,100,100,100,100,1,3162,50
5e-04,100,100,100,100.0005,100.0005,1,3162,50
0.001,100,100,100,100.001,100.001,1,3162,50
0.0015,100,100,100,100.001250079064,100.001250079064,1,3162,50
0.69624050706625,100,100,100,100,100,1,3162,50
0.001,100,100,100,100.001,100.001,1,3162,50
0.357154795667157,100,100,100,100,100,1,3162,50
0.776357215829194,100,100,100,100,100,1,3162,50
0.102754324907437,100,100,100,100,100,1,3162,50
0.0015,100,100,100,100.0015,100.0015,1,3162,50
0.023,100,100,100,100.021500474383,100.021500474383,1,3162,50
0.577841181308031,100,100,100,100,100,1,3162,50
5e-04,100,100,100,100.0005,100.0005,1,3162,50
5e-04,100,100,100,100.0005,100.0005,1,3162,50
0.0045,100,100,100,100.0045,100.0045,1,3162,50
0.612243593670428,100,100,100,100,100,1,3162,50
0.152194838505238,100,100,100,100,100,1,3162,50
5e-04,100,100,100,100.0005,100.0005,1,3162,50
0.288163651945069,100,100,100,100,100,1,3162,50
0.002,100,100,100,100.002,100.002,1,3162,50
0.001,100,100,100,100.001,100.001,1,3162,50
0.002,100,100,100,100.002,100.002,1,3162,50
0.0015,100,100,100,100.0015,100.0015,1,3162,50
5e-04,100,100,100,100.0005,100.0005,1,3162,50
0.0035,100,100,100,100.003000158128,100.003000158128,1,3162,50
0.565806389087811,100,100,100,100,100,1,3162,50
0.231727070640773,100,100,100,100,100,1,3162,50
0.267913373885676,100,100,100,100,100,1,3162,50
5e-04,100,100,100,100.000250079064,100.000250079064,1,3162,50
0.001,100,100,100,100.001,100.001,1,3162,50
5e-04,100,100,100,100.0005,100.0005,1,3162,50
5e-04,100,100,100,100.0005,100.0005,1,3162,50
5e-04,100,100,100,100.0005,100.0005,1,3162,50
0.677338532637805,100,100,100,100,100,1,3162,50
0.535521725425497,100,100,100,100,100,1,3162,50
