"p","truediv","chaoest","obsD","upper","lower","l","inds","reps"
0.490892928326502,100,100,100,100,100,1,5623,50
0.605624641058967,100,100,100,100,100,1,5623,50
0.589827364077792,100,100,100,100,100,1,5623,50
0.633773915469646,100,100,100,100,100,1,5623,50
0.687417928362265,100,100,100,100,100,1,5623,50
0.370580707676709,100,100,100,100,100,1,5623,50
0.284745258511975,100,100,100,100,100,1,5623,50
0.731742350617424,100,100,100,100,100,1,5623,50
0.220184212550521,100,100,100,100,100,1,5623,50
0.945134013425559,100,100,100,100,100,1,5623,50
0.555454596178606,100,100,100,100,100,1,5623,50
0.546809566905722,100,100,100,100,100,1,5623,50
0.374846177874133,100,100,100,100,100,1,5623,50
0.444429057417437,100,100,100,100,100,1,5623,50
0.709632644196972,100,100,100,100,100,1,5623,50
0.8229728306178,100,100,100,100,100,1,5623,50
0.3088655883912,100,100,100,100,100,1,5623,50
0.786057664081454,100,100,100,100,100,1,5623,50
0.305623022839427,100,100,100,100,100,1,5623,50
0.0126229617744684,100,100,100,100,100,1,5623,50
0.190250647254288,100,100,100,100,100,1,5623,50
0.684244606643915,100,100,100,100,100,1,5623,50
0.740008775144815,100,100,100,100,100,1,5623,50
0.215856823138893,100,100,100,100,100,1,5623,50
0.772256901254877,100,100,100,100,100,1,5623,50
5e-04,100,100,100,100.0005,100.0005,1,5623,50
0.0504735726863146,100,100,100,100,100,1,5623,50
0.311840946320444,100,100,100,100,100,1,5623,50
0.536757246591151,100,100,100,100,100,1,5623,50
0.523908647242934,100,100,100,100,100,1,5623,50
0.525329609634355,100,100,100,100,100,1,5623,50
0.225267234025523,100,100,100,100,100,1,5623,50
0.722978925798088,100,100,100,100,100,1,5623,50
0.111678153043613,100,100,100,100,100,1,5623,50
0.514819699572399,100,100,100,100,100,1,5623,50
0.737081338185817,100,100,100,100,100,1,5623,50
0.241918326355517,100,100,100,100,100,1,5623,50
0.623120002215728,100,100,100,100,100,1,5623,50
0.787609291961417,100,100,100,100,100,1,5623,50
0.920812789816409,100,100,100,100,100,1,5623,50
0.794293978717178,100,100,100,100,100,1,5623,50
0.568207889795303,100,100,100,100,100,1,5623,50
0.293018177850172,100,100,100,100,100,1,5623,50
0.517361155711114,100,100,100,100,100,1,5623,50
0.945417300797999,100,100,100,100,100,1,5623,50
0.0806597194168717,100,100,100,100,100,1,5623,50
0.800275282235816,100,100,100,100,100,1,5623,50
0.557541214860976,100,100,100,100,100,1,5623,50
0.933084561955184,100,100,100,100,100,1,5623,50
0.962443240918219,100,100,100,100,100,1,5623,50
