"p","truediv","chaoest","obsD","upper","lower","l","inds","reps"
0.520218299003318,100,100,100,100,100,1,5623,50
0.455514084314927,100,100,100,100,100,1,5623,50
0.96875206916593,100,100,100,100,100,1,5623,50
0.356512283440679,100,100,100,100,100,1,5623,50
0.835394522408023,100,100,100,100,100,1,5623,50
0.961647938704118,100,100,100,100,100,1,5623,50
0.73402777640149,100,100,100,100,100,1,5623,50
0.187477662693709,100,100,100,100,100,1,5623,50
0.510072634322569,100,100,100,100,100,1,5623,50
0.851841288385913,100,100,100,100,100,1,5623,50
0.0438838605768979,100,100,100,100,100,1,5623,50
0.992856485070661,100,100,100,100,100,1,5623,50
0.268375743879005,100,100,100,100,100,1,5623,50
0.108199776150286,100,100,100,100,100,1,5623,50
0.650249707978219,100,100,100,100,100,1,5623,50
0.462853914825246,100,100,100,100,100,1,5623,50
0.114985211053863,100,100,100,100,100,1,5623,50
0.583180054323748,100,100,100,100,100,1,5623,50
0.135794233996421,100,100,100,100,100,1,5623,50
0.543721327092499,100,100,100,100,100,1,5623,50
0.897542669204995,100,100,100,100,100,1,5623,50
0.0903777375351638,100,100,100,100,100,1,5623,50
0.416681580943987,100,100,100,100,100,1,5623,50
0.120951281860471,100,100,100,100,100,1,5623,50
0.0602676747366786,100,100,100,100,100,1,5623,50
0.49388363189064,100,100,100,100,100,1,5623,50
0.496519794687629,100,100,100,100,100,1,5623,50
0.651732763275504,100,100,100,100,100,1,5623,50
0.0993204955011606,100,100,100,100,100,1,5623,50
0.746784267947078,100,100,100,100,100,1,5623,50
0.397015866357833,100,100,100,100,100,1,5623,50
0.655964425299317,100,100,100,100,100,1,5623,50
0.9366182947997,100,100,100,100,100,1,5623,50
0.431677670916542,100,100,100,100,100,1,5623,50
0.423085294198245,100,100,100,100,100,1,5623,50
0.432589596603066,100,100,100,100,100,1,5623,50
0.461228314321488,100,100,100,100,100,1,5623,50
0.945112341083586,100,100,100,100,100,1,5623,50
0.528718613553792,100,100,100,100,100,1,5623,50
0.605586983729154,100,100,100,100,100,1,5623,50
0.894103602971882,100,100,100,100,100,1,5623,50
0.541703663533553,100,100,100,100,100,1,5623,50
0.116561914095655,100,100,100,100,100,1,5623,50
0.225695272907615,100,100,100,100,100,1,5623,50
0.882989780046046,100,100,100,100,100,1,5623,50
0.75722229317762,100,100,100,100,100,1,5623,50
0.523830760968849,100,100,100,100,100,1,5623,50
0.240819435101002,100,100,100,100,100,1,5623,50
0.412534332368523,100,100,100,100,100,1,5623,50
0.307579085929319,100,100,100,100,100,1,5623,50
