"p","truediv","chaoest","obsD","upper","lower","l","inds","reps"
0.71820052084513,100,100,100,100,100,1,5623,50
0.116978088393807,100,100,100,100,100,1,5623,50
0.329046312486753,100,100,100,100,100,1,5623,50
0.207912972662598,100,100,100,100,100,1,5623,50
0.315175432246178,100,100,100,100,100,1,5623,50
0.0133526280988008,100,100,100,100,100,1,5623,50
0.195636028423905,100,100,100,100,100,1,5623,50
0.341868747957051,100,100,100,100,100,1,5623,50
0.066404101671651,100,100,100,100,100,1,5623,50
0.800200462574139,100,100,100,100,100,1,5623,50
0.143392350059003,100,100,100,100,100,1,5623,50
0.418197743827477,100,100,100,100,100,1,5623,50
0.739310670876876,100,100,100,100,100,1,5623,50
0.365504861343652,100,100,100,100,100,1,5623,50
0.986953774932772,100,100,100,100,100,1,5623,50
0.391019993461668,100,100,100,100,100,1,5623,50
0.711886835517362,100,100,100,100,100,1,5623,50
0.437246590387076,100,100,100,100,100,1,5623,50
0.0562852986622602,100,100,100,100,100,1,5623,50
0.0016246868763119,100,100,100,100,100,1,5623,50
0.74195714853704,100,100,100,100,100,1,5623,50
0.542014482431114,100,100,100,100,100,1,5623,50
0.819348494056612,100,100,100,100,100,1,5623,50
0.502053087111562,100,100,100,100,100,1,5623,50
0.461160271428525,100,100,100,100,100,1,5623,50
0.310478179948404,100,100,100,100,100,1,5623,50
0.591968792956322,100,100,100,100,100,1,5623,50
0.951141157653183,100,100,100,100,100,1,5623,50
0.96289158356376,100,100,100,100,100,1,5623,50
0.951735720504075,100,100,100,100,100,1,5623,50
0.00196447502821684,100,100,100,100,100,1,5623,50
0.252583073917776,100,100,100,100,100,1,5623,50
0.373590773204342,100,100,100,100,100,1,5623,50
0.265831095399335,100,100,100,100,100,1,5623,50
0.0515848950017244,100,100,100,100,100,1,5623,50
0.184009392280132,100,100,100,100,100,1,5623,50
0.253551866859198,100,100,100,100,100,1,5623,50
0.84194485261105,100,100,100,100,100,1,5623,50
0.641005213372409,100,100,100,100,100,1,5623,50
0.258729902096093,100,100,100,100,100,1,5623,50
0.0218775493558496,100,100,100,100,100,1,5623,50
0.416154951555654,100,100,100,100,100,1,5623,50
0.369077004725114,100,100,100,100,100,1,5623,50
0.282789329532534,100,100,100,100,100,1,5623,50
0.769929444883019,100,100,100,100,100,1,5623,50
0.817083975998685,100,100,100,100,100,1,5623,50
0.759366346523166,100,100,100,100,100,1,5623,50
0.952598941512406,100,100,100,100,100,1,5623,50
0.932635491713881,100,100,100,100,100,1,5623,50
0.673813658766448,100,100,100,100,100,1,5623,50
