"p","truediv","chaoest","obsD","upper","lower","l","inds","reps"
0.177155023440719,100,100,100,100,100,1,5623,50
0.888318437384441,100,100,100,100,100,1,5623,50
0.00797499949112535,100,100,100,100,100,1,5623,50
0.75946881971322,100,100,100,100,100,1,5623,50
0.253608806058764,100,100,100,100,100,1,5623,50
0.0402302911970764,100,100,100,100,100,1,5623,50
0.92736959643662,100,100,100,100,100,1,5623,50
0.99502460937947,100,100,100,100,100,1,5623,50
0.135051785036922,100,100,100,100,100,1,5623,50
0.192477646982297,100,100,100,100,100,1,5623,50
0.2200743178837,100,100,100,100,100,1,5623,50
0.0831273356452584,100,100,100,100,100,1,5623,50
0.98834725888446,100,100,100,100,100,1,5623,50
0.750818690052256,100,100,100,100,100,1,5623,50
0.777886220254004,100,100,100,100,100,1,5623,50
0.241206808015704,100,100,100,100,100,1,5623,50
0.848464202601463,100,100,100,100,100,1,5623,50
0.46189124812372,100,100,100,100,100,1,5623,50
0.371312170289457,100,100,100,100,100,1,5623,50
0.767491391161457,100,100,100,100,100,1,5623,50
0.244968967977911,100,100,100,100,100,1,5623,50
0.78081062505953,100,100,100,100,100,1,5623,50
0.118805384961888,100,100,100,100,100,1,5623,50
0.646761998534203,100,100,100,100,100,1,5623,50
0.202601286349818,100,100,100,100,100,1,5623,50
0.233560502761975,100,100,100,100,100,1,5623,50
0.403816836187616,100,100,100,100,100,1,5623,50
0.0437078683171421,100,100,100,100,100,1,5623,50
0.951324009336531,100,100,100,100,100,1,5623,50
0.768616521731019,100,100,100,100,100,1,5623,50
0.487089330796152,100,100,100,100,100,1,5623,50
0.533398129977286,100,100,100,100,100,1,5623,50
0.103589896578342,100,100,100,100,100,1,5623,50
0.528050272492692,100,100,100,100,100,1,5623,50
0.0930290990509093,100,100,100,100,100,1,5623,50
0.029374115401879,100,100,100,100,100,1,5623,50
0.710139515344054,100,100,100,100,100,1,5623,50
0.106882843887433,100,100,100,100,100,1,5623,50
0.253656392451376,100,100,100,100,100,1,5623,50
0.425911792321131,100,100,100,100,100,1,5623,50
0.571468996582553,100,100,100,100,100,1,5623,50
0.294204431120306,100,100,100,100,100,1,5623,50
0.649250849615782,100,100,100,100,100,1,5623,50
0.0577999476809055,100,100,100,100,100,1,5623,50
0.201945916982368,100,100,100,100,100,1,5623,50
0.286187245743349,100,100,100,100,100,1,5623,50
0.235995838185772,100,100,100,100,100,1,5623,50
0.150193818844855,100,100,100,100,100,1,5623,50
0.732004317222163,100,100,100,100,100,1,5623,50
0.783816495211795,100,100,100,100,100,1,5623,50
