"p","truediv","chaoest","obsD","upper","lower","l","inds","reps"
0.0597514230757952,100,100,100,100,100,1,5623,50
0.61566849751398,100,100,100,100,100,1,5623,50
0.148027916206047,100,100,100,100,100,1,5623,50
0.305092367576435,100,100,100,100,100,1,5623,50
0.611900626448914,100,100,100,100,100,1,5623,50
0.769085441250354,100,100,100,100,100,1,5623,50
0.236131045268849,100,100,100,100,100,1,5623,50
0.227310707559809,100,100,100,100,100,1,5623,50
0.203366574132815,100,100,100,100,100,1,5623,50
0.252872500568628,100,100,100,100,100,1,5623,50
0.502481030067429,100,100,100,100,100,1,5623,50
0.271549125434831,100,100,100,100,100,1,5623,50
0.825264265062287,100,100,100,100,100,1,5623,50
0.916441727196798,100,100,100,100,100,1,5623,50
0.727083896752447,100,100,100,100,100,1,5623,50
0.132864513900131,100,100,100,100,100,1,5623,50
0.240953668020666,100,100,100,100,100,1,5623,50
0.829537105048075,100,100,100,100,100,1,5623,50
0.00774971558712423,100,100,100,100,100,1,5623,50
0.801179485861212,100,100,100,100,100,1,5623,50
0.952156275510788,100,100,100,100,100,1,5623,50
0.573408641386777,100,100,100,100,100,1,5623,50
0.967117572203279,100,100,100,100,100,1,5623,50
0.941590996691957,100,100,100,100,100,1,5623,50
0.546088961418718,100,100,100,100,100,1,5623,50
0.528512640856206,100,100,100,100,100,1,5623,50
0.679919695248827,100,100,100,100,100,1,5623,50
0.220176425762475,100,100,100,100,100,1,5623,50
0.141544226789847,100,100,100,100,100,1,5623,50
0.893629443598911,100,100,100,100,100,1,5623,50
0.41237767203711,100,100,100,100,100,1,5623,50
0.950896652881056,100,100,100,100,100,1,5623,50
0.237245331751183,100,100,100,100,100,1,5623,50
0.577776306308806,100,100,100,100,100,1,5623,50
0.511116398032755,100,100,100,100,100,1,5623,50
0.577099415706471,100,100,100,100,100,1,5623,50
0.847000614739954,100,100,100,100,100,1,5623,50
0.547094733687118,100,100,100,100,100,1,5623,50
0.403962983982638,100,100,100,100,100,1,5623,50
0.970510115614161,100,100,100,100,100,1,5623,50
0.724380868021399,100,100,100,100,100,1,5623,50
0.0218074906151742,100,100,100,100,100,1,5623,50
0.0422501841094345,100,100,100,100,100,1,5623,50
0.295328460866585,100,100,100,100,100,1,5623,50
0.779426164925098,100,100,100,100,100,1,5623,50
0.978815007722005,100,100,100,100,100,1,5623,50
0.862402572063729,100,100,100,100,100,1,5623,50
0.140672858338803,100,100,100,100,100,1,5623,50
0.578008864773437,100,100,100,100,100,1,5623,50
0.608861956046894,100,100,100,100,100,1,5623,50
