"p","truediv","chaoest","obsD","upper","lower","l","inds","reps"
0.5580743344035,100,100,100,100,100,1,5623,50
0.210179089102894,100,100,100,100,100,1,5623,50
0.0916005540639162,100,100,100,100,100,1,5623,50
0.159060561098158,100,100,100,100,100,1,5623,50
0.738462895387784,100,100,100,100,100,1,5623,50
0.801366983447224,100,100,100,100,100,1,5623,50
0.859650250524282,100,100,100,100,100,1,5623,50
0.338327151956037,100,100,100,100,100,1,5623,50
0.793571420945227,100,100,100,100,100,1,5623,50
0.770848758518696,100,100,100,100,100,1,5623,50
0.758797805057839,100,100,100,100,100,1,5623,50
0.248716448200867,100,100,100,100,100,1,5623,50
0.879208954051137,100,100,100,100,100,1,5623,50
0.649963811505586,100,100,100,100,100,1,5623,50
0.420739614870399,100,100,100,100,100,1,5623,50
0.989662702893838,100,100,100,100,100,1,5623,50
0.781172488816082,100,100,100,100,100,1,5623,50
0.7566573030781,100,100,100,100,100,1,5623,50
0.93042452307418,100,100,100,100,100,1,5623,50
0.140916079282761,100,100,100,100,100,1,5623,50
0.598803310887888,100,100,100,100,100,1,5623,50
0.303484561853111,100,100,100,100,100,1,5623,50
0.425145073328167,100,100,100,100,100,1,5623,50
0.0531733667012304,100,100,100,100,100,1,5623,50
0.616709078429267,100,100,100,100,100,1,5623,50
0.525032597128302,100,100,100,100,100,1,5623,50
0.341722053242847,100,100,100,100,100,1,5623,50
0.3379658004269,100,100,100,100,100,1,5623,50
0.548729220638052,100,100,100,100,100,1,5623,50
0.293808477697894,100,100,100,100,100,1,5623,50
0.281275792047381,100,100,100,100,100,1,5623,50
0.232436453457922,100,100,100,100,100,1,5623,50
0.148188580060378,100,100,100,100,100,1,5623,50
0.344013682799414,100,100,100,100,100,1,5623,50
0.443238490959629,100,100,100,100,100,1,5623,50
0.532826882321388,100,100,100,100,100,1,5623,50
0.361144828377292,100,100,100,100,100,1,5623,50
0.466572168283165,100,100,100,100,100,1,5623,50
0.268210832495242,100,100,100,100,100,1,5623,50
0.373558819061145,100,100,100,100,100,1,5623,50
0.295353898080066,100,100,100,100,100,1,5623,50
0.613282163394615,100,100,100,100,100,1,5623,50
0.320695726433769,100,100,100,100,100,1,5623,50
0.76215834193863,100,100,100,100,100,1,5623,50
0.861575324088335,100,100,100,100,100,1,5623,50
0.244417922804132,100,100,100,100,100,1,5623,50
0.315954642137513,100,100,100,100,100,1,5623,50
0.727882282109931,100,100,100,100,100,1,5623,50
0.182484735967591,100,100,100,100,100,1,5623,50
0.198049317812547,100,100,100,100,100,1,5623,50
