"p","truediv","chaoest","obsD","upper","lower","l","inds","reps"
0.37334176665172,100,100,100,100,100,1,5623,50
0.824644525069743,100,100,100,100,100,1,5623,50
0.536732922308147,100,100,100,100,100,1,5623,50
0.572330215247348,100,100,100,100,100,1,5623,50
0.329142975155264,100,100,100,100,100,1,5623,50
0.561973636038601,100,100,100,100,100,1,5623,50
0.00529796001501381,100,100,100,100,100,1,5623,50
0.680402651662007,100,100,100,100,100,1,5623,50
0.495239328825846,100,100,100,100,100,1,5623,50
0.879651875933632,100,100,100,100,100,1,5623,50
0.11130037996918,100,100,100,100,100,1,5623,50
0.74739738390781,100,100,100,100,100,1,5623,50
0.0187069408129901,100,100,100,100,100,1,5623,50
0.751992990029976,100,100,100,100,100,1,5623,50
0.430173607775941,100,100,100,100,100,1,5623,50
0.281959454528987,100,100,100,100,100,1,5623,50
0.88690361357294,100,100,100,100,100,1,5623,50
0.0389706497080624,100,100,100,100,100,1,5623,50
0.881828105309978,100,100,100,100,100,1,5623,50
0.0352082215249538,100,100,100,100,100,1,5623,50
0.868163274833933,100,100,100,100,100,1,5623,50
0.273098901379853,100,100,100,100,100,1,5623,50
0.52113723824732,100,100,100,100,100,1,5623,50
0.355165673652664,100,100,100,100,100,1,5623,50
0.31309962971136,100,100,100,100,100,1,5623,50
0.432751240208745,100,100,100,100,100,1,5623,50
0.737679908983409,100,100,100,100,100,1,5623,50
0.479147267760709,100,100,100,100,100,1,5623,50
0.807649612193927,100,100,100,100,100,1,5623,50
0.539271023590118,100,100,100,100,100,1,5623,50
0.748842656146735,100,100,100,100,100,1,5623,50
0.292479323921725,100,100,100,100,100,1,5623,50
0.599119316088036,100,100,100,100,100,1,5623,50
0.281216509174556,100,100,100,100,100,1,5623,50
0.902999122161418,100,100,100,100,100,1,5623,50
0.379082114668563,100,100,100,100,100,1,5623,50
0.829294989118353,100,100,100,100,100,1,5623,50
0.974981155944988,100,100,100,100,100,1,5623,50
0.0508049086201936,100,100,100,100,100,1,5623,50
0.321875981986523,100,100,100,100,100,1,5623,50
0.524568556807935,100,100,100,100,100,1,5623,50
0.158028479898348,100,100,100,100,100,1,5623,50
0.625083759659901,100,100,100,100,100,1,5623,50
0.219103819457814,100,100,100,100,100,1,5623,50
0.407247012015432,100,100,100,100,100,1,5623,50
0.193023840663955,100,100,100,100,100,1,5623,50
0.0768257232848555,100,100,100,100,100,1,5623,50
0.568909626686946,100,100,100,100,100,1,5623,50
0.0227196991909295,100,100,100,100,100,1,5623,50
0.822764690499753,100,100,100,100,100,1,5623,50
