"p","truediv","chaoest","obsD","upper","lower","l","inds","reps"
0.739002207061276,100,100,100,100,100,1,5623,50
0.842199054080993,100,100,100,100,100,1,5623,50
0.212992565706372,100,100,100,100,100,1,5623,50
0.156612929655239,100,100,100,100,100,1,5623,50
0.220419419929385,100,100,100,100,100,1,5623,50
0.388780645327643,100,100,100,100,100,1,5623,50
0.908427940448746,100,100,100,100,100,1,5623,50
0.989484852645546,100,100,100,100,100,1,5623,50
0.288618899416178,100,100,100,100,100,1,5623,50
0.373413162771612,100,100,100,100,100,1,5623,50
0.564504488138482,100,100,100,100,100,1,5623,50
0.334220180753618,100,100,100,100,100,1,5623,50
0.768502387683839,100,100,100,100,100,1,5623,50
0.742107800440863,100,100,100,100,100,1,5623,50
0.193108868552372,100,100,100,100,100,1,5623,50
0.404988049762323,100,100,100,100,100,1,5623,50
0.909382900455967,100,100,100,100,100,1,5623,50
0.0679194808471948,100,100,100,100,100,1,5623,50
0.495938003296033,100,100,100,100,100,1,5623,50
0.737906749593094,100,100,100,100,100,1,5623,50
0.259260308928788,100,100,100,100,100,1,5623,50
0.82930559432134,100,100,100,100,100,1,5623,50
0.072380178142339,100,100,100,100,100,1,5623,50
0.903115363325924,100,100,100,100,100,1,5623,50
0.84094834770076,100,100,100,100,100,1,5623,50
0.660529563203454,100,100,100,100,100,1,5623,50
0.29466796759516,100,100,100,100,100,1,5623,50
0.121011157985777,100,100,100,100,100,1,5623,50
0.873005255125463,100,100,100,100,100,1,5623,50
0.204822410130873,100,100,100,100,100,1,5623,50
0.109071550890803,100,100,100,100,100,1,5623,50
0.8585997056216,100,100,100,100,100,1,5623,50
0.793135914951563,100,100,100,100,100,1,5623,50
0.698470476549119,100,100,100,100,100,1,5623,50
0.566271100193262,100,100,100,100,100,1,5623,50
0.125936426687986,100,100,100,100,100,1,5623,50
0.323725658468902,100,100,100,100,100,1,5623,50
0.303608301561326,100,100,100,100,100,1,5623,50
0.697583948960528,100,100,100,100,100,1,5623,50
0.934726945357397,100,100,100,100,100,1,5623,50
0.094937302172184,100,100,100,100,100,1,5623,50
0.398721409728751,100,100,100,100,100,1,5623,50
0.770162322791293,100,100,100,100,100,1,5623,50
0.622187748784199,100,100,100,100,100,1,5623,50
0.568008302012458,100,100,100,100,100,1,5623,50
0.240160985849798,100,100,100,100,100,1,5623,50
0.041245226515457,100,100,100,100,100,1,5623,50
0.802242527250201,100,100,100,100,100,1,5623,50
0.854041564045474,100,100,100,100,100,1,5623,50
0.450921915238723,100,100,100,100,100,1,5623,50
