"p","truediv","chaoest","obsD","upper","lower","l","inds","reps"
0.383494954090565,100,100,100,100,100,1,5623,50
0.463021701900288,100,100,100,100,100,1,5623,50
0.461410491261631,100,100,100,100,100,1,5623,50
0.083414047723636,100,100,100,100,100,1,5623,50
0.281665277201682,100,100,100,100,100,1,5623,50
0.990516297519207,100,100,100,100,100,1,5623,50
0.422869380796328,100,100,100,100,100,1,5623,50
0.7125701950863,100,100,100,100,100,1,5623,50
0.278240772197023,100,100,100,100,100,1,5623,50
0.574810555204749,100,100,100,100,100,1,5623,50
0.293285894673318,100,100,100,100,100,1,5623,50
0.196290664141998,100,100,100,100,100,1,5623,50
0.235587238799781,100,100,100,100,100,1,5623,50
0.653872022172436,100,100,100,100,100,1,5623,50
0.688991751754656,100,100,100,100,100,1,5623,50
0.541744991438463,100,100,100,100,100,1,5623,50
0.010733979055658,100,100,100,100,100,1,5623,50
0.800402040593326,100,100,100,100,100,1,5623,50
5e-04,100,100,100,100.0005,100.0005,1,5623,50
0.219487190246582,100,100,100,100,100,1,5623,50
0.00489183724857867,100,100,100,100,100,1,5623,50
0.987873904407024,100,100,100,100,100,1,5623,50
0.693381069460884,100,100,100,100,100,1,5623,50
0.624853005632758,100,100,100,100,100,1,5623,50
0.360108716413379,100,100,100,100,100,1,5623,50
0.989064255030826,100,100,100,100,100,1,5623,50
0.363956384826452,100,100,100,100,100,1,5623,50
5e-04,100,100,100,100.0005,100.0005,1,5623,50
0.787515746196732,100,100,100,100,100,1,5623,50
0.560114247957245,100,100,100,100,100,1,5623,50
0.66465524979867,100,100,100,100,100,1,5623,50
0.61444224556908,100,100,100,100,100,1,5623,50
0.876848463434726,100,100,100,100,100,1,5623,50
0.904836074914783,100,100,100,100,100,1,5623,50
0.239835649728775,100,100,100,100,100,1,5623,50
0.823852066416293,100,100,100,100,100,1,5623,50
0.406049686716869,100,100,100,100,100,1,5623,50
0.825923595577478,100,100,100,100,100,1,5623,50
0.987018409883603,100,100,100,100,100,1,5623,50
0.52298631099984,100,100,100,100,100,1,5623,50
0.0463144108653069,100,100,100,100,100,1,5623,50
0.657975336303934,100,100,100,100,100,1,5623,50
0.502050031907856,100,100,100,100,100,1,5623,50
0.0727086074184626,100,100,100,100,100,1,5623,50
0.222682205960155,100,100,100,100,100,1,5623,50
0.842237760545686,100,100,100,100,100,1,5623,50
0.10584351234138,100,100,100,100,100,1,5623,50
0.855218106647953,100,100,100,100,100,1,5623,50
0.483735680347309,100,100,100,100,100,1,5623,50
0.490257202880457,100,100,100,100,100,1,5623,50
