"p","truediv","chaoest","obsD","upper","lower","l","inds","reps"
0.0552369286306202,100,100,100,100,100,1,5623,50
0.00413269945420325,100,100,100,100,100,1,5623,50
0.215897189918905,100,100,100,100,100,1,5623,50
0.520184871274978,100,100,100,100,100,1,5623,50
0.220947908237576,100,100,100,100,100,1,5623,50
0.679329849546775,100,100,100,100,100,1,5623,50
0.155516246333718,100,100,100,100,100,1,5623,50
0.80705921491608,100,100,100,100,100,1,5623,50
0.984241775004193,100,100,100,100,100,1,5623,50
0.483765908749774,100,100,100,100,100,1,5623,50
0.193682514131069,100,100,100,100,100,1,5623,50
0.854791464284062,100,100,100,100,100,1,5623,50
0.638989660423249,100,100,100,100,100,1,5623,50
0.250199943082407,100,100,100,100,100,1,5623,50
0.156476194504648,100,100,100,100,100,1,5623,50
0.873338259756565,100,100,100,100,100,1,5623,50
0.529481987236068,100,100,100,100,100,1,5623,50
0.832840003771707,100,100,100,100,100,1,5623,50
0.249770546332002,100,100,100,100,100,1,5623,50
0.788708397885785,100,100,100,100,100,1,5623,50
0.618740387028083,100,100,100,100,100,1,5623,50
0.18576875445433,100,100,100,100,100,1,5623,50
0.271032903110608,100,100,100,100,100,1,5623,50
5e-04,100,100,100,100.0005,100.0005,1,5623,50
0.352079268079251,100,100,100,100,100,1,5623,50
0.849519904702902,100,100,100,100,100,1,5623,50
0.879904000787064,100,100,100,100,100,1,5623,50
0.707927490118891,100,100,100,100,100,1,5623,50
0.997001516399905,100,100,100,100,100,1,5623,50
0.0927301028277725,100,100,100,100,100,1,5623,50
0.169027869123966,100,100,100,100,100,1,5623,50
0.984319567214698,100,100,100,100,100,1,5623,50
0.762287663994357,100,100,100,100,100,1,5623,50
0.0645558957476169,100,100,100,100,100,1,5623,50
0.575285936938599,100,100,100,100,100,1,5623,50
0.965464367764071,100,100,100,100,100,1,5623,50
0.500075037125498,100,100,100,100,100,1,5623,50
0.137801335658878,100,100,100,100,100,1,5623,50
0.608111100969836,100,100,100,100,100,1,5623,50
0.991072284057736,100,100,100,100,100,1,5623,50
0.278266652021557,100,100,100,100,100,1,5623,50
0.948268813779578,100,100,100,100,100,1,5623,50
0.513182001421228,100,100,100,100,100,1,5623,50
0.154285880969837,100,100,100,100,100,1,5623,50
0.676480120979249,100,100,100,100,100,1,5623,50
0.152582850307226,100,100,100,100,100,1,5623,50
0.874950928380713,100,100,100,100,100,1,5623,50
0.729031213792041,100,100,100,100,100,1,5623,50
0.544388297945261,100,100,100,100,100,1,5623,50
0.524952305713668,100,100,100,100,100,1,5623,50
