"p","truediv","chaoest","obsD","upper","lower","l","inds","reps"
0.683392571983859,100,100,100,100,100,1,5623,50
0.896836790489033,100,100,100,100,100,1,5623,50
0.614185092970729,100,100,100,100,100,1,5623,50
0.495135879842564,100,100,100,100,100,1,5623,50
0.755793408956379,100,100,100,100,100,1,5623,50
0.744125889847055,100,100,100,100,100,1,5623,50
0.315164571860805,100,100,100,100,100,1,5623,50
0.588330667233095,100,100,100,100,100,1,5623,50
0.671016052365303,100,100,100,100,100,1,5623,50
0.903443944407627,100,100,100,100,100,1,5623,50
0.222514752065763,100,100,100,100,100,1,5623,50
0.654960343148559,100,100,100,100,100,1,5623,50
0.482002429896966,100,100,100,100,100,1,5623,50
0.563376530539244,100,100,100,100,100,1,5623,50
0.0438859418500215,100,100,100,100,100,1,5623,50
0.779633764643222,100,100,100,100,100,1,5623,50
0.610245539806783,100,100,100,100,100,1,5623,50
0.0915525041054934,100,100,100,100,100,1,5623,50
0.179090497549623,100,100,100,100,100,1,5623,50
0.809157421113923,100,100,100,100,100,1,5623,50
0.951877669431269,100,100,100,100,100,1,5623,50
0.837714089546353,100,100,100,100,100,1,5623,50
0.0389781498815864,100,100,100,100,100,1,5623,50
0.857438363134861,100,100,100,100,100,1,5623,50
0.0867445571348071,100,100,100,100,100,1,5623,50
0.576074503595009,100,100,100,100,100,1,5623,50
0.738074434688315,100,100,100,100,100,1,5623,50
0.392368352971971,100,100,100,100,100,1,5623,50
0.773208407917991,100,100,100,100,100,1,5623,50
0.508332791738212,100,100,100,100,100,1,5623,50
0.756745488382876,100,100,100,100,100,1,5623,50
0.81803097948432,100,100,100,100,100,1,5623,50
0.827098284149542,100,100,100,100,100,1,5623,50
0.277468524640426,100,100,100,100,100,1,5623,50
0.810046462342143,100,100,100,100,100,1,5623,50
0.224671988049522,100,100,100,100,100,1,5623,50
0.240501345833763,100,100,100,100,100,1,5623,50
0.010691368021071,100,100,100,100,100,1,5623,50
0.192617209628224,100,100,100,100,100,1,5623,50
0.637222171062604,100,100,100,100,100,1,5623,50
0.111932512838393,100,100,100,100,100,1,5623,50
0.605314459651709,100,100,100,100,100,1,5623,50
0.353383449371904,100,100,100,100,100,1,5623,50
0.810657997382805,100,100,100,100,100,1,5623,50
0.881219104165211,100,100,100,100,100,1,5623,50
0.506711204070598,100,100,100,100,100,1,5623,50
0.421273032668978,100,100,100,100,100,1,5623,50
0.16884760116227,100,100,100,100,100,1,5623,50
0.544722081394866,100,100,100,100,100,1,5623,50
0.173468858469278,100,100,100,100,100,1,5623,50
