"p","truediv","chaoest","obsD","upper","lower","l","inds","reps"
0.488565092440695,100,100,100,100,100,1,5623,50
0.8281202216167,100,100,100,100,100,1,5623,50
0.679976508487016,100,100,100,100,100,1,5623,50
0.094543564831838,100,100,100,100,100,1,5623,50
0.536903437227011,100,100,100,100,100,1,5623,50
0.410095609724522,100,100,100,100,100,1,5623,50
0.463481971528381,100,100,100,100,100,1,5623,50
0.382561664097011,100,100,100,100,100,1,5623,50
0.770821750862524,100,100,100,100,100,1,5623,50
0.542136839358136,100,100,100,100,100,1,5623,50
0.797391864005476,100,100,100,100,100,1,5623,50
0.71630716486834,100,100,100,100,100,1,5623,50
0.98782226536423,100,100,100,100,100,1,5623,50
0.10298393224366,100,100,100,100,100,1,5623,50
0.891760773723945,100,100,100,100,100,1,5623,50
0.636055797804147,100,100,100,100,100,1,5623,50
0.778303085826337,100,100,100,100,100,1,5623,50
0.737115444149822,100,100,100,100,100,1,5623,50
0.376657696673647,100,100,100,100,100,1,5623,50
0.541459302650765,100,100,100,100,100,1,5623,50
0.0432635962497443,100,100,100,100,100,1,5623,50
0.0712184342555702,100,100,100,100,100,1,5623,50
0.268592724576592,100,100,100,100,100,1,5623,50
0.190400369931012,100,100,100,100,100,1,5623,50
0.85002881474793,100,100,100,100,100,1,5623,50
0.302735367324203,100,100,100,100,100,1,5623,50
0.529076402075589,100,100,100,100,100,1,5623,50
0.95836003869772,100,100,100,100,100,1,5623,50
0.00621366896666586,100,100,100,100,100,1,5623,50
0.0703385635279119,100,100,100,100,100,1,5623,50
0.803220848785713,100,100,100,100,100,1,5623,50
0.243284242693335,100,100,100,100,100,1,5623,50
0.0578412350732833,100,100,100,100,100,1,5623,50
0.633150441106409,100,100,100,100,100,1,5623,50
0.630745572270826,100,100,100,100,100,1,5623,50
0.605041967472062,100,100,100,100,100,1,5623,50
0.605546485865489,100,100,100,100,100,1,5623,50
0.903361580101773,100,100,100,100,100,1,5623,50
0.138029675232247,100,100,100,100,100,1,5623,50
0.00587735301814973,100,100,100,100,100,1,5623,50
0.706272032111883,100,100,100,100,100,1,5623,50
0.0150133850984275,100,100,100,100,100,1,5623,50
0.721563535742462,100,100,100,100,100,1,5623,50
0.2153632233385,100,100,100,100,100,1,5623,50
0.190181683283299,100,100,100,100,100,1,5623,50
0.406536736525595,100,100,100,100,100,1,5623,50
0.18732714257203,100,100,100,100,100,1,5623,50
0.491350155090913,100,100,100,100,100,1,5623,50
0.101952489698306,100,100,100,100,100,1,5623,50
0.241882082540542,100,100,100,100,100,1,5623,50
