"p","truediv","chaoest","obsD","upper","lower","l","inds","reps"
0.001,100,100,100,100.001,100.001,1,3162,50
0.001,100,100,100,100.000750079064,100.000750079064,1,3162,50
0.990772751625627,100,100,100,100,100,1,3162,50
0.003,100,100,100,100.003,100.003,1,3162,50
0.784402787452564,100,100,100,100,100,1,3162,50
5e-04,100,100,100,100.0005,100.0005,1,3162,50
0.001,100,100,100,100.001,100.001,1,3162,50
0.0025,100,100,100,100.0025,100.0025,1,3162,50
0.011,100,100,100,100.010750079064,100.010750079064,1,3162,50
0.424413143191487,100,100,100,100,100,1,3162,50
5e-04,100,100,100,100.0005,100.0005,1,3162,50
0.007,100,100,100,100.006500158128,100.006500158128,1,3162,50
0.647334225242957,100,100,100,100,100,1,3162,50
5e-04,100,100,100,100.0005,100.0005,1,3162,50
5e-04,100,100,100,100.0005,100.0005,1,3162,50
0.001,100,100,100,100.001,100.001,1,3162,50
0.121253463672474,100,100,100,100,100,1,3162,50
5e-04,100,100,100,100.0005,100.0005,1,3162,50
0.809356931829825,100,100,100,100,100,1,3162,50
0.003,100,100,100,100.003,100.003,1,3162,50
5e-04,100,100,100,100.0005,100.0005,1,3162,50
0.139316173037514,100,100,100,100,100,1,3162,50
0.001,100,100,100,100.001,100.001,1,3162,50
0.288599228253588,100,100,100,100,100,1,3162,50
5e-04,100,100,100,100.0005,100.0005,1,3162,50
0.375806542113423,100,100,100,100,100,1,3162,50
5e-04,100,100,100,100.0005,100.0005,1,3162,50
0.007,100,100,100,100.006500158128,100.006500158128,1,3162,50
0.32913533737883,100,100,100,100,100,1,3162,50
5e-04,100,100,100,100.0005,100.0005,1,3162,50
0.001,100,100,100,100.001,100.001,1,3162,50
5e-04,100,100,100,100.000000158128,100.000000158128,1,3162,50
0.853322321316227,100,100,100,100,100,1,3162,50
0.963026948971674,100,100,100,100,100,1,3162,50
5e-04,100,100,100,100.0005,100.0005,1,3162,50
0.67083791969344,100,100,100,100,100,1,3162,50
0.157163437455893,100,100,100,100,100,1,3162,50
0.338482638122514,100,100,100,100,100,1,3162,50
0.002,100,100,100,100.002,100.002,1,3162,50
0.228799219476059,100,100,100,100,100,1,3162,50
0.609000433236361,100,100,100,100,100,1,3162,50
0.9995,100,100,100,99.9997500790639,99.9997500790639,1,3162,50
0.001,100,100,100,100.001,100.001,1,3162,50
0.0661797765642405,100,100,100,100,100,1,3162,50
0.001,100,100,100,100.001,100.001,1,3162,50
0.002,100,100,100,100.001750079064,100.001750079064,1,3162,50
0.428132505854592,100,100,100,100,100,1,3162,50
5e-04,100,100,100,100.0005,100.0005,1,3162,50
5e-04,100,100,100,100.0005,100.0005,1,3162,50
0.138987080659717,100,100,100,100,100,1,3162,50
