"p","truediv","chaoest","obsD","upper","lower","l","inds","reps"
0.39350129198283,100,100,100,100,100,1,5623,50
0.088471531867981,100,100,100,100,100,1,5623,50
0.906343992101029,100,100,100,100,100,1,5623,50
0.862225168384612,100,100,100,100,100,1,5623,50
0.532174680149183,100,100,100,100,100,1,5623,50
0.203954483848065,100,100,100,100,100,1,5623,50
0.267374482238665,100,100,100,100,100,1,5623,50
0.705680335871875,100,100,100,100,100,1,5623,50
0.535928087076172,100,100,100,100,100,1,5623,50
0.570256367791444,100,100,100,100,100,1,5623,50
0.33148827846162,100,100,100,100,100,1,5623,50
0.0432289068121463,100,100,100,100,100,1,5623,50
0.460668948944658,100,100,100,100,100,1,5623,50
0.965321796480566,100,100,100,100,100,1,5623,50
0.628884178120643,100,100,100,100,100,1,5623,50
0.906513010151684,100,100,100,100,100,1,5623,50
0.811966052278876,100,100,100,100,100,1,5623,50
0.273716027848423,100,100,100,100,100,1,5623,50
0.777905124006793,100,100,100,100,100,1,5623,50
0.818055259529501,100,100,100,100,100,1,5623,50
0.555102762999013,100,100,100,100,100,1,5623,50
0.728554318891838,100,100,100,100,100,1,5623,50
0.339445648482069,100,100,100,100,100,1,5623,50
0.634286175249144,100,100,100,100,100,1,5623,50
0.712832093006,100,100,100,100,100,1,5623,50
0.395166218746454,100,100,100,100,100,1,5623,50
0.427006780868396,100,100,100,100,100,1,5623,50
0.0472865395713598,100,100,100,100,100,1,5623,50
0.702152700396255,100,100,100,100,100,1,5623,50
0.6681191585958,100,100,100,100,100,1,5623,50
0.429077232023701,100,100,100,100,100,1,5623,50
0.759070304920897,100,100,100,100,100,1,5623,50
0.614213580498472,100,100,100,100,100,1,5623,50
0.683326717466116,100,100,100,100,100,1,5623,50
0.353018689434975,100,100,100,100,100,1,5623,50
0.477368626277894,100,100,100,100,100,1,5623,50
0.183213931741193,100,100,100,100,100,1,5623,50
0.262500445125625,100,100,100,100,100,1,5623,50
0.831810126081109,100,100,100,100,100,1,5623,50
0.352736792061478,100,100,100,100,100,1,5623,50
0.404677959857509,100,100,100,100,100,1,5623,50
0.570629219757393,100,100,100,100,100,1,5623,50
0.801274246303365,100,100,100,100,100,1,5623,50
0.493740366073325,100,100,100,100,100,1,5623,50
0.581547174137086,100,100,100,100,100,1,5623,50
0.160371657460928,100,100,100,100,100,1,5623,50
0.874261853285134,100,100,100,100,100,1,5623,50
0.98353823274374,100,100,100,100,100,1,5623,50
0.275261801900342,100,100,100,100,100,1,5623,50
0.351790155516937,100,100,100,100,100,1,5623,50
