"p","truediv","chaoest","obsD","upper","lower","l","inds","reps"
0.399323820602149,100,100,100,100,100,1,5623,50
0.52484234329313,100,100,100,100,100,1,5623,50
0.614865341689438,100,100,100,100,100,1,5623,50
0.408026059158146,100,100,100,100,100,1,5623,50
0.758671110263094,100,100,100,100,100,1,5623,50
0.25619282387197,100,100,100,100,100,1,5623,50
0.332271687220782,100,100,100,100,100,1,5623,50
0.437743473332375,100,100,100,100,100,1,5623,50
0.149426382267848,100,100,100,100,100,1,5623,50
0.521652938565239,100,100,100,100,100,1,5623,50
0.837503113551065,100,100,100,100,100,1,5623,50
0.163400928257033,100,100,100,100,100,1,5623,50
0.123638625023887,100,100,100,100,100,1,5623,50
0.543829675531015,100,100,100,100,100,1,5623,50
0.403363846009597,100,100,100,100,100,1,5623,50
0.42549858847633,100,100,100,100,100,1,5623,50
0.742231079842895,100,100,100,100,100,1,5623,50
0.510936082573608,100,100,100,100,100,1,5623,50
0.363742364570498,100,100,100,100,100,1,5623,50
0.733550649834797,100,100,100,100,100,1,5623,50
0.010764837032184,100,100,100,100,100,1,5623,50
0.106854701880366,100,100,100,100,100,1,5623,50
0.265913739800453,100,100,100,100,100,1,5623,50
0.167873051250353,100,100,100,100,100,1,5623,50
0.179014613153413,100,100,100,100,100,1,5623,50
0.69187482749112,100,100,100,100,100,1,5623,50
0.987474891357124,100,100,100,100,100,1,5623,50
0.737268337281421,100,100,100,100,100,1,5623,50
0.384280184516683,100,100,100,100,100,1,5623,50
0.0945853714365512,100,100,100,100,100,1,5623,50
0.78049985668622,100,100,100,100,100,1,5623,50
0.469886836595833,100,100,100,100,100,1,5623,50
0.586718826321885,100,100,100,100,100,1,5623,50
0.498470110120252,100,100,100,100,100,1,5623,50
0.244896934134886,100,100,100,100,100,1,5623,50
0.588856166461483,100,100,100,100,100,1,5623,50
0.792204131139442,100,100,100,100,100,1,5623,50
0.644336949102581,100,100,100,100,100,1,5623,50
0.107105365721509,100,100,100,100,100,1,5623,50
0.260005960939452,100,100,100,100,100,1,5623,50
0.487498889910057,100,100,100,100,100,1,5623,50
0.981321146944538,100,100,100,100,100,1,5623,50
0.306059137685224,100,100,100,100,100,1,5623,50
0.913298164494336,100,100,100,100,100,1,5623,50
0.242165938951075,100,100,100,100,100,1,5623,50
0.832207135623321,100,100,100,100,100,1,5623,50
5e-04,100,100,100,100.0005,100.0005,1,5623,50
0.501314094522968,100,100,100,100,100,1,5623,50
0.199814220890403,100,100,100,100,100,1,5623,50
0.913677035830915,100,100,100,100,100,1,5623,50
