"p","truediv","chaoest","obsD","upper","lower","l","inds","reps"
0.0411115549504757,100,100,100,100,100,1,5623,50
0.0226782441604882,100,100,100,100,100,1,5623,50
0.503532662522048,100,100,100,100,100,1,5623,50
0.696261537261307,100,100,100,100,100,1,5623,50
0.468442843295634,100,100,100,100,100,1,5623,50
0.005,100,100,100,100.005,100.005,1,5623,50
0.38936805864796,100,100,100,100,100,1,5623,50
0.300087369279936,100,100,100,100,100,1,5623,50
0.0326742515899241,100,100,100,100,100,1,5623,50
0.021919762250036,100,100,100,100,100,1,5623,50
0.245285388082266,100,100,100,100,100,1,5623,50
0.98420655564405,100,100,100,100,100,1,5623,50
0.389482915401459,100,100,100,100,100,1,5623,50
0.463314957683906,100,100,100,100,100,1,5623,50
0.430324187735096,100,100,100,100,100,1,5623,50
0.792429915396497,100,100,100,100,100,1,5623,50
0.798072021454573,100,100,100,100,100,1,5623,50
0.102179680718109,100,100,100,100,100,1,5623,50
0.146220143418759,100,100,100,100,100,1,5623,50
0.0926593239419162,100,100,100,100,100,1,5623,50
0.892754162428901,100,100,100,100,100,1,5623,50
5e-04,100,100,100,100.0005,100.0005,1,5623,50
0.481682864716277,100,100,100,100,100,1,5623,50
0.331376602640375,100,100,100,100,100,1,5623,50
0.452971428399906,100,100,100,100,100,1,5623,50
0.88469274668023,100,100,100,100,100,1,5623,50
0.988846598891541,100,100,100,100,100,1,5623,50
0.664467346388847,100,100,100,100,100,1,5623,50
0.679616114823148,100,100,100,100,100,1,5623,50
0.299828405259177,100,100,100,100,100,1,5623,50
0.2208043159917,100,100,100,100,100,1,5623,50
0.894704915350303,100,100,100,100,100,1,5623,50
0.660938785411417,100,100,100,100,100,1,5623,50
0.497010288760066,100,100,100,100,100,1,5623,50
0.163537624757737,100,100,100,100,100,1,5623,50
0.177584842545912,100,100,100,100,100,1,5623,50
0.277122367406264,100,100,100,100,100,1,5623,50
0.001,100,100,100,100.001,100.001,1,5623,50
0.140612536808476,100,100,100,100,100,1,5623,50
0.177608571248129,100,100,100,100,100,1,5623,50
0.636272044852376,100,100,100,100,100,1,5623,50
0.23947597341612,100,100,100,100,100,1,5623,50
0.318077821284533,100,100,100,100,100,1,5623,50
0.0702434778213501,100,100,100,100,100,1,5623,50
0.522380845388398,100,100,100,100,100,1,5623,50
0.670515056233853,100,100,100,100,100,1,5623,50
0.292873903876171,100,100,100,100,100,1,5623,50
0.136199676664546,100,100,100,100,100,1,5623,50
0.386936065042391,100,100,100,100,100,1,5623,50
0.663670460693538,100,100,100,100,100,1,5623,50
