"p","truediv","chaoest","obsD","upper","lower","l","inds","reps"
0.689776388928294,100,100,100,100,100,1,5623,50
0.345447742845863,100,100,100,100,100,1,5623,50
0.200649468461052,100,100,100,100,100,1,5623,50
0.309293404687196,100,100,100,100,100,1,5623,50
0.640485895331949,100,100,100,100,100,1,5623,50
0.615033552981913,100,100,100,100,100,1,5623,50
0.162977932021022,100,100,100,100,100,1,5623,50
0.665973023977131,100,100,100,100,100,1,5623,50
0.942403544904664,100,100,100,100,100,1,5623,50
0.505714060040191,100,100,100,100,100,1,5623,50
0.567662521731108,100,100,100,100,100,1,5623,50
0.0349650415591896,100,100,100,100,100,1,5623,50
0.788764578057453,100,100,100,100,100,1,5623,50
0.112181059084833,100,100,100,100,100,1,5623,50
0.626576181268319,100,100,100,100,100,1,5623,50
0.158764524385333,100,100,100,100,100,1,5623,50
0.864888611482456,100,100,100,100,100,1,5623,50
0.383087031776085,100,100,100,100,100,1,5623,50
0.123845445457846,100,100,100,100,100,1,5623,50
0.984901691321284,100,100,100,100,100,1,5623,50
0.522499403916299,100,100,100,100,100,1,5623,50
0.699075524229556,100,100,100,100,100,1,5623,50
0.0807295555714518,100,100,100,100,100,1,5623,50
0.182491694344208,100,100,100,100,100,1,5623,50
0.287944670999423,100,100,100,100,100,1,5623,50
0.905207259347662,100,100,100,100,100,1,5623,50
0.967915091663599,100,100,100,100,100,1,5623,50
0.714130466338247,100,100,100,100,100,1,5623,50
0.581028885906562,100,100,100,100,100,1,5623,50
0.581512269563973,100,100,100,100,100,1,5623,50
0.883345788344741,100,100,100,100,100,1,5623,50
0.848377056419849,100,100,100,100,100,1,5623,50
0.754120363388211,100,100,100,100,100,1,5623,50
0.841457709670067,100,100,100,100,100,1,5623,50
0.398515369510278,100,100,100,100,100,1,5623,50
0.0357575539965183,100,100,100,100,100,1,5623,50
0.913919085636735,100,100,100,100,100,1,5623,50
0.606831550132483,100,100,100,100,100,1,5623,50
0.831464616581798,100,100,100,100,100,1,5623,50
0.295108101796359,100,100,100,100,100,1,5623,50
0.910978192463517,100,100,100,100,100,1,5623,50
0.532222040463239,100,100,100,100,100,1,5623,50
0.714135739021003,100,100,100,100,100,1,5623,50
0.32556918123737,100,100,100,100,100,1,5623,50
0.810479074716568,100,100,100,100,100,1,5623,50
0.575558876385912,100,100,100,100,100,1,5623,50
0.402919763000682,100,100,100,100,100,1,5623,50
0.260448020882905,100,100,100,100,100,1,5623,50
0.927273615729064,100,100,100,100,100,1,5623,50
0.194161140592769,100,100,100,100,100,1,5623,50
