"p","truediv","chaoest","obsD","upper","lower","l","inds","reps"
0.462840341962874,100,100,100,100,100,1,5623,50
0.4964003872592,100,100,100,100,100,1,5623,50
0.95647264807485,100,100,100,100,100,1,5623,50
0.169051073957235,100,100,100,100,100,1,5623,50
0.553694010479376,100,100,100,100,100,1,5623,50
0.498989835381508,100,100,100,100,100,1,5623,50
0.997455814853311,100,100,100,100,100,1,5623,50
0.938419459853321,100,100,100,100,100,1,5623,50
0.0306095585692674,100,100,100,100,100,1,5623,50
0.193529723444954,100,100,100,100,100,1,5623,50
0.494990064296871,100,100,100,100,100,1,5623,50
0.410353386774659,100,100,100,100,100,1,5623,50
0.0711420276202261,100,100,100,100,100,1,5623,50
0.584372864104807,100,100,100,100,100,1,5623,50
0.689530336530879,100,100,100,100,100,1,5623,50
0.647417664295062,100,100,100,100,100,1,5623,50
0.62218774901703,100,100,100,100,100,1,5623,50
0.315987109439448,100,100,100,100,100,1,5623,50
0.695489693665877,100,100,100,100,100,1,5623,50
0.89808308170177,100,100,100,100,100,1,5623,50
0.684182473225519,100,100,100,100,100,1,5623,50
0.400000388966873,100,100,100,100,100,1,5623,50
0.191102010197937,100,100,100,100,100,1,5623,50
0.163517731241882,100,100,100,100,100,1,5623,50
0.979120313888416,100,100,100,100,100,1,5623,50
0.0458816394675523,100,100,100,100,100,1,5623,50
0.303010019240901,100,100,100,100,100,1,5623,50
0.317354839062318,100,100,100,100,100,1,5623,50
0.145610771141946,100,100,100,100,100,1,5623,50
0.54738238430582,100,100,100,100,100,1,5623,50
0.209159468766302,100,100,100,100,100,1,5623,50
0.706823223037645,100,100,100,100,100,1,5623,50
0.868600604124367,100,100,100,100,100,1,5623,50
0.720252563478425,100,100,100,100,100,1,5623,50
0.545763082103804,100,100,100,100,100,1,5623,50
0.279017648426816,100,100,100,100,100,1,5623,50
0.655040090670809,100,100,100,100,100,1,5623,50
0.0574918822385371,100,100,100,100,100,1,5623,50
0.92128206207417,100,100,100,100,100,1,5623,50
0.118503396166489,100,100,100,100,100,1,5623,50
0.821392954559997,100,100,100,100,100,1,5623,50
0.836661376990378,100,100,100,100,100,1,5623,50
0.0502381725236773,100,100,100,100,100,1,5623,50
0.458981231087819,100,100,100,100,100,1,5623,50
0.213934349827468,100,100,100,100,100,1,5623,50
0.706670702900738,100,100,100,100,100,1,5623,50
0.0785572433378547,100,100,100,100,100,1,5623,50
0.560357061680406,100,100,100,100,100,1,5623,50
0.152113432064652,100,100,100,100,100,1,5623,50
0.515303604770452,100,100,100,100,100,1,5623,50
