"p","truediv","chaoest","obsD","upper","lower","l","inds","reps"
0.160825541475788,100,100,100,100,100,1,5623,50
0.797264943830669,100,100,100,100,100,1,5623,50
5e-04,100,100,100,100.0005,100.0005,1,5623,50
0.393338114954531,100,100,100,100,100,1,5623,50
0.227748698089272,100,100,100,100,100,1,5623,50
0.28263207199052,100,100,100,100,100,1,5623,50
0.400080719497055,100,100,100,100,100,1,5623,50
0.607542967656627,100,100,100,100,100,1,5623,50
0.935467227362096,100,100,100,100,100,1,5623,50
0.743066717172042,100,100,100,100,100,1,5623,50
0.954875583294779,100,100,100,100,100,1,5623,50
0.631390465656295,100,100,100,100,100,1,5623,50
0.667474354617298,100,100,100,100,100,1,5623,50
0.0757981794886291,100,100,100,100,100,1,5623,50
0.450684624025598,100,100,100,100,100,1,5623,50
0.697178520029411,100,100,100,100,100,1,5623,50
0.359369988087565,100,100,100,100,100,1,5623,50
0.531326380092651,100,100,100,100,100,1,5623,50
0.366091004805639,100,100,100,100,100,1,5623,50
0.825248726876453,100,100,100,100,100,1,5623,50
0.500035062432289,100,100,100,100,100,1,5623,50
0.529181886697188,100,100,100,100,100,1,5623,50
0.423483381746337,100,100,100,100,100,1,5623,50
0.186413188930601,100,100,100,100,100,1,5623,50
5e-04,100,100,100,100.0005,100.0005,1,5623,50
0.0394824908580631,100,100,100,100,100,1,5623,50
0.254099032841623,100,100,100,100,100,1,5623,50
0.471923766890541,100,100,100,100,100,1,5623,50
0.240999602945521,100,100,100,100,100,1,5623,50
0.197540192399174,100,100,100,100,100,1,5623,50
0.411182527430356,100,100,100,100,100,1,5623,50
0.641375998733565,100,100,100,100,100,1,5623,50
0.0703501333482563,100,100,100,100,100,1,5623,50
0.677823001984507,100,100,100,100,100,1,5623,50
0.80095119192265,100,100,100,100,100,1,5623,50
0.216293920530006,100,100,100,100,100,1,5623,50
0.271174239227548,100,100,100,100,100,1,5623,50
0.61770503805019,100,100,100,100,100,1,5623,50
0.413987211417407,100,100,100,100,100,1,5623,50
0.778698558919132,100,100,100,100,100,1,5623,50
0.293754934566095,100,100,100,100,100,1,5623,50
0.127097246004269,100,100,100,100,100,1,5623,50
0.421766888350248,100,100,100,100,100,1,5623,50
0.479413001565263,100,100,100,100,100,1,5623,50
0.435743702575564,100,100,100,100,100,1,5623,50
0.874658510088921,100,100,100,100,100,1,5623,50
0.06392552703619,100,100,100,100,100,1,5623,50
0.755800711456686,100,100,100,100,100,1,5623,50
0.654177540214732,100,100,100,100,100,1,5623,50
0.44542320095934,100,100,100,100,100,1,5623,50
