"p","truediv","chaoest","obsD","upper","lower","l","inds","reps"
0.822157863993198,100,100,100,100,100,1,5623,50
0.854163684416562,100,100,100,100,100,1,5623,50
0.577362687326968,100,100,100,100,100,1,5623,50
0.888645609840751,100,100,100,100,100,1,5623,50
0.7048325589858,100,100,100,100,100,1,5623,50
0.49292828165926,100,100,100,100,100,1,5623,50
0.453123988816515,100,100,100,100,100,1,5623,50
0.306440678192303,100,100,100,100,100,1,5623,50
0.228380421409383,100,100,100,100,100,1,5623,50
0.873669929802418,100,100,100,100,100,1,5623,50
0.804145359899849,100,100,100,100,100,1,5623,50
0.55446387338452,100,100,100,100,100,1,5623,50
0.827429897384718,100,100,100,100,100,1,5623,50
0.278590428410098,100,100,100,100,100,1,5623,50
0.898068404290825,100,100,100,100,100,1,5623,50
0.346621923847124,100,100,100,100,100,1,5623,50
0.105082957539707,100,100,100,100,100,1,5623,50
0.463809692766517,100,100,100,100,100,1,5623,50
0.19572236854583,100,100,100,100,100,1,5623,50
0.991731862537563,100,100,100,100,100,1,5623,50
0.309365874156356,100,100,100,100,100,1,5623,50
0.112476010108367,100,100,100,100,100,1,5623,50
0.105064005590975,100,100,100,100,100,1,5623,50
0.156792201800272,100,100,100,100,100,1,5623,50
0.846187464892864,100,100,100,100,100,1,5623,50
0.879262412432581,100,100,100,100,100,1,5623,50
0.509301695041358,100,100,100,100,100,1,5623,50
0.388707298086956,100,100,100,100,100,1,5623,50
0.0557446440216154,100,100,100,100,100,1,5623,50
0.0433477584738284,100,100,100,100,100,1,5623,50
0.749880604445934,100,100,100,100,100,1,5623,50
0.666850367560983,100,100,100,100,100,1,5623,50
0.178635056130588,100,100,100,100,100,1,5623,50
0.0735963839106262,100,100,100,100,100,1,5623,50
0.796158408280462,100,100,100,100,100,1,5623,50
0.0609028583858162,100,100,100,100,100,1,5623,50
0.350915318354964,100,100,100,100,100,1,5623,50
0.588857294991612,100,100,100,100,100,1,5623,50
0.899230065988377,100,100,100,100,100,1,5623,50
0.284730627434328,100,100,100,100,100,1,5623,50
0.228417586535215,100,100,100,100,100,1,5623,50
0.848179324762896,100,100,100,100,100,1,5623,50
0.603342198301107,100,100,100,100,100,1,5623,50
0.743652693228796,100,100,100,100,100,1,5623,50
0.446102038491517,100,100,100,100,100,1,5623,50
0.396852862089872,100,100,100,100,100,1,5623,50
0.68638594658114,100,100,100,100,100,1,5623,50
0.282173654297367,100,100,100,100,100,1,5623,50
0.904329037992284,100,100,100,100,100,1,5623,50
0.891900654183701,100,100,100,100,100,1,5623,50
