"p","truediv","chaoest","obsD","upper","lower","l","inds","reps"
0.830399399623275,100,100,100,100,100,1,5623,50
0.975187847623602,100,100,100,100,100,1,5623,50
0.802083320682868,100,100,100,100,100,1,5623,50
0.577674603555351,100,100,100,100,100,1,5623,50
0.495319191832095,100,100,100,100,100,1,5623,50
0.0619227257557213,100,100,100,100,100,1,5623,50
0.648465798003599,100,100,100,100,100,1,5623,50
0.506285285810009,100,100,100,100,100,1,5623,50
0.798304066993296,100,100,100,100,100,1,5623,50
0.0326401423662901,100,100,100,100,100,1,5623,50
0.897018333896995,100,100,100,100,100,1,5623,50
0.575772438198328,100,100,100,100,100,1,5623,50
0.238270313246176,100,100,100,100,100,1,5623,50
0.858398900832981,100,100,100,100,100,1,5623,50
0.0958200294990093,100,100,100,100,100,1,5623,50
0.574060697341338,100,100,100,100,100,1,5623,50
0.522892879787832,100,100,100,100,100,1,5623,50
0.865567844128236,100,100,100,100,100,1,5623,50
0.885450469795614,100,100,100,100,100,1,5623,50
0.37744142417796,100,100,100,100,100,1,5623,50
0.86892117629759,100,100,100,100,100,1,5623,50
0.677121349377558,100,100,100,100,100,1,5623,50
0.0383890490047634,100,100,100,100,100,1,5623,50
0.222644350258633,100,100,100,100,100,1,5623,50
0.686181721976027,100,100,100,100,100,1,5623,50
0.713372698286548,100,100,100,100,100,1,5623,50
0.412688108626753,100,100,100,100,100,1,5623,50
0.355277384398505,100,100,100,100,100,1,5623,50
5e-04,100,100,100,100.0005,100.0005,1,5623,50
0.995183874852955,100,100,100,100,100,1,5623,50
0.914076568558812,100,100,100,100,100,1,5623,50
0.197308455593884,100,100,100,100,100,1,5623,50
0.513891790062189,100,100,100,100,100,1,5623,50
0.244400726165622,100,100,100,100,100,1,5623,50
0.336283313343301,100,100,100,100,100,1,5623,50
0.634968199767172,100,100,100,100,100,1,5623,50
0.402333973674104,100,100,100,100,100,1,5623,50
0.45633624214679,100,100,100,100,100,1,5623,50
0.165648102061823,100,100,100,100,100,1,5623,50
0.297846319619566,100,100,100,100,100,1,5623,50
0.93954779393971,100,100,100,100,100,1,5623,50
0.263402125099674,100,100,100,100,100,1,5623,50
0.16768019949086,100,100,100,100,100,1,5623,50
0.268925997195765,100,100,100,100,100,1,5623,50
0.288790141930804,100,100,100,100,100,1,5623,50
0.177522437181324,100,100,100,100,100,1,5623,50
0.72039679531008,100,100,100,100,100,1,5623,50
0.971588296350092,100,100,100,100,100,1,5623,50
0.979087910149246,100,100,100,100,100,1,5623,50
0.846231233328581,100,100,100,100,100,1,5623,50
