"p","truediv","chaoest","obsD","upper","lower","l","inds","reps"
0.990639024879783,100,100,100,100,100,1,5623,50
0.793313525849953,100,100,100,100,100,1,5623,50
0.496395144145936,100,100,100,100,100,1,5623,50
0.711899101734161,100,100,100,100,100,1,5623,50
0.894808203913271,100,100,100,100,100,1,5623,50
0.487878534244373,100,100,100,100,100,1,5623,50
0.40243544545956,100,100,100,100,100,1,5623,50
0.309206896461546,100,100,100,100,100,1,5623,50
0.00688218185678124,100,100,100,100,100,1,5623,50
0.684441045857966,100,100,100,100,100,1,5623,50
0.220253597712144,100,100,100,100,100,1,5623,50
0.857329888502136,100,100,100,100,100,1,5623,50
0.0955397502984852,100,100,100,100,100,1,5623,50
0.437905451282859,100,100,100,100,100,1,5623,50
0.14903014828451,100,100,100,100,100,1,5623,50
0.080649621784687,100,100,100,100,100,1,5623,50
0.0817747917026281,100,100,100,100,100,1,5623,50
0.75147531577386,100,100,100,100,100,1,5623,50
0.209922636393458,100,100,100,100,100,1,5623,50
0.687948780367151,100,100,100,100,100,1,5623,50
0.594032153487206,100,100,100,100,100,1,5623,50
0.20852853031829,100,100,100,100,100,1,5623,50
0.252941225888208,100,100,100,100,100,1,5623,50
0.129719780758023,100,100,100,100,100,1,5623,50
0.731691644992679,100,100,100,100,100,1,5623,50
0.646296539809555,100,100,100,100,100,1,5623,50
0.796496572904289,100,100,100,100,100,1,5623,50
0.891453315271065,100,100,100,100,100,1,5623,50
0.456801838940009,100,100,100,100,100,1,5623,50
0.105580200906843,100,100,100,100,100,1,5623,50
0.0704512235242873,100,100,100,100,100,1,5623,50
0.0474053842481226,100,100,100,100,100,1,5623,50
0.0153594436123967,100,100,100,100,100,1,5623,50
0.603633019374683,100,100,100,100,100,1,5623,50
0.546522877411917,100,100,100,100,100,1,5623,50
0.38027539732866,100,100,100,100,100,1,5623,50
0.535005773184821,100,100,100,100,100,1,5623,50
0.332461247686297,100,100,100,100,100,1,5623,50
0.849600948626176,100,100,100,100,100,1,5623,50
0.393375013489276,100,100,100,100,100,1,5623,50
0.322232080390677,100,100,100,100,100,1,5623,50
0.637280667433515,100,100,100,100,100,1,5623,50
0.524810730712488,100,100,100,100,100,1,5623,50
0.125803665956482,100,100,100,100,100,1,5623,50
0.690863340627402,100,100,100,100,100,1,5623,50
0.464094409253448,100,100,100,100,100,1,5623,50
0.439596888143569,100,100,100,100,100,1,5623,50
0.529212697409093,100,100,100,100,100,1,5623,50
0.8682693883311,100,100,100,100,100,1,5623,50
0.116639997810125,100,100,100,100,100,1,5623,50
