"p","truediv","chaoest","obsD","upper","lower","l","inds","reps"
0.651324303820729,100,100,100,100,100,1,5623,50
0.654744864208624,100,100,100,100,100,1,5623,50
5e-04,100,100,100,100.0005,100.0005,1,5623,50
0.253503870917484,100,100,100,100,100,1,5623,50
0.258209476713091,100,100,100,100,100,1,5623,50
0.434899517567828,100,100,100,100,100,1,5623,50
0.572452487889677,100,100,100,100,100,1,5623,50
0.540312441298738,100,100,100,100,100,1,5623,50
0.603605699026957,100,100,100,100,100,1,5623,50
0.714826909126714,100,100,100,100,100,1,5623,50
0.541039749747142,100,100,100,100,100,1,5623,50
0.895684866933152,100,100,100,100,100,1,5623,50
0.450605429941788,100,100,100,100,100,1,5623,50
0.76404069410637,100,100,100,100,100,1,5623,50
0.0755827229004353,100,100,100,100,100,1,5623,50
0.003366116899997,100,100,100,100,100,1,5623,50
0.370929589262232,100,100,100,100,100,1,5623,50
0.463673086836934,100,100,100,100,100,1,5623,50
0.315195508301258,100,100,100,100,100,1,5623,50
0.464485802222043,100,100,100,100,100,1,5623,50
0.753570210654289,100,100,100,100,100,1,5623,50
0.435445581329986,100,100,100,100,100,1,5623,50
0.186788431368768,100,100,100,100,100,1,5623,50
0.222819218877703,100,100,100,100,100,1,5623,50
0.522921768249944,100,100,100,100,100,1,5623,50
0.308466797694564,100,100,100,100,100,1,5623,50
0.257901723962277,100,100,100,100,100,1,5623,50
0.364868767093867,100,100,100,100,100,1,5623,50
0.193938107229769,100,100,100,100,100,1,5623,50
0.312040225137025,100,100,100,100,100,1,5623,50
0.592951774131507,100,100,100,100,100,1,5623,50
0.312767283059657,100,100,100,100,100,1,5623,50
0.516275223577395,100,100,100,100,100,1,5623,50
0.508072384167463,100,100,100,100,100,1,5623,50
0.484495203010738,100,100,100,100,100,1,5623,50
0.06357381795533,100,100,100,100,100,1,5623,50
0.165915902238339,100,100,100,100,100,1,5623,50
0.825142674613744,100,100,100,100,100,1,5623,50
0.253592967521399,100,100,100,100,100,1,5623,50
0.789604827994481,100,100,100,100,100,1,5623,50
0.411343830870464,100,100,100,100,100,1,5623,50
0.556827154709026,100,100,100,100,100,1,5623,50
0.383594353916124,100,100,100,100,100,1,5623,50
0.496306613786146,100,100,100,100,100,1,5623,50
0.435211641713977,100,100,100,100,100,1,5623,50
0.642159620532766,100,100,100,100,100,1,5623,50
0.345832854742184,100,100,100,100,100,1,5623,50
0.414631167426705,100,100,100,100,100,1,5623,50
0.630977549823001,100,100,100,100,100,1,5623,50
0.00251568900421262,100,100,100,100,100,1,5623,50
