"p","truediv","chaoest","obsD","upper","lower","l","inds","reps"
0.318114543799311,100,100,100,100,100,1,5623,50
0.164916954934597,100,100,100,100,100,1,5623,50
0.837861027801409,100,100,100,100,100,1,5623,50
0.0633763093501329,100,100,100,100,100,1,5623,50
0.282191215548664,100,100,100,100,100,1,5623,50
0.265555656515062,100,100,100,100,100,1,5623,50
0.330646772636101,100,100,100,100,100,1,5623,50
0.886435491032898,100,100,100,100,100,1,5623,50
0.708595365984365,100,100,100,100,100,1,5623,50
0.800571370171383,100,100,100,100,100,1,5623,50
0.162727784598246,100,100,100,100,100,1,5623,50
0.279360526241362,100,100,100,100,100,1,5623,50
0.830944047542289,100,100,100,100,100,1,5623,50
0.791039544623345,100,100,100,100,100,1,5623,50
0.226377826416865,100,100,100,100,100,1,5623,50
0.972235807217658,100,100,100,100,100,1,5623,50
0.327717852778733,100,100,100,100,100,1,5623,50
0.35967946308665,100,100,100,100,100,1,5623,50
0.894885156303644,100,100,100,100,100,1,5623,50
0.001,100,100,100,100.001,100.001,1,5623,50
0.527527470840141,100,100,100,100,100,1,5623,50
0.0673776059411466,100,100,100,100,100,1,5623,50
0.142270203446969,100,100,100,100,100,1,5623,50
0.88930546771735,100,100,100,100,100,1,5623,50
0.661416710121557,100,100,100,100,100,1,5623,50
0.0201935248915106,100,100,100,100,100,1,5623,50
0.978703546104953,100,100,100,100,100,1,5623,50
0.736859428696334,100,100,100,100,100,1,5623,50
0.441055143950507,100,100,100,100,100,1,5623,50
0.2053018999286,100,100,100,100,100,1,5623,50
0.139999101636931,100,100,100,100,100,1,5623,50
0.959907829528674,100,100,100,100,100,1,5623,50
0.203463965561241,100,100,100,100,100,1,5623,50
0.982953540980816,100,100,100,100,100,1,5623,50
0.81222629873082,100,100,100,100,100,1,5623,50
0.553407458588481,100,100,100,100,100,1,5623,50
0.11622071499005,100,100,100,100,100,1,5623,50
0.357544226339087,100,100,100,100,100,1,5623,50
0.164226713590324,100,100,100,100,100,1,5623,50
0.730427619069815,100,100,100,100,100,1,5623,50
0.215623471420258,100,100,100,100,100,1,5623,50
0.445758304558694,100,100,100,100,100,1,5623,50
0.325266042957082,100,100,100,100,100,1,5623,50
0.0528638151008636,100,100,100,100,100,1,5623,50
0.039167771814391,100,100,100,100,100,1,5623,50
0.195468518184498,100,100,100,100,100,1,5623,50
0.973496764199808,100,100,100,100,100,1,5623,50
0.72451440943405,100,100,100,100,100,1,5623,50
0.175613201223314,100,100,100,100,100,1,5623,50
0.944484951905906,100,100,100,100,100,1,5623,50
