"p","truediv","chaoest","obsD","upper","lower","l","inds","reps"
0.685940677532926,100,100,100,100,100,1,5623,50
0.734875577734783,100,100,100,100,100,1,5623,50
0.395487889181823,100,100,100,100,100,1,5623,50
0.577606286620721,100,100,100,100,100,1,5623,50
0.577399877132848,100,100,100,100,100,1,5623,50
0.631738690426573,100,100,100,100,100,1,5623,50
0.835146887227893,100,100,100,100,100,1,5623,50
0.247790253488347,100,100,100,100,100,1,5623,50
0.262389845680445,100,100,100,100,100,1,5623,50
0.375099601456895,100,100,100,100,100,1,5623,50
0.618828144622967,100,100,100,100,100,1,5623,50
0.820695204893127,100,100,100,100,100,1,5623,50
0.329371449071914,100,100,100,100,100,1,5623,50
0.683019400108606,100,100,100,100,100,1,5623,50
0.887470322428271,100,100,100,100,100,1,5623,50
0.723408040823415,100,100,100,100,100,1,5623,50
0.736224452033639,100,100,100,100,100,1,5623,50
0.359275268157944,100,100,100,100,100,1,5623,50
0.134562100749463,100,100,100,100,100,1,5623,50
0.798825280042365,100,100,100,100,100,1,5623,50
0.100516034523025,100,100,100,100,100,1,5623,50
0.910247561288998,100,100,100,100,100,1,5623,50
0.0848135210108012,100,100,100,100,100,1,5623,50
0.844682310242206,100,100,100,100,100,1,5623,50
0.738952661631629,100,100,100,100,100,1,5623,50
0.591975426534191,100,100,100,100,100,1,5623,50
0.542996108299121,100,100,100,100,100,1,5623,50
0.439445467898622,100,100,100,100,100,1,5623,50
0.985503120115027,100,100,100,100,100,1,5623,50
0.808334816945717,100,100,100,100,100,1,5623,50
0.294376376550645,100,100,100,100,100,1,5623,50
0.717159822350368,100,100,100,100,100,1,5623,50
0.890331104630604,100,100,100,100,100,1,5623,50
0.379503925330937,100,100,100,100,100,1,5623,50
0.442414952907711,100,100,100,100,100,1,5623,50
0.0232695948798209,100,100,100,100,100,1,5623,50
0.444700789172202,100,100,100,100,100,1,5623,50
0.268828479573131,100,100,100,100,100,1,5623,50
0.594990603625774,100,100,100,100,100,1,5623,50
0.626319932751358,100,100,100,100,100,1,5623,50
0.338788588764146,100,100,100,100,100,1,5623,50
0.805202634306625,100,100,100,100,100,1,5623,50
0.469876723363996,100,100,100,100,100,1,5623,50
0.0580816154833883,100,100,100,100,100,1,5623,50
0.46855252282694,100,100,100,100,100,1,5623,50
0.690182631835341,100,100,100,100,100,1,5623,50
0.472056817729026,100,100,100,100,100,1,5623,50
0.320110254222527,100,100,100,100,100,1,5623,50
0.076719633070752,100,100,100,100,100,1,5623,50
0.618268151534721,100,100,100,100,100,1,5623,50
