"p","truediv","chaoest","obsD","upper","lower","l","inds","reps"
0.0674797568935901,100,100,100,100,100,1,5623,50
0.389083687681705,100,100,100,100,100,1,5623,50
0.487769172526896,100,100,100,100,100,1,5623,50
0.519245484611019,100,100,100,100,100,1,5623,50
0.217878681141883,100,100,100,100,100,1,5623,50
0.166341512231156,100,100,100,100,100,1,5623,50
0.741750003304332,100,100,100,100,100,1,5623,50
0.285364006878808,100,100,100,100,100,1,5623,50
0.729990748921409,100,100,100,100,100,1,5623,50
0.359484928892925,100,100,100,100,100,1,5623,50
0.892671586712822,100,100,100,100,100,1,5623,50
0.16683407779783,100,100,100,100,100,1,5623,50
0.440129777183756,100,100,100,100,100,1,5623,50
0.494392548687756,100,100,100,100,100,1,5623,50
0.0810899543575943,100,100,100,100,100,1,5623,50
0.257659330265597,100,100,100,100,100,1,5623,50
0.877342256018892,100,100,100,100,100,1,5623,50
0.129823470488191,100,100,100,100,100,1,5623,50
0.0268486714921892,100,100,100,100,100,1,5623,50
0.295229395153001,100,100,100,100,100,1,5623,50
0.127104177605361,100,100,100,100,100,1,5623,50
0.635267103090882,100,100,100,100,100,1,5623,50
0.997675835620612,100,100,100,100,100,1,5623,50
0.894083061954007,100,100,100,100,100,1,5623,50
0.663531095720828,100,100,100,100,100,1,5623,50
0.880196531768888,100,100,100,100,100,1,5623,50
0.100133209023625,100,100,100,100,100,1,5623,50
0.809270140947774,100,100,100,100,100,1,5623,50
0.324686655541882,100,100,100,100,100,1,5623,50
0.531090444186702,100,100,100,100,100,1,5623,50
0.641129720723256,100,100,100,100,100,1,5623,50
0.107517231954262,100,100,100,100,100,1,5623,50
0.558551400201395,100,100,100,100,100,1,5623,50
0.11335454438813,100,100,100,100,100,1,5623,50
0.00652796914801002,100,100,100,100,100,1,5623,50
0.00050185713917017,100,100,100,100,100,1,5623,50
0.39732598606497,100,100,100,100,100,1,5623,50
0.231925665633753,100,100,100,100,100,1,5623,50
0.67821281356737,100,100,100,100,100,1,5623,50
0.14840112044476,100,100,100,100,100,1,5623,50
0.98735294281505,100,100,100,100,100,1,5623,50
0.841994979884475,100,100,100,100,100,1,5623,50
0.413054016418755,100,100,100,100,100,1,5623,50
0.105174746131524,100,100,100,100,100,1,5623,50
0.719734763493761,100,100,100,100,100,1,5623,50
0.804007305298001,100,100,100,100,100,1,5623,50
0.317641904810444,100,100,100,100,100,1,5623,50
0.129338951548561,100,100,100,100,100,1,5623,50
0.628888942301273,100,100,100,100,100,1,5623,50
0.422820189036429,100,100,100,100,100,1,5623,50
