"p","truediv","chaoest","obsD","upper","lower","l","inds","reps"
0.286541758803651,100,100,100,100,100,1,5623,50
0.912010262254626,100,100,100,100,100,1,5623,50
0.630633436376229,100,100,100,100,100,1,5623,50
0.072053509298712,100,100,100,100,100,1,5623,50
0.604024819098413,100,100,100,100,100,1,5623,50
0.710793508449569,100,100,100,100,100,1,5623,50
0.0684672282077372,100,100,100,100,100,1,5623,50
0.743824433069676,100,100,100,100,100,1,5623,50
0.067443730076775,100,100,100,100,100,1,5623,50
0.528743885690346,100,100,100,100,100,1,5623,50
0.403799909399822,100,100,100,100,100,1,5623,50
0.330303575610742,100,100,100,100,100,1,5623,50
0.671259575756267,100,100,100,100,100,1,5623,50
0.888553511118516,100,100,100,100,100,1,5623,50
0.467050747713074,100,100,100,100,100,1,5623,50
0.779067951953039,100,100,100,100,100,1,5623,50
0.349060149630532,100,100,100,100,100,1,5623,50
0.614266646793112,100,100,100,100,100,1,5623,50
0.811537723522633,100,100,100,100,100,1,5623,50
0.715378351742402,100,100,100,100,100,1,5623,50
0.544305100804195,100,100,100,100,100,1,5623,50
0.512089602882043,100,100,100,100,100,1,5623,50
0.308673061896116,100,100,100,100,100,1,5623,50
0.152921036817133,100,100,100,100,100,1,5623,50
0.943693688604981,100,100,100,100,100,1,5623,50
0.373602689709514,100,100,100,100,100,1,5623,50
0.366687670117244,100,100,100,100,100,1,5623,50
0.883285156683996,100,100,100,100,100,1,5623,50
0.411018661921844,100,100,100,100,100,1,5623,50
0.0139616620726883,100,100,100,100,100,1,5623,50
0.286322528962046,100,100,100,100,100,1,5623,50
0.894679959397763,100,100,100,100,100,1,5623,50
0.70505063678138,100,100,100,100,100,1,5623,50
0.379248629324138,100,100,100,100,100,1,5623,50
0.0359044957440346,100,100,100,100,100,1,5623,50
0.358516927575693,100,100,100,100,100,1,5623,50
0.968959227902815,100,100,100,100,100,1,5623,50
0.798632176127285,100,100,100,100,100,1,5623,50
0.775868355529383,100,100,100,100,100,1,5623,50
0.715467121917754,100,100,100,100,100,1,5623,50
0.751295517198741,100,100,100,100,100,1,5623,50
0.694267268991098,100,100,100,100,100,1,5623,50
0.89124446362257,100,100,100,100,100,1,5623,50
0.1012962104287,100,100,100,100,100,1,5623,50
0.421732370276004,100,100,100,100,100,1,5623,50
0.509047281229869,100,100,100,100,100,1,5623,50
0.292232510866597,100,100,100,100,100,1,5623,50
0.509151493897662,100,100,100,100,100,1,5623,50
0.229798310669139,100,100,100,100,100,1,5623,50
0.596059403149411,100,100,100,100,100,1,5623,50
