"p","truediv","chaoest","obsD","upper","lower","l","inds","reps"
0.0015,100,100,100,100.0015,100.0015,1,3162,50
5e-04,100,100,100,100.0005,100.0005,1,3162,50
0.9995,100,100,100,99.9997500790639,99.9997500790639,1,3162,50
0.334039733745158,100,100,100,100,100,1,3162,50
0.018,100,100,100,100.017750079064,100.017750079064,1,3162,50
0.0045,100,100,100,100.004250079064,100.004250079064,1,3162,50
0.994111140491441,100,100,100,100,100,1,3162,50
0.752925611566752,100,100,100,100,100,1,3162,50
0.155210674041882,100,100,100,100,100,1,3162,50
0.001,100,100,100,100.001,100.001,1,3162,50
0.888774676946923,100,100,100,100,100,1,3162,50
5e-04,100,100,100,100.0005,100.0005,1,3162,50
0.005,100,100,100,100.005,100.005,1,3162,50
0.261109044542536,100,100,100,100,100,1,3162,50
5e-04,100,100,100,100.0005,100.0005,1,3162,50
0.723452706122771,100,100,100,100,100,1,3162,50
0.62497556488961,100,100,100,100,100,1,3162,50
0.007,100,100,100,100.007,100.007,1,3162,50
0.001,100,100,100,100.001,100.001,1,3162,50
0.0015,100,100,100,100.001250079064,100.001250079064,1,3162,50
5e-04,100,100,100,100.0005,100.0005,1,3162,50
5e-04,100,100,100,100.0005,100.0005,1,3162,50
0.795377580914646,100,100,100,100,100,1,3162,50
0.021,100,100,100,100.020500158128,100.020500158128,1,3162,50
0.0015,100,100,100,100.0015,100.0015,1,3162,50
0.448072768980637,100,100,100,100,100,1,3162,50
5e-04,100,100,100,100.0005,100.0005,1,3162,50
5e-04,100,100,100,100.0005,100.0005,1,3162,50
0.277204972226173,100,100,100,100,100,1,3162,50
5e-04,100,100,100,100.0005,100.0005,1,3162,50
0.411217673914507,100,100,100,100,100,1,3162,50
5e-04,100,100,100,100.0005,100.0005,1,3162,50
0.493682363303378,100,100,100,100,100,1,3162,50
0.0015,100,100,100,100.0015,100.0015,1,3162,50
5e-04,100,100,100,100.0005,100.0005,1,3162,50
0.001,100,100,100,100.001,100.001,1,3162,50
0.0015,100,100,100,100.0015,100.0015,1,3162,50
0.003,100,100,100,100.003,100.003,1,3162,50
0.001,100,100,100,100.001,100.001,1,3162,50
5e-04,100,100,100,100.0005,100.0005,1,3162,50
0.0015,100,100,100,100.0015,100.0015,1,3162,50
0.938999169506133,100,100,100,100,100,1,3162,50
0.0025,100,100,100,100.0025,100.0025,1,3162,50
0.489423671038821,100,100,100,100,100,1,3162,50
5e-04,100,100,100,100.0005,100.0005,1,3162,50
0.7255291310139,100,100,100,100,100,1,3162,50
0.0015,100,100,100,100.0015,100.0015,1,3162,50
0.176617140183225,100,100,100,100,100,1,3162,50
0.001,100,100,100,100.001,100.001,1,3162,50
0.0065,100,100,100,100.006250079064,100.006250079064,1,3162,50
