"p","truediv","chaoest","obsD","upper","lower","l","inds","reps"
0.120131328236312,100,100,100,100,100,1,5623,50
0.139739328995347,100,100,100,100,100,1,5623,50
0.95861749141477,100,100,100,100,100,1,5623,50
0.813422720646486,100,100,100,100,100,1,5623,50
0.461375195067376,100,100,100,100,100,1,5623,50
0.283241535536945,100,100,100,100,100,1,5623,50
0.777520142961293,100,100,100,100,100,1,5623,50
0.0336584956385195,100,100,100,100,100,1,5623,50
0.960148491663858,100,100,100,100,100,1,5623,50
0.0059728033374995,100,100,100,100,100,1,5623,50
0.163143411045894,100,100,100,100,100,1,5623,50
0.670103490352631,100,100,100,100,100,1,5623,50
0.928587581962347,100,100,100,100,100,1,5623,50
0.00885612587444484,100,100,100,100,100,1,5623,50
0.00880744983442128,100,100,100,100,100,1,5623,50
0.581137327244505,100,100,100,100,100,1,5623,50
0.922794616082683,100,100,100,100,100,1,5623,50
0.941882549785078,100,100,100,100,100,1,5623,50
0.859640282345936,100,100,100,100,100,1,5623,50
0.390476643340662,100,100,100,100,100,1,5623,50
0.179641937371343,100,100,100,100,100,1,5623,50
0.915857270359993,100,100,100,100,100,1,5623,50
0.608035648940131,100,100,100,100,100,1,5623,50
0.624650406418368,100,100,100,100,100,1,5623,50
0.373472733655944,100,100,100,100,100,1,5623,50
0.470661532366648,100,100,100,100,100,1,5623,50
0.740633899578825,100,100,100,100,100,1,5623,50
0.942177281947806,100,100,100,100,100,1,5623,50
0.750905839726329,100,100,100,100,100,1,5623,50
0.345662985928357,100,100,100,100,100,1,5623,50
0.992959210416302,100,100,100,100,100,1,5623,50
0.863554693991318,100,100,100,100,100,1,5623,50
0.133959993487224,100,100,100,100,100,1,5623,50
0.913665481377393,100,100,100,100,100,1,5623,50
0.441052239853889,100,100,100,100,100,1,5623,50
0.00935624609701335,100,100,100,100,100,1,5623,50
0.441515914630145,100,100,100,100,100,1,5623,50
0.560711401281878,100,100,100,100,100,1,5623,50
0.861969127319753,100,100,100,100,100,1,5623,50
0.614610966295004,100,100,100,100,100,1,5623,50
0.0673170411027968,100,100,100,100,100,1,5623,50
0.525617570150644,100,100,100,100,100,1,5623,50
0.265799541026354,100,100,100,100,100,1,5623,50
0.209705834975466,100,100,100,100,100,1,5623,50
0.167459797114134,100,100,100,100,100,1,5623,50
0.269150296458974,100,100,100,100,100,1,5623,50
0.781028199242428,100,100,100,100,100,1,5623,50
0.188547617523,100,100,100,100,100,1,5623,50
0.125756940804422,100,100,100,100,100,1,5623,50
0.79224775894545,100,100,100,100,100,1,5623,50
