"p","truediv","chaoest","obsD","upper","lower","l","inds","reps"
0.631480400916189,100,100,100,100,100,1,5623,50
0.656001730822027,100,100,100,100,100,1,5623,50
0.38810790493153,100,100,100,100,100,1,5623,50
0.771089966176078,100,100,100,100,100,1,5623,50
0.527866668067873,100,100,100,100,100,1,5623,50
0.688785750418901,100,100,100,100,100,1,5623,50
0.598824394168332,100,100,100,100,100,1,5623,50
0.551196114625782,100,100,100,100,100,1,5623,50
0.258374775527045,100,100,100,100,100,1,5623,50
0.856111234752461,100,100,100,100,100,1,5623,50
0.166236956138164,100,100,100,100,100,1,5623,50
0.917613022495061,100,100,100,100,100,1,5623,50
0.420312519418076,100,100,100,100,100,1,5623,50
0.69132282724604,100,100,100,100,100,1,5623,50
0.501382482470945,100,100,100,100,100,1,5623,50
0.522551042959094,100,100,100,100,100,1,5623,50
0.646548744756728,100,100,100,100,100,1,5623,50
0.646002660039812,100,100,100,100,100,1,5623,50
0.747916915686801,100,100,100,100,100,1,5623,50
0.964702592464164,100,100,100,100,100,1,5623,50
0.71584957675077,100,100,100,100,100,1,5623,50
0.489443703088909,100,100,100,100,100,1,5623,50
0.00704354094341397,100,100,100,100,100,1,5623,50
0.373562321066856,100,100,100,100,100,1,5623,50
0.997019877890125,100,100,100,100,100,1,5623,50
0.0708947209641337,100,100,100,100,100,1,5623,50
0.669177802046761,100,100,100,100,100,1,5623,50
0.715810416499153,100,100,100,100,100,1,5623,50
0.00964276096783578,100,100,100,100,100,1,5623,50
0.864625727524981,100,100,100,100,100,1,5623,50
0.67539548361674,100,100,100,100,100,1,5623,50
0.42861233651638,100,100,100,100,100,1,5623,50
0.159863313427195,100,100,100,100,100,1,5623,50
0.307337149046361,100,100,100,100,100,1,5623,50
0.0927068234886974,100,100,100,100,100,1,5623,50
0.0226097430568188,100,100,100,100,100,1,5623,50
0.0861821556463838,100,100,100,100,100,1,5623,50
0.509281365899369,100,100,100,100,100,1,5623,50
0.273196164052933,100,100,100,100,100,1,5623,50
0.950363303767517,100,100,100,100,100,1,5623,50
0.809373373165727,100,100,100,100,100,1,5623,50
0.504543839488178,100,100,100,100,100,1,5623,50
0.670462618116289,100,100,100,100,100,1,5623,50
0.599734398536384,100,100,100,100,100,1,5623,50
0.636866520158947,100,100,100,100,100,1,5623,50
0.882326454855502,100,100,100,100,100,1,5623,50
0.248938911827281,100,100,100,100,100,1,5623,50
0.0398471150547266,100,100,100,100,100,1,5623,50
5e-04,100,100,100,100.0005,100.0005,1,5623,50
0.510219093877822,100,100,100,100,100,1,5623,50
