"p","truediv","chaoest","obsD","upper","lower","l","inds","reps"
0.542532801162452,100,100,100,100,100,1,5623,50
0.898441987577826,100,100,100,100,100,1,5623,50
0.474075899459422,100,100,100,100,100,1,5623,50
0.585565195651725,100,100,100,100,100,1,5623,50
0.509125947486609,100,100,100,100,100,1,5623,50
0.390191995771602,100,100,100,100,100,1,5623,50
0.382410037098452,100,100,100,100,100,1,5623,50
0.39127210364677,100,100,100,100,100,1,5623,50
0.57543026166968,100,100,100,100,100,1,5623,50
0.812013707822189,100,100,100,100,100,1,5623,50
0.749576583271846,100,100,100,100,100,1,5623,50
0.330906465183944,100,100,100,100,100,1,5623,50
0.716211102670059,100,100,100,100,100,1,5623,50
0.448128828778863,100,100,100,100,100,1,5623,50
0.506050815572962,100,100,100,100,100,1,5623,50
0.817810794571415,100,100,100,100,100,1,5623,50
0.117112852400169,100,100,100,100,100,1,5623,50
0.763304460560903,100,100,100,100,100,1,5623,50
0.667281455360353,100,100,100,100,100,1,5623,50
0.634532046504319,100,100,100,100,100,1,5623,50
0.513195779873058,100,100,100,100,100,1,5623,50
0.41500418074429,100,100,100,100,100,1,5623,50
0.626922753639519,100,100,100,100,100,1,5623,50
0.630169768119231,100,100,100,100,100,1,5623,50
0.93596760975197,100,100,100,100,100,1,5623,50
0.494723469717428,100,100,100,100,100,1,5623,50
0.979050697525963,100,100,100,100,100,1,5623,50
0.810378761962056,100,100,100,100,100,1,5623,50
0.724145611515269,100,100,100,100,100,1,5623,50
0.786496827378869,100,100,100,100,100,1,5623,50
0.869579342193902,100,100,100,100,100,1,5623,50
0.319682315224782,100,100,100,100,100,1,5623,50
0.0684732287190855,100,100,100,100,100,1,5623,50
0.492155730025843,100,100,100,100,100,1,5623,50
0.549662584904581,100,100,100,100,100,1,5623,50
0.792816849425435,100,100,100,100,100,1,5623,50
0.0821951236575842,100,100,100,100,100,1,5623,50
0.967152345459908,100,100,100,100,100,1,5623,50
0.0321582793258131,100,100,100,100,100,1,5623,50
0.910265100188553,100,100,100,100,100,1,5623,50
0.637960150605068,100,100,100,100,100,1,5623,50
0.95594241307117,100,100,100,100,100,1,5623,50
0.286150044528767,100,100,100,100,100,1,5623,50
0.806621956871822,100,100,100,100,100,1,5623,50
0.160807834472507,100,100,100,100,100,1,5623,50
0.16864814911969,100,100,100,100,100,1,5623,50
0.57156222476624,100,100,100,100,100,1,5623,50
0.207350180950016,100,100,100,100,100,1,5623,50
0.641817830037326,100,100,100,100,100,1,5623,50
0.978742421371862,100,100,100,100,100,1,5623,50
