"p","truediv","chaoest","obsD","upper","lower","l","inds","reps"
0.251459268154576,100,100,100,100,100,1,5623,50
0.163376052863896,100,100,100,100,100,1,5623,50
0.439997251611203,100,100,100,100,100,1,5623,50
0.514121379703283,100,100,100,100,100,1,5623,50
0.898869803873822,100,100,100,100,100,1,5623,50
0.82210268988274,100,100,100,100,100,1,5623,50
0.907626202562824,100,100,100,100,100,1,5623,50
0.227400354342535,100,100,100,100,100,1,5623,50
0.154132201103494,100,100,100,100,100,1,5623,50
0.329146443866193,100,100,100,100,100,1,5623,50
0.215361212613061,100,100,100,100,100,1,5623,50
0.0499236644245684,100,100,100,100,100,1,5623,50
0.149119238834828,100,100,100,100,100,1,5623,50
0.0390296573750675,100,100,100,100,100,1,5623,50
0.423338120570406,100,100,100,100,100,1,5623,50
0.851805960293859,100,100,100,100,100,1,5623,50
0.675960345426574,100,100,100,100,100,1,5623,50
0.941976448753849,100,100,100,100,100,1,5623,50
0.58324027643539,100,100,100,100,100,1,5623,50
0.159164135111496,100,100,100,100,100,1,5623,50
0.903267601272091,100,100,100,100,100,1,5623,50
0.108023478882387,100,100,100,100,100,1,5623,50
0.443330687703565,100,100,100,100,100,1,5623,50
0.810715243685991,100,100,100,100,100,1,5623,50
0.993772917427123,100,100,100,100,100,1,5623,50
0.00728922081179917,100,100,100,100,100,1,5623,50
0.418247115798295,100,100,100,100,100,1,5623,50
0.663415644550696,100,100,100,100,100,1,5623,50
0.127605382353067,100,100,100,100,100,1,5623,50
0.981979878386483,100,100,100,100,100,1,5623,50
0.689210390206426,100,100,100,100,100,1,5623,50
0.734997671796009,100,100,100,100,100,1,5623,50
0.0946516175754368,100,100,100,100,100,1,5623,50
0.295510964468122,100,100,100,100,100,1,5623,50
0.16989736747928,100,100,100,100,100,1,5623,50
0.912134579382837,100,100,100,100,100,1,5623,50
0.958852417999879,100,100,100,100,100,1,5623,50
0.537693032063544,100,100,100,100,100,1,5623,50
0.935496815480292,100,100,100,100,100,1,5623,50
0.267070238245651,100,100,100,100,100,1,5623,50
0.118578010471538,100,100,100,100,100,1,5623,50
0.961018664529547,100,100,100,100,100,1,5623,50
0.289301335811615,100,100,100,100,100,1,5623,50
0.243828739272431,100,100,100,100,100,1,5623,50
0.316388214472681,100,100,100,100,100,1,5623,50
0.140791514189914,100,100,100,100,100,1,5623,50
0.968252635328099,100,100,100,100,100,1,5623,50
0.669514226960018,100,100,100,100,100,1,5623,50
0.470734339673072,100,100,100,100,100,1,5623,50
0.0737202265299857,100,100,100,100,100,1,5623,50
