"p","truediv","chaoest","obsD","upper","lower","l","inds","reps"
0.181260477285832,100,100,100,100,100,1,5623,50
0.665760119678453,100,100,100,100,100,1,5623,50
0.0331414663232863,100,100,100,100,100,1,5623,50
0.0826383251696825,100,100,100,100,100,1,5623,50
0.736266288440675,100,100,100,100,100,1,5623,50
0.465367317665368,100,100,100,100,100,1,5623,50
0.531313980463892,100,100,100,100,100,1,5623,50
0.829477599589154,100,100,100,100,100,1,5623,50
0.515955235110596,100,100,100,100,100,1,5623,50
0.38880484062247,100,100,100,100,100,1,5623,50
0.997742799343541,100,100,100,100,100,1,5623,50
0.0213338767644018,100,100,100,100,100,1,5623,50
0.0732659436762333,100,100,100,100,100,1,5623,50
0.625515999505296,100,100,100,100,100,1,5623,50
0.935544446809217,100,100,100,100,100,1,5623,50
0.725523512577638,100,100,100,100,100,1,5623,50
0.505713219055906,100,100,100,100,100,1,5623,50
0.696611827006564,100,100,100,100,100,1,5623,50
0.0822610249742866,100,100,100,100,100,1,5623,50
0.379615311743692,100,100,100,100,100,1,5623,50
0.328609459567815,100,100,100,100,100,1,5623,50
0.0968715124763548,100,100,100,100,100,1,5623,50
0.152362306602299,100,100,100,100,100,1,5623,50
0.670185508206487,100,100,100,100,100,1,5623,50
0.447803287766874,100,100,100,100,100,1,5623,50
0.411317002493888,100,100,100,100,100,1,5623,50
0.849670904222876,100,100,100,100,100,1,5623,50
0.377383350161836,100,100,100,100,100,1,5623,50
0.404450315516442,100,100,100,100,100,1,5623,50
0.760720264865085,100,100,100,100,100,1,5623,50
0.994348766282201,100,100,100,100,100,1,5623,50
0.163220196496695,100,100,100,100,100,1,5623,50
0.847941195359454,100,100,100,100,100,1,5623,50
0.001,100,100,100,100.001,100.001,1,5623,50
0.160206136060879,100,100,100,100,100,1,5623,50
0.116183103062212,100,100,100,100,100,1,5623,50
0.413794207153842,100,100,100,100,100,1,5623,50
0.312404888914898,100,100,100,100,100,1,5623,50
0.827047271188349,100,100,100,100,100,1,5623,50
0.698635614942759,100,100,100,100,100,1,5623,50
0.001,100,100,100,100.001,100.001,1,5623,50
0.430425454862416,100,100,100,100,100,1,5623,50
0.699651730945334,100,100,100,100,100,1,5623,50
0.666458544088528,100,100,100,100,100,1,5623,50
0.470609054667875,100,100,100,100,100,1,5623,50
0.22821087250486,100,100,100,100,100,1,5623,50
0.741499332245439,100,100,100,100,100,1,5623,50
0.113132504746318,100,100,100,100,100,1,5623,50
0.669618327869102,100,100,100,100,100,1,5623,50
0.0404492858797312,100,100,100,100,100,1,5623,50
