"p","truediv","chaoest","obsD","upper","lower","l","inds","reps"
0.729520003544167,100,100,100,100,100,1,5623,50
0.391587032703683,100,100,100,100,100,1,5623,50
0.406802092678845,100,100,100,100,100,1,5623,50
0.976102739805356,100,100,100,100,100,1,5623,50
0.396236383588985,100,100,100,100,100,1,5623,50
0.245858087670058,100,100,100,100,100,1,5623,50
0.580439617857337,100,100,100,100,100,1,5623,50
0.273829540237784,100,100,100,100,100,1,5623,50
0.791730528697371,100,100,100,100,100,1,5623,50
0.732881385367364,100,100,100,100,100,1,5623,50
0.435469063930213,100,100,100,100,100,1,5623,50
0.369338880060241,100,100,100,100,100,1,5623,50
0.401181550463662,100,100,100,100,100,1,5623,50
0.442874050466344,100,100,100,100,100,1,5623,50
0.159350553294644,100,100,100,100,100,1,5623,50
0.490374034969136,100,100,100,100,100,1,5623,50
0.813438273966312,100,100,100,100,100,1,5623,50
0.667664494132623,100,100,100,100,100,1,5623,50
0.647817044984549,100,100,100,100,100,1,5623,50
0.349283784395084,100,100,100,100,100,1,5623,50
0.93732309807092,100,100,100,100,100,1,5623,50
0.369584391126409,100,100,100,100,100,1,5623,50
0.239308493910357,100,100,100,100,100,1,5623,50
0.619724618969485,100,100,100,100,100,1,5623,50
0.455274390522391,100,100,100,100,100,1,5623,50
0.239001027541235,100,100,100,100,100,1,5623,50
0.736093797022477,100,100,100,100,100,1,5623,50
0.776377895148471,100,100,100,100,100,1,5623,50
0.802018812624738,100,100,100,100,100,1,5623,50
0.0281840632669628,100,100,100,100,100,1,5623,50
0.0427473073359579,100,100,100,100,100,1,5623,50
0.0379946236498654,100,100,100,100,100,1,5623,50
0.0853722565807402,100,100,100,100,100,1,5623,50
0.341656363802031,100,100,100,100,100,1,5623,50
0.348766487790272,100,100,100,100,100,1,5623,50
0.660222860518843,100,100,100,100,100,1,5623,50
0.939054309623316,100,100,100,100,100,1,5623,50
0.186564830830321,100,100,100,100,100,1,5623,50
0.453100727172568,100,100,100,100,100,1,5623,50
0.737253490369767,100,100,100,100,100,1,5623,50
0.690595382358879,100,100,100,100,100,1,5623,50
0.163969806395471,100,100,100,100,100,1,5623,50
0.95722518209368,100,100,100,100,100,1,5623,50
0.722985818749294,100,100,100,100,100,1,5623,50
0.306872948538512,100,100,100,100,100,1,5623,50
0.588947283569723,100,100,100,100,100,1,5623,50
0.143558653071523,100,100,100,100,100,1,5623,50
0.763966594589874,100,100,100,100,100,1,5623,50
0.0269468240439892,100,100,100,100,100,1,5623,50
0.20516191329807,100,100,100,100,100,1,5623,50
