"p","truediv","chaoest","obsD","upper","lower","l","inds","reps"
0.442618962842971,100,100,100,100,100,1,5623,50
0.546574655221775,100,100,100,100,100,1,5623,50
0.651775584556162,100,100,100,100,100,1,5623,50
0.138025851454586,100,100,100,100,100,1,5623,50
0.658656570594758,100,100,100,100,100,1,5623,50
0.642691064160317,100,100,100,100,100,1,5623,50
0.324912169249728,100,100,100,100,100,1,5623,50
0.642313485266641,100,100,100,100,100,1,5623,50
0.322547416901216,100,100,100,100,100,1,5623,50
0.569261743454263,100,100,100,100,100,1,5623,50
0.885553958825767,100,100,100,100,100,1,5623,50
0.8999255632516,100,100,100,100,100,1,5623,50
0.188832998275757,100,100,100,100,100,1,5623,50
0.865014444570988,100,100,100,100,100,1,5623,50
0.635329185519367,100,100,100,100,100,1,5623,50
0.814375210786238,100,100,100,100,100,1,5623,50
0.298156705219299,100,100,100,100,100,1,5623,50
0.290206435369328,100,100,100,100,100,1,5623,50
0.5164730749093,100,100,100,100,100,1,5623,50
0.752611465286463,100,100,100,100,100,1,5623,50
0.962752942927182,100,100,100,100,100,1,5623,50
0.0851552791427821,100,100,100,100,100,1,5623,50
0.682414435315877,100,100,100,100,100,1,5623,50
0.717241221340373,100,100,100,100,100,1,5623,50
0.155154796084389,100,100,100,100,100,1,5623,50
0.240139569621533,100,100,100,100,100,1,5623,50
0.869714087806642,100,100,100,100,100,1,5623,50
0.502223819727078,100,100,100,100,100,1,5623,50
0.0875912739429623,100,100,100,100,100,1,5623,50
0.0242045319173485,100,100,100,100,100,1,5623,50
0.515443450771272,100,100,100,100,100,1,5623,50
0.345000798813999,100,100,100,100,100,1,5623,50
0.266350640449673,100,100,100,100,100,1,5623,50
0.541936405235901,100,100,100,100,100,1,5623,50
0.2266482594423,100,100,100,100,100,1,5623,50
0.255846232408658,100,100,100,100,100,1,5623,50
0.0341673709917814,100,100,100,100,100,1,5623,50
0.216241232352331,100,100,100,100,100,1,5623,50
0.40048877033405,100,100,100,100,100,1,5623,50
0.722359215375036,100,100,100,100,100,1,5623,50
0.760080289561301,100,100,100,100,100,1,5623,50
0.94152806722559,100,100,100,100,100,1,5623,50
0.148100785678253,100,100,100,100,100,1,5623,50
0.142562833148986,100,100,100,100,100,1,5623,50
0.464085995685309,100,100,100,100,100,1,5623,50
0.618283746065572,100,100,100,100,100,1,5623,50
0.502400795230642,100,100,100,100,100,1,5623,50
0.0459760962985456,100,100,100,100,100,1,5623,50
0.794622789369896,100,100,100,100,100,1,5623,50
0.630876417271793,100,100,100,100,100,1,5623,50
