"p","truediv","chaoest","obsD","upper","lower","l","inds","reps"
0.543629437685013,100,100,100,100,100,1,5623,50
0.874041657662019,100,100,100,100,100,1,5623,50
0.993881941074505,100,100,100,100,100,1,5623,50
0.229915519943461,100,100,100,100,100,1,5623,50
0.758174653397873,100,100,100,100,100,1,5623,50
0.197592515265569,100,100,100,100,100,1,5623,50
0.722243910422549,100,100,100,100,100,1,5623,50
0.553962339879945,100,100,100,100,100,1,5623,50
0.173325386131182,100,100,100,100,100,1,5623,50
0.720338009297848,100,100,100,100,100,1,5623,50
0.0337431444786489,100,100,100,100,100,1,5623,50
0.981762199895456,100,100,100,100,100,1,5623,50
0.352052601054311,100,100,100,100,100,1,5623,50
0.851187546039,100,100,100,100,100,1,5623,50
0.392499523237348,100,100,100,100,100,1,5623,50
0.693006030283868,100,100,100,100,100,1,5623,50
0.50708715012297,100,100,100,100,100,1,5623,50
0.504472099710256,100,100,100,100,100,1,5623,50
0.487143565202132,100,100,100,100,100,1,5623,50
0.002,100,100,100,100.002,100.002,1,5623,50
0.839922383660451,100,100,100,100,100,1,5623,50
0.306171237956733,100,100,100,100,100,1,5623,50
0.45760672702454,100,100,100,100,100,1,5623,50
0.187034932896495,100,100,100,100,100,1,5623,50
0.375291644362733,100,100,100,100,100,1,5623,50
0.00478695798665285,100,100,100,100,100,1,5623,50
0.997949521290138,100,100,100,100,100,1,5623,50
0.861598950345069,100,100,100,100,100,1,5623,50
0.0916464957408607,100,100,100,100,100,1,5623,50
0.754617584170774,100,100,100,100,100,1,5623,50
0.660331906285137,100,100,100,100,100,1,5623,50
5e-04,100,100,100,100.0005,100.0005,1,5623,50
0.518807585351169,100,100,100,100,100,1,5623,50
0.452617248985916,100,100,100,100,100,1,5623,50
0.255743325222284,100,100,100,100,100,1,5623,50
0.968238752102479,100,100,100,100,100,1,5623,50
0.153418260160834,100,100,100,100,100,1,5623,50
0.76478011556901,100,100,100,100,100,1,5623,50
0.157148795435205,100,100,100,100,100,1,5623,50
0.750553561374545,100,100,100,100,100,1,5623,50
0.822519480716437,100,100,100,100,100,1,5623,50
0.0942063038237393,100,100,100,100,100,1,5623,50
0.904270611004904,100,100,100,100,100,1,5623,50
0.420438472414389,100,100,100,100,100,1,5623,50
0.441799656720832,100,100,100,100,100,1,5623,50
0.816909469431266,100,100,100,100,100,1,5623,50
0.474548085359856,100,100,100,100,100,1,5623,50
0.089704068377614,100,100,100,100,100,1,5623,50
0.116173840360716,100,100,100,100,100,1,5623,50
0.362496702698991,100,100,100,100,100,1,5623,50
