"p","truediv","chaoest","obsD","upper","lower","l","inds","reps"
0.583270252449438,100,100,100,100,100,1,5623,50
0.562292133225128,100,100,100,100,100,1,5623,50
0.84199335728772,100,100,100,100,100,1,5623,50
0.718649029964581,100,100,100,100,100,1,5623,50
0.00916389678604901,100,100,100,100,100,1,5623,50
0.984870147425681,100,100,100,100,100,1,5623,50
0.687687794677913,100,100,100,100,100,1,5623,50
0.0733477966859937,100,100,100,100,100,1,5623,50
0.716670739231631,100,100,100,100,100,1,5623,50
0.907855658093467,100,100,100,100,100,1,5623,50
0.409861202118918,100,100,100,100,100,1,5623,50
0.238785362103954,100,100,100,100,100,1,5623,50
0.291044039651752,100,100,100,100,100,1,5623,50
0.13488217163831,100,100,100,100,100,1,5623,50
0.0646185199730098,100,100,100,100,100,1,5623,50
0.973390697268769,100,100,100,100,100,1,5623,50
0.984919192967936,100,100,100,100,100,1,5623,50
0.42778653674759,100,100,100,100,100,1,5623,50
0.653169238939881,100,100,100,100,100,1,5623,50
0.203941739862785,100,100,100,100,100,1,5623,50
0.664413401624188,100,100,100,100,100,1,5623,50
0.480400684056804,100,100,100,100,100,1,5623,50
0.154528049984947,100,100,100,100,100,1,5623,50
0.769669384229928,100,100,100,100,100,1,5623,50
0.937277927761897,100,100,100,100,100,1,5623,50
0.202756081009284,100,100,100,100,100,1,5623,50
0.414182031992823,100,100,100,100,100,1,5623,50
0.275588702876121,100,100,100,100,100,1,5623,50
0.520806399174035,100,100,100,100,100,1,5623,50
0.771833360427991,100,100,100,100,100,1,5623,50
0.199217692716047,100,100,100,100,100,1,5623,50
0.494961513672024,100,100,100,100,100,1,5623,50
0.714227985823527,100,100,100,100,100,1,5623,50
0.623733974527568,100,100,100,100,100,1,5623,50
0.812736308202147,100,100,100,100,100,1,5623,50
0.294573107268661,100,100,100,100,100,1,5623,50
0.702930966857821,100,100,100,100,100,1,5623,50
0.0596765333320946,100,100,100,100,100,1,5623,50
0.266381517285481,100,100,100,100,100,1,5623,50
0.201804996933788,100,100,100,100,100,1,5623,50
0.841941940365359,100,100,100,100,100,1,5623,50
0.691504068206996,100,100,100,100,100,1,5623,50
0.354564353823662,100,100,100,100,100,1,5623,50
0.892739766743034,100,100,100,100,100,1,5623,50
0.873548477655277,100,100,100,100,100,1,5623,50
0.0641353314276785,100,100,100,100,100,1,5623,50
0.0663645504973829,100,100,100,100,100,1,5623,50
0.11678829556331,100,100,100,100,100,1,5623,50
0.0890663287136704,100,100,100,100,100,1,5623,50
0.745200011180714,100,100,100,100,100,1,5623,50
