"p","truediv","chaoest","obsD","upper","lower","l","inds","reps"
0.669768396066502,100,100,100,100,100,1,5623,50
0.209752891911194,100,100,100,100,100,1,5623,50
0.707874661078677,100,100,100,100,100,1,5623,50
0.871139857219532,100,100,100,100,100,1,5623,50
0.154736426193267,100,100,100,100,100,1,5623,50
0.155777963344008,100,100,100,100,100,1,5623,50
0.0394742665812373,100,100,100,100,100,1,5623,50
0.135424391832203,100,100,100,100,100,1,5623,50
0.762632740894333,100,100,100,100,100,1,5623,50
0.793243834283203,100,100,100,100,100,1,5623,50
0.527339638676494,100,100,100,100,100,1,5623,50
0.571264467900619,100,100,100,100,100,1,5623,50
0.386540250387043,100,100,100,100,100,1,5623,50
0.623701764969155,100,100,100,100,100,1,5623,50
0.667067900998518,100,100,100,100,100,1,5623,50
0.0645683470647782,100,100,100,100,100,1,5623,50
0.811650796560571,100,100,100,100,100,1,5623,50
0.341403252445161,100,100,100,100,100,1,5623,50
0.579617316368967,100,100,100,100,100,1,5623,50
0.582986066117883,100,100,100,100,100,1,5623,50
0.739474863279611,100,100,100,100,100,1,5623,50
0.945146829122677,100,100,100,100,100,1,5623,50
0.106338130775839,100,100,100,100,100,1,5623,50
0.968720511998981,100,100,100,100,100,1,5623,50
0.72915646340698,100,100,100,100,100,1,5623,50
0.219649556325749,100,100,100,100,100,1,5623,50
0.526449012104422,100,100,100,100,100,1,5623,50
0.615572319598868,100,100,100,100,100,1,5623,50
0.4287079712376,100,100,100,100,100,1,5623,50
0.023,100,100,100,100.023,100.023,1,5623,50
0.212526543764398,100,100,100,100,100,1,5623,50
0.906616583000869,100,100,100,100,100,1,5623,50
0.772075338521972,100,100,100,100,100,1,5623,50
0.707362221321091,100,100,100,100,100,1,5623,50
0.750564351910725,100,100,100,100,100,1,5623,50
0.992464007809758,100,100,100,100,100,1,5623,50
0.674012385541573,100,100,100,100,100,1,5623,50
0.901613823603839,100,100,100,100,100,1,5623,50
0.356676438823342,100,100,100,100,100,1,5623,50
0.00106624932959676,100,100,100,100,100,1,5623,50
0.401733862468973,100,100,100,100,100,1,5623,50
0.936452349415049,100,100,100,100,100,1,5623,50
0.0480366100091487,100,100,100,100,100,1,5623,50
0.474824073957279,100,100,100,100,100,1,5623,50
0.734822637634352,100,100,100,100,100,1,5623,50
0.789204320404679,100,100,100,100,100,1,5623,50
0.165563759161159,100,100,100,100,100,1,5623,50
0.967798171099275,100,100,100,100,100,1,5623,50
0.211246480001137,100,100,100,100,100,1,5623,50
0.225514697143808,100,100,100,100,100,1,5623,50
