"p","truediv","chaoest","obsD","upper","lower","l","inds","reps"
0.854917627293617,100,100,100,100,100,1,5623,50
0.72618856257759,100,100,100,100,100,1,5623,50
0.357044907519594,100,100,100,100,100,1,5623,50
0.00623500114306808,100,100,100,100,100,1,5623,50
0.128678011475131,100,100,100,100,100,1,5623,50
0.296334272017702,100,100,100,100,100,1,5623,50
0.824455451220274,100,100,100,100,100,1,5623,50
0.725826763082296,100,100,100,100,100,1,5623,50
0.59231680794619,100,100,100,100,100,1,5623,50
0.734722347697243,100,100,100,100,100,1,5623,50
0.923021982889622,100,100,100,100,100,1,5623,50
0.479304918088019,100,100,100,100,100,1,5623,50
0.999646516283974,100,100,100,100,100,1,5623,50
0.498027379158884,100,100,100,100,100,1,5623,50
0.427841488970444,100,100,100,100,100,1,5623,50
0.842846675077453,100,100,100,100,100,1,5623,50
0.609470935538411,100,100,100,100,100,1,5623,50
0.147013964829966,100,100,100,100,100,1,5623,50
0.874296313617378,100,100,100,100,100,1,5623,50
0.00891371234320104,100,100,100,100,100,1,5623,50
0.0156168648973107,100,100,100,100,100,1,5623,50
0.600691117811948,100,100,100,100,100,1,5623,50
0.996786763658747,100,100,100,100,100,1,5623,50
0.854953427333385,100,100,100,100,100,1,5623,50
0.302189651411027,100,100,100,100,100,1,5623,50
0.0243657797109336,100,100,100,100,100,1,5623,50
0.892066518543288,100,100,100,100,100,1,5623,50
0.111806093482301,100,100,100,100,100,1,5623,50
0.910405837930739,100,100,100,100,100,1,5623,50
0.963767757639289,100,100,100,100,100,1,5623,50
0.501240622252226,100,100,100,100,100,1,5623,50
0.244269957765937,100,100,100,100,100,1,5623,50
0.302253200905398,100,100,100,100,100,1,5623,50
0.122886946890503,100,100,100,100,100,1,5623,50
0.280519480118528,100,100,100,100,100,1,5623,50
0.537393527105451,100,100,100,100,100,1,5623,50
0.962095213821158,100,100,100,100,100,1,5623,50
0.541209055110812,100,100,100,100,100,1,5623,50
0.748038860503584,100,100,100,100,100,1,5623,50
0.969269792549312,100,100,100,100,100,1,5623,50
0.953698711469769,100,100,100,100,100,1,5623,50
0.863874252419919,100,100,100,100,100,1,5623,50
0.0848398937378079,100,100,100,100,100,1,5623,50
0.419799693860114,100,100,100,100,100,1,5623,50
0.0386804773006588,100,100,100,100,100,1,5623,50
0.993451925460249,100,100,100,100,100,1,5623,50
0.105609960388392,100,100,100,100,100,1,5623,50
0.538220093119889,100,100,100,100,100,1,5623,50
0.650416055228561,100,100,100,100,100,1,5623,50
0.712062739068642,100,100,100,100,100,1,5623,50
