"p","truediv","chaoest","obsD","upper","lower","l","inds","reps"
0.438005387084559,100,100,100,100,100,1,5623,50
0.163926139939576,100,100,100,100,100,1,5623,50
0.0280430507846177,100,100,100,100,100,1,5623,50
0.742034633876756,100,100,100,100,100,1,5623,50
0.106895905919373,100,100,100,100,100,1,5623,50
0.479022637009621,100,100,100,100,100,1,5623,50
0.980735119665042,100,100,100,100,100,1,5623,50
0.276270578615367,100,100,100,100,100,1,5623,50
0.0676384295802563,100,100,100,100,100,1,5623,50
0.946952177677304,100,100,100,100,100,1,5623,50
0.935550631256774,100,100,100,100,100,1,5623,50
0.522741870488971,100,100,100,100,100,1,5623,50
0.010319430148229,100,100,100,100,100,1,5623,50
0.776997938985005,100,100,100,100,100,1,5623,50
0.613037224858999,100,100,100,100,100,1,5623,50
0.0754457251168787,100,100,100,100,100,1,5623,50
0.521522529888898,100,100,100,100,100,1,5623,50
0.240481830434874,100,100,100,100,100,1,5623,50
0.277033855905756,100,100,100,100,100,1,5623,50
0.299811010248959,100,100,100,100,100,1,5623,50
0.79964481247589,100,100,100,100,100,1,5623,50
0.191688127582893,100,100,100,100,100,1,5623,50
0.651371613377705,100,100,100,100,100,1,5623,50
0.892186217708513,100,100,100,100,100,1,5623,50
0.989882331574336,100,100,100,100,100,1,5623,50
0.209048009710386,100,100,100,100,100,1,5623,50
0.73700994765386,100,100,100,100,100,1,5623,50
0.800599195295945,100,100,100,100,100,1,5623,50
0.738215594319627,100,100,100,100,100,1,5623,50
0.179821054916829,100,100,100,100,100,1,5623,50
0.312984209507704,100,100,100,100,100,1,5623,50
0.541681510629132,100,100,100,100,100,1,5623,50
0.0338659093249589,100,100,100,100,100,1,5623,50
0.378390208352357,100,100,100,100,100,1,5623,50
0.727452259277925,100,100,100,100,100,1,5623,50
0.37563299597241,100,100,100,100,100,1,5623,50
0.0406790901906788,100,100,100,100,100,1,5623,50
0.753069364000112,100,100,100,100,100,1,5623,50
0.536576342303306,100,100,100,100,100,1,5623,50
0.128579619340599,100,100,100,100,100,1,5623,50
0.781310260295868,100,100,100,100,100,1,5623,50
5e-04,100,100,100,100.0005,100.0005,1,5623,50
0.877844329224899,100,100,100,100,100,1,5623,50
0.353944783564657,100,100,100,100,100,1,5623,50
0.842555972980335,100,100,100,100,100,1,5623,50
0.764578239060938,100,100,100,100,100,1,5623,50
0.820577748585492,100,100,100,100,100,1,5623,50
0.885225281585008,100,100,100,100,100,1,5623,50
0.428687155246735,100,100,100,100,100,1,5623,50
0.15127563639544,100,100,100,100,100,1,5623,50
