"p","truediv","chaoest","obsD","upper","lower","l","inds","reps"
0.722384934313595,100,100,100,100,100,1,5623,50
0.0997062635142356,100,100,100,100,100,1,5623,50
0.0574146965518594,100,100,100,100,100,1,5623,50
0.195797378197312,100,100,100,100,100,1,5623,50
0.902790933614597,100,100,100,100,100,1,5623,50
0.0874060862697661,100,100,100,100,100,1,5623,50
0.674228863557801,100,100,100,100,100,1,5623,50
0.327804408734664,100,100,100,100,100,1,5623,50
0.504485664423555,100,100,100,100,100,1,5623,50
0.989892991725355,100,100,100,100,100,1,5623,50
0.12652331776917,100,100,100,100,100,1,5623,50
0.686563124414533,100,100,100,100,100,1,5623,50
0.500883772969246,100,100,100,100,100,1,5623,50
0.785916780820116,100,100,100,100,100,1,5623,50
0.400745789753273,100,100,100,100,100,1,5623,50
0.68333655432798,100,100,100,100,100,1,5623,50
0.695944885024801,100,100,100,100,100,1,5623,50
0.17689559655264,100,100,100,100,100,1,5623,50
0.141490472480655,100,100,100,100,100,1,5623,50
0.809448807965964,100,100,100,100,100,1,5623,50
0.975762873422354,100,100,100,100,100,1,5623,50
0.768086078809574,100,100,100,100,100,1,5623,50
0.473605063511059,100,100,100,100,100,1,5623,50
0.764863985357806,100,100,100,100,100,1,5623,50
0.530733666615561,100,100,100,100,100,1,5623,50
0.0688680452294648,100,100,100,100,100,1,5623,50
0.0772063976619393,100,100,100,100,100,1,5623,50
0.965658959466964,100,100,100,100,100,1,5623,50
0.400290966965258,100,100,100,100,100,1,5623,50
0.187751139746979,100,100,100,100,100,1,5623,50
0.14927711780183,100,100,100,100,100,1,5623,50
0.217343285446987,100,100,100,100,100,1,5623,50
0.757544884923846,100,100,100,100,100,1,5623,50
0.615912523353472,100,100,100,100,100,1,5623,50
0.00491597433574498,100,100,100,100,100,1,5623,50
0.618264965247363,100,100,100,100,100,1,5623,50
0.515100318472832,100,100,100,100,100,1,5623,50
0.157582733081654,100,100,100,100,100,1,5623,50
0.0543281631544232,100,100,100,100,100,1,5623,50
0.529927927302197,100,100,100,100,100,1,5623,50
0.820246976567432,100,100,100,100,100,1,5623,50
0.161917303921655,100,100,100,100,100,1,5623,50
0.686382804065943,100,100,100,100,100,1,5623,50
0.195224113063887,100,100,100,100,100,1,5623,50
0.730663567548618,100,100,100,100,100,1,5623,50
0.242652842309326,100,100,100,100,100,1,5623,50
0.548321070382372,100,100,100,100,100,1,5623,50
0.0477971285581589,100,100,100,100,100,1,5623,50
0.180148722836748,100,100,100,100,100,1,5623,50
0.702339082956314,100,100,100,100,100,1,5623,50
