"p","truediv","chaoest","obsD","upper","lower","l","inds","reps"
0.977557492209598,100,100,100,100,100,1,5623,50
0.549523421097547,100,100,100,100,100,1,5623,50
0.517365930136293,100,100,100,100,100,1,5623,50
0.382497941143811,100,100,100,100,100,1,5623,50
0.750469275517389,100,100,100,100,100,1,5623,50
0.494683450320736,100,100,100,100,100,1,5623,50
0.820969911525026,100,100,100,100,100,1,5623,50
0.94928268971853,100,100,100,100,100,1,5623,50
0.690395017620176,100,100,100,100,100,1,5623,50
0.907388039166108,100,100,100,100,100,1,5623,50
0.608948669629171,100,100,100,100,100,1,5623,50
0.182071070419624,100,100,100,100,100,1,5623,50
0.155673480825499,100,100,100,100,100,1,5623,50
0.65174498478882,100,100,100,100,100,1,5623,50
0.194567902944982,100,100,100,100,100,1,5623,50
0.0856943291146308,100,100,100,100,100,1,5623,50
0.951558966189623,100,100,100,100,100,1,5623,50
0.035648216959089,100,100,100,100,100,1,5623,50
0.708598865196109,100,100,100,100,100,1,5623,50
0.528381328796968,100,100,100,100,100,1,5623,50
0.866267293458804,100,100,100,100,100,1,5623,50
0.0568806133233011,100,100,100,100,100,1,5623,50
0.216100045479834,100,100,100,100,100,1,5623,50
0.817709932802245,100,100,100,100,100,1,5623,50
0.840252360561863,100,100,100,100,100,1,5623,50
0.611148886149749,100,100,100,100,100,1,5623,50
0.704881328623742,100,100,100,100,100,1,5623,50
0.221584155224264,100,100,100,100,100,1,5623,50
0.884965367149562,100,100,100,100,100,1,5623,50
0.539147781440988,100,100,100,100,100,1,5623,50
0.488190550124273,100,100,100,100,100,1,5623,50
0.0945587225724012,100,100,100,100,100,1,5623,50
0.46969976881519,100,100,100,100,100,1,5623,50
0.292420683195814,100,100,100,100,100,1,5623,50
0.478555562673137,100,100,100,100,100,1,5623,50
0.940429918235168,100,100,100,100,100,1,5623,50
0.489723578328267,100,100,100,100,100,1,5623,50
0.00968417897820473,100,100,100,100,100,1,5623,50
0.244842356303707,100,100,100,100,100,1,5623,50
0.43858946650289,100,100,100,100,100,1,5623,50
0.532339435070753,100,100,100,100,100,1,5623,50
0.627911143470556,100,100,100,100,100,1,5623,50
0.420614568982273,100,100,100,100,100,1,5623,50
0.770115625346079,100,100,100,100,100,1,5623,50
0.0803280733525753,100,100,100,100,100,1,5623,50
0.912284379824996,100,100,100,100,100,1,5623,50
0.377328244736418,100,100,100,100,100,1,5623,50
0.559563800226897,100,100,100,100,100,1,5623,50
0.516648757038638,100,100,100,100,100,1,5623,50
0.893606135388836,100,100,100,100,100,1,5623,50
