"p","truediv","chaoest","obsD","upper","lower","l","inds","reps"
0.231954127550125,100,100,100,100,100,1,5623,50
0.394741680473089,100,100,100,100,100,1,5623,50
0.512641091831028,100,100,100,100,100,1,5623,50
0.510168272536248,100,100,100,100,100,1,5623,50
0.976531388238072,100,100,100,100,100,1,5623,50
0.157468636287376,100,100,100,100,100,1,5623,50
0.904250731924549,100,100,100,100,100,1,5623,50
0.444414568599313,100,100,100,100,100,1,5623,50
0.0238980667199939,100,100,100,100,100,1,5623,50
0.222274617757648,100,100,100,100,100,1,5623,50
0.119656307157129,100,100,100,100,100,1,5623,50
0.945421307813376,100,100,100,100,100,1,5623,50
0.270217204699293,100,100,100,100,100,1,5623,50
0.61634007608518,100,100,100,100,100,1,5623,50
0.341953861759976,100,100,100,100,100,1,5623,50
0.354716314934194,100,100,100,100,100,1,5623,50
0.878838102566078,100,100,100,100,100,1,5623,50
0.850313200382516,100,100,100,100,100,1,5623,50
0.0778574352152646,100,100,100,100,100,1,5623,50
0.90161762968637,100,100,100,100,100,1,5623,50
0.233970410423353,100,100,100,100,100,1,5623,50
0.400616615312174,100,100,100,100,100,1,5623,50
0.471258474048227,100,100,100,100,100,1,5623,50
0.114995307289064,100,100,100,100,100,1,5623,50
0.371449510799721,100,100,100,100,100,1,5623,50
0.289259475423023,100,100,100,100,100,1,5623,50
0.00557846482843161,100,100,100,100,100,1,5623,50
0.816883801482618,100,100,100,100,100,1,5623,50
0.153729808749631,100,100,100,100,100,1,5623,50
0.484572386369109,100,100,100,100,100,1,5623,50
0.144623874453828,100,100,100,100,100,1,5623,50
0.681718258420005,100,100,100,100,100,1,5623,50
0.143698644591495,100,100,100,100,100,1,5623,50
0.685972171137109,100,100,100,100,100,1,5623,50
0.314577616052702,100,100,100,100,100,1,5623,50
0.549479145789519,100,100,100,100,100,1,5623,50
0.267886476591229,100,100,100,100,100,1,5623,50
0.811618790030479,100,100,100,100,100,1,5623,50
0.696979974396527,100,100,100,100,100,1,5623,50
0.0120738174300641,100,100,100,100,100,1,5623,50
0.070947746746242,100,100,100,100,100,1,5623,50
0.129236196400598,100,100,100,100,100,1,5623,50
0.131579904118553,100,100,100,100,100,1,5623,50
0.571415365673602,100,100,100,100,100,1,5623,50
0.462636566488072,100,100,100,100,100,1,5623,50
0.683647446334362,100,100,100,100,100,1,5623,50
0.821289094397798,100,100,100,100,100,1,5623,50
0.557494208449498,100,100,100,100,100,1,5623,50
0.806279148440808,100,100,100,100,100,1,5623,50
0.856248345924541,100,100,100,100,100,1,5623,50
