"p","truediv","chaoest","obsD","upper","lower","l","inds","reps"
0.149663609219715,100,100,100,100,100,1,3162,50
0.0289280340075493,100,100,100,100,100,1,3162,50
5e-04,100,100,100,100.0005,100.0005,1,3162,50
0.002,100,100,100,100.002,100.002,1,3162,50
0.001,100,100,100,100.001,100.001,1,3162,50
0.759212813107297,100,100,100,100,100,1,3162,50
5e-04,100,100,100,100.0005,100.0005,1,3162,50
0.0025,100,100,100,100.0025,100.0025,1,3162,50
5e-04,100,100,100,100.0005,100.0005,1,3162,50
0.614410582697019,100,100,100,100,100,1,3162,50
5e-04,100,100,100,100.0005,100.0005,1,3162,50
0.002,100,100,100,100.002,100.002,1,3162,50
0.0015,100,100,100,100.0015,100.0015,1,3162,50
0.0015,100,100,100,100.0015,100.0015,1,3162,50
0.921390790957958,100,100,100,100,100,1,3162,50
0.001,100,100,100,100.001,100.001,1,3162,50
0.514158594422042,100,100,100,100,100,1,3162,50
0.001,100,100,100,100.001,100.001,1,3162,50
0.007,100,100,100,100.006750079064,100.006750079064,1,3162,50
0.001,100,100,100,100.000500158128,100.000500158128,1,3162,50
0.321556239156052,100,100,100,100,100,1,3162,50
0.193546087481081,100,100,100,100,100,1,3162,50
5e-04,100,100,100,100.0005,100.0005,1,3162,50
5e-04,100,100,100,100.0005,100.0005,1,3162,50
0.0035,100,100,100,100.003000158128,100.003000158128,1,3162,50
0.81918219383806,100,100,100,100,100,1,3162,50
5e-04,100,100,100,100.0005,100.0005,1,3162,50
0.001,100,100,100,100.001,100.001,1,3162,50
0.609600424999371,100,100,100,100,100,1,3162,50
0.001,100,100,100,100.001,100.001,1,3162,50
0.758590159937739,100,100,100,100,100,1,3162,50
0.0065,100,100,100,100.005000474383,100.005000474383,1,3162,50
0.591544763417915,100,100,100,100,100,1,3162,50
5e-04,100,100,100,100.0005,100.0005,1,3162,50
5e-04,100,100,100,100.0005,100.0005,1,3162,50
5e-04,100,100,100,100.0005,100.0005,1,3162,50
0.417529808357358,100,100,100,100,100,1,3162,50
5e-04,100,100,100,100.0005,100.0005,1,3162,50
5e-04,100,100,100,100.0005,100.0005,1,3162,50
0.280792665435001,100,100,100,100,100,1,3162,50
0.482261954573914,100,100,100,100,100,1,3162,50
0.001,100,100,100,100.001,100.001,1,3162,50
0.0225843999069184,100,100,100,100,100,1,3162,50
0.006,100,100,100,100.005750079064,100.005750079064,1,3162,50
5e-04,100,100,100,100.000250079064,100.000250079064,1,3162,50
0.524864196311682,100,100,100,100,100,1,3162,50
5e-04,100,100,100,100.0005,100.0005,1,3162,50
0.965257452568039,100,100,100,100,100,1,3162,50
0.149653731845319,100,100,100,100,100,1,3162,50
0.675482243066654,100,100,100,100,100,1,3162,50
