"p","truediv","chaoest","obsD","upper","lower","l","inds","reps"
0.330437028314918,100,100,100,100,100,1,5623,50
0.629090925678611,100,100,100,100,100,1,5623,50
0.352571215946227,100,100,100,100,100,1,5623,50
0.398958903038874,100,100,100,100,100,1,5623,50
0.0153973549604416,100,100,100,100,100,1,5623,50
0.220991528593004,100,100,100,100,100,1,5623,50
0.882341279648244,100,100,100,100,100,1,5623,50
0.208244825946167,100,100,100,100,100,1,5623,50
0.027393521508202,100,100,100,100,100,1,5623,50
0.598959738621488,100,100,100,100,100,1,5623,50
0.305904868990183,100,100,100,100,100,1,5623,50
0.915980180958286,100,100,100,100,100,1,5623,50
0.702293578069657,100,100,100,100,100,1,5623,50
0.0352931022644043,100,100,100,100,100,1,5623,50
0.685416432330385,100,100,100,100,100,1,5623,50
0.547026165295392,100,100,100,100,100,1,5623,50
0.603952007601038,100,100,100,100,100,1,5623,50
0.0481594996526837,100,100,100,100,100,1,5623,50
0.848399172769859,100,100,100,100,100,1,5623,50
0.881695351796225,100,100,100,100,100,1,5623,50
0.49924487201497,100,100,100,100,100,1,5623,50
0.660779198864475,100,100,100,100,100,1,5623,50
0.607846673345193,100,100,100,100,100,1,5623,50
0.53475359105505,100,100,100,100,100,1,5623,50
0.642742006806657,100,100,100,100,100,1,5623,50
0.630663048010319,100,100,100,100,100,1,5623,50
0.883648354792967,100,100,100,100,100,1,5623,50
0.480911222053692,100,100,100,100,100,1,5623,50
0.880200715735555,100,100,100,100,100,1,5623,50
0.50499362568371,100,100,100,100,100,1,5623,50
0.960459737572819,100,100,100,100,100,1,5623,50
0.307260252535343,100,100,100,100,100,1,5623,50
0.0645353989675641,100,100,100,100,100,1,5623,50
0.620483407750726,100,100,100,100,100,1,5623,50
0.354326017433777,100,100,100,100,100,1,5623,50
0.743518687784672,100,100,100,100,100,1,5623,50
0.717608616920188,100,100,100,100,100,1,5623,50
0.180346359033138,100,100,100,100,100,1,5623,50
0.995083197718486,100,100,100,100,100,1,5623,50
0.391028672456741,100,100,100,100,100,1,5623,50
0.186016845051199,100,100,100,100,100,1,5623,50
0.784234148915857,100,100,100,100,100,1,5623,50
0.741725202649832,100,100,100,100,100,1,5623,50
0.260306551354006,100,100,100,100,100,1,5623,50
0.603431164985523,100,100,100,100,100,1,5623,50
0.11212211032398,100,100,100,100,100,1,5623,50
0.389830064028502,100,100,100,100,100,1,5623,50
0.39645598619245,100,100,100,100,100,1,5623,50
0.0471042259596288,100,100,100,100,100,1,5623,50
0.316148542333394,100,100,100,100,100,1,5623,50
