"p","truediv","chaoest","obsD","upper","lower","l","inds","reps"
0.0015,100,100,100,100.0015,100.0015,1,3162,50
0.319120624335483,100,100,100,100,100,1,3162,50
0.002,100,100,100,100.001750079064,100.001750079064,1,3162,50
0.855557151604444,100,100,100,100,100,1,3162,50
0.299427470890805,100,100,100,100,100,1,3162,50
0.0015,100,100,100,100.000250395319,100.000250395319,1,3162,50
5e-04,100,100,100,100.0005,100.0005,1,3162,50
5e-04,100,100,100,100.000375039532,100.000375039532,1,3162,50
5e-04,100,100,100,100.0005,100.0005,1,3162,50
0.139630140038207,100,100,100,100,100,1,3162,50
0.002,100,100,100,100.001750079064,100.001750079064,1,3162,50
5e-04,100,100,100,100.0005,100.0005,1,3162,50
0.836129941511899,100,100,100,100,100,1,3162,50
5e-04,100,100,100,100.0005,100.0005,1,3162,50
0.004,100,100,100,100.003750079064,100.003750079064,1,3162,50
0.001,100,100,100,100.001,100.001,1,3162,50
0.001,100,100,100,100.001,100.001,1,3162,50
5e-04,100,100,100,100.0005,100.0005,1,3162,50
0.620477401185781,100,100,100,100,100,1,3162,50
0.987552696606144,100,100,100,100,100,1,3162,50
0.0025,100,100,100,100.0025,100.0025,1,3162,50
5e-04,100,100,100,100.0005,100.0005,1,3162,50
0.271301288157701,100,100,100,100,100,1,3162,50
0.0035,100,100,100,100.0035,100.0035,1,3162,50
0.951143927872181,100,100,100,100,100,1,3162,50
0.004,100,100,100,100.004,100.004,1,3162,50
5e-04,100,100,100,100.0005,100.0005,1,3162,50
0.397608774248511,100,100,100,100,100,1,3162,50
0.870770642068237,100,100,100,100,100,1,3162,50
0.001,100,100,100,100.001,100.001,1,3162,50
0.001,100,100,100,100.001,100.001,1,3162,50
0.002,100,100,100,100.002,100.002,1,3162,50
0.397220601094887,100,100,100,100,100,1,3162,50
0.002,100,100,100,100.002,100.002,1,3162,50
5e-04,100,100,100,100.0005,100.0005,1,3162,50
0.008,100,100,100,100.005750711575,100.005750711575,1,3162,50
5e-04,100,100,100,100.0005,100.0005,1,3162,50
0.003,100,100,100,100.002500158128,100.002500158128,1,3162,50
0.001,100,100,100,100.001,100.001,1,3162,50
5e-04,100,100,100,100.0005,100.0005,1,3162,50
0.573564041173086,100,100,100,100,100,1,3162,50
0.400581364752725,100,100,100,100,100,1,3162,50
5e-04,100,100,100,100.0005,100.0005,1,3162,50
0.0015,100,100,100,100.0015,100.0015,1,3162,50
0.909323339816183,100,100,100,100,100,1,3162,50
0.001,100,100,100,100.001,100.001,1,3162,50
0.002,100,100,100,100.002,100.002,1,3162,50
5e-04,100,100,100,100.0005,100.0005,1,3162,50
0.371687025530264,100,100,100,100,100,1,3162,50
0.0025,100,100,100,100.0025,100.0025,1,3162,50
