"p","truediv","chaoest","obsD","upper","lower","l","inds","reps"
0.832868422847241,100,100,100,100,100,1,5623,50
0.780253424774855,100,100,100,100,100,1,5623,50
0.443427245831117,100,100,100,100,100,1,5623,50
0.842967681121081,100,100,100,100,100,1,5623,50
0.0781905872281641,100,100,100,100,100,1,5623,50
0.993160475278273,100,100,100,100,100,1,5623,50
0.85504081309773,100,100,100,100,100,1,5623,50
0.793225928675383,100,100,100,100,100,1,5623,50
0.717566771665588,100,100,100,100,100,1,5623,50
0.337917474098504,100,100,100,100,100,1,5623,50
0.148775038542226,100,100,100,100,100,1,5623,50
0.667764146346599,100,100,100,100,100,1,5623,50
0.655261639272794,100,100,100,100,100,1,5623,50
0.339147184509784,100,100,100,100,100,1,5623,50
0.243002589792013,100,100,100,100,100,1,5623,50
0.384508903836831,100,100,100,100,100,1,5623,50
0.987539942376316,100,100,100,100,100,1,5623,50
0.665122359059751,100,100,100,100,100,1,5623,50
0.0481688950676471,100,100,100,100,100,1,5623,50
0.69976111035794,100,100,100,100,100,1,5623,50
0.716227005235851,100,100,100,100,100,1,5623,50
0.0961220366880298,100,100,100,100,100,1,5623,50
0.49853349220939,100,100,100,100,100,1,5623,50
0.0652404904831201,100,100,100,100,100,1,5623,50
0.48783363844268,100,100,100,100,100,1,5623,50
0.340181881794706,100,100,100,100,100,1,5623,50
0.300514976494014,100,100,100,100,100,1,5623,50
0.746953408699483,100,100,100,100,100,1,5623,50
0.442457306897268,100,100,100,100,100,1,5623,50
0.531156447948888,100,100,100,100,100,1,5623,50
0.00722475140355527,100,100,100,100,100,1,5623,50
0.705089226830751,100,100,100,100,100,1,5623,50
0.369282249826938,100,100,100,100,100,1,5623,50
0.292625650530681,100,100,100,100,100,1,5623,50
0.972567232791334,100,100,100,100,100,1,5623,50
0.35529223899357,100,100,100,100,100,1,5623,50
0.471650958294049,100,100,100,100,100,1,5623,50
0.494633186375722,100,100,100,100,100,1,5623,50
0.109241250436753,100,100,100,100,100,1,5623,50
0.725777736632153,100,100,100,100,100,1,5623,50
0.604836716549471,100,100,100,100,100,1,5623,50
0.988647663732991,100,100,100,100,100,1,5623,50
0.00728958286345005,100,100,100,100,100,1,5623,50
0.785172595642507,100,100,100,100,100,1,5623,50
0.781016228720546,100,100,100,100,100,1,5623,50
0.176810195436701,100,100,100,100,100,1,5623,50
0.381332888500765,100,100,100,100,100,1,5623,50
0.677245737984776,100,100,100,100,100,1,5623,50
0.926507172873244,100,100,100,100,100,1,5623,50
0.11452196771279,100,100,100,100,100,1,5623,50
