"p","truediv","chaoest","obsD","upper","lower","l","inds","reps"
0.556190963368863,100,100,100,100,100,1,5623,50
0.790251758648083,100,100,100,100,100,1,5623,50
0.972902104491368,100,100,100,100,100,1,5623,50
0.572582504013553,100,100,100,100,100,1,5623,50
0.82704471773468,100,100,100,100,100,1,5623,50
0.986510354559869,100,100,100,100,100,1,5623,50
0.307218383066356,100,100,100,100,100,1,5623,50
0.151643372373655,100,100,100,100,100,1,5623,50
0.746098710456863,100,100,100,100,100,1,5623,50
0.733308571856469,100,100,100,100,100,1,5623,50
0.705695288954303,100,100,100,100,100,1,5623,50
0.138670782092959,100,100,100,100,100,1,5623,50
5e-04,100,100,100,100.0005,100.0005,1,5623,50
0.954852727474645,100,100,100,100,100,1,5623,50
0.911747623467818,100,100,100,100,100,1,5623,50
0.315499329939485,100,100,100,100,100,1,5623,50
0.320517368614674,100,100,100,100,100,1,5623,50
0.721310515888035,100,100,100,100,100,1,5623,50
0.925350649515167,100,100,100,100,100,1,5623,50
0.689194016391411,100,100,100,100,100,1,5623,50
0.185315032489598,100,100,100,100,100,1,5623,50
0.233809204073623,100,100,100,100,100,1,5623,50
0.970077214529738,100,100,100,100,100,1,5623,50
0.783346224343404,100,100,100,100,100,1,5623,50
0.655148477759212,100,100,100,100,100,1,5623,50
0.484469126211479,100,100,100,100,100,1,5623,50
0.758616181788966,100,100,100,100,100,1,5623,50
0.105643317336217,100,100,100,100,100,1,5623,50
0.9169294629246,100,100,100,100,100,1,5623,50
0.0349230384454131,100,100,100,100,100,1,5623,50
0.866663423832506,100,100,100,100,100,1,5623,50
5e-04,100,100,100,100.0005,100.0005,1,5623,50
0.868259971495718,100,100,100,100,100,1,5623,50
0.64626395329833,100,100,100,100,100,1,5623,50
0.393737980863079,100,100,100,100,100,1,5623,50
0.601755431620404,100,100,100,100,100,1,5623,50
0.414185705129057,100,100,100,100,100,1,5623,50
0.992706439690664,100,100,100,100,100,1,5623,50
0.748086638050154,100,100,100,100,100,1,5623,50
0.627386682899669,100,100,100,100,100,1,5623,50
0.549804201116785,100,100,100,100,100,1,5623,50
0.701208050595596,100,100,100,100,100,1,5623,50
0.326028005918488,100,100,100,100,100,1,5623,50
0.299696109024808,100,100,100,100,100,1,5623,50
0.299829781288281,100,100,100,100,100,1,5623,50
0.719326463527977,100,100,100,100,100,1,5623,50
0.867703514406458,100,100,100,100,100,1,5623,50
0.566738693509251,100,100,100,100,100,1,5623,50
0.898554233368486,100,100,100,100,100,1,5623,50
0.838710616109893,100,100,100,100,100,1,5623,50
