"p","truediv","chaoest","obsD","upper","lower","l","inds","reps"
0.041344951139763,100,100,100,100,100,1,5623,50
0.654452168848366,100,100,100,100,100,1,5623,50
0.0512282031122595,100,100,100,100,100,1,5623,50
5e-04,100,100,100,100.0005,100.0005,1,5623,50
0.908878051908687,100,100,100,100,100,1,5623,50
0.64470255933702,100,100,100,100,100,1,5623,50
0.727590496418998,100,100,100,100,100,1,5623,50
0.34377495595254,100,100,100,100,100,1,5623,50
0.397657519904897,100,100,100,100,100,1,5623,50
0.954439195804298,100,100,100,100,100,1,5623,50
0.791896481998265,100,100,100,100,100,1,5623,50
0.521164907608181,100,100,100,100,100,1,5623,50
0.479449624195695,100,100,100,100,100,1,5623,50
0.250181598355994,100,100,100,100,100,1,5623,50
0.553331225411966,100,100,100,100,100,1,5623,50
0.772223961306736,100,100,100,100,100,1,5623,50
0.46459059487097,100,100,100,100,100,1,5623,50
0.361826450796798,100,100,100,100,100,1,5623,50
0.217687345575541,100,100,100,100,100,1,5623,50
0.129618898266926,100,100,100,100,100,1,5623,50
0.45998720661737,100,100,100,100,100,1,5623,50
0.0199006858747452,100,100,100,100,100,1,5623,50
0.626285805134103,100,100,100,100,100,1,5623,50
0.944142376072705,100,100,100,100,100,1,5623,50
0.880349647486582,100,100,100,100,100,1,5623,50
0.531673540594056,100,100,100,100,100,1,5623,50
0.516935898456722,100,100,100,100,100,1,5623,50
0.73462707339786,100,100,100,100,100,1,5623,50
0.26860297168605,100,100,100,100,100,1,5623,50
0.22713659517467,100,100,100,100,100,1,5623,50
0.571256497642025,100,100,100,100,100,1,5623,50
0.36798381828703,100,100,100,100,100,1,5623,50
0.70910559524782,100,100,100,100,100,1,5623,50
0.783540891250595,100,100,100,100,100,1,5623,50
0.306988390395418,100,100,100,100,100,1,5623,50
0.826062136795372,100,100,100,100,100,1,5623,50
0.761833525029942,100,100,100,100,100,1,5623,50
0.707231533015147,100,100,100,100,100,1,5623,50
0.000179984606802464,100,100,100,100,100,1,5623,50
0.527168613160029,100,100,100,100,100,1,5623,50
0.793522680876777,100,100,100,100,100,1,5623,50
0.957490864908323,100,100,100,100,100,1,5623,50
0.910540852928534,100,100,100,100,100,1,5623,50
0.103972261073068,100,100,100,100,100,1,5623,50
0.594591363333166,100,100,100,100,100,1,5623,50
0.834652767516673,100,100,100,100,100,1,5623,50
0.160692374687642,100,100,100,100,100,1,5623,50
0.102195898769423,100,100,100,100,100,1,5623,50
0.635134148644283,100,100,100,100,100,1,5623,50
0.753769458504394,100,100,100,100,100,1,5623,50
