"p","truediv","chaoest","obsD","upper","lower","l","inds","reps"
0.928045237902552,100,100,100,100,100,1,5623,50
0.170797160593793,100,100,100,100,100,1,5623,50
0.989659339189529,100,100,100,100,100,1,5623,50
0.290169297950342,100,100,100,100,100,1,5623,50
0.866643630899489,100,100,100,100,100,1,5623,50
0.473313646391034,100,100,100,100,100,1,5623,50
0.115804782602936,100,100,100,100,100,1,5623,50
0.0716468966566026,100,100,100,100,100,1,5623,50
0.446469541406259,100,100,100,100,100,1,5623,50
0.215740023646504,100,100,100,100,100,1,5623,50
0.318821059307083,100,100,100,100,100,1,5623,50
0.510705575812608,100,100,100,100,100,1,5623,50
0.35160765866749,100,100,100,100,100,1,5623,50
0.254050977760926,100,100,100,100,100,1,5623,50
0.015382474521175,100,100,100,100,100,1,5623,50
0.415960418526083,100,100,100,100,100,1,5623,50
0.133086499758065,100,100,100,100,100,1,5623,50
0.412540995515883,100,100,100,100,100,1,5623,50
0.124450108734891,100,100,100,100,100,1,5623,50
0.664836061187088,100,100,100,100,100,1,5623,50
0.233711964683607,100,100,100,100,100,1,5623,50
0.64029910415411,100,100,100,100,100,1,5623,50
0.564581087557599,100,100,100,100,100,1,5623,50
0.0519413019064814,100,100,100,100,100,1,5623,50
0.754665195709094,100,100,100,100,100,1,5623,50
0.0544506800360978,100,100,100,100,100,1,5623,50
0.681889216415584,100,100,100,100,100,1,5623,50
0.110724835889414,100,100,100,100,100,1,5623,50
0.468557354062796,100,100,100,100,100,1,5623,50
0.200362031115219,100,100,100,100,100,1,5623,50
0.685270756483078,100,100,100,100,100,1,5623,50
0.479061648482457,100,100,100,100,100,1,5623,50
0.0952634457498789,100,100,100,100,100,1,5623,50
0.470016417093575,100,100,100,100,100,1,5623,50
0.267684752354398,100,100,100,100,100,1,5623,50
0.601238816743717,100,100,100,100,100,1,5623,50
0.495984764769673,100,100,100,100,100,1,5623,50
0.956390682375059,100,100,100,100,100,1,5623,50
0.740056340349838,100,100,100,100,100,1,5623,50
5e-04,100,100,100,100.0005,100.0005,1,5623,50
0.571973338490352,100,100,100,100,100,1,5623,50
0.932960697449744,100,100,100,100,100,1,5623,50
0.292140518547967,100,100,100,100,100,1,5623,50
0.973021639045328,100,100,100,100,100,1,5623,50
0.316505793016404,100,100,100,100,100,1,5623,50
0.982433336321265,100,100,100,100,100,1,5623,50
0.259936053538695,100,100,100,100,100,1,5623,50
0.553086979314685,100,100,100,100,100,1,5623,50
0.0784748930018395,100,100,100,100,100,1,5623,50
0.354799329303205,100,100,100,100,100,1,5623,50
