"p","truediv","chaoest","obsD","upper","lower","l","inds","reps"
0.578135681338608,100,100,100,100,100,1,5623,50
0.606114568887278,100,100,100,100,100,1,5623,50
0.403291665948927,100,100,100,100,100,1,5623,50
0.512384347384796,100,100,100,100,100,1,5623,50
0.970295809209347,100,100,100,100,100,1,5623,50
0.704146372620016,100,100,100,100,100,1,5623,50
0.180566475261003,100,100,100,100,100,1,5623,50
0.119543359847739,100,100,100,100,100,1,5623,50
0.01,100,100,100,100.01,100.01,1,5623,50
0.621148619800806,100,100,100,100,100,1,5623,50
0.641785684740171,100,100,100,100,100,1,5623,50
0.144257654203102,100,100,100,100,100,1,5623,50
0.189401784678921,100,100,100,100,100,1,5623,50
0.164070533355698,100,100,100,100,100,1,5623,50
0.454403564799577,100,100,100,100,100,1,5623,50
0.437065321020782,100,100,100,100,100,1,5623,50
0.0409191383514553,100,100,100,100,100,1,5623,50
0.321667250711471,100,100,100,100,100,1,5623,50
0.889394668396562,100,100,100,100,100,1,5623,50
0.650424874620512,100,100,100,100,100,1,5623,50
0.517441829899326,100,100,100,100,100,1,5623,50
0.195174981607124,100,100,100,100,100,1,5623,50
0.792366169625893,100,100,100,100,100,1,5623,50
0.767855852842331,100,100,100,100,100,1,5623,50
0.0955883867572993,100,100,100,100,100,1,5623,50
0.830837846500799,100,100,100,100,100,1,5623,50
0.188818207476288,100,100,100,100,100,1,5623,50
0.0253215769771487,100,100,100,100,100,1,5623,50
0.302794214338064,100,100,100,100,100,1,5623,50
0.31085145403631,100,100,100,100,100,1,5623,50
0.654039080021903,100,100,100,100,100,1,5623,50
0.145725489594042,100,100,100,100,100,1,5623,50
0.100564123829827,100,100,100,100,100,1,5623,50
0.337248089024797,100,100,100,100,100,1,5623,50
0.137418441008776,100,100,100,100,100,1,5623,50
0.755358103429899,100,100,100,100,100,1,5623,50
0.550951553042978,100,100,100,100,100,1,5623,50
0.819501297082752,100,100,100,100,100,1,5623,50
0.0268285870552063,100,100,100,100,100,1,5623,50
0.614441785030067,100,100,100,100,100,1,5623,50
0.245321976952255,100,100,100,100,100,1,5623,50
0.0665413176175207,100,100,100,100,100,1,5623,50
0.959968683775514,100,100,100,100,100,1,5623,50
0.546991809504107,100,100,100,100,100,1,5623,50
0.571409945143387,100,100,100,100,100,1,5623,50
0.137441525934264,100,100,100,100,100,1,5623,50
0.364050117088482,100,100,100,100,100,1,5623,50
0.617947424063459,100,100,100,100,100,1,5623,50
0.0421337902080268,100,100,100,100,100,1,5623,50
0.231942070880905,100,100,100,100,100,1,5623,50
