"p","truediv","chaoest","obsD","upper","lower","l","inds","reps"
0.367204807233065,100,100,100,100,100,1,5623,50
0.671745118685067,100,100,100,100,100,1,5623,50
0.989437535172328,100,100,100,100,100,1,5623,50
0.689484628848732,100,100,100,100,100,1,5623,50
0.828171796165407,100,100,100,100,100,1,5623,50
0.995074142236263,100,100,100,100,100,1,5623,50
0.142597642960027,100,100,100,100,100,1,5623,50
0.450873097870499,100,100,100,100,100,1,5623,50
0.262260706163943,100,100,100,100,100,1,5623,50
0.779389019589871,100,100,100,100,100,1,5623,50
0.170435263309628,100,100,100,100,100,1,5623,50
0.744798724539578,100,100,100,100,100,1,5623,50
0.38519567460753,100,100,100,100,100,1,5623,50
0.417784243123606,100,100,100,100,100,1,5623,50
0.734441608656198,100,100,100,100,100,1,5623,50
0.0461204438470304,100,100,100,100,100,1,5623,50
0.00914307963103056,100,100,100,100,100,1,5623,50
0.609031787607819,100,100,100,100,100,1,5623,50
0.310181862674654,100,100,100,100,100,1,5623,50
0.210106966318563,100,100,100,100,100,1,5623,50
0.551677467534319,100,100,100,100,100,1,5623,50
0.490210687974468,100,100,100,100,100,1,5623,50
0.686387452995405,100,100,100,100,100,1,5623,50
0.190219899173826,100,100,100,100,100,1,5623,50
0.106974783353508,100,100,100,100,100,1,5623,50
0.100714394357055,100,100,100,100,100,1,5623,50
0.637748796492815,100,100,100,100,100,1,5623,50
0.111660110997036,100,100,100,100,100,1,5623,50
0.438237474067137,100,100,100,100,100,1,5623,50
0.404048468684778,100,100,100,100,100,1,5623,50
0.976780067197978,100,100,100,100,100,1,5623,50
0.273644453613088,100,100,100,100,100,1,5623,50
0.311198332346976,100,100,100,100,100,1,5623,50
0.69856967870146,100,100,100,100,100,1,5623,50
0.921132870484143,100,100,100,100,100,1,5623,50
0.709093257086352,100,100,100,100,100,1,5623,50
0.398712571943179,100,100,100,100,100,1,5623,50
0.45311148557812,100,100,100,100,100,1,5623,50
0.680147324921563,100,100,100,100,100,1,5623,50
0.672684799414128,100,100,100,100,100,1,5623,50
0.0286227501928806,100,100,100,100,100,1,5623,50
0.660593401174992,100,100,100,100,100,1,5623,50
0.694905439857394,100,100,100,100,100,1,5623,50
0.19121896289289,100,100,100,100,100,1,5623,50
0.477324761915952,100,100,100,100,100,1,5623,50
0.946699869818985,100,100,100,100,100,1,5623,50
0.973561926046386,100,100,100,100,100,1,5623,50
0.463958388892934,100,100,100,100,100,1,5623,50
0.357757237972692,100,100,100,100,100,1,5623,50
0.860423041740432,100,100,100,100,100,1,5623,50
