"p","truediv","chaoest","obsD","upper","lower","l","inds","reps"
0.138873043702915,100,100,100,100,100,1,5623,50
0.480011095292866,100,100,100,100,100,1,5623,50
0.976324163610116,100,100,100,100,100,1,5623,50
0.550811314722523,100,100,100,100,100,1,5623,50
0.465717381099239,100,100,100,100,100,1,5623,50
0.327174877049401,100,100,100,100,100,1,5623,50
0.0899977718945593,100,100,100,100,100,1,5623,50
0.574452640954405,100,100,100,100,100,1,5623,50
0.354539504274726,100,100,100,100,100,1,5623,50
0.451947643887252,100,100,100,100,100,1,5623,50
0.21557304658927,100,100,100,100,100,1,5623,50
0.73349851812236,100,100,100,100,100,1,5623,50
0.238951888633892,100,100,100,100,100,1,5623,50
0.857138863299042,100,100,100,100,100,1,5623,50
0.272762952838093,100,100,100,100,100,1,5623,50
0.943827043287456,100,100,100,100,100,1,5623,50
0.993007226614282,100,100,100,100,100,1,5623,50
0.374262059340253,100,100,100,100,100,1,5623,50
0.505497191566974,100,100,100,100,100,1,5623,50
0.504412009846419,100,100,100,100,100,1,5623,50
0.40114331105724,100,100,100,100,100,1,5623,50
0.072560376720503,100,100,100,100,100,1,5623,50
0.611781992949545,100,100,100,100,100,1,5623,50
0.211014585802332,100,100,100,100,100,1,5623,50
0.248199295252562,100,100,100,100,100,1,5623,50
0.550741011044011,100,100,100,100,100,1,5623,50
0.720717189367861,100,100,100,100,100,1,5623,50
0.47265431121923,100,100,100,100,100,1,5623,50
0.316077242838219,100,100,100,100,100,1,5623,50
0.10877907415852,100,100,100,100,100,1,5623,50
0.652873015031219,100,100,100,100,100,1,5623,50
0.883012280566618,100,100,100,100,100,1,5623,50
0.780236775521189,100,100,100,100,100,1,5623,50
0.125391143374145,100,100,100,100,100,1,5623,50
0.117847403744236,100,100,100,100,100,1,5623,50
0.594398005399853,100,100,100,100,100,1,5623,50
0.515794115839526,100,100,100,100,100,1,5623,50
5e-04,100,100,100,100.0005,100.0005,1,5623,50
0.101234688656405,100,100,100,100,100,1,5623,50
0.943647876381874,100,100,100,100,100,1,5623,50
0.0713348928838968,100,100,100,100,100,1,5623,50
0.111573877977207,100,100,100,100,100,1,5623,50
0.961608146084473,100,100,100,100,100,1,5623,50
0.0107632263097912,100,100,100,100,100,1,5623,50
0.135621930239722,100,100,100,100,100,1,5623,50
0.263391709653661,100,100,100,100,100,1,5623,50
0.295979032060131,100,100,100,100,100,1,5623,50
0.886029044864699,100,100,100,100,100,1,5623,50
5e-04,100,100,100,100.0005,100.0005,1,5623,50
0.871292817406356,100,100,100,100,100,1,5623,50
