"p","truediv","chaoest","obsD","upper","lower","l","inds","reps"
0.007,100,100,100,100.006750079064,100.006750079064,1,3162,50
0.270104730734602,100,100,100,100,100,1,3162,50
5e-04,100,100,100,100.0005,100.0005,1,3162,50
0.102450791280717,100,100,100,100,100,1,3162,50
0.009,100,100,100,100.007500474383,100.007500474383,1,3162,50
5e-04,100,100,100,100.0005,100.0005,1,3162,50
0.993000567657873,100,100,100,100,100,1,3162,50
0.0015,100,100,100,100.0015,100.0015,1,3162,50
0.828269618097693,100,100,100,100,100,1,3162,50
5e-04,100,100,100,100.0005,100.0005,1,3162,50
0.0015,100,100,100,100.0015,100.0015,1,3162,50
0.57530199480243,100,100,100,100,100,1,3162,50
0.233275416307151,100,100,100,100,100,1,3162,50
0.97063057217747,100,100,100,100,100,1,3162,50
0.0015,100,100,100,100.0015,100.0015,1,3162,50
0.911841904511675,100,100,100,100,100,1,3162,50
5e-04,100,100,100,100.0005,100.0005,1,3162,50
0.003,100,100,100,100.002750079064,100.002750079064,1,3162,50
0.494782019173726,100,100,100,100,100,1,3162,50
0.857361936941743,100,100,100,100,100,1,3162,50
0.0671456377021968,100,100,100,100,100,1,3162,50
0.117813898250461,100,100,100,100,100,1,3162,50
5e-04,100,100,100,100.0005,100.0005,1,3162,50
0.002,100,100,100,100.002,100.002,1,3162,50
0.886457123560831,100,100,100,100,100,1,3162,50
0.471716563915834,100,100,100,100,100,1,3162,50
0.0015,100,100,100,100.0015,100.0015,1,3162,50
0.997932193335146,100,100,100,100,100,1,3162,50
5e-04,100,100,100,100.0005,100.0005,1,3162,50
0.002,100,100,100,100.001750079064,100.001750079064,1,3162,50
0.309061810141429,100,100,100,100,100,1,3162,50
0.001,100,100,100,100.001,100.001,1,3162,50
0.991820401977748,100,100,100,100,100,1,3162,50
5e-04,100,100,100,100.0005,100.0005,1,3162,50
0.001,100,100,100,100.001,100.001,1,3162,50
0.703779884846881,100,100,100,100,100,1,3162,50
0.0702843768522143,100,100,100,100,100,1,3162,50
0.580129751935601,100,100,100,100,100,1,3162,50
0.0015,100,100,100,100.0015,100.0015,1,3162,50
0.25459989067167,100,100,100,100,100,1,3162,50
0.486043060431257,100,100,100,100,100,1,3162,50
0.133771147811785,100,100,100,100,100,1,3162,50
0.81902981759049,100,100,100,100,100,1,3162,50
0.297721275594085,100,100,100,100,100,1,3162,50
0.002,100,100,100,100.002,100.002,1,3162,50
0.663232693914324,100,100,100,100,100,1,3162,50
0.184180523501709,100,100,100,100,100,1,3162,50
0.951167403021827,100,100,100,100,100,1,3162,50
0.123804487055168,100,100,100,100,100,1,3162,50
0.141107892151922,100,100,100,100,100,1,3162,50
