"p","truediv","chaoest","obsD","upper","lower","l","inds","reps"
0.0015,100,100,100,100.0015,100.0015,1,3162,50
0.0015,100,100,100,100.0015,100.0015,1,3162,50
0.731336165452376,100,100,100,100,100,1,3162,50
0.001,100,100,100,100.001,100.001,1,3162,50
0.721328710671514,100,100,100,100,100,1,3162,50
0.0025,100,100,100,100.002250079064,100.002250079064,1,3162,50
0.297379961702973,100,100,100,100,100,1,3162,50
0.0015,100,100,100,100.0015,100.0015,1,3162,50
0.0085,100,100,100,100.0085,100.0085,1,3162,50
0.584758792305365,100,100,100,100,100,1,3162,50
0.174071634421125,100,100,100,100,100,1,3162,50
5e-04,100,100,100,100.0005,100.0005,1,3162,50
5e-04,100,100,100,100.0005,100.0005,1,3162,50
5e-04,100,100,100,100.0005,100.0005,1,3162,50
5e-04,100,100,100,100.0005,100.0005,1,3162,50
5e-04,100,100,100,100.0005,100.0005,1,3162,50
0.0606890467461199,100,100,100,100,100,1,3162,50
0.443869229173288,100,100,100,100,100,1,3162,50
0.001,100,100,100,100.001,100.001,1,3162,50
0.193018757505342,100,100,100,100,100,1,3162,50
0.055,100,100,100,100.054250237192,99.0542502371917,1,3162,50
0.026,100,100,100,100.025750079064,99.0257500790639,1,3162,50
0.0025,100,100,100,100.0025,100.0025,1,3162,50
0.529002739815041,100,100,100,100,100,1,3162,50
0.0035,100,100,100,100.0035,100.0035,1,3162,50
0.465680647874251,100,100,100,100,100,1,3162,50
0.002,100,100,100,100.002,100.002,1,3162,50
5e-04,100,100,100,100.0005,100.0005,1,3162,50
5e-04,100,100,100,100.0005,100.0005,1,3162,50
0.0735254059545696,100,100,100,100,100,1,3162,50
0.637703638058156,100,100,100,100,100,1,3162,50
0.001,100,100,100,100.001,100.001,1,3162,50
0.016,100,100,100,100.015500158128,100.015500158128,1,3162,50
0.880501907784492,100,100,100,100,100,1,3162,50
0.539357267552987,100,100,100,100,100,1,3162,50
0.414935804670677,100,100,100,100,100,1,3162,50
0.0015,100,100,100,100.0015,100.0015,1,3162,50
0.24387301527895,100,100,100,100,100,1,3162,50
0.0015,100,100,100,100.001000158128,100.001000158128,1,3162,50
0.003,100,100,100,100.003,100.003,1,3162,50
0.001,100,100,100,100.001,100.001,1,3162,50
5e-04,100,100,100,100.0005,100.0005,1,3162,50
0.001,100,100,100,100.001,100.001,1,3162,50
0.743210260756314,100,100,100,100,100,1,3162,50
5e-04,100,100,100,100.0005,100.0005,1,3162,50
0.604370956076309,100,100,100,100,100,1,3162,50
0.0397156600374728,100,100,100,100,100,1,3162,50
0.0025,100,100,100,100.002250079064,100.002250079064,1,3162,50
0.728541729738936,100,100,100,100,100,1,3162,50
0.39516344666481,100,100,100,100,100,1,3162,50
