"p","truediv","chaoest","obsD","upper","lower","l","inds","reps"
0.903732845094055,100,100,100,100,100,1,5623,50
0.31009460077621,100,100,100,100,100,1,5623,50
0.57710533333011,100,100,100,100,100,1,5623,50
0.947658276883885,100,100,100,100,100,1,5623,50
0.993736722506583,100,100,100,100,100,1,5623,50
0.244948632083833,100,100,100,100,100,1,5623,50
0.562964190728962,100,100,100,100,100,1,5623,50
0.237660555401817,100,100,100,100,100,1,5623,50
0.614564116578549,100,100,100,100,100,1,5623,50
0.534420587588102,100,100,100,100,100,1,5623,50
0.501620329217985,100,100,100,100,100,1,5623,50
0.227985208155587,100,100,100,100,100,1,5623,50
0.726529150968418,100,100,100,100,100,1,5623,50
0.262746627675369,100,100,100,100,100,1,5623,50
0.559911365155131,100,100,100,100,100,1,5623,50
0.359743738314137,100,100,100,100,100,1,5623,50
0.458380159223452,100,100,100,100,100,1,5623,50
0.891799260629341,100,100,100,100,100,1,5623,50
0.64616279839538,100,100,100,100,100,1,5623,50
0.0894694000016898,100,100,100,100,100,1,5623,50
0.23715301300399,100,100,100,100,100,1,5623,50
0.580810231622308,100,100,100,100,100,1,5623,50
0.170957022113726,100,100,100,100,100,1,5623,50
0.481911264825612,100,100,100,100,100,1,5623,50
0.527283743489534,100,100,100,100,100,1,5623,50
0.223085862351581,100,100,100,100,100,1,5623,50
0.695565449539572,100,100,100,100,100,1,5623,50
0.856105253798887,100,100,100,100,100,1,5623,50
0.670186178991571,100,100,100,100,100,1,5623,50
0.426497463136911,100,100,100,100,100,1,5623,50
0.916349894599989,100,100,100,100,100,1,5623,50
0.0138444006443024,100,100,100,100,100,1,5623,50
0.965218754019588,100,100,100,100,100,1,5623,50
0.284161196090281,100,100,100,100,100,1,5623,50
0.296836208086461,100,100,100,100,100,1,5623,50
0.0769030307419598,100,100,100,100,100,1,5623,50
0.293481932487339,100,100,100,100,100,1,5623,50
0.417208874830976,100,100,100,100,100,1,5623,50
0.568212700309232,100,100,100,100,100,1,5623,50
0.593219462083653,100,100,100,100,100,1,5623,50
0.333609976107255,100,100,100,100,100,1,5623,50
0.607939681969583,100,100,100,100,100,1,5623,50
0.725920034339651,100,100,100,100,100,1,5623,50
0.340676448773593,100,100,100,100,100,1,5623,50
0.0436681127175689,100,100,100,100,100,1,5623,50
0.532466331031173,100,100,100,100,100,1,5623,50
0.967746137175709,100,100,100,100,100,1,5623,50
0.589485951932147,100,100,100,100,100,1,5623,50
0.834992803633213,100,100,100,100,100,1,5623,50
0.751587961101905,100,100,100,100,100,1,5623,50
