"p","truediv","chaoest","obsD","upper","lower","l","inds","reps"
0.295841427752748,100,100,100,100,100,1,5623,50
0.68751711724326,100,100,100,100,100,1,5623,50
0.251063504721969,100,100,100,100,100,1,5623,50
0.808069097111002,100,100,100,100,100,1,5623,50
0.191547255497426,100,100,100,100,100,1,5623,50
0.372617417946458,100,100,100,100,100,1,5623,50
0.337016044184566,100,100,100,100,100,1,5623,50
0.943023016909137,100,100,100,100,100,1,5623,50
0.395353503990918,100,100,100,100,100,1,5623,50
0.0738593121059239,100,100,100,100,100,1,5623,50
0.5985197708942,100,100,100,100,100,1,5623,50
0.00905636581592262,100,100,100,100,100,1,5623,50
0.770938800182194,100,100,100,100,100,1,5623,50
0.432389616267756,100,100,100,100,100,1,5623,50
0.782565792324021,100,100,100,100,100,1,5623,50
0.472577412379906,100,100,100,100,100,1,5623,50
0.726907863747329,100,100,100,100,100,1,5623,50
0.464481124421582,100,100,100,100,100,1,5623,50
0.456545392051339,100,100,100,100,100,1,5623,50
0.416186704067513,100,100,100,100,100,1,5623,50
0.54609852982685,100,100,100,100,100,1,5623,50
0.927311592036858,100,100,100,100,100,1,5623,50
0.6096051922068,100,100,100,100,100,1,5623,50
0.03907889733091,100,100,100,100,100,1,5623,50
0.286812397651374,100,100,100,100,100,1,5623,50
0.131985250860453,100,100,100,100,100,1,5623,50
0.392558048246428,100,100,100,100,100,1,5623,50
0.918000702746212,100,100,100,100,100,1,5623,50
0.140900446800515,100,100,100,100,100,1,5623,50
0.048598840367049,100,100,100,100,100,1,5623,50
0.217511323746294,100,100,100,100,100,1,5623,50
0.855575219029561,100,100,100,100,100,1,5623,50
0.632045423379168,100,100,100,100,100,1,5623,50
0.941148115321994,100,100,100,100,100,1,5623,50
0.544922661036253,100,100,100,100,100,1,5623,50
0.456903921207413,100,100,100,100,100,1,5623,50
0.676661154953763,100,100,100,100,100,1,5623,50
0.667333476245403,100,100,100,100,100,1,5623,50
0.722425216110423,100,100,100,100,100,1,5623,50
0.592994345119223,100,100,100,100,100,1,5623,50
0.0613043603952974,100,100,100,100,100,1,5623,50
0.573357987916097,100,100,100,100,100,1,5623,50
0.404542638920248,100,100,100,100,100,1,5623,50
0.114011551719159,100,100,100,100,100,1,5623,50
0.640316164586693,100,100,100,100,100,1,5623,50
0.47054706257768,100,100,100,100,100,1,5623,50
0.0304162474349141,100,100,100,100,100,1,5623,50
0.243415566859767,100,100,100,100,100,1,5623,50
0.109051992418244,100,100,100,100,100,1,5623,50
0.930842840345576,100,100,100,100,100,1,5623,50
