"p","truediv","chaoest","obsD","upper","lower","l","inds","reps"
0.467368702404201,100,100,100,100,100,1,5623,50
0.457027978263795,100,100,100,100,100,1,5623,50
0.785030564060435,100,100,100,100,100,1,5623,50
0.749679267639294,100,100,100,100,100,1,5623,50
0.687987663783133,100,100,100,100,100,1,5623,50
0.649055642541498,100,100,100,100,100,1,5623,50
0.0330944450106472,100,100,100,100,100,1,5623,50
0.789097539382055,100,100,100,100,100,1,5623,50
0.893444443354383,100,100,100,100,100,1,5623,50
0.0155175272375345,100,100,100,100,100,1,5623,50
0.352639703545719,100,100,100,100,100,1,5623,50
0.0452915304340422,100,100,100,100,100,1,5623,50
0.394346575252712,100,100,100,100,100,1,5623,50
0.336813203059137,100,100,100,100,100,1,5623,50
0.26698765414767,100,100,100,100,100,1,5623,50
0.677562015363947,100,100,100,100,100,1,5623,50
0.499535907525569,100,100,100,100,100,1,5623,50
0.137669568648562,100,100,100,100,100,1,5623,50
0.548609835561365,100,100,100,100,100,1,5623,50
0.84080468560569,100,100,100,100,100,1,5623,50
0.0647695777006447,100,100,100,100,100,1,5623,50
0.62854664796032,100,100,100,100,100,1,5623,50
0.580272637540475,100,100,100,100,100,1,5623,50
0.276446192758158,100,100,100,100,100,1,5623,50
0.834918116452172,100,100,100,100,100,1,5623,50
0.540491470368579,100,100,100,100,100,1,5623,50
0.760553917149082,100,100,100,100,100,1,5623,50
0.906118398299441,100,100,100,100,100,1,5623,50
0.339020799379796,100,100,100,100,100,1,5623,50
5e-04,100,100,100,100.0005,100.0005,1,5623,50
0.853084150934592,100,100,100,100,100,1,5623,50
0.0867559229955077,100,100,100,100,100,1,5623,50
0.205286724027246,100,100,100,100,100,1,5623,50
0.447786846430972,100,100,100,100,100,1,5623,50
0.724235060159117,100,100,100,100,100,1,5623,50
0.728318667272106,100,100,100,100,100,1,5623,50
0.844610020285472,100,100,100,100,100,1,5623,50
0.991367134731263,100,100,100,100,100,1,5623,50
0.976496365386993,100,100,100,100,100,1,5623,50
0.39168505044654,100,100,100,100,100,1,5623,50
0.227492746431381,100,100,100,100,100,1,5623,50
0.661442386684939,100,100,100,100,100,1,5623,50
0.118572291452438,100,100,100,100,100,1,5623,50
0.427803303580731,100,100,100,100,100,1,5623,50
0.944469080073759,100,100,100,100,100,1,5623,50
0.00990323396399617,100,100,100,100,100,1,5623,50
0.443045275518671,100,100,100,100,100,1,5623,50
0.876598918111995,100,100,100,100,100,1,5623,50
0.295938741415739,100,100,100,100,100,1,5623,50
0.849347549956292,100,100,100,100,100,1,5623,50
