"p","truediv","chaoest","obsD","upper","lower","l","inds","reps"
0.602309941779822,100,100,100,100,100,1,5623,50
0.973898155381903,100,100,100,100,100,1,5623,50
0.941355073591694,100,100,100,100,100,1,5623,50
0.226942237233743,100,100,100,100,100,1,5623,50
0.317739904625341,100,100,100,100,100,1,5623,50
0.180037504760548,100,100,100,100,100,1,5623,50
0.757509724935517,100,100,100,100,100,1,5623,50
0.890987411141396,100,100,100,100,100,1,5623,50
0.463070046855137,100,100,100,100,100,1,5623,50
0.0278621036559343,100,100,100,100,100,1,5623,50
0.647921259514987,100,100,100,100,100,1,5623,50
0.170806008158252,100,100,100,100,100,1,5623,50
0.942521022399887,100,100,100,100,100,1,5623,50
0.359502364881337,100,100,100,100,100,1,5623,50
0.604673865251243,100,100,100,100,100,1,5623,50
0.943530743708834,100,100,100,100,100,1,5623,50
0.179524385370314,100,100,100,100,100,1,5623,50
0.487843611743301,100,100,100,100,100,1,5623,50
0.860053629614413,100,100,100,100,100,1,5623,50
0.676656213123351,100,100,100,100,100,1,5623,50
0.985758824506775,100,100,100,100,100,1,5623,50
0.296785792568699,100,100,100,100,100,1,5623,50
0.859405677765608,100,100,100,100,100,1,5623,50
0.0516435622703284,100,100,100,100,100,1,5623,50
0.908614308806136,100,100,100,100,100,1,5623,50
0.483971434412524,100,100,100,100,100,1,5623,50
0.461003285832703,100,100,100,100,100,1,5623,50
0.0253059959504753,100,100,100,100,100,1,5623,50
0.913436290342361,100,100,100,100,100,1,5623,50
0.592831571819261,100,100,100,100,100,1,5623,50
0.756647079950199,100,100,100,100,100,1,5623,50
0.398786120582372,100,100,100,100,100,1,5623,50
0.847690600901842,100,100,100,100,100,1,5623,50
0.963665338931605,100,100,100,100,100,1,5623,50
0.020299912430346,100,100,100,100,100,1,5623,50
0.27664934983477,100,100,100,100,100,1,5623,50
0.777673924108967,100,100,100,100,100,1,5623,50
0.243540317518637,100,100,100,100,100,1,5623,50
0.998103451449424,100,100,100,100,100,1,5623,50
0.949547016527504,100,100,100,100,100,1,5623,50
0.959180082194507,100,100,100,100,100,1,5623,50
0.566852063406259,100,100,100,100,100,1,5623,50
0.398694072151557,100,100,100,100,100,1,5623,50
0.91116410610266,100,100,100,100,100,1,5623,50
0.287600896321237,100,100,100,100,100,1,5623,50
0.71347916778177,100,100,100,100,100,1,5623,50
0.496826066169888,100,100,100,100,100,1,5623,50
0.160393699537963,100,100,100,100,100,1,5623,50
0.110815518070012,100,100,100,100,100,1,5623,50
0.667849046178162,100,100,100,100,100,1,5623,50
