"p","truediv","chaoest","obsD","upper","lower","l","inds","reps"
0.706953061744571,100,100,100,100,100,1,5623,50
0.833454562351108,100,100,100,100,100,1,5623,50
0.350130220642313,100,100,100,100,100,1,5623,50
0.745898375054821,100,100,100,100,100,1,5623,50
0.159107879269868,100,100,100,100,100,1,5623,50
0.114235505927354,100,100,100,100,100,1,5623,50
0.847680290229619,100,100,100,100,100,1,5623,50
0.0725751800928265,100,100,100,100,100,1,5623,50
0.340680907713249,100,100,100,100,100,1,5623,50
0.697036822792143,100,100,100,100,100,1,5623,50
0.21494739013724,100,100,100,100,100,1,5623,50
0.0794952136930078,100,100,100,100,100,1,5623,50
0.567351018311456,100,100,100,100,100,1,5623,50
0.273171310545877,100,100,100,100,100,1,5623,50
0.181238239165395,100,100,100,100,100,1,5623,50
0.253438528627157,100,100,100,100,100,1,5623,50
0.86953187501058,100,100,100,100,100,1,5623,50
0.983985780505463,100,100,100,100,100,1,5623,50
0.583759198430926,100,100,100,100,100,1,5623,50
0.210526295239106,100,100,100,100,100,1,5623,50
0.533760188613087,100,100,100,100,100,1,5623,50
0.317577201873064,100,100,100,100,100,1,5623,50
0.212616487639025,100,100,100,100,100,1,5623,50
0.946003104560077,100,100,100,100,100,1,5623,50
0.21583112119697,100,100,100,100,100,1,5623,50
0.445589124457911,100,100,100,100,100,1,5623,50
0.186742065940052,100,100,100,100,100,1,5623,50
0.542381788603961,100,100,100,100,100,1,5623,50
0.662773034768179,100,100,100,100,100,1,5623,50
0.0190759852994233,100,100,100,100,100,1,5623,50
0.566539082210511,100,100,100,100,100,1,5623,50
0.383906798902899,100,100,100,100,100,1,5623,50
0.818575610406697,100,100,100,100,100,1,5623,50
0.104027641005814,100,100,100,100,100,1,5623,50
0.518856186419725,100,100,100,100,100,1,5623,50
0.931709139375016,100,100,100,100,100,1,5623,50
0.0987922528292984,100,100,100,100,100,1,5623,50
0.734384543262422,100,100,100,100,100,1,5623,50
0.371559895109385,100,100,100,100,100,1,5623,50
0.619892034912482,100,100,100,100,100,1,5623,50
0.233228353783488,100,100,100,100,100,1,5623,50
0.200659009395167,100,100,100,100,100,1,5623,50
0.791868600761518,100,100,100,100,100,1,5623,50
0.964242030633613,100,100,100,100,100,1,5623,50
0.616901211673394,100,100,100,100,100,1,5623,50
0.659852423705161,100,100,100,100,100,1,5623,50
0.207405917113647,100,100,100,100,100,1,5623,50
0.13813890540041,100,100,100,100,100,1,5623,50
5e-04,100,100,100,100.0005,100.0005,1,5623,50
0.705525272060186,100,100,100,100,100,1,5623,50
