"p","truediv","chaoest","obsD","upper","lower","l","inds","reps"
0.741581584326923,100,100,100,100,100,1,5623,50
0.55755361658521,100,100,100,100,100,1,5623,50
0.280155775137246,100,100,100,100,100,1,5623,50
0.429797990713269,100,100,100,100,100,1,5623,50
0.658133244374767,100,100,100,100,100,1,5623,50
0.793543180450797,100,100,100,100,100,1,5623,50
0.58252860722132,100,100,100,100,100,1,5623,50
0.563267081277445,100,100,100,100,100,1,5623,50
0.782074707327411,100,100,100,100,100,1,5623,50
0.237764172954485,100,100,100,100,100,1,5623,50
0.379060355713591,100,100,100,100,100,1,5623,50
0.432447640458122,100,100,100,100,100,1,5623,50
0.868425321765244,100,100,100,100,100,1,5623,50
0.720360788051039,100,100,100,100,100,1,5623,50
0.365977793931961,100,100,100,100,100,1,5623,50
0.000206745695322752,100,100,100,100,100,1,5623,50
0.224703792249784,100,100,100,100,100,1,5623,50
0.540038041537628,100,100,100,100,100,1,5623,50
0.303311002440751,100,100,100,100,100,1,5623,50
0.108343332540244,100,100,100,100,100,1,5623,50
0.354913822608069,100,100,100,100,100,1,5623,50
0.443275955272838,100,100,100,100,100,1,5623,50
0.891337339999154,100,100,100,100,100,1,5623,50
0.291368411155418,100,100,100,100,100,1,5623,50
0.860206792596728,100,100,100,100,100,1,5623,50
5e-04,100,100,100,100.0005,100.0005,1,5623,50
5e-04,100,100,100,100.0005,100.0005,1,5623,50
0.47173663508147,100,100,100,100,100,1,5623,50
0.15401137759909,100,100,100,100,100,1,5623,50
0.403270825510845,100,100,100,100,100,1,5623,50
0.864994706120342,100,100,100,100,100,1,5623,50
0.760647622635588,100,100,100,100,100,1,5623,50
0.982286102836952,100,100,100,100,100,1,5623,50
0.388646968873218,100,100,100,100,100,1,5623,50
0.138131448999047,100,100,100,100,100,1,5623,50
0.9131490055006,100,100,100,100,100,1,5623,50
0.886178006185219,100,100,100,100,100,1,5623,50
0.564088958082721,100,100,100,100,100,1,5623,50
0.0221165658440441,100,100,100,100,100,1,5623,50
0.979938195319846,100,100,100,100,100,1,5623,50
0.705373792909086,100,100,100,100,100,1,5623,50
0.604422952746972,100,100,100,100,100,1,5623,50
0.821754623902962,100,100,100,100,100,1,5623,50
0.911143326433375,100,100,100,100,100,1,5623,50
0.315272031119093,100,100,100,100,100,1,5623,50
0.306884140241891,100,100,100,100,100,1,5623,50
0.638051062356681,100,100,100,100,100,1,5623,50
0.493233991088346,100,100,100,100,100,1,5623,50
0.0760423836763948,100,100,100,100,100,1,5623,50
0.339924384374171,100,100,100,100,100,1,5623,50
