"p","truediv","chaoest","obsD","upper","lower","l","inds","reps"
0.22738432418555,100,100,100,100,100,1,5623,50
0.0942319326568395,100,100,100,100,100,1,5623,50
0.876879352144897,100,100,100,100,100,1,5623,50
0.658115917118266,100,100,100,100,100,1,5623,50
0.574800113914534,100,100,100,100,100,1,5623,50
0.286990564782172,100,100,100,100,100,1,5623,50
0.150891732424498,100,100,100,100,100,1,5623,50
0.659371739253402,100,100,100,100,100,1,5623,50
0.848229440394789,100,100,100,100,100,1,5623,50
0.480986221926287,100,100,100,100,100,1,5623,50
0.729891005437821,100,100,100,100,100,1,5623,50
0.656506907893345,100,100,100,100,100,1,5623,50
0.250309906434268,100,100,100,100,100,1,5623,50
0.212592571042478,100,100,100,100,100,1,5623,50
0.598423402523622,100,100,100,100,100,1,5623,50
5e-04,100,100,100,100.0005,100.0005,1,5623,50
0.619964654091746,100,100,100,100,100,1,5623,50
0.316721209092066,100,100,100,100,100,1,5623,50
0.321951381396502,100,100,100,100,100,1,5623,50
0.117955052293837,100,100,100,100,100,1,5623,50
0.951445056125522,100,100,100,100,100,1,5623,50
0.115141895134002,100,100,100,100,100,1,5623,50
0.224251069128513,100,100,100,100,100,1,5623,50
0.182688251370564,100,100,100,100,100,1,5623,50
0.418645521858707,100,100,100,100,100,1,5623,50
0.821215920615941,100,100,100,100,100,1,5623,50
0.847775421570987,100,100,100,100,100,1,5623,50
0.666842556325719,100,100,100,100,100,1,5623,50
0.429931827588007,100,100,100,100,100,1,5623,50
0.391165981302038,100,100,100,100,100,1,5623,50
0.183765269583091,100,100,100,100,100,1,5623,50
0.354832219425589,100,100,100,100,100,1,5623,50
0.179888449143618,100,100,100,100,100,1,5623,50
0.283702879445627,100,100,100,100,100,1,5623,50
0.0036444035358727,100,100,100,100,100,1,5623,50
0.4832691506017,100,100,100,100,100,1,5623,50
0.400253120809793,100,100,100,100,100,1,5623,50
0.144825574243441,100,100,100,100,100,1,5623,50
0.349780453136191,100,100,100,100,100,1,5623,50
0.809364276472479,100,100,100,100,100,1,5623,50
0.442203341051936,100,100,100,100,100,1,5623,50
0.164603425655514,100,100,100,100,100,1,5623,50
0.458700511604548,100,100,100,100,100,1,5623,50
0.536003826651722,100,100,100,100,100,1,5623,50
0.393279623938724,100,100,100,100,100,1,5623,50
0.907044346211478,100,100,100,100,100,1,5623,50
0.973076112335548,100,100,100,100,100,1,5623,50
0.691737445537001,100,100,100,100,100,1,5623,50
0.78256147261709,100,100,100,100,100,1,5623,50
0.524033673573285,100,100,100,100,100,1,5623,50
