"p","truediv","chaoest","obsD","upper","lower","l","inds","reps"
0.0542192698922008,100,100,100,100,100,1,5623,50
0.562420150730759,100,100,100,100,100,1,5623,50
0.53869892610237,100,100,100,100,100,1,5623,50
0.377436687937006,100,100,100,100,100,1,5623,50
0.853882537223399,100,100,100,100,100,1,5623,50
0.0805902411229908,100,100,100,100,100,1,5623,50
0.525866342475638,100,100,100,100,100,1,5623,50
0.830953682307154,100,100,100,100,100,1,5623,50
0.406228972133249,100,100,100,100,100,1,5623,50
0.634481104556471,100,100,100,100,100,1,5623,50
0.470135581213981,100,100,100,100,100,1,5623,50
0.517172969644889,100,100,100,100,100,1,5623,50
0.104331217706203,100,100,100,100,100,1,5623,50
0.939372063847259,100,100,100,100,100,1,5623,50
0.242145249852911,100,100,100,100,100,1,5623,50
0.173711954150349,100,100,100,100,100,1,5623,50
0.536287262337282,100,100,100,100,100,1,5623,50
0.105668452568352,100,100,100,100,100,1,5623,50
0.711425140034407,100,100,100,100,100,1,5623,50
0.638741333736107,100,100,100,100,100,1,5623,50
0.718875746242702,100,100,100,100,100,1,5623,50
0.788721775868908,100,100,100,100,100,1,5623,50
0.0828986312262714,100,100,100,100,100,1,5623,50
0.783021713839844,100,100,100,100,100,1,5623,50
0.618533551925793,100,100,100,100,100,1,5623,50
5e-04,100,100,100,100.0005,100.0005,1,5623,50
0.305426453938708,100,100,100,100,100,1,5623,50
0.384635040769354,100,100,100,100,100,1,5623,50
0.624505575280637,100,100,100,100,100,1,5623,50
0.357421283144504,100,100,100,100,100,1,5623,50
0.10906237992458,100,100,100,100,100,1,5623,50
0.0931496692355722,100,100,100,100,100,1,5623,50
0.301536018261686,100,100,100,100,100,1,5623,50
0.422859550919384,100,100,100,100,100,1,5623,50
0.0120483005885035,100,100,100,100,100,1,5623,50
0.479689174098894,100,100,100,100,100,1,5623,50
0.586560218362138,100,100,100,100,100,1,5623,50
0.463453551521525,100,100,100,100,100,1,5623,50
0.782750991405919,100,100,100,100,100,1,5623,50
0.574081392260268,100,100,100,100,100,1,5623,50
0.903641321929172,100,100,100,100,100,1,5623,50
0.432449523825198,100,100,100,100,100,1,5623,50
0.625954092945904,100,100,100,100,100,1,5623,50
0.0915435333736241,100,100,100,100,100,1,5623,50
0.579101322684437,100,100,100,100,100,1,5623,50
0.891963934991509,100,100,100,100,100,1,5623,50
0.060473338002339,100,100,100,100,100,1,5623,50
0.670990377198905,100,100,100,100,100,1,5623,50
0.354260458378121,100,100,100,100,100,1,5623,50
0.311702506616712,100,100,100,100,100,1,5623,50
