"p","truediv","chaoest","obsD","upper","lower","l","inds","reps"
0.901472765253857,100,100,100,100,100,1,5623,50
0.141457508550957,100,100,100,100,100,1,5623,50
0.735519302077591,100,100,100,100,100,1,5623,50
0.708189074415714,100,100,100,100,100,1,5623,50
0.13760541123338,100,100,100,100,100,1,5623,50
0.858439312316477,100,100,100,100,100,1,5623,50
0.773140140343457,100,100,100,100,100,1,5623,50
0.989363229135051,100,100,100,100,100,1,5623,50
0.746922014979646,100,100,100,100,100,1,5623,50
0.889054319122806,100,100,100,100,100,1,5623,50
0.712167254416272,100,100,100,100,100,1,5623,50
0.0997884732205421,100,100,100,100,100,1,5623,50
0.419974176213145,100,100,100,100,100,1,5623,50
0.740676754619926,100,100,100,100,100,1,5623,50
0.722590796183795,100,100,100,100,100,1,5623,50
0.0275981321465224,100,100,100,100,100,1,5623,50
0.445865834364668,100,100,100,100,100,1,5623,50
0.719662677962333,100,100,100,100,100,1,5623,50
0.344360072398558,100,100,100,100,100,1,5623,50
0.605005574179813,100,100,100,100,100,1,5623,50
0.190786835970357,100,100,100,100,100,1,5623,50
0.119681225623935,100,100,100,100,100,1,5623,50
0.331097998423502,100,100,100,100,100,1,5623,50
0.418586294865236,100,100,100,100,100,1,5623,50
0.996935221366584,100,100,100,100,100,1,5623,50
0.590751445153728,100,100,100,100,100,1,5623,50
0.525604102062061,100,100,100,100,100,1,5623,50
0.78755275090225,100,100,100,100,100,1,5623,50
0.872126322472468,100,100,100,100,100,1,5623,50
0.606178619433194,100,100,100,100,100,1,5623,50
0.477739882422611,100,100,100,100,100,1,5623,50
0.240589670138434,100,100,100,100,100,1,5623,50
0.411443116609007,100,100,100,100,100,1,5623,50
0.0990356765687466,100,100,100,100,100,1,5623,50
0.721648206468672,100,100,100,100,100,1,5623,50
0.952443263726309,100,100,100,100,100,1,5623,50
0.912301409756765,100,100,100,100,100,1,5623,50
0.777773367706686,100,100,100,100,100,1,5623,50
0.590923848561943,100,100,100,100,100,1,5623,50
0.389879960333928,100,100,100,100,100,1,5623,50
0.404362567001954,100,100,100,100,100,1,5623,50
0.662805332336575,100,100,100,100,100,1,5623,50
0.101548898266628,100,100,100,100,100,1,5623,50
0.132978512207046,100,100,100,100,100,1,5623,50
0.00463069905526936,100,100,100,100,100,1,5623,50
0.314349107444286,100,100,100,100,100,1,5623,50
0.792380453087389,100,100,100,100,100,1,5623,50
0.608636835124344,100,100,100,100,100,1,5623,50
0.101305156480521,100,100,100,100,100,1,5623,50
0.633384594460949,100,100,100,100,100,1,5623,50
