"p","truediv","chaoest","obsD","upper","lower","l","inds","reps"
0.552529696607962,100,100,100,100,100,1,5623,50
0.352265328168869,100,100,100,100,100,1,5623,50
0.899423581548035,100,100,100,100,100,1,5623,50
0.14267046074383,100,100,100,100,100,1,5623,50
0.183842642698437,100,100,100,100,100,1,5623,50
0.33520072652027,100,100,100,100,100,1,5623,50
0.908486634492874,100,100,100,100,100,1,5623,50
0.858996354509145,100,100,100,100,100,1,5623,50
0.853403211571276,100,100,100,100,100,1,5623,50
0.616443491540849,100,100,100,100,100,1,5623,50
0.213756433455274,100,100,100,100,100,1,5623,50
0.663572801277041,100,100,100,100,100,1,5623,50
0.749985072994605,100,100,100,100,100,1,5623,50
0.534948391374201,100,100,100,100,100,1,5623,50
0.950385455973446,100,100,100,100,100,1,5623,50
0.0890435087494552,100,100,100,100,100,1,5623,50
0.907299515092745,100,100,100,100,100,1,5623,50
0.501567361876369,100,100,100,100,100,1,5623,50
0.56792511488311,100,100,100,100,100,1,5623,50
0.0671699461527169,100,100,100,100,100,1,5623,50
0.335096957162023,100,100,100,100,100,1,5623,50
0.822111293906346,100,100,100,100,100,1,5623,50
0.98226926359348,100,100,100,100,100,1,5623,50
0.0942165788728744,100,100,100,100,100,1,5623,50
0.34807716216892,100,100,100,100,100,1,5623,50
0.0933117747772485,100,100,100,100,100,1,5623,50
0.325729131000116,100,100,100,100,100,1,5623,50
0.588094633072615,100,100,100,100,100,1,5623,50
0.661850827746093,100,100,100,100,100,1,5623,50
0.567911616759375,100,100,100,100,100,1,5623,50
0.775136309443042,100,100,100,100,100,1,5623,50
0.769856291590258,100,100,100,100,100,1,5623,50
0.778575463453308,100,100,100,100,100,1,5623,50
0.479348260443658,100,100,100,100,100,1,5623,50
0.494720014976338,100,100,100,100,100,1,5623,50
0.815983415581286,100,100,100,100,100,1,5623,50
0.40767286485061,100,100,100,100,100,1,5623,50
0.413496885914356,100,100,100,100,100,1,5623,50
0.702681123279035,100,100,100,100,100,1,5623,50
0.670212397817522,100,100,100,100,100,1,5623,50
0.166100373724476,100,100,100,100,100,1,5623,50
0.581457442138344,100,100,100,100,100,1,5623,50
0.927125217625871,100,100,100,100,100,1,5623,50
0.53765454608947,100,100,100,100,100,1,5623,50
0.785095971776173,100,100,100,100,100,1,5623,50
0.859411742771044,100,100,100,100,100,1,5623,50
0.422642807941884,100,100,100,100,100,1,5623,50
0.511406387435272,100,100,100,100,100,1,5623,50
0.658877218142152,100,100,100,100,100,1,5623,50
0.163439780473709,100,100,100,100,100,1,5623,50
