"p","truediv","chaoest","obsD","upper","lower","l","inds","reps"
0.0952766013797373,100,100,100,100,100,1,5623,50
0.764670316828415,100,100,100,100,100,1,5623,50
0.207118665566668,100,100,100,100,100,1,5623,50
0.650548562873155,100,100,100,100,100,1,5623,50
0.852910824585706,100,100,100,100,100,1,5623,50
0.699081857223064,100,100,100,100,100,1,5623,50
0.4545450177975,100,100,100,100,100,1,5623,50
0.496304611908272,100,100,100,100,100,1,5623,50
0.74629421136342,100,100,100,100,100,1,5623,50
0.355920437257737,100,100,100,100,100,1,5623,50
0.143863414879888,100,100,100,100,100,1,5623,50
0.523900739615783,100,100,100,100,100,1,5623,50
0.822186974808574,100,100,100,100,100,1,5623,50
0.754323186120018,100,100,100,100,100,1,5623,50
0.253598874667659,100,100,100,100,100,1,5623,50
0.158887790516019,100,100,100,100,100,1,5623,50
0.342590581160039,100,100,100,100,100,1,5623,50
0.252353100571781,100,100,100,100,100,1,5623,50
0.394187038997188,100,100,100,100,100,1,5623,50
0.706770286429673,100,100,100,100,100,1,5623,50
0.0174855825025588,100,100,100,100,100,1,5623,50
0.33680045674555,100,100,100,100,100,1,5623,50
0.833095736103132,100,100,100,100,100,1,5623,50
0.0737067519221455,100,100,100,100,100,1,5623,50
0.617379733594134,100,100,100,100,100,1,5623,50
0.426687222905457,100,100,100,100,100,1,5623,50
0.025546956807375,100,100,100,100,100,1,5623,50
0.524760862346739,100,100,100,100,100,1,5623,50
0.988464501686394,100,100,100,100,100,1,5623,50
0.724545528646559,100,100,100,100,100,1,5623,50
0.555784998927265,100,100,100,100,100,1,5623,50
0.351444354047999,100,100,100,100,100,1,5623,50
0.555242512607947,100,100,100,100,100,1,5623,50
0.107716334518045,100,100,100,100,100,1,5623,50
0.150056724436581,100,100,100,100,100,1,5623,50
0.729856710182503,100,100,100,100,100,1,5623,50
0.44779260084033,100,100,100,100,100,1,5623,50
0.0109037114307284,100,100,100,100,100,1,5623,50
0.127565969945863,100,100,100,100,100,1,5623,50
0.16684248065576,100,100,100,100,100,1,5623,50
0.610505677061155,100,100,100,100,100,1,5623,50
0.310597352217883,100,100,100,100,100,1,5623,50
0.348800771869719,100,100,100,100,100,1,5623,50
0.588845655089244,100,100,100,100,100,1,5623,50
0.296704727690667,100,100,100,100,100,1,5623,50
0.415384438354522,100,100,100,100,100,1,5623,50
0.319389796350151,100,100,100,100,100,1,5623,50
0.0335217006504536,100,100,100,100,100,1,5623,50
0.621290834154934,100,100,100,100,100,1,5623,50
0.591224900446832,100,100,100,100,100,1,5623,50
