"p","truediv","chaoest","obsD","upper","lower","l","inds","reps"
0.777870572870597,100,100,100,100,100,1,5623,50
0.262413243763149,100,100,100,100,100,1,5623,50
0.935266992310062,100,100,100,100,100,1,5623,50
0.199740831041709,100,100,100,100,100,1,5623,50
0.689710451057181,100,100,100,100,100,1,5623,50
0.541864718077704,100,100,100,100,100,1,5623,50
0.621550606796518,100,100,100,100,100,1,5623,50
0.198010292602703,100,100,100,100,100,1,5623,50
0.50588115840219,100,100,100,100,100,1,5623,50
0.90927417948842,100,100,100,100,100,1,5623,50
0.00602898490615189,100,100,100,100,100,1,5623,50
0.65788034023717,100,100,100,100,100,1,5623,50
0.163562432629988,100,100,100,100,100,1,5623,50
0.529468156630173,100,100,100,100,100,1,5623,50
0.709128223592415,100,100,100,100,100,1,5623,50
0.7374636977911,100,100,100,100,100,1,5623,50
5e-04,100,100,100,100.0005,100.0005,1,5623,50
0.76017409353517,100,100,100,100,100,1,5623,50
0.511335362447426,100,100,100,100,100,1,5623,50
0.614582482725382,100,100,100,100,100,1,5623,50
0.492432073922828,100,100,100,100,100,1,5623,50
0.413517956621945,100,100,100,100,100,1,5623,50
0.819578080670908,100,100,100,100,100,1,5623,50
0.782206102274358,100,100,100,100,100,1,5623,50
0.80652619083412,100,100,100,100,100,1,5623,50
0.373501769267023,100,100,100,100,100,1,5623,50
0.670384934637696,100,100,100,100,100,1,5623,50
0.234225288499147,100,100,100,100,100,1,5623,50
0.07029566494748,100,100,100,100,100,1,5623,50
0.0930165974423289,100,100,100,100,100,1,5623,50
0.954271531896666,100,100,100,100,100,1,5623,50
0.516180632635951,100,100,100,100,100,1,5623,50
0.330501159420237,100,100,100,100,100,1,5623,50
0.507250540656969,100,100,100,100,100,1,5623,50
0.0290045670699328,100,100,100,100,100,1,5623,50
0.797530506271869,100,100,100,100,100,1,5623,50
0.472016741987318,100,100,100,100,100,1,5623,50
0.620428647147492,100,100,100,100,100,1,5623,50
0.568550800671801,100,100,100,100,100,1,5623,50
0.242845241446048,100,100,100,100,100,1,5623,50
0.472939234925434,100,100,100,100,100,1,5623,50
0.420578993391246,100,100,100,100,100,1,5623,50
0.915333800716326,100,100,100,100,100,1,5623,50
5e-04,100,100,100,100.0005,100.0005,1,5623,50
0.663873133948073,100,100,100,100,100,1,5623,50
0.747759331017733,100,100,100,100,100,1,5623,50
0.272405692841858,100,100,100,100,100,1,5623,50
0.673244015313685,100,100,100,100,100,1,5623,50
0.125699450727552,100,100,100,100,100,1,5623,50
0.437633430119604,100,100,100,100,100,1,5623,50
