"p","truediv","chaoest","obsD","upper","lower","l","inds","reps"
0.666229845955968,100,100,100,100,100,1,5623,50
0.286398251308128,100,100,100,100,100,1,5623,50
0.393344201613218,100,100,100,100,100,1,5623,50
0.786879867548123,100,100,100,100,100,1,5623,50
0.80379105056636,100,100,100,100,100,1,5623,50
0.618108408059925,100,100,100,100,100,1,5623,50
0.0136497491039336,100,100,100,100,100,1,5623,50
0.573742207838222,100,100,100,100,100,1,5623,50
0.79160142946057,100,100,100,100,100,1,5623,50
0.563274765154347,100,100,100,100,100,1,5623,50
0.264542079530656,100,100,100,100,100,1,5623,50
0.127704829210415,100,100,100,100,100,1,5623,50
0.790986286010593,100,100,100,100,100,1,5623,50
0.476657151943073,100,100,100,100,100,1,5623,50
0.605576935457066,100,100,100,100,100,1,5623,50
0.931547238258645,100,100,100,100,100,1,5623,50
0.917428310029209,100,100,100,100,100,1,5623,50
0.406471652211621,100,100,100,100,100,1,5623,50
0.196545181563124,100,100,100,100,100,1,5623,50
0.0158942316193134,100,100,100,100,100,1,5623,50
0.127432907931507,100,100,100,100,100,1,5623,50
0.709108504233882,100,100,100,100,100,1,5623,50
0.209054679609835,100,100,100,100,100,1,5623,50
0.480116393649951,100,100,100,100,100,1,5623,50
0.608406476210803,100,100,100,100,100,1,5623,50
0.0743621299043298,100,100,100,100,100,1,5623,50
0.0512032057158649,100,100,100,100,100,1,5623,50
0.66572750126943,100,100,100,100,100,1,5623,50
0.744583786930889,100,100,100,100,100,1,5623,50
0.996028864057735,100,100,100,100,100,1,5623,50
0.747428543865681,100,100,100,100,100,1,5623,50
0.96020254585892,100,100,100,100,100,1,5623,50
0.804415535414591,100,100,100,100,100,1,5623,50
0.908564033219591,100,100,100,100,100,1,5623,50
0.282157879788429,100,100,100,100,100,1,5623,50
0.525139397708699,100,100,100,100,100,1,5623,50
0.204367722850293,100,100,100,100,100,1,5623,50
0.668953080661595,100,100,100,100,100,1,5623,50
0.411738187307492,100,100,100,100,100,1,5623,50
0.141047750134021,100,100,100,100,100,1,5623,50
0.815264860633761,100,100,100,100,100,1,5623,50
0.0812906790524721,100,100,100,100,100,1,5623,50
0.0334057274740189,100,100,100,100,100,1,5623,50
0.794097175588831,100,100,100,100,100,1,5623,50
0.571084634633735,100,100,100,100,100,1,5623,50
0.233022986212745,100,100,100,100,100,1,5623,50
0.835519045358524,100,100,100,100,100,1,5623,50
0.426406037993729,100,100,100,100,100,1,5623,50
0.303213765844703,100,100,100,100,100,1,5623,50
0.726978007005528,100,100,100,100,100,1,5623,50
