"p","truediv","chaoest","obsD","upper","lower","l","inds","reps"
0.529086404712871,100,100,100,100,100,1,5623,50
0.860631539020687,100,100,100,100,100,1,5623,50
0.642415578477085,100,100,100,100,100,1,5623,50
0.0107814606744796,100,100,100,100,100,1,5623,50
0.878820383688435,100,100,100,100,100,1,5623,50
0.387741195037961,100,100,100,100,100,1,5623,50
0.120306018274277,100,100,100,100,100,1,5623,50
0.780940379481763,100,100,100,100,100,1,5623,50
0.374489079928026,100,100,100,100,100,1,5623,50
0.761879621539265,100,100,100,100,100,1,5623,50
0.0873969460371882,100,100,100,100,100,1,5623,50
0.383475352078676,100,100,100,100,100,1,5623,50
0.0646542019676417,100,100,100,100,100,1,5623,50
0.698004547972232,100,100,100,100,100,1,5623,50
0.627944417996332,100,100,100,100,100,1,5623,50
0.696370864287019,100,100,100,100,100,1,5623,50
0.283739862963557,100,100,100,100,100,1,5623,50
0.719409827608615,100,100,100,100,100,1,5623,50
5e-04,100,100,100,100.0005,100.0005,1,5623,50
0.213684375630692,100,100,100,100,100,1,5623,50
0.50349014182575,100,100,100,100,100,1,5623,50
0.891901744063944,100,100,100,100,100,1,5623,50
0.48640281194821,100,100,100,100,100,1,5623,50
0.563598160399124,100,100,100,100,100,1,5623,50
0.11015124595724,100,100,100,100,100,1,5623,50
0.932585481321439,100,100,100,100,100,1,5623,50
0.23061126889661,100,100,100,100,100,1,5623,50
0.785658736247569,100,100,100,100,100,1,5623,50
0.711774264927953,100,100,100,100,100,1,5623,50
0.62253662920557,100,100,100,100,100,1,5623,50
0.624648600351065,100,100,100,100,100,1,5623,50
0.69404576998204,100,100,100,100,100,1,5623,50
0.001,100,100,100,100.001,100.001,1,5623,50
0.979578257305548,100,100,100,100,100,1,5623,50
0.621762877563015,100,100,100,100,100,1,5623,50
0.68170932168141,100,100,100,100,100,1,5623,50
0.324042549589649,100,100,100,100,100,1,5623,50
0.795193221885711,100,100,100,100,100,1,5623,50
0.34873019810766,100,100,100,100,100,1,5623,50
0.246631697518751,100,100,100,100,100,1,5623,50
0.156144993612543,100,100,100,100,100,1,5623,50
0.087899831822142,100,100,100,100,100,1,5623,50
0.418705652002245,100,100,100,100,100,1,5623,50
0.864656284917146,100,100,100,100,100,1,5623,50
0.280427860328928,100,100,100,100,100,1,5623,50
0.672862918348983,100,100,100,100,100,1,5623,50
0.0193808334879577,100,100,100,100,100,1,5623,50
0.0524796289391816,100,100,100,100,100,1,5623,50
0.468735583592206,100,100,100,100,100,1,5623,50
0.433407325763255,100,100,100,100,100,1,5623,50
