"p","truediv","chaoest","obsD","upper","lower","l","inds","reps"
0.143383364658803,100,100,100,100,100,1,5623,50
0.674053004011512,100,100,100,100,100,1,5623,50
0.1715526022017,100,100,100,100,100,1,5623,50
0.494997374946252,100,100,100,100,100,1,5623,50
0.577608301769942,100,100,100,100,100,1,5623,50
0.602518902625889,100,100,100,100,100,1,5623,50
0.899370674509555,100,100,100,100,100,1,5623,50
0.351485035847872,100,100,100,100,100,1,5623,50
0.595300840912387,100,100,100,100,100,1,5623,50
0.0917649329639971,100,100,100,100,100,1,5623,50
0.728941642446443,100,100,100,100,100,1,5623,50
0.146256093168631,100,100,100,100,100,1,5623,50
0.854760883841664,100,100,100,100,100,1,5623,50
0.897148896940053,100,100,100,100,100,1,5623,50
0.680080667836592,100,100,100,100,100,1,5623,50
0.960766797652468,100,100,100,100,100,1,5623,50
0.674995976034552,100,100,100,100,100,1,5623,50
0.082776335068047,100,100,100,100,100,1,5623,50
0.569267404498532,100,100,100,100,100,1,5623,50
0.579629503889009,100,100,100,100,100,1,5623,50
0.51833410281688,100,100,100,100,100,1,5623,50
0.320005429908633,100,100,100,100,100,1,5623,50
0.501533159054816,100,100,100,100,100,1,5623,50
0.79021016927436,100,100,100,100,100,1,5623,50
0.217752056429163,100,100,100,100,100,1,5623,50
0.774065617239103,100,100,100,100,100,1,5623,50
0.560533918673173,100,100,100,100,100,1,5623,50
0.322818618267775,100,100,100,100,100,1,5623,50
0.436015385203063,100,100,100,100,100,1,5623,50
0.293817642377689,100,100,100,100,100,1,5623,50
0.970947940601036,100,100,100,100,100,1,5623,50
0.0879689161665738,100,100,100,100,100,1,5623,50
0.51170289516449,100,100,100,100,100,1,5623,50
0.397903565783054,100,100,100,100,100,1,5623,50
0.543875194853172,100,100,100,100,100,1,5623,50
0.117728637997061,100,100,100,100,100,1,5623,50
0.25694472482428,100,100,100,100,100,1,5623,50
0.960125593701378,100,100,100,100,100,1,5623,50
0.565134574659169,100,100,100,100,100,1,5623,50
0.117601814912632,100,100,100,100,100,1,5623,50
0.724513192893937,100,100,100,100,100,1,5623,50
0.0211976002901793,100,100,100,100,100,1,5623,50
5e-04,100,100,100,100.0005,100.0005,1,5623,50
0.0826713661663234,100,100,100,100,100,1,5623,50
0.64625007333234,100,100,100,100,100,1,5623,50
0.948814441682771,100,100,100,100,100,1,5623,50
0.563313604332507,100,100,100,100,100,1,5623,50
0.0923156898934394,100,100,100,100,100,1,5623,50
0.694035646738485,100,100,100,100,100,1,5623,50
0.472496152622625,100,100,100,100,100,1,5623,50
