"p","truediv","chaoest","obsD","upper","lower","l","inds","reps"
0.934170728316531,100,100,100,100,100,1,5623,50
0.17972904490307,100,100,100,100,100,1,5623,50
0.440755179384723,100,100,100,100,100,1,5623,50
0.576136046787724,100,100,100,100,100,1,5623,50
0.716825001873076,100,100,100,100,100,1,5623,50
0.358793258201331,100,100,100,100,100,1,5623,50
0.803327860543504,100,100,100,100,100,1,5623,50
0.514505164464936,100,100,100,100,100,1,5623,50
0.238774253288284,100,100,100,100,100,1,5623,50
0.212955688126385,100,100,100,100,100,1,5623,50
0.185714006656781,100,100,100,100,100,1,5623,50
0.546997994650155,100,100,100,100,100,1,5623,50
0.280044886283576,100,100,100,100,100,1,5623,50
0.0822428776882589,100,100,100,100,100,1,5623,50
0.0783885552082211,100,100,100,100,100,1,5623,50
0.522789218928665,100,100,100,100,100,1,5623,50
0.863769594579935,100,100,100,100,100,1,5623,50
0.313353009289131,100,100,100,100,100,1,5623,50
0.277455022325739,100,100,100,100,100,1,5623,50
0.963625903241336,100,100,100,100,100,1,5623,50
0.505924324505031,100,100,100,100,100,1,5623,50
0.127607204951346,100,100,100,100,100,1,5623,50
0.815703852334991,100,100,100,100,100,1,5623,50
0.673998534213752,100,100,100,100,100,1,5623,50
0.361702896421775,100,100,100,100,100,1,5623,50
0.364501668373123,100,100,100,100,100,1,5623,50
0.92028437834233,100,100,100,100,100,1,5623,50
0.268335062777624,100,100,100,100,100,1,5623,50
0.746200995752588,100,100,100,100,100,1,5623,50
0.0822428776882589,100,100,100,100,100,1,5623,50
0.0783885552082211,100,100,100,100,100,1,5623,50
0.522789218928665,100,100,100,100,100,1,5623,50
0.863769594579935,100,100,100,100,100,1,5623,50
0.863431038567796,100,100,100,100,100,1,5623,50
0.20533329830505,100,100,100,100,100,1,5623,50
0.526544980704784,100,100,100,100,100,1,5623,50
0.595691976603121,100,100,100,100,100,1,5623,50
0.272189253941178,100,100,100,100,100,1,5623,50
0.287597557064146,100,100,100,100,100,1,5623,50
0.243187084095553,100,100,100,100,100,1,5623,50
0.924304398009554,100,100,100,100,100,1,5623,50
0.418522046413273,100,100,100,100,100,1,5623,50
0.2949946555309,100,100,100,100,100,1,5623,50
0.481681935722008,100,100,100,100,100,1,5623,50
0.699812792707235,100,100,100,100,100,1,5623,50
0.805268525378779,100,100,100,100,100,1,5623,50
0.21379213151522,100,100,100,100,100,1,5623,50
0.785186295164749,100,100,100,100,100,1,5623,50
0.654146031942219,100,100,100,100,100,1,5623,50
0.446126776747406,100,100,100,100,100,1,5623,50
