"p","truediv","chaoest","obsD","upper","lower","l","inds","reps"
0.395575315924361,100,100,100,100,100,1,5623,50
0.665576424915344,100,100,100,100,100,1,5623,50
0.286288948263973,100,100,100,100,100,1,5623,50
0.416799251222983,100,100,100,100,100,1,5623,50
0.458717450732365,100,100,100,100,100,1,5623,50
0.549983800156042,100,100,100,100,100,1,5623,50
0.561562941409647,100,100,100,100,100,1,5623,50
0.845914607169107,100,100,100,100,100,1,5623,50
0.464897276600823,100,100,100,100,100,1,5623,50
0.349385678069666,100,100,100,100,100,1,5623,50
0.646258853608742,100,100,100,100,100,1,5623,50
0.197934782365337,100,100,100,100,100,1,5623,50
0.0025,100,100,100,100.0025,100.0025,1,5623,50
0.0329500623047352,100,100,100,100,100,1,5623,50
0.549465883756056,100,100,100,100,100,1,5623,50
0.68962528067641,100,100,100,100,100,1,5623,50
0.578419335884973,100,100,100,100,100,1,5623,50
0.218059239676222,100,100,100,100,100,1,5623,50
0.73976887576282,100,100,100,100,100,1,5623,50
0.0451364838518202,100,100,100,100,100,1,5623,50
0.225155658554286,100,100,100,100,100,1,5623,50
0.52705793059431,100,100,100,100,100,1,5623,50
0.103414822369814,100,100,100,100,100,1,5623,50
0.736845978535712,100,100,100,100,100,1,5623,50
0.487072911113501,100,100,100,100,100,1,5623,50
0.0526079551782459,100,100,100,100,100,1,5623,50
0.678036134922877,100,100,100,100,100,1,5623,50
0.952677237102762,100,100,100,100,100,1,5623,50
0.597663374384865,100,100,100,100,100,1,5623,50
0.73365060146898,100,100,100,100,100,1,5623,50
0.182063781656325,100,100,100,100,100,1,5623,50
0.852944973856211,100,100,100,100,100,1,5623,50
0.206437866203487,100,100,100,100,100,1,5623,50
0.820253974990919,100,100,100,100,100,1,5623,50
0.889877021079883,100,100,100,100,100,1,5623,50
0.199076800839975,100,100,100,100,100,1,5623,50
0.413710771594197,100,100,100,100,100,1,5623,50
0.908831056207418,100,100,100,100,100,1,5623,50
0.617481962777674,100,100,100,100,100,1,5623,50
0.0175633390899748,100,100,100,100,100,1,5623,50
0.862345370231196,100,100,100,100,100,1,5623,50
0.656702131032944,100,100,100,100,100,1,5623,50
0.751220547128469,100,100,100,100,100,1,5623,50
0.745662911329418,100,100,100,100,100,1,5623,50
0.0600136541761458,100,100,100,100,100,1,5623,50
0.656500099226832,100,100,100,100,100,1,5623,50
0.265664689010009,100,100,100,100,100,1,5623,50
0.876363914459944,100,100,100,100,100,1,5623,50
0.784362723818049,100,100,100,100,100,1,5623,50
0.0807046282570809,100,100,100,100,100,1,5623,50
