"p","truediv","chaoest","obsD","upper","lower","l","inds","reps"
0.36621219269,100,100,100,100,100,1,5623,50
0.857024449622259,100,100,100,100,100,1,5623,50
0.298391466028988,100,100,100,100,100,1,5623,50
0.410991276847199,100,100,100,100,100,1,5623,50
0.296727334382012,100,100,100,100,100,1,5623,50
0.628076947061345,100,100,100,100,100,1,5623,50
0.0681078925263137,100,100,100,100,100,1,5623,50
0.511248475173488,100,100,100,100,100,1,5623,50
0.801867455244064,100,100,100,100,100,1,5623,50
0.695864157518372,100,100,100,100,100,1,5623,50
0.535628626355901,100,100,100,100,100,1,5623,50
0.0854352603200823,100,100,100,100,100,1,5623,50
0.321427905233577,100,100,100,100,100,1,5623,50
0.618905067443848,100,100,100,100,100,1,5623,50
0.340424725785851,100,100,100,100,100,1,5623,50
0.962268120842054,100,100,100,100,100,1,5623,50
0.38556152000092,100,100,100,100,100,1,5623,50
0.976085191359743,100,100,100,100,100,1,5623,50
0.295511797536165,100,100,100,100,100,1,5623,50
0.050985905341804,100,100,100,100,100,1,5623,50
0.132154498947784,100,100,100,100,100,1,5623,50
0.720695825992152,100,100,100,100,100,1,5623,50
0.686891934834421,100,100,100,100,100,1,5623,50
0.0554862862918526,100,100,100,100,100,1,5623,50
0.672679083654657,100,100,100,100,100,1,5623,50
0.195452529005706,100,100,100,100,100,1,5623,50
0.522026255726814,100,100,100,100,100,1,5623,50
0.8557051026728,100,100,100,100,100,1,5623,50
0.783934784354642,100,100,100,100,100,1,5623,50
0.780682483455166,100,100,100,100,100,1,5623,50
0.205888394732028,100,100,100,100,100,1,5623,50
0.117725719697773,100,100,100,100,100,1,5623,50
0.431189626222476,100,100,100,100,100,1,5623,50
0.854203623952344,100,100,100,100,100,1,5623,50
0.256208085455,100,100,100,100,100,1,5623,50
0.814309764653444,100,100,100,100,100,1,5623,50
0.984090882353485,100,100,100,100,100,1,5623,50
0.257560277590528,100,100,100,100,100,1,5623,50
0.770103939576074,100,100,100,100,100,1,5623,50
0.320760971168056,100,100,100,100,100,1,5623,50
0.0255915578454733,100,100,100,100,100,1,5623,50
0.700713591184467,100,100,100,100,100,1,5623,50
0.73714928724803,100,100,100,100,100,1,5623,50
0.524989507161081,100,100,100,100,100,1,5623,50
0.296307250158861,100,100,100,100,100,1,5623,50
0.378598181298003,100,100,100,100,100,1,5623,50
0.335134232183918,100,100,100,100,100,1,5623,50
0.840923749143258,100,100,100,100,100,1,5623,50
0.772363879717886,100,100,100,100,100,1,5623,50
0.0455748799722642,100,100,100,100,100,1,5623,50
