"p","truediv","chaoest","obsD","upper","lower","l","inds","reps"
0.975092671113089,100,100,100,100,100,1,5623,50
0.982713453937322,100,100,100,100,100,1,5623,50
0.755164294037968,100,100,100,100,100,1,5623,50
0.111293577356264,100,100,100,100,100,1,5623,50
0.940895502455533,100,100,100,100,100,1,5623,50
0.740772915771231,100,100,100,100,100,1,5623,50
0.370902674505487,100,100,100,100,100,1,5623,50
0.310227102134377,100,100,100,100,100,1,5623,50
0.094687418313697,100,100,100,100,100,1,5623,50
0.821408925810829,100,100,100,100,100,1,5623,50
0.834766913438216,100,100,100,100,100,1,5623,50
0.870202035875991,100,100,100,100,100,1,5623,50
0.925328864715993,100,100,100,100,100,1,5623,50
0.0969038179609925,100,100,100,100,100,1,5623,50
0.31663658330217,100,100,100,100,100,1,5623,50
0.268649904755875,100,100,100,100,100,1,5623,50
0.76900692586787,100,100,100,100,100,1,5623,50
0.150518471607938,100,100,100,100,100,1,5623,50
0.354431868996471,100,100,100,100,100,1,5623,50
0.825964834308252,100,100,100,100,100,1,5623,50
0.0874147636350244,100,100,100,100,100,1,5623,50
0.141264062607661,100,100,100,100,100,1,5623,50
0.905391810694709,100,100,100,100,100,1,5623,50
0.475873293122277,100,100,100,100,100,1,5623,50
0.104572160169482,100,100,100,100,100,1,5623,50
0.920272456016392,100,100,100,100,100,1,5623,50
0.314857430756092,100,100,100,100,100,1,5623,50
0.670055804075673,100,100,100,100,100,1,5623,50
0.412642528768629,100,100,100,100,100,1,5623,50
0.885517364600673,100,100,100,100,100,1,5623,50
0.735427154460922,100,100,100,100,100,1,5623,50
0.314985085744411,100,100,100,100,100,1,5623,50
0.321842735167593,100,100,100,100,100,1,5623,50
0.417385959066451,100,100,100,100,100,1,5623,50
0.154067915631458,100,100,100,100,100,1,5623,50
0.493944796500728,100,100,100,100,100,1,5623,50
0.596964803524315,100,100,100,100,100,1,5623,50
0.406285588629544,100,100,100,100,100,1,5623,50
0.423240749631077,100,100,100,100,100,1,5623,50
0.905493782367557,100,100,100,100,100,1,5623,50
0.757881040684879,100,100,100,100,100,1,5623,50
0.784482294693589,100,100,100,100,100,1,5623,50
0.00797096127644181,100,100,100,100,100,1,5623,50
0.599803664488718,100,100,100,100,100,1,5623,50
0.983960099518299,100,100,100,100,100,1,5623,50
0.779433472314849,100,100,100,100,100,1,5623,50
0.986624770564958,100,100,100,100,100,1,5623,50
0.391420998610556,100,100,100,100,100,1,5623,50
0.932109591318294,100,100,100,100,100,1,5623,50
0.614726089406759,100,100,100,100,100,1,5623,50
