"p","truediv","chaoest","obsD","upper","lower","l","inds","reps"
0.55385327572003,100,100,100,100,100,1,5623,50
0.683338708942756,100,100,100,100,100,1,5623,50
0.965073785511777,100,100,100,100,100,1,5623,50
0.561080118874088,100,100,100,100,100,1,5623,50
0.102497909683734,100,100,100,100,100,1,5623,50
0.0482913642190397,100,100,100,100,100,1,5623,50
0.162278119940311,100,100,100,100,100,1,5623,50
0.757246946683154,100,100,100,100,100,1,5623,50
0.370459915138781,100,100,100,100,100,1,5623,50
0.471927649108693,100,100,100,100,100,1,5623,50
0.45765866455622,100,100,100,100,100,1,5623,50
0.643993466626853,100,100,100,100,100,1,5623,50
0.757279325043783,100,100,100,100,100,1,5623,50
0.711016265442595,100,100,100,100,100,1,5623,50
0.341073948424309,100,100,100,100,100,1,5623,50
0.841579810483381,100,100,100,100,100,1,5623,50
0.189844450680539,100,100,100,100,100,1,5623,50
0.226299990201369,100,100,100,100,100,1,5623,50
0.118495770497248,100,100,100,100,100,1,5623,50
0.208581612678245,100,100,100,100,100,1,5623,50
0.427378978114575,100,100,100,100,100,1,5623,50
0.824539694236591,100,100,100,100,100,1,5623,50
0.31804748554714,100,100,100,100,100,1,5623,50
0.496109647443518,100,100,100,100,100,1,5623,50
0.887372644850984,100,100,100,100,100,1,5623,50
0.855174077907577,100,100,100,100,100,1,5623,50
0.594219249207526,100,100,100,100,100,1,5623,50
0.600260049803182,100,100,100,100,100,1,5623,50
0.37035973300226,100,100,100,100,100,1,5623,50
0.853429410373792,100,100,100,100,100,1,5623,50
0.597229627426714,100,100,100,100,100,1,5623,50
0.498582835774869,100,100,100,100,100,1,5623,50
0.83276741951704,100,100,100,100,100,1,5623,50
0.336935773026198,100,100,100,100,100,1,5623,50
0.191786010982469,100,100,100,100,100,1,5623,50
0.14447935228236,100,100,100,100,100,1,5623,50
0.125739226583391,100,100,100,100,100,1,5623,50
0.812602393329144,100,100,100,100,100,1,5623,50
0.994873696006835,100,100,100,100,100,1,5623,50
0.0362448934465647,100,100,100,100,100,1,5623,50
0.323662061011419,100,100,100,100,100,1,5623,50
5e-04,100,100,100,100.0005,100.0005,1,5623,50
0.42741958424449,100,100,100,100,100,1,5623,50
0.260508296312764,100,100,100,100,100,1,5623,50
0.533773046685383,100,100,100,100,100,1,5623,50
0.139203656930476,100,100,100,100,100,1,5623,50
0.001,100,100,100,100.001,100.001,1,5623,50
0.991731593851,100,100,100,100,100,1,5623,50
0.55912317102775,100,100,100,100,100,1,5623,50
0.0449139741249382,100,100,100,100,100,1,5623,50
