"p","truediv","chaoest","obsD","upper","lower","l","inds","reps"
0.983784169424325,100,100,100,100,100,1,5623,50
0.0717188671696931,100,100,100,100,100,1,5623,50
0.180436581373215,100,100,100,100,100,1,5623,50
0.349147385917604,100,100,100,100,100,1,5623,50
0.487857061205432,100,100,100,100,100,1,5623,50
0.40871195984073,100,100,100,100,100,1,5623,50
0.582377597456798,100,100,100,100,100,1,5623,50
0.811489617219195,100,100,100,100,100,1,5623,50
0.776506444904953,100,100,100,100,100,1,5623,50
0.101304964628071,100,100,100,100,100,1,5623,50
0.650185215286911,100,100,100,100,100,1,5623,50
0.897610958665609,100,100,100,100,100,1,5623,50
0.00365971960127354,100,100,100,100,100,1,5623,50
0.37126354384236,100,100,100,100,100,1,5623,50
0.142343700164929,100,100,100,100,100,1,5623,50
0.820029881317168,100,100,100,100,100,1,5623,50
0.632446937961504,100,100,100,100,100,1,5623,50
0.00942331971600652,100,100,100,100,100,1,5623,50
0.949937883997336,100,100,100,100,100,1,5623,50
0.248448564903811,100,100,100,100,100,1,5623,50
0.636508238036186,100,100,100,100,100,1,5623,50
0.332182768732309,100,100,100,100,100,1,5623,50
0.38206295738928,100,100,100,100,100,1,5623,50
0.336354109458625,100,100,100,100,100,1,5623,50
0.111878092167899,100,100,100,100,100,1,5623,50
0.966274266364053,100,100,100,100,100,1,5623,50
0.724278548499569,100,100,100,100,100,1,5623,50
0.889301967574283,100,100,100,100,100,1,5623,50
0.929518778342754,100,100,100,100,100,1,5623,50
0.79839163296856,100,100,100,100,100,1,5623,50
0.474146183114499,100,100,100,100,100,1,5623,50
0.223223729757592,100,100,100,100,100,1,5623,50
0.934755679452792,100,100,100,100,100,1,5623,50
0.50028277002275,100,100,100,100,100,1,5623,50
0.582064340822399,100,100,100,100,100,1,5623,50
0.220728901447728,100,100,100,100,100,1,5623,50
0.890778927365318,100,100,100,100,100,1,5623,50
0.628139008535072,100,100,100,100,100,1,5623,50
0.450729135656729,100,100,100,100,100,1,5623,50
0.653005624888465,100,100,100,100,100,1,5623,50
0.738700247136876,100,100,100,100,100,1,5623,50
0.479515366023406,100,100,100,100,100,1,5623,50
0.962170578539371,100,100,100,100,100,1,5623,50
0.596160216256976,100,100,100,100,100,1,5623,50
0.0360621430445462,100,100,100,100,100,1,5623,50
0.854839819250628,100,100,100,100,100,1,5623,50
0.199877358973026,100,100,100,100,100,1,5623,50
0.227953149005771,100,100,100,100,100,1,5623,50
0.334243101766333,100,100,100,100,100,1,5623,50
0.49451752868481,100,100,100,100,100,1,5623,50
