"p","truediv","chaoest","obsD","upper","lower","l","inds","reps"
0.222320374567062,100,100,100,100,100,1,5623,50
0.645850714528933,100,100,100,100,100,1,5623,50
0.230778829893097,100,100,100,100,100,1,5623,50
0.557863316498697,100,100,100,100,100,1,5623,50
0.17953953309916,100,100,100,100,100,1,5623,50
0.972391176270321,100,100,100,100,100,1,5623,50
0.327724521746859,100,100,100,100,100,1,5623,50
0.0107098643202335,100,100,100,100,100,1,5623,50
0.946547311963513,100,100,100,100,100,1,5623,50
0.399912294000387,100,100,100,100,100,1,5623,50
0.275486428523436,100,100,100,100,100,1,5623,50
0.254048585658893,100,100,100,100,100,1,5623,50
0.739016831154004,100,100,100,100,100,1,5623,50
0.800612828694284,100,100,100,100,100,1,5623,50
0.260572117287666,100,100,100,100,100,1,5623,50
0.537201881175861,100,100,100,100,100,1,5623,50
0.0404539571609348,100,100,100,100,100,1,5623,50
0.530663646291941,100,100,100,100,100,1,5623,50
0.465253461152315,100,100,100,100,100,1,5623,50
0.981048121349886,100,100,100,100,100,1,5623,50
0.212923587299883,100,100,100,100,100,1,5623,50
0.951745791360736,100,100,100,100,100,1,5623,50
0.549679861404002,100,100,100,100,100,1,5623,50
0.339285386027768,100,100,100,100,100,1,5623,50
0.234471219824627,100,100,100,100,100,1,5623,50
0.298072681995109,100,100,100,100,100,1,5623,50
0.022204487817362,100,100,100,100,100,1,5623,50
0.873936886433512,100,100,100,100,100,1,5623,50
0.464038538513705,100,100,100,100,100,1,5623,50
0.383376326644793,100,100,100,100,100,1,5623,50
0.151033278321847,100,100,100,100,100,1,5623,50
0.161591432522982,100,100,100,100,100,1,5623,50
0.632797536207363,100,100,100,100,100,1,5623,50
0.765202185371891,100,100,100,100,100,1,5623,50
0.717650934588164,100,100,100,100,100,1,5623,50
0.323882474796847,100,100,100,100,100,1,5623,50
0.0417512957938015,100,100,100,100,100,1,5623,50
0.365175797138363,100,100,100,100,100,1,5623,50
0.432940003462136,100,100,100,100,100,1,5623,50
0.81348802568391,100,100,100,100,100,1,5623,50
0.270750056719407,100,100,100,100,100,1,5623,50
0.833948283223435,100,100,100,100,100,1,5623,50
0.951666415901855,100,100,100,100,100,1,5623,50
0.347749528707936,100,100,100,100,100,1,5623,50
0.686862763017416,100,100,100,100,100,1,5623,50
0.0457522929646075,100,100,100,100,100,1,5623,50
0.320576299913228,100,100,100,100,100,1,5623,50
0.0475955507718027,100,100,100,100,100,1,5623,50
0.892390011576936,100,100,100,100,100,1,5623,50
0.41966241132468,100,100,100,100,100,1,5623,50
