"p","truediv","chaoest","obsD","upper","lower","l","inds","reps"
0.394697916228324,100,100,100,100,100,1,5623,50
0.0506233850028366,100,100,100,100,100,1,5623,50
0.577433597529307,100,100,100,100,100,1,5623,50
0.640749647980556,100,100,100,100,100,1,5623,50
0.562149294652045,100,100,100,100,100,1,5623,50
0.337216657353565,100,100,100,100,100,1,5623,50
0.0927452996838838,100,100,100,100,100,1,5623,50
0.643837050301954,100,100,100,100,100,1,5623,50
0.761238237377256,100,100,100,100,100,1,5623,50
0.370574803091586,100,100,100,100,100,1,5623,50
0.401325675658882,100,100,100,100,100,1,5623,50
0.69992460985668,100,100,100,100,100,1,5623,50
0.800891001243144,100,100,100,100,100,1,5623,50
0.93878806871362,100,100,100,100,100,1,5623,50
0.183068808401003,100,100,100,100,100,1,5623,50
0.718271402642131,100,100,100,100,100,1,5623,50
0.326480692951009,100,100,100,100,100,1,5623,50
0.560486341826618,100,100,100,100,100,1,5623,50
0.084747847635299,100,100,100,100,100,1,5623,50
0.696902247378603,100,100,100,100,100,1,5623,50
0.683841551654041,100,100,100,100,100,1,5623,50
0.206157443579286,100,100,100,100,100,1,5623,50
0.382289384258911,100,100,100,100,100,1,5623,50
0.594571044668555,100,100,100,100,100,1,5623,50
0.377256176667288,100,100,100,100,100,1,5623,50
0.648295023478568,100,100,100,100,100,1,5623,50
0.21547363139689,100,100,100,100,100,1,5623,50
0.474358222680166,100,100,100,100,100,1,5623,50
0.182135253446177,100,100,100,100,100,1,5623,50
0.949008518829942,100,100,100,100,100,1,5623,50
0.879777179565281,100,100,100,100,100,1,5623,50
0.985663576517254,100,100,100,100,100,1,5623,50
0.318625243613496,100,100,100,100,100,1,5623,50
0.191297791199759,100,100,100,100,100,1,5623,50
0.101270128041506,100,100,100,100,100,1,5623,50
0.946398524101824,100,100,100,100,100,1,5623,50
0.466614343924448,100,100,100,100,100,1,5623,50
0.0736786427441984,100,100,100,100,100,1,5623,50
0.406765640014783,100,100,100,100,100,1,5623,50
0.724504898069426,100,100,100,100,100,1,5623,50
0.528231439413503,100,100,100,100,100,1,5623,50
0.215167850721627,100,100,100,100,100,1,5623,50
0.274779352592304,100,100,100,100,100,1,5623,50
0.282490308163688,100,100,100,100,100,1,5623,50
0.349788909777999,100,100,100,100,100,1,5623,50
0.507035288726911,100,100,100,100,100,1,5623,50
0.160218092380092,100,100,100,100,100,1,5623,50
0.827494682278484,100,100,100,100,100,1,5623,50
0.964698562165722,100,100,100,100,100,1,5623,50
0.178554934682325,100,100,100,100,100,1,5623,50
