"p","truediv","chaoest","obsD","upper","lower","l","inds","reps"
0.680525364587083,100,100,100,100,100,1,5623,50
0.113257524790242,100,100,100,100,100,1,5623,50
0.372676841914654,100,100,100,100,100,1,5623,50
5e-04,100,100,100,100.0005,100.0005,1,5623,50
0.727555636083707,100,100,100,100,100,1,5623,50
0.331385243218392,100,100,100,100,100,1,5623,50
0.623936043819413,100,100,100,100,100,1,5623,50
0.896017653867602,100,100,100,100,100,1,5623,50
0.987141220131889,100,100,100,100,100,1,5623,50
0.530069192638621,100,100,100,100,100,1,5623,50
0.811736902920529,100,100,100,100,100,1,5623,50
0.719815216725692,100,100,100,100,100,1,5623,50
0.0928888951893896,100,100,100,100,100,1,5623,50
0.220330642536283,100,100,100,100,100,1,5623,50
0.298441166989505,100,100,100,100,100,1,5623,50
0.863788813818246,100,100,100,100,100,1,5623,50
0.26909735170193,100,100,100,100,100,1,5623,50
0.904677214100957,100,100,100,100,100,1,5623,50
0.513503901893273,100,100,100,100,100,1,5623,50
0.453973670955747,100,100,100,100,100,1,5623,50
0.398829406127334,100,100,100,100,100,1,5623,50
0.216528606368229,100,100,100,100,100,1,5623,50
0.771118305623531,100,100,100,100,100,1,5623,50
0.239810771076009,100,100,100,100,100,1,5623,50
0.724318951601163,100,100,100,100,100,1,5623,50
0.95662174676545,100,100,100,100,100,1,5623,50
0.665648800088093,100,100,100,100,100,1,5623,50
0.734234505100176,100,100,100,100,100,1,5623,50
0.379108040360734,100,100,100,100,100,1,5623,50
0.489518362563103,100,100,100,100,100,1,5623,50
0.429300053743646,100,100,100,100,100,1,5623,50
0.483914094045758,100,100,100,100,100,1,5623,50
0.0955336196348071,100,100,100,100,100,1,5623,50
0.419149746652693,100,100,100,100,100,1,5623,50
0.629714669892564,100,100,100,100,100,1,5623,50
0.531699714018032,100,100,100,100,100,1,5623,50
0.566952820634469,100,100,100,100,100,1,5623,50
0.669993014540523,100,100,100,100,100,1,5623,50
0.698455831734464,100,100,100,100,100,1,5623,50
0.820620402926579,100,100,100,100,100,1,5623,50
5e-04,100,100,100,100.0005,100.0005,1,5623,50
0.853292766492814,100,100,100,100,100,1,5623,50
0.380417821230367,100,100,100,100,100,1,5623,50
0.0771828244905919,100,100,100,100,100,1,5623,50
0.154359308304265,100,100,100,100,100,1,5623,50
0.476417200174183,100,100,100,100,100,1,5623,50
0.370163647690788,100,100,100,100,100,1,5623,50
0.207331968005747,100,100,100,100,100,1,5623,50
0.474690875504166,100,100,100,100,100,1,5623,50
0.247321702539921,100,100,100,100,100,1,5623,50
