"p","truediv","chaoest","obsD","upper","lower","l","inds","reps"
0.929035402135924,100,100,100,100,100,1,5623,50
0.7911778006237,100,100,100,100,100,1,5623,50
0.213698699139059,100,100,100,100,100,1,5623,50
0.679346431279555,100,100,100,100,100,1,5623,50
0.490190325304866,100,100,100,100,100,1,5623,50
0.971412776038051,100,100,100,100,100,1,5623,50
0.0643748296424747,100,100,100,100,100,1,5623,50
0.279924902366474,100,100,100,100,100,1,5623,50
0.692766843596473,100,100,100,100,100,1,5623,50
0.272506854962558,100,100,100,100,100,1,5623,50
0.754707976011559,100,100,100,100,100,1,5623,50
0.62470350577496,100,100,100,100,100,1,5623,50
0.0188546711578965,100,100,100,100,100,1,5623,50
0.60179532552138,100,100,100,100,100,1,5623,50
0.196509574307129,100,100,100,100,100,1,5623,50
0.0858998384792358,100,100,100,100,100,1,5623,50
0.515939321601763,100,100,100,100,100,1,5623,50
0.152169486507773,100,100,100,100,100,1,5623,50
0.0692448483314365,100,100,100,100,100,1,5623,50
0.599257577443495,100,100,100,100,100,1,5623,50
0.734812125796452,100,100,100,100,100,1,5623,50
0.526880834717304,100,100,100,100,100,1,5623,50
0.5288584693335,100,100,100,100,100,1,5623,50
5e-04,100,100,100,100.0005,100.0005,1,5623,50
0.448659075424075,100,100,100,100,100,1,5623,50
0.590145555324852,100,100,100,100,100,1,5623,50
0.158909493591636,100,100,100,100,100,1,5623,50
0.104966695187613,100,100,100,100,100,1,5623,50
0.878427998395637,100,100,100,100,100,1,5623,50
0.999750984599814,100,100,100,100,100,1,5623,50
0.199326541973278,100,100,100,100,100,1,5623,50
0.370737701421604,100,100,100,100,100,1,5623,50
0.958865967346355,100,100,100,100,100,1,5623,50
0.5355342135299,100,100,100,100,100,1,5623,50
0.0348144355230033,100,100,100,100,100,1,5623,50
0.179656928172335,100,100,100,100,100,1,5623,50
0.385793736204505,100,100,100,100,100,1,5623,50
0.504623226821423,100,100,100,100,100,1,5623,50
0.0804933335166425,100,100,100,100,100,1,5623,50
0.0665281102992594,100,100,100,100,100,1,5623,50
0.851395485457033,100,100,100,100,100,1,5623,50
0.100112317828462,100,100,100,100,100,1,5623,50
0.297010672511533,100,100,100,100,100,1,5623,50
0.590328990016133,100,100,100,100,100,1,5623,50
0.105924756731838,100,100,100,100,100,1,5623,50
0.90238436544314,100,100,100,100,100,1,5623,50
0.164780524326488,100,100,100,100,100,1,5623,50
0.326367844827473,100,100,100,100,100,1,5623,50
0.735079661477357,100,100,100,100,100,1,5623,50
0.124296811874956,100,100,100,100,100,1,5623,50
