"p","truediv","chaoest","obsD","upper","lower","l","inds","reps"
0.935489007737488,100,100,100,100,100,1,5623,50
0.323530864436179,100,100,100,100,100,1,5623,50
0.767909216927364,100,100,100,100,100,1,5623,50
0.690913695143536,100,100,100,100,100,1,5623,50
0.122016660636291,100,100,100,100,100,1,5623,50
0.504660626873374,100,100,100,100,100,1,5623,50
0.0431109126657248,100,100,100,100,100,1,5623,50
0.0429694410413504,100,100,100,100,100,1,5623,50
0.659570408985019,100,100,100,100,100,1,5623,50
0.781035842606798,100,100,100,100,100,1,5623,50
0.869491433026269,100,100,100,100,100,1,5623,50
0.939069865271449,100,100,100,100,100,1,5623,50
0.549506060546264,100,100,100,100,100,1,5623,50
0.653224468464032,100,100,100,100,100,1,5623,50
0.856875741155818,100,100,100,100,100,1,5623,50
0.0495439961086959,100,100,100,100,100,1,5623,50
0.0465497139375657,100,100,100,100,100,1,5623,50
0.389873282983899,100,100,100,100,100,1,5623,50
0.351444278843701,100,100,100,100,100,1,5623,50
0.451521053910255,100,100,100,100,100,1,5623,50
0.156791492830962,100,100,100,100,100,1,5623,50
0.850713903550059,100,100,100,100,100,1,5623,50
0.154553454369307,100,100,100,100,100,1,5623,50
0.520547959255055,100,100,100,100,100,1,5623,50
0.128287277650088,100,100,100,100,100,1,5623,50
0.211223256308585,100,100,100,100,100,1,5623,50
0.114491919288412,100,100,100,100,100,1,5623,50
0.404249608283862,100,100,100,100,100,1,5623,50
0.647233587224036,100,100,100,100,100,1,5623,50
0.38193843094632,100,100,100,100,100,1,5623,50
0.69662196491845,100,100,100,100,100,1,5623,50
0.0325148205738515,100,100,100,100,100,1,5623,50
5e-04,100,100,100,100.0005,100.0005,1,5623,50
0.873830063501373,100,100,100,100,100,1,5623,50
0.64134847256355,100,100,100,100,100,1,5623,50
0.274918502895162,100,100,100,100,100,1,5623,50
0.05133340600878,100,100,100,100,100,1,5623,50
0.995511915301904,100,100,100,100,100,1,5623,50
0.509127211058512,100,100,100,100,100,1,5623,50
0.670995321823284,100,100,100,100,100,1,5623,50
0.0584896190557629,100,100,100,100,100,1,5623,50
0.294957691570744,100,100,100,100,100,1,5623,50
0.89117212430574,100,100,100,100,100,1,5623,50
0.872231588698924,100,100,100,100,100,1,5623,50
0.761384960263968,100,100,100,100,100,1,5623,50
0.651840128004551,100,100,100,100,100,1,5623,50
0.0696935120504349,100,100,100,100,100,1,5623,50
0.153426917735487,100,100,100,100,100,1,5623,50
0.441686956910416,100,100,100,100,100,1,5623,50
0.553204346448183,100,100,100,100,100,1,5623,50
