"p","truediv","chaoest","obsD","upper","lower","l","inds","reps"
0.491421711398289,100,100,100,100,100,1,5623,50
0.577630651183426,100,100,100,100,100,1,5623,50
0.00479002390056849,100,100,100,100,100,1,5623,50
0.809956900076941,100,100,100,100,100,1,5623,50
0.813379471423104,100,100,100,100,100,1,5623,50
0.873345672152936,100,100,100,100,100,1,5623,50
0.382791972253472,100,100,100,100,100,1,5623,50
0.889420040184632,100,100,100,100,100,1,5623,50
0.807926836423576,100,100,100,100,100,1,5623,50
0.475860143313184,100,100,100,100,100,1,5623,50
0.794723658589646,100,100,100,100,100,1,5623,50
0.0941763825248927,100,100,100,100,100,1,5623,50
0.543622018070891,100,100,100,100,100,1,5623,50
0.522387889679521,100,100,100,100,100,1,5623,50
0.0667957728728652,100,100,100,100,100,1,5623,50
0.650398683967069,100,100,100,100,100,1,5623,50
0.415307779563591,100,100,100,100,100,1,5623,50
0.202140705427155,100,100,100,100,100,1,5623,50
0.629446579376236,100,100,100,100,100,1,5623,50
0.43423680961132,100,100,100,100,100,1,5623,50
0.657261519460008,100,100,100,100,100,1,5623,50
0.184347127564251,100,100,100,100,100,1,5623,50
0.0939807114191353,100,100,100,100,100,1,5623,50
0.630346921738237,100,100,100,100,100,1,5623,50
0.151087112724781,100,100,100,100,100,1,5623,50
0.487417241558433,100,100,100,100,100,1,5623,50
0.322065648855641,100,100,100,100,100,1,5623,50
0.790534716797993,100,100,100,100,100,1,5623,50
0.767875507008284,100,100,100,100,100,1,5623,50
0.302230541361496,100,100,100,100,100,1,5623,50
5e-04,100,100,100,100.0005,100.0005,1,5623,50
0.642749467631802,100,100,100,100,100,1,5623,50
0.949788807425648,100,100,100,100,100,1,5623,50
0.651539369951934,100,100,100,100,100,1,5623,50
0.350349775049835,100,100,100,100,100,1,5623,50
0.540682333987206,100,100,100,100,100,1,5623,50
0.706596928648651,100,100,100,100,100,1,5623,50
0.149780131177977,100,100,100,100,100,1,5623,50
0.340636224718764,100,100,100,100,100,1,5623,50
0.262021127855405,100,100,100,100,100,1,5623,50
0.153379262890667,100,100,100,100,100,1,5623,50
0.184279315173626,100,100,100,100,100,1,5623,50
0.205062599619851,100,100,100,100,100,1,5623,50
0.247946749906987,100,100,100,100,100,1,5623,50
0.241360361455008,100,100,100,100,100,1,5623,50
0.186236239271238,100,100,100,100,100,1,5623,50
0.639694323763251,100,100,100,100,100,1,5623,50
0.700135004706681,100,100,100,100,100,1,5623,50
0.385981442639604,100,100,100,100,100,1,5623,50
0.194461374776438,100,100,100,100,100,1,5623,50
