"p","truediv","chaoest","obsD","upper","lower","l","inds","reps"
0.0015,100,100,100,100.0015,100.0015,1,3162,50
0.561147707514465,100,100,100,100,100,1,3162,50
0.002,100,100,100,100.002,100.002,1,3162,50
0.870995074743405,100,100,100,100,100,1,3162,50
5e-04,100,100,100,100.0005,100.0005,1,3162,50
0.001,100,100,100,100.001,100.001,1,3162,50
0.001,100,100,100,100.001,100.001,1,3162,50
0.541892961366102,100,100,100,100,100,1,3162,50
0.001,100,100,100,100.001,100.001,1,3162,50
0.0025,100,100,100,100.0025,100.0025,1,3162,50
0.009,100,100,100,100.008750079064,100.008750079064,1,3162,50
0.0025,100,100,100,100.0025,100.0025,1,3162,50
0.513631071895361,100,100,100,100,100,1,3162,50
5e-04,100,100,100,100.0005,100.0005,1,3162,50
0.583596133394167,100,100,100,100,100,1,3162,50
5e-04,100,100,100,100.0005,100.0005,1,3162,50
0.004,100,100,100,100.004,100.004,1,3162,50
0.003,100,100,100,100.002750079064,100.002750079064,1,3162,50
0.233688547508791,100,100,100,100,100,1,3162,50
0.28066734643653,100,100,100,100,100,1,3162,50
5e-04,100,100,100,100.0005,100.0005,1,3162,50
5e-04,100,100,100,100.000250079064,100.000250079064,1,3162,50
0.0345456630457193,100,100,100,100,100,1,3162,50
0.003,100,100,100,100.002750079064,100.002750079064,1,3162,50
0.465242874575779,100,100,100,100,100,1,3162,50
0.009,100,100,100,100.009,100.009,1,3162,50
0.947194725740701,100,100,100,100,100,1,3162,50
0.001,100,100,100,100.001,100.001,1,3162,50
0.165687912609428,100,100,100,100,100,1,3162,50
0.330715005286038,100,100,100,100,100,1,3162,50
0.001,100,100,100,100.001,100.001,1,3162,50
0.001,100,100,100,100.001,100.001,1,3162,50
0.113185364054516,100,100,100,100,100,1,3162,50
0.108248780947179,100,100,100,100,100,1,3162,50
0.496441496303305,100,100,100,100,100,1,3162,50
0.001,100,100,100,100.001,100.001,1,3162,50
0.2472494461108,100,100,100,100,100,1,3162,50
5e-04,100,100,100,100.0005,100.0005,1,3162,50
0.9995,100,100,100,99.9997500790639,99.9997500790639,1,3162,50
0.62349889264442,100,100,100,100,100,1,3162,50
0.0055,100,100,100,100.004250395319,100.004250395319,1,3162,50
0.003,100,100,100,100.003,100.003,1,3162,50
0.535462523810565,100,100,100,100,100,1,3162,50
0.592403393704444,100,100,100,100,100,1,3162,50
0.479818092426285,100,100,100,100,100,1,3162,50
0.0075,100,100,100,100.0075,100.0075,1,3162,50
0.0015,100,100,100,100.0015,100.0015,1,3162,50
0.0979867109563202,100,100,100,100,100,1,3162,50
0.0075,100,100,100,100.0075,100.0075,1,3162,50
0.979044812498614,100,100,100,100,100,1,3162,50
