"p","truediv","chaoest","obsD","upper","lower","l","inds","reps"
0.643981274915859,100,100,100,100,100,1,5623,50
0.326293425168842,100,100,100,100,100,1,5623,50
0.258922395762056,100,100,100,100,100,1,5623,50
0.937825371744111,100,100,100,100,100,1,5623,50
0.106670294422656,100,100,100,100,100,1,5623,50
0.284434816567227,100,100,100,100,100,1,5623,50
0.942179790930822,100,100,100,100,100,1,5623,50
0.993979942984879,100,100,100,100,100,1,5623,50
0.366952839773148,100,100,100,100,100,1,5623,50
0.737993666669354,100,100,100,100,100,1,5623,50
0.399350470164791,100,100,100,100,100,1,5623,50
0.0574843850918114,100,100,100,100,100,1,5623,50
0.318199244327843,100,100,100,100,100,1,5623,50
0.808749788440764,100,100,100,100,100,1,5623,50
0.875792846316472,100,100,100,100,100,1,5623,50
0.863990151789039,100,100,100,100,100,1,5623,50
0.619497783016413,100,100,100,100,100,1,5623,50
0.602269950089976,100,100,100,100,100,1,5623,50
0.867709381273016,100,100,100,100,100,1,5623,50
0.696438661543652,100,100,100,100,100,1,5623,50
0.780641629593447,100,100,100,100,100,1,5623,50
0.967049861559644,100,100,100,100,100,1,5623,50
0.908873138017952,100,100,100,100,100,1,5623,50
0.717308506369591,100,100,100,100,100,1,5623,50
0.0610217964276671,100,100,100,100,100,1,5623,50
0.573556038085371,100,100,100,100,100,1,5623,50
0.378546729916707,100,100,100,100,100,1,5623,50
0.985023509012535,100,100,100,100,100,1,5623,50
0.808308200445026,100,100,100,100,100,1,5623,50
0.501504356972873,100,100,100,100,100,1,5623,50
0.823618516325951,100,100,100,100,100,1,5623,50
0.0945173483341932,100,100,100,100,100,1,5623,50
0.790051588322967,100,100,100,100,100,1,5623,50
0.964388333726674,100,100,100,100,100,1,5623,50
0.841727464227006,100,100,100,100,100,1,5623,50
0.713640726404265,100,100,100,100,100,1,5623,50
0.136323547689244,100,100,100,100,100,1,5623,50
0.66927343280986,100,100,100,100,100,1,5623,50
0.0546916676685214,100,100,100,100,100,1,5623,50
0.797010748181492,100,100,100,100,100,1,5623,50
0.251504629384726,100,100,100,100,100,1,5623,50
0.250032519223168,100,100,100,100,100,1,5623,50
0.0015,100,100,100,100.0015,100.0015,1,5623,50
0.40213734912686,100,100,100,100,100,1,5623,50
0.989103781757876,100,100,100,100,100,1,5623,50
0.147265695501119,100,100,100,100,100,1,5623,50
0.606668822001666,100,100,100,100,100,1,5623,50
5e-04,100,100,100,100.0005,100.0005,1,5623,50
0.39572406723164,100,100,100,100,100,1,5623,50
0.200462328037247,100,100,100,100,100,1,5623,50
