"p","truediv","chaoest","obsD","upper","lower","l","inds","reps"
0.832623385125771,100,100,100,100,100,1,5623,50
0.299663254991174,100,100,100,100,100,1,5623,50
0.469242702703923,100,100,100,100,100,1,5623,50
0.571672670077533,100,100,100,100,100,1,5623,50
0.843144487123936,100,100,100,100,100,1,5623,50
0.675709716975689,100,100,100,100,100,1,5623,50
0.0648647567722946,100,100,100,100,100,1,5623,50
0.190467458218336,100,100,100,100,100,1,5623,50
0.0874000948388129,100,100,100,100,100,1,5623,50
0.150692813098431,100,100,100,100,100,1,5623,50
0.33227846166119,100,100,100,100,100,1,5623,50
0.24256208492443,100,100,100,100,100,1,5623,50
0.661860274383798,100,100,100,100,100,1,5623,50
0.8921832179185,100,100,100,100,100,1,5623,50
0.490094657987356,100,100,100,100,100,1,5623,50
0.745188483502716,100,100,100,100,100,1,5623,50
0.638187540695071,100,100,100,100,100,1,5623,50
0.265652649104595,100,100,100,100,100,1,5623,50
0.827414117986336,100,100,100,100,100,1,5623,50
0.09174501337111,100,100,100,100,100,1,5623,50
0.888492731843144,100,100,100,100,100,1,5623,50
0.66538249864243,100,100,100,100,100,1,5623,50
0.0894886068999767,100,100,100,100,100,1,5623,50
0.0481381032150239,100,100,100,100,100,1,5623,50
0.705315669998527,100,100,100,100,100,1,5623,50
0.661814739694819,100,100,100,100,100,1,5623,50
0.498198532033712,100,100,100,100,100,1,5623,50
0.0582024469040334,100,100,100,100,100,1,5623,50
0.13289841869846,100,100,100,100,100,1,5623,50
0.732331835199147,100,100,100,100,100,1,5623,50
0.968487409409136,100,100,100,100,100,1,5623,50
0.513091779779643,100,100,100,100,100,1,5623,50
0.392145187826827,100,100,100,100,100,1,5623,50
0.0478522398043424,100,100,100,100,100,1,5623,50
0.376803366933018,100,100,100,100,100,1,5623,50
0.494249798823148,100,100,100,100,100,1,5623,50
0.838635245105252,100,100,100,100,100,1,5623,50
0.194662028923631,100,100,100,100,100,1,5623,50
0.262586881872267,100,100,100,100,100,1,5623,50
0.358859622152522,100,100,100,100,100,1,5623,50
0.0977975502610207,100,100,100,100,100,1,5623,50
0.549799985717982,100,100,100,100,100,1,5623,50
0.893813426839188,100,100,100,100,100,1,5623,50
0.00708432705141604,100,100,100,100,100,1,5623,50
0.116743221180514,100,100,100,100,100,1,5623,50
0.747366468422115,100,100,100,100,100,1,5623,50
0.854277769336477,100,100,100,100,100,1,5623,50
0.433480381499976,100,100,100,100,100,1,5623,50
0.8343719644472,100,100,100,100,100,1,5623,50
0.925446551293135,100,100,100,100,100,1,5623,50
