"p","truediv","chaoest","obsD","upper","lower","l","inds","reps"
0.709594829007983,100,100,100,100,100,1,5623,50
0.308082923991606,100,100,100,100,100,1,5623,50
0.383408232126385,100,100,100,100,100,1,5623,50
0.147391174919903,100,100,100,100,100,1,5623,50
0.617102759657428,100,100,100,100,100,1,5623,50
0.693739275448024,100,100,100,100,100,1,5623,50
0.608027588343248,100,100,100,100,100,1,5623,50
0.349323448725045,100,100,100,100,100,1,5623,50
0.212407345185056,100,100,100,100,100,1,5623,50
0.753620621748269,100,100,100,100,100,1,5623,50
0.439859357662499,100,100,100,100,100,1,5623,50
0.678104203892872,100,100,100,100,100,1,5623,50
0.569985679816455,100,100,100,100,100,1,5623,50
5e-04,100,100,100,100.0005,100.0005,1,5623,50
0.789742819033563,100,100,100,100,100,1,5623,50
0.572772096842527,100,100,100,100,100,1,5623,50
0.94583745719865,100,100,100,100,100,1,5623,50
0.298154851188883,100,100,100,100,100,1,5623,50
0.956839692778885,100,100,100,100,100,1,5623,50
0.776163471862674,100,100,100,100,100,1,5623,50
0.36255967663601,100,100,100,100,100,1,5623,50
0.509509579977021,100,100,100,100,100,1,5623,50
0.249013021821156,100,100,100,100,100,1,5623,50
0.541405918309465,100,100,100,100,100,1,5623,50
0.43227431201376,100,100,100,100,100,1,5623,50
0.132323920726776,100,100,100,100,100,1,5623,50
0.690967126982287,100,100,100,100,100,1,5623,50
0.435319843934849,100,100,100,100,100,1,5623,50
0.763388728490099,100,100,100,100,100,1,5623,50
0.422994886990637,100,100,100,100,100,1,5623,50
0.0724014565348625,100,100,100,100,100,1,5623,50
0.694924100767821,100,100,100,100,100,1,5623,50
0.760685646208003,100,100,100,100,100,1,5623,50
0.263124479912221,100,100,100,100,100,1,5623,50
0.404954608529806,100,100,100,100,100,1,5623,50
0.700731333112344,100,100,100,100,100,1,5623,50
0.332656236831099,100,100,100,100,100,1,5623,50
0.471723092021421,100,100,100,100,100,1,5623,50
0.525004404131323,100,100,100,100,100,1,5623,50
0.66903629922308,100,100,100,100,100,1,5623,50
0.742186656221747,100,100,100,100,100,1,5623,50
0.609570512548089,100,100,100,100,100,1,5623,50
0.757367656799033,100,100,100,100,100,1,5623,50
0.603760512312874,100,100,100,100,100,1,5623,50
0.480654538143426,100,100,100,100,100,1,5623,50
5e-04,100,100,100,100.0005,100.0005,1,5623,50
0.589666943298653,100,100,100,100,100,1,5623,50
0.888326064916328,100,100,100,100,100,1,5623,50
0.427316843066365,100,100,100,100,100,1,5623,50
0.840728125767782,100,100,100,100,100,1,5623,50
