"p","truediv","chaoest","obsD","upper","lower","l","inds","reps"
0.349875765154138,100,100,100,100,100,1,5623,50
0.405065144877881,100,100,100,100,100,1,5623,50
0.951860153349116,100,100,100,100,100,1,5623,50
0.468221234157681,100,100,100,100,100,1,5623,50
0.789233611198142,100,100,100,100,100,1,5623,50
0.985766948666424,100,100,100,100,100,1,5623,50
0.0757804340682924,100,100,100,100,100,1,5623,50
0.368893352802843,100,100,100,100,100,1,5623,50
0.0421434545423836,100,100,100,100,100,1,5623,50
0.175047791795805,100,100,100,100,100,1,5623,50
0.46573341707699,100,100,100,100,100,1,5623,50
0.964841176057234,100,100,100,100,100,1,5623,50
0.312361031537876,100,100,100,100,100,1,5623,50
0.835324192419648,100,100,100,100,100,1,5623,50
0.532748841913417,100,100,100,100,100,1,5623,50
0.709427064517513,100,100,100,100,100,1,5623,50
0.890510058496147,100,100,100,100,100,1,5623,50
0.0771307381801307,100,100,100,100,100,1,5623,50
0.899027889361605,100,100,100,100,100,1,5623,50
0.584298323839903,100,100,100,100,100,1,5623,50
0.365462069399655,100,100,100,100,100,1,5623,50
0.2343723338563,100,100,100,100,100,1,5623,50
0.249354633502662,100,100,100,100,100,1,5623,50
0.544378700200468,100,100,100,100,100,1,5623,50
0.548191695706919,100,100,100,100,100,1,5623,50
0.309089900925756,100,100,100,100,100,1,5623,50
0.607368589611724,100,100,100,100,100,1,5623,50
0.47355115134269,100,100,100,100,100,1,5623,50
0.165456964401528,100,100,100,100,100,1,5623,50
0.697175011504441,100,100,100,100,100,1,5623,50
0.0966214966028929,100,100,100,100,100,1,5623,50
0.226712758187205,100,100,100,100,100,1,5623,50
0.809407708235085,100,100,100,100,100,1,5623,50
0.95614554407075,100,100,100,100,100,1,5623,50
0.476256495341659,100,100,100,100,100,1,5623,50
0.0172461478505284,100,100,100,100,100,1,5623,50
0.00250608567148447,100,100,100,100,100,1,5623,50
0.828066164860502,100,100,100,100,100,1,5623,50
0.0393727791961282,100,100,100,100,100,1,5623,50
0.506164930295199,100,100,100,100,100,1,5623,50
0.777868150733411,100,100,100,100,100,1,5623,50
0.469148561591282,100,100,100,100,100,1,5623,50
0.910011840518564,100,100,100,100,100,1,5623,50
0.924926520325243,100,100,100,100,100,1,5623,50
0.510464537190273,100,100,100,100,100,1,5623,50
0.30952405417338,100,100,100,100,100,1,5623,50
0.980612732702866,100,100,100,100,100,1,5623,50
0.248655053088441,100,100,100,100,100,1,5623,50
0.698067289078608,100,100,100,100,100,1,5623,50
0.00104504055343568,100,100,100,100,100,1,5623,50
