"p","truediv","chaoest","obsD","upper","lower","l","inds","reps"
0.988612034125254,100,100,100,100,100,1,5623,50
0.428327905246988,100,100,100,100,100,1,5623,50
0.762873717118055,100,100,100,100,100,1,5623,50
0.700965690659359,100,100,100,100,100,1,5623,50
0.271710695698857,100,100,100,100,100,1,5623,50
0.939490512013435,100,100,100,100,100,1,5623,50
0.114039324922487,100,100,100,100,100,1,5623,50
0.0696212754119188,100,100,100,100,100,1,5623,50
0.985530965961516,100,100,100,100,100,1,5623,50
0.0826857502106577,100,100,100,100,100,1,5623,50
0.279932091012597,100,100,100,100,100,1,5623,50
0.0790786773432046,100,100,100,100,100,1,5623,50
0.187831507297233,100,100,100,100,100,1,5623,50
0.236871968954802,100,100,100,100,100,1,5623,50
0.568859091959894,100,100,100,100,100,1,5623,50
0.586313798557967,100,100,100,100,100,1,5623,50
0.834119619801641,100,100,100,100,100,1,5623,50
0.226417947327718,100,100,100,100,100,1,5623,50
0.140492380131036,100,100,100,100,100,1,5623,50
0.336703985230997,100,100,100,100,100,1,5623,50
0.603073900332674,100,100,100,100,100,1,5623,50
0.648135117720813,100,100,100,100,100,1,5623,50
0.543794328346848,100,100,100,100,100,1,5623,50
0.666540102800354,100,100,100,100,100,1,5623,50
0.375573355704546,100,100,100,100,100,1,5623,50
0.364228932186961,100,100,100,100,100,1,5623,50
0.624370074132457,100,100,100,100,100,1,5623,50
0.614809023682028,100,100,100,100,100,1,5623,50
0.159834994701669,100,100,100,100,100,1,5623,50
0.80222042882815,100,100,100,100,100,1,5623,50
0.0838126330636442,100,100,100,100,100,1,5623,50
0.0975113702006638,100,100,100,100,100,1,5623,50
0.879570409655571,100,100,100,100,100,1,5623,50
0.83829809864983,100,100,100,100,100,1,5623,50
0.683659466449171,100,100,100,100,100,1,5623,50
0.438811615342274,100,100,100,100,100,1,5623,50
0.618860067334026,100,100,100,100,100,1,5623,50
0.960717717884108,100,100,100,100,100,1,5623,50
0.607650707708672,100,100,100,100,100,1,5623,50
0.780631244881079,100,100,100,100,100,1,5623,50
0.524443089729175,100,100,100,100,100,1,5623,50
0.784969081869349,100,100,100,100,100,1,5623,50
0.110437186202034,100,100,100,100,100,1,5623,50
0.883193728746846,100,100,100,100,100,1,5623,50
0.691765701165423,100,100,100,100,100,1,5623,50
0.31931460625492,100,100,100,100,100,1,5623,50
0.494844492292032,100,100,100,100,100,1,5623,50
0.440479210810736,100,100,100,100,100,1,5623,50
0.859513884875923,100,100,100,100,100,1,5623,50
0.460684600984678,100,100,100,100,100,1,5623,50
