"p","truediv","chaoest","obsD","upper","lower","l","inds","reps"
0.846640163334087,100,100,100,100,100,1,5623,50
0.753128020325676,100,100,100,100,100,1,5623,50
0.0238084318116307,100,100,100,100,100,1,5623,50
0.831254973774776,100,100,100,100,100,1,5623,50
0.0579570108093321,100,100,100,100,100,1,5623,50
0.956074931891635,100,100,100,100,100,1,5623,50
0.485412831418216,100,100,100,100,100,1,5623,50
0.475773779908195,100,100,100,100,100,1,5623,50
0.964683646569028,100,100,100,100,100,1,5623,50
0.903405501740053,100,100,100,100,100,1,5623,50
0.605112344492227,100,100,100,100,100,1,5623,50
0.284822249086574,100,100,100,100,100,1,5623,50
0.16806962992996,100,100,100,100,100,1,5623,50
0.587852306431159,100,100,100,100,100,1,5623,50
0.626472619129345,100,100,100,100,100,1,5623,50
0.514602636219934,100,100,100,100,100,1,5623,50
0.919417806435376,100,100,100,100,100,1,5623,50
0.773964031832293,100,100,100,100,100,1,5623,50
0.334403987508267,100,100,100,100,100,1,5623,50
0.4874541121535,100,100,100,100,100,1,5623,50
0.864058445673436,100,100,100,100,100,1,5623,50
0.756871290504932,100,100,100,100,100,1,5623,50
0.847691077739,100,100,100,100,100,1,5623,50
0.843478922266513,100,100,100,100,100,1,5623,50
0.638556459685788,100,100,100,100,100,1,5623,50
0.568247514776886,100,100,100,100,100,1,5623,50
0.400597425177693,100,100,100,100,100,1,5623,50
0.35318422014825,100,100,100,100,100,1,5623,50
0.54592046327889,100,100,100,100,100,1,5623,50
0.741916914470494,100,100,100,100,100,1,5623,50
0.923808802152053,100,100,100,100,100,1,5623,50
0.566731159575284,100,100,100,100,100,1,5623,50
0.237834112485871,100,100,100,100,100,1,5623,50
0.837909483350813,100,100,100,100,100,1,5623,50
0.927331711864099,100,100,100,100,100,1,5623,50
0.507689198013395,100,100,100,100,100,1,5623,50
0.37587870308198,100,100,100,100,100,1,5623,50
0.518087154021487,100,100,100,100,100,1,5623,50
0.515641435049474,100,100,100,100,100,1,5623,50
0.751762873725966,100,100,100,100,100,1,5623,50
0.319410195341334,100,100,100,100,100,1,5623,50
0.440681940643117,100,100,100,100,100,1,5623,50
0.79105298104696,100,100,100,100,100,1,5623,50
0.444109806790948,100,100,100,100,100,1,5623,50
0.277009500423446,100,100,100,100,100,1,5623,50
0.736597625073045,100,100,100,100,100,1,5623,50
0.99141839123331,100,100,100,100,100,1,5623,50
0.248816641513258,100,100,100,100,100,1,5623,50
0.078774314140901,100,100,100,100,100,1,5623,50
0.918934244662523,100,100,100,100,100,1,5623,50
