"p","truediv","chaoest","obsD","upper","lower","l","inds","reps"
0.662698177155107,100,100,100,100,100,1,5623,50
0.944745687069371,100,100,100,100,100,1,5623,50
0.901605613762513,100,100,100,100,100,1,5623,50
0.39542593806982,100,100,100,100,100,1,5623,50
0.360822455957532,100,100,100,100,100,1,5623,50
0.795161075657234,100,100,100,100,100,1,5623,50
0.677374046761543,100,100,100,100,100,1,5623,50
0.987369043752551,100,100,100,100,100,1,5623,50
0.576566516654566,100,100,100,100,100,1,5623,50
0.366660771192983,100,100,100,100,100,1,5623,50
0.768323170486838,100,100,100,100,100,1,5623,50
0.177047428674996,100,100,100,100,100,1,5623,50
0.437667699763551,100,100,100,100,100,1,5623,50
0.724029466044158,100,100,100,100,100,1,5623,50
0.199265398783609,100,100,100,100,100,1,5623,50
0.76610637223348,100,100,100,100,100,1,5623,50
0.95165556948632,100,100,100,100,100,1,5623,50
0.212150046369061,100,100,100,100,100,1,5623,50
0.584160388913006,100,100,100,100,100,1,5623,50
0.112849465804175,100,100,100,100,100,1,5623,50
0.169981657294556,100,100,100,100,100,1,5623,50
0.982714926125482,100,100,100,100,100,1,5623,50
0.260878923349082,100,100,100,100,100,1,5623,50
0.942016310058534,100,100,100,100,100,1,5623,50
0.83844241918996,100,100,100,100,100,1,5623,50
0.191933663096279,100,100,100,100,100,1,5623,50
0.814097706926987,100,100,100,100,100,1,5623,50
0.866062792018056,100,100,100,100,100,1,5623,50
0.323449191870168,100,100,100,100,100,1,5623,50
0.0478786486200988,100,100,100,100,100,1,5623,50
0.104051682632416,100,100,100,100,100,1,5623,50
0.134410193888471,100,100,100,100,100,1,5623,50
0.002,100,100,100,100.002,100.002,1,5623,50
0.753850197419524,100,100,100,100,100,1,5623,50
0.557167291641235,100,100,100,100,100,1,5623,50
0.00841283425688744,100,100,100,100,100,1,5623,50
0.805152910761535,100,100,100,100,100,1,5623,50
0.158427631482482,100,100,100,100,100,1,5623,50
0.334371050121263,100,100,100,100,100,1,5623,50
0.0351593364030123,100,100,100,100,100,1,5623,50
0.638467619894072,100,100,100,100,100,1,5623,50
0.666303114267066,100,100,100,100,100,1,5623,50
0.692830348853022,100,100,100,100,100,1,5623,50
0.349105303175747,100,100,100,100,100,1,5623,50
0.514914969448,100,100,100,100,100,1,5623,50
0.550517187686637,100,100,100,100,100,1,5623,50
0.0097912629134953,100,100,100,100,100,1,5623,50
0.0520693433936685,100,100,100,100,100,1,5623,50
0.43195196101442,100,100,100,100,100,1,5623,50
0.46064232266508,100,100,100,100,100,1,5623,50
