"p","truediv","chaoest","obsD","upper","lower","l","inds","reps"
0.471031786641106,100,100,100,100,100,1,5623,50
0.236855790717527,100,100,100,100,100,1,5623,50
0.0303072142414749,100,100,100,100,100,1,5623,50
0.574078107951209,100,100,100,100,100,1,5623,50
0.318549507763237,100,100,100,100,100,1,5623,50
0.0423197317868471,100,100,100,100,100,1,5623,50
0.698289394844323,100,100,100,100,100,1,5623,50
0.274040509946644,100,100,100,100,100,1,5623,50
0.342740381602198,100,100,100,100,100,1,5623,50
0.471775230020285,100,100,100,100,100,1,5623,50
0.191904841689393,100,100,100,100,100,1,5623,50
0.649944686330855,100,100,100,100,100,1,5623,50
0.308426291681826,100,100,100,100,100,1,5623,50
0.767152641899884,100,100,100,100,100,1,5623,50
0.154384752502665,100,100,100,100,100,1,5623,50
0.381981250597164,100,100,100,100,100,1,5623,50
0.561021614586934,100,100,100,100,100,1,5623,50
0.316418341360986,100,100,100,100,100,1,5623,50
0.001,100,100,100,100.001,100.001,1,5623,50
0.937503845663741,100,100,100,100,100,1,5623,50
0.082246087025851,100,100,100,100,100,1,5623,50
0.429046054370701,100,100,100,100,100,1,5623,50
0.244589341338724,100,100,100,100,100,1,5623,50
0.832241188501939,100,100,100,100,100,1,5623,50
0.713187217246741,100,100,100,100,100,1,5623,50
0.630742086563259,100,100,100,100,100,1,5623,50
0.155135066946968,100,100,100,100,100,1,5623,50
0.567200757795945,100,100,100,100,100,1,5623,50
0.191217598970979,100,100,100,100,100,1,5623,50
0.866194881731644,100,100,100,100,100,1,5623,50
0.110292965080589,100,100,100,100,100,1,5623,50
0.975201525958255,100,100,100,100,100,1,5623,50
0.555297508137301,100,100,100,100,100,1,5623,50
0.250605848850682,100,100,100,100,100,1,5623,50
0.657462793169543,100,100,100,100,100,1,5623,50
0.827856179093942,100,100,100,100,100,1,5623,50
0.539242345839739,100,100,100,100,100,1,5623,50
0.0793402281124145,100,100,100,100,100,1,5623,50
0.768724393798038,100,100,100,100,100,1,5623,50
0.954379985108972,100,100,100,100,100,1,5623,50
0.464565127156675,100,100,100,100,100,1,5623,50
0.803151041502133,100,100,100,100,100,1,5623,50
0.43426856235601,100,100,100,100,100,1,5623,50
0.879610448377207,100,100,100,100,100,1,5623,50
0.250548118026927,100,100,100,100,100,1,5623,50
0.800184725783765,100,100,100,100,100,1,5623,50
0.866912045981735,100,100,100,100,100,1,5623,50
0.315340368077159,100,100,100,100,100,1,5623,50
0.118776959134266,100,100,100,100,100,1,5623,50
0.23636495671235,100,100,100,100,100,1,5623,50
