"p","truediv","chaoest","obsD","upper","lower","l","inds","reps"
0.001,100,100,100,100.001,100.001,1,5623,50
0.348241299390793,100,100,100,100,100,1,5623,50
0.854045681655407,100,100,100,100,100,1,5623,50
0.0458932993933558,100,100,100,100,100,1,5623,50
0.62020407197997,100,100,100,100,100,1,5623,50
0.603532170411199,100,100,100,100,100,1,5623,50
0.973218450555578,100,100,100,100,100,1,5623,50
0.818077346077189,100,100,100,100,100,1,5623,50
0.412222015671432,100,100,100,100,100,1,5623,50
0.1763819034677,100,100,100,100,100,1,5623,50
0.287853387417272,100,100,100,100,100,1,5623,50
0.787640288006514,100,100,100,100,100,1,5623,50
0.967908956110477,100,100,100,100,100,1,5623,50
0.440164325991645,100,100,100,100,100,1,5623,50
0.511866422370076,100,100,100,100,100,1,5623,50
0.315290792612359,100,100,100,100,100,1,5623,50
0.486511474475265,100,100,100,100,100,1,5623,50
0.901467110728845,100,100,100,100,100,1,5623,50
5e-04,100,100,100,100.0005,100.0005,1,5623,50
0.984441306907684,100,100,100,100,100,1,5623,50
0.596193918958306,100,100,100,100,100,1,5623,50
0.170188329182565,100,100,100,100,100,1,5623,50
0.314083559671417,100,100,100,100,100,1,5623,50
0.184476686641574,100,100,100,100,100,1,5623,50
0.892734807217494,100,100,100,100,100,1,5623,50
0.464799205539748,100,100,100,100,100,1,5623,50
0.978561041643843,100,100,100,100,100,1,5623,50
0.637815998168662,100,100,100,100,100,1,5623,50
0.0486181655433029,100,100,100,100,100,1,5623,50
0.892806720687076,100,100,100,100,100,1,5623,50
0.13734946702607,100,100,100,100,100,1,5623,50
0.847319806925952,100,100,100,100,100,1,5623,50
0.189039698569104,100,100,100,100,100,1,5623,50
0.29676048620604,100,100,100,100,100,1,5623,50
0.376721314620227,100,100,100,100,100,1,5623,50
0.976477747317404,100,100,100,100,100,1,5623,50
0.237932304851711,100,100,100,100,100,1,5623,50
0.846996693639085,100,100,100,100,100,1,5623,50
0.92202368658036,100,100,100,100,100,1,5623,50
0.35029521281831,100,100,100,100,100,1,5623,50
0.378696538740769,100,100,100,100,100,1,5623,50
0.924274099990726,100,100,100,100,100,1,5623,50
0.985215050866827,100,100,100,100,100,1,5623,50
0.321676736464724,100,100,100,100,100,1,5623,50
0.0628884225152433,100,100,100,100,100,1,5623,50
0.576125923544168,100,100,100,100,100,1,5623,50
0.292537908535451,100,100,100,100,100,1,5623,50
0.362427136162296,100,100,100,100,100,1,5623,50
0.909911266062409,100,100,100,100,100,1,5623,50
0.907668519765139,100,100,100,100,100,1,5623,50
