"p","truediv","chaoest","obsD","upper","lower","l","inds","reps"
0.403624239144847,100,100,100,100,100,1,5623,50
0.521412031492218,100,100,100,100,100,1,5623,50
0.0736773940734565,100,100,100,100,100,1,5623,50
0.937846794957295,100,100,100,100,100,1,5623,50
0.316341997124255,100,100,100,100,100,1,5623,50
0.669551947386935,100,100,100,100,100,1,5623,50
0.0792546363081783,100,100,100,100,100,1,5623,50
0.200250433525071,100,100,100,100,100,1,5623,50
0.231512801954523,100,100,100,100,100,1,5623,50
0.0101182060316205,100,100,100,100,100,1,5623,50
0.353841884294525,100,100,100,100,100,1,5623,50
0.144044710556045,100,100,100,100,100,1,5623,50
0.32118271663785,100,100,100,100,100,1,5623,50
0.585519057000056,100,100,100,100,100,1,5623,50
0.533945549745113,100,100,100,100,100,1,5623,50
0.979660060023889,100,100,100,100,100,1,5623,50
0.965956258121878,100,100,100,100,100,1,5623,50
0.554132774705067,100,100,100,100,100,1,5623,50
0.648539736168459,100,100,100,100,100,1,5623,50
0.886834904085845,100,100,100,100,100,1,5623,50
0.370092004304752,100,100,100,100,100,1,5623,50
0.611022340832278,100,100,100,100,100,1,5623,50
0.767226340947673,100,100,100,100,100,1,5623,50
0.497650338336825,100,100,100,100,100,1,5623,50
0.237905791029334,100,100,100,100,100,1,5623,50
0.0307375704869628,100,100,100,100,100,1,5623,50
5e-04,100,100,100,100.0005,100.0005,1,5623,50
0.993696953635663,100,100,100,100,100,1,5623,50
0.468722187913954,100,100,100,100,100,1,5623,50
0.358258191728964,100,100,100,100,100,1,5623,50
0.705878120381385,100,100,100,100,100,1,5623,50
0.537180569255725,100,100,100,100,100,1,5623,50
0.373847068054602,100,100,100,100,100,1,5623,50
0.227287773741409,100,100,100,100,100,1,5623,50
0.421494694659486,100,100,100,100,100,1,5623,50
0.212724645622075,100,100,100,100,100,1,5623,50
0.0901351247448474,100,100,100,100,100,1,5623,50
0.437416170025244,100,100,100,100,100,1,5623,50
0.147128972923383,100,100,100,100,100,1,5623,50
0.26715650735423,100,100,100,100,100,1,5623,50
0.567221624776721,100,100,100,100,100,1,5623,50
0.933141754474491,100,100,100,100,100,1,5623,50
0.0746883186511695,100,100,100,100,100,1,5623,50
0.475808223942295,100,100,100,100,100,1,5623,50
0.234351312043145,100,100,100,100,100,1,5623,50
0.827033773763105,100,100,100,100,100,1,5623,50
0.2011417967733,100,100,100,100,100,1,5623,50
0.820420601172373,100,100,100,100,100,1,5623,50
0.109394449740648,100,100,100,100,100,1,5623,50
0.0412327230442315,100,100,100,100,100,1,5623,50
