"p","truediv","chaoest","obsD","upper","lower","l","inds","reps"
0.520274101989344,100,100,100,100,100,1,5623,50
0.969035340240225,100,100,100,100,100,1,5623,50
0.40402322425507,100,100,100,100,100,1,5623,50
0.336369787808508,100,100,100,100,100,1,5623,50
0.0344631685875356,100,100,100,100,100,1,5623,50
0.407896152697504,100,100,100,100,100,1,5623,50
0.104554050369188,100,100,100,100,100,1,5623,50
0.046377629507333,100,100,100,100,100,1,5623,50
0.158883741591126,100,100,100,100,100,1,5623,50
0.0915606855414808,100,100,100,100,100,1,5623,50
0.391285418067127,100,100,100,100,100,1,5623,50
0.116109242895618,100,100,100,100,100,1,5623,50
0.358592078089714,100,100,100,100,100,1,5623,50
0.127269996097311,100,100,100,100,100,1,5623,50
0.713022430427372,100,100,100,100,100,1,5623,50
0.0259325709193945,100,100,100,100,100,1,5623,50
0.234560069162399,100,100,100,100,100,1,5623,50
0.524760296568274,100,100,100,100,100,1,5623,50
0.275507442653179,100,100,100,100,100,1,5623,50
0.379817794309929,100,100,100,100,100,1,5623,50
0.530975814675912,100,100,100,100,100,1,5623,50
0.173624084098265,100,100,100,100,100,1,5623,50
0.210030955495313,100,100,100,100,100,1,5623,50
0.544968193164095,100,100,100,100,100,1,5623,50
0.0336688745301217,100,100,100,100,100,1,5623,50
0.0729467971250415,100,100,100,100,100,1,5623,50
0.394623199710622,100,100,100,100,100,1,5623,50
0.35138288885355,100,100,100,100,100,1,5623,50
0.53569189668633,100,100,100,100,100,1,5623,50
0.706126562552527,100,100,100,100,100,1,5623,50
0.648854739498347,100,100,100,100,100,1,5623,50
0.987569762859493,100,100,100,100,100,1,5623,50
0.106125568971038,100,100,100,100,100,1,5623,50
0.0987492245621979,100,100,100,100,100,1,5623,50
0.577770679024979,100,100,100,100,100,1,5623,50
0.437036246294156,100,100,100,100,100,1,5623,50
0.0756944364402443,100,100,100,100,100,1,5623,50
0.398547117598355,100,100,100,100,100,1,5623,50
0.148782224627212,100,100,100,100,100,1,5623,50
0.748517904197797,100,100,100,100,100,1,5623,50
0.561733474256471,100,100,100,100,100,1,5623,50
0.847373995929956,100,100,100,100,100,1,5623,50
0.236032055690885,100,100,100,100,100,1,5623,50
0.697181763825938,100,100,100,100,100,1,5623,50
0.5967411857564,100,100,100,100,100,1,5623,50
0.240550412330776,100,100,100,100,100,1,5623,50
0.808442382607609,100,100,100,100,100,1,5623,50
0.364104227162898,100,100,100,100,100,1,5623,50
0.701383723411709,100,100,100,100,100,1,5623,50
0.739305566530675,100,100,100,100,100,1,5623,50
