"p","truediv","chaoest","obsD","upper","lower","l","inds","reps"
0.00850802450440824,100,100,100,100,100,1,5623,50
0.807665415806696,100,100,100,100,100,1,5623,50
0.647853393573314,100,100,100,100,100,1,5623,50
0.414175209822133,100,100,100,100,100,1,5623,50
0.288451818749309,100,100,100,100,100,1,5623,50
0.086018064757809,100,100,100,100,100,1,5623,50
0.0035,100,100,100,100.0035,100.0035,1,5623,50
0.569917468354106,100,100,100,100,100,1,5623,50
0.0301736854016781,100,100,100,100,100,1,5623,50
0.921738982433453,100,100,100,100,100,1,5623,50
0.378930128179491,100,100,100,100,100,1,5623,50
0.391436895588413,100,100,100,100,100,1,5623,50
0.285648414632306,100,100,100,100,100,1,5623,50
0.602228925563395,100,100,100,100,100,1,5623,50
0.751319543225691,100,100,100,100,100,1,5623,50
0.387795627349988,100,100,100,100,100,1,5623,50
0.392434659413993,100,100,100,100,100,1,5623,50
0.589054586365819,100,100,100,100,100,1,5623,50
0.833768083481118,100,100,100,100,100,1,5623,50
0.763777093961835,100,100,100,100,100,1,5623,50
0.981448718346655,100,100,100,100,100,1,5623,50
0.612780575174838,100,100,100,100,100,1,5623,50
0.981493081664667,100,100,100,100,100,1,5623,50
0.986028437735513,100,100,100,100,100,1,5623,50
0.694517898140475,100,100,100,100,100,1,5623,50
0.823148721363395,100,100,100,100,100,1,5623,50
0.655619276454672,100,100,100,100,100,1,5623,50
0.70619355677627,100,100,100,100,100,1,5623,50
0.691357196308672,100,100,100,100,100,1,5623,50
0.190752107650042,100,100,100,100,100,1,5623,50
0.0131145457271487,100,100,100,100,100,1,5623,50
0.965553265530616,100,100,100,100,100,1,5623,50
0.847391326213256,100,100,100,100,100,1,5623,50
0.669922680594027,100,100,100,100,100,1,5623,50
0.203792496351525,100,100,100,100,100,1,5623,50
0.200519996229559,100,100,100,100,100,1,5623,50
0.156273202970624,100,100,100,100,100,1,5623,50
0.78789585782215,100,100,100,100,100,1,5623,50
0.150925128255039,100,100,100,100,100,1,5623,50
0.363825090695173,100,100,100,100,100,1,5623,50
0.817741350503638,100,100,100,100,100,1,5623,50
0.995764720486477,100,100,100,100,100,1,5623,50
0.0662595799658448,100,100,100,100,100,1,5623,50
0.948031073436141,100,100,100,100,100,1,5623,50
0.727787878364325,100,100,100,100,100,1,5623,50
0.718787966761738,100,100,100,100,100,1,5623,50
0.942215071059763,100,100,100,100,100,1,5623,50
0.84947946947068,100,100,100,100,100,1,5623,50
0.596861538477242,100,100,100,100,100,1,5623,50
0.248906341381371,100,100,100,100,100,1,5623,50
