"p","truediv","chaoest","obsD","upper","lower","l","inds","reps"
0.178760930662975,100,100,100,100,100,1,5623,50
0.912683928385377,100,100,100,100,100,1,5623,50
0.711569550447166,100,100,100,100,100,1,5623,50
0.71699471375905,100,100,100,100,100,1,5623,50
0.302801831625402,100,100,100,100,100,1,5623,50
0.460675296839327,100,100,100,100,100,1,5623,50
0.773077484685928,100,100,100,100,100,1,5623,50
0.841057423735037,100,100,100,100,100,1,5623,50
0.614759431220591,100,100,100,100,100,1,5623,50
0.676182774826884,100,100,100,100,100,1,5623,50
0.360801463481039,100,100,100,100,100,1,5623,50
0.510519565315917,100,100,100,100,100,1,5623,50
0.399623856414109,100,100,100,100,100,1,5623,50
0.975828691152856,100,100,100,100,100,1,5623,50
0.782964459154755,100,100,100,100,100,1,5623,50
0.874792873160914,100,100,100,100,100,1,5623,50
0.37815729342401,100,100,100,100,100,1,5623,50
0.189594593830407,100,100,100,100,100,1,5623,50
0.0165490561630577,100,100,100,100,100,1,5623,50
0.0729352864436805,100,100,100,100,100,1,5623,50
0.86931182234548,100,100,100,100,100,1,5623,50
0.896997171221301,100,100,100,100,100,1,5623,50
0.223994532134384,100,100,100,100,100,1,5623,50
0.412925422657281,100,100,100,100,100,1,5623,50
0.767603378277272,100,100,100,100,100,1,5623,50
0.494583342690021,100,100,100,100,100,1,5623,50
0.3975144920405,100,100,100,100,100,1,5623,50
0.226777999661863,100,100,100,100,100,1,5623,50
0.828605814604089,100,100,100,100,100,1,5623,50
0.539296117145568,100,100,100,100,100,1,5623,50
0.39786519203335,100,100,100,100,100,1,5623,50
0.433545128675178,100,100,100,100,100,1,5623,50
0.914583808742464,100,100,100,100,100,1,5623,50
0.340530944988132,100,100,100,100,100,1,5623,50
0.807629119837657,100,100,100,100,100,1,5623,50
0.35628595133312,100,100,100,100,100,1,5623,50
0.878804290201515,100,100,100,100,100,1,5623,50
0.42313272645697,100,100,100,100,100,1,5623,50
0.171558209927753,100,100,100,100,100,1,5623,50
0.153624939033762,100,100,100,100,100,1,5623,50
0.296452628681436,100,100,100,100,100,1,5623,50
0.10712783713825,100,100,100,100,100,1,5623,50
0.369451362406835,100,100,100,100,100,1,5623,50
0.654759185854346,100,100,100,100,100,1,5623,50
0.62612638482824,100,100,100,100,100,1,5623,50
0.0147243358660489,100,100,100,100,100,1,5623,50
0.772352283354849,100,100,100,100,100,1,5623,50
0.628740610321984,100,100,100,100,100,1,5623,50
0.852278767619282,100,100,100,100,100,1,5623,50
0.981458970345557,100,100,100,100,100,1,5623,50
